3_1	65	00:68,0,0,13	13:0,27,0,53	03:10,0,0,27	03:36,0,0,2	00:60,0,0,0	00:43,0,0,0	00:74,0,0,0	00:63,17,0,0	01:28,18,0,0	00:33,0,0,2	03:36,0,0,9	00:20,5,0,0	33:11,0,0,12	00:66,0,0,0	01:13,11,0,0	01:27,6,0,0	00:55,0,0,0	00:103,0,0,0	00:38,4,0,0	00:80,0,0,0	02:0,0,53,0	00:62,16,0,0	00:57,0,0,0	13:0,13,0,10	00:37,0,0,0	01:30,17,6,0	00:37,0,0,15	03:65,0,0,19	02:41,0,0,0	00:25,0,0,12	03:41,0,0,11	00:38,13,0,0	00:46,0,0,0	33:0,0,0,48	03:65,0,0,50	22:0,0,49,0	00:23,7,0,0	00:49,0,15,0	00:11,0,0,0	00:18,0,0,6	00:56,0,0,0	13:0,28,0,24	00:42,0,0,7	00:32,0,0,17	33:0,0,0,43	01:26,38,0,0	00:24,0,0,9	00:23,10,0,0	02:34,0,0,0	00:55,0,0,0	03:6,0,0,16	00:37,0,0,10	33:0,1,0,31	00:70,0,0,0	23:12,0,15,7	02:20,0,11,0	03:65,0,0,0	03:73,0,0,0	00:19,5,0,0	00:53,22,0,0	03:24,0,0,51	00:86,0,0,0	00:70,0,0,0	00:19,0,0,0	02:17,0,3,0	00:36,0,0,0	03:13,0,0,9	33:6,0,0,27	11:0,32,0,0	03:42,0,0,25	00:32,0,0,8	03:25,0,0,21	00:18,0,0,0	23:0,7,15,19	00:65,0,0,0	00:30,0,0,0	00:34,0,0,0	02:0,0,77,0	03:39,0,0,9	02:32,8,16,0	03:90,0,0,0	03:22,0,0,10	00:23,8,0,0	03:22,0,0,8	00:39,9,0,0	01:13,15,0,0	03:15,13,0,20	13:17,16,0,39	02:13,0,43,0	00:66,0,0,0	00:29,0,0,0	02:36,0,0,5	01:31,12,0,0	23:0,0,29,21	00:34,0,0,0	00:55,0,0,0	00:43,0,0,11	33:0,0,0,104	00:52,0,8,0	03:16,0,0,6	03:21,0,0,20	03:48,0,0,45	00:47,0,0,0	01:101,0,0,0	13:0,24,0,19	02:24,0,14,8	00:40,0,0,0	03:8,0,0,24	00:58,0,0,14	02:25,0,19,0	00:44,0,0,0	01:0,52,0,0	00:55,0,19,0	01:23,10,0,0	02:24,0,29,0	33:0,0,10,25	01:0,58,0,0	00:36,16,0,0	00:71,0,0,0	03:22,0,0,67	03:42,0,0,49	01:45,7,0,0	00:26,0,0,0	02:26,11,11,0	02:42,0,35,0	03:26,0,0,21	03:36,0,0,34	00:36,0,5,0	01:3,13,0,0	00:43,0,0,0	00:40,0,0,12	12:0,30,33,0	00:67,0,0,7	00:93,0,0,0	02:5,0,19,13	02:0,21,60,0	33:26,0,0,33	00:74,0,0,0	03:48,0,0,15	11:0,93,0,0	22:0,0,50,0	22:0,16,47,0	00:54,0,0,0	13:0,0,0,141	00:84,0,0,0	03:6,0,0,44	33:17,0,0,26	03:14,8,0,12	00:45,0,0,17	02:49,0,9,0	00:69,0,0,0	33:0,0,0,61	00:26,0,20,0	03:32,23,0,14	00:42,0,0,8	03:55,0,0,22	02:13,0,31,0	00:23,0,0,32	00:64,0,0,0	00:52,0,0,0	00:27,0,0,0	03:34,0,0,11	03:13,0,0,15	01:65,20,0,0	01:10,4,0,9	03:37,0,0,9	00:76,0,0,0	11:0,40,0,0	03:21,0,10,15	00:41,0,0,0	00:20,1,0,0	03:21,0,0,5	01:32,16,0,12	00:37,28,0,0	02:12,0,4,0	22:0,19,40,0	00:63,0,0,0	03:11,0,5,19	03:22,0,0,15	00:33,0,0,0	00:31,0,0,11	02:10,0,13,0	01:4,9,0,10	03:58,0,0,0	00:38,0,0,44	02:30,0,11,0	00:16,0,25,0	03:18,0,0,10	13:13,9,0,4	00:28,17,10,0	00:39,0,0,12	03:20,0,0,7	11:2,10,0,0	00:58,0,0,11	00:14,0,0,8	13:7,20,0,19	03:56,0,0,24	01:36,6,0,0	01:15,12,0,12	03:18,2,0,13	12:0,10,39,0	23:0,1,18,50	12:0,30,12,0	12:21,23,10,0	00:16,0,0,0	03:20,0,0,45	02:24,0,7,0	00:25,0,0,12	01:20,6,0,10	23:0,0,6,39	03:37,0,0,15	01:36,7,0,0	03:17,0,0,14	22:8,0,6,0	03:11,0,0,14	00:73,0,0,24	03:27,16,0,38	02:25,0,12,8	33:0,0,0,20	13:0,18,0,46	01:21,15,0,25	02:30,0,31,0	03:46,0,0,19	00:39,0,0,10	00:36,0,0,0	00:40,0,0,0	01:55,13,0,0	01:43,0,0,0	00:58,0,0,0	11:0,25,0,9	01:42,14,0,0	11:0,29,0,0	02:61,0,30,0	02:63,0,24,0	00:27,25,0,0	00:39,0,0,14	00:56,0,0,0	00:19,0,0,14	03:24,0,0,75
4_1	37	03:101,1,0,46	03:48,100,0,35	33:0,0,0,118	02:70,0,22,0	03:112,0,0,47	02:70,35,22,0	00:133,0,35,0	00:95,37,31,0	01:40,123,0,0	00:77,0,0,75	00:123,0,0,0	00:83,0,0,17	03:26,0,0,78	00:99,28,0,42	01:41,52,0,0	00:75,17,0,0	00:151,0,0,0	03:92,0,0,92	12:0,53,62,0	00:182,0,0,0	22:1,22,115,0	00:98,0,27,29	00:87,0,20,0	11:0,46,27,21	00:136,0,0,29	00:57,57,0,0	01:62,25,0,23	03:162,50,0,0	00:105,0,39,0	00:68,40,0,39	33:32,19,0,41	02:106,30,23,0	03:111,0,0,50	33:0,0,0,108	03:38,0,0,171	23:38,38,75,0	02:42,0,45,0	02:108,0,37,0	02:55,28,20,0	03:35,0,0,104	00:141,0,0,0	33:0,0,26,99	01:42,21,0,75	01:68,69,0,0	23:0,0,23,80	00:78,49,41,0	00:50,0,24,0	00:124,0,0,0	00:103,0,0,0	03:63,26,0,45	03:6,0,0,88	00:92,0,0,14	33:0,0,0,143	03:38,29,39,17	00:124,0,0,0	01:83,30,0,0	02:127,0,36,0	01:142,41,0,0	03:87,43,0,0	00:94,0,38,0	03:33,0,0,77	00:103,0,46,0	01:40,56,38,0	00:97,0,0,0	00:92,0,0,0	00:39,0,0,42	01:71,25,0,0	03:65,0,0,28	01:22,89,0,0	03:101,0,0,94	00:80,49,0,27	00:129,0,0,0	00:119,0,0,0	02:127,0,0,33	00:98,0,0,36	00:107,0,0,0	00:142,0,0,0	02:37,40,79,0	03:54,0,0,58	02:149,0,0,0	03:139,0,0,44	03:30,0,25,80	02:95,0,39,0	02:79,0,0,18	03:87,0,0,49	00:107,0,0,0	00:113,0,0,27	00:120,0,1,0	03:28,0,35,71	00:127,0,0,0	02:92,0,0,0	00:119,0,0,0	00:112,42,0,0	02:34,0,42,84	00:77,0,2,28	03:82,0,0,71	00:121,30,0,0	33:0,0,125,100	00:142,0,0,0	03:40,0,0,68	00:74,0,0,0	03:32,0,0,123	00:40,0,0,69	00:103,0,0,51	33:28,0,19,56	02:66,0,0,63	00:67,0,0,40	03:21,0,0,102	02:46,0,115,0	00:131,0,0,0	00:111,0,0,0	01:33,98,0,0	00:181,0,0,0	02:51,0,53,0	00:136,0,0,0	03:67,0,14,29	01:109,46,0,53	00:76,0,0,25	00:117,0,0,32	03:213,0,0,0	03:41,0,0,127	01:121,22,0,0	00:131,0,0,0	23:0,0,27,98	00:114,0,0,38	00:117,0,39,0	33:33,0,0,96	00:177,0,0,0	02:40,0,38,25	03:135,0,0,30	03:59,0,0,42	12:0,40,106,0	03:105,0,0,81	02:93,0,43,41	00:73,0,29,0	23:0,109,40,58	23:33,0,75,45	00:188,0,0,0	03:35,0,39,107	12:0,34,114,0	22:0,0,139,0	12:0,58,63,0	01:90,27,0,0	33:0,0,0,220	00:127,39,0,0	03:27,0,0,84	33:0,0,36,88	03:71,0,0,27	02:92,38,36,0	22:35,0,94,0	03:73,0,0,53	13:0,32,35,69	02:37,0,95,0	03:129,0,0,32	00:138,0,0,0	02:101,0,47,41	22:0,0,90,31	33:0,0,0,128	00:129,0,0,0	02:108,0,41,0	00:114,0,0,0	00:111,0,0,0	00:125,0,0,0	23:48,0,45,34	01:92,0,0,0	03:60,0,0,81	03:77,0,0,56	13:0,79,0,25	00:209,0,0,0	00:137,0,0,0	03:67,27,0,0	00:78,0,0,0	00:86,0,15,0	03:96,0,0,40	00:82,0,18,0	22:0,32,105,0	02:66,0,32,28	33:0,0,0,137	33:35,0,0,99	03:35,0,35,49	33:84,0,0,49	02:67,0,15,17	13:26,58,0,39	00:141,0,0,0	01:141,24,0,0	02:60,0,53,0	03:111,0,0,31	00:115,0,0,0	00:96,0,0,0	00:104,1,40,0	03:72,0,0,48	00:93,0,0,0	11:0,100,0,0	00:158,0,1,0	00:131,0,0,0	33:36,0,38,88	03:72,0,0,89	00:114,35,0,0	00:85,0,0,30	01:91,35,0,0	22:33,36,65,0	03:93,0,0,88	12:38,29,24,31	01:32,110,0,0	00:81,0,21,0	00:124,0,0,0	00:115,0,0,0	00:130,0,0,0	00:107,0,0,22	33:19,0,0,92	00:159,0,0,0	00:148,0,0,0	03:87,0,0,83	03:61,0,0,33	00:104,0,0,0	00:132,1,0,40	00:185,0,0,0	00:84,0,0,26	03:75,0,0,70	00:103,0,0,40	33:0,0,0,128	00:168,0,0,0	00:119,0,0,28	03:121,0,0,47	00:163,0,0,0	03:97,0,0,33	13:86,45,0,30	00:123,0,0,0	00:120,0,0,8	03:57,27,0,30	01:61,66,0,0	11:0,123,0,0	01:197,0,0,0	00:192,0,0,0	01:66,51,25,0	02:78,0,93,0	01:102,92,0,0	03:70,0,0,35	03:29,52,0,84
2_2	64	00:106,0,0,1	13:0,30,0,75	33:9,0,0,82	00:67,15,0,0	00:108,0,23,0	01:58,20,16,0	00:121,6,0,3	00:129,0,0,0	11:2,92,0,4	02:91,0,24,0	02:67,0,4,0	02:37,0,24,0	33:0,6,0,58	01:39,12,52,0	01:56,27,0,0	02:60,0,30,0	00:80,0,0,0	03:104,0,0,40	01:66,25,0,0	01:72,44,0,2	22:0,0,90,0	00:139,0,0,0	02:67,0,12,0	11:0,48,17,0	00:95,34,0,0	12:35,26,23,0	03:71,0,0,20	01:63,33,0,36	00:52,0,5,70	03:48,0,0,59	00:137,0,0,0	00:97,0,2,1	00:76,0,0,19	33:0,0,0,78	03:122,0,0,34	01:21,20,44,0	03:52,0,0,15	03:69,0,1,29	00:69,21,6,0	03:84,0,0,19	01:53,31,0,0	03:59,0,0,48	00:80,0,0,0	00:75,38,0,0	03:21,0,0,74	02:103,0,30,0	00:59,31,0,27	02:50,0,28,16	00:55,0,6,15	03:68,0,0,29	03:15,0,0,60	00:72,0,0,0	33:1,0,0,144	02:68,0,25,10	00:108,0,0,0	02:62,0,26,19	00:125,0,0,1	00:148,0,0,1	03:106,0,3,26	01:74,22,0,0	03:43,4,0,70	00:106,36,0,0	00:110,0,0,0	00:56,22,0,0	00:74,0,0,0	01:44,10,11,0	13:64,14,0,35	02:47,19,21,1	13:11,34,5,27	03:91,0,0,43	03:77,0,0,45	00:77,0,0,19	00:95,0,0,0	00:67,53,0,0	00:81,4,0,33	13:50,15,0,26	03:85,0,0,31	02:50,32,28,7	03:58,0,1,18	01:80,19,29,0	23:0,0,31,96	33:0,1,0,96	00:101,0,0,1	03:50,0,3,17	00:121,0,0,0	01:49,26,0,22	00:141,0,0,3	00:106,0,0,0	22:16,0,98,0	00:115,0,1,0	00:67,0,25,0	00:63,0,0,23	00:111,0,0,0	33:0,0,0,123	01:58,17,0,1	00:139,0,0,2	00:91,0,1,34	03:33,39,8,73	00:130,0,0,1	03:37,0,0,34	00:93,0,0,0	00:160,0,0,0	03:34,0,11,28	00:115,2,0,0	03:29,0,0,54	03:79,0,2,72	03:63,0,1,11	03:23,0,0,73	00:106,0,0,0	00:86,1,0,0	00:78,11,0,0	13:9,70,1,22	01:103,39,0,0	02:46,0,33,0	00:97,0,0,0	03:15,0,0,63	NA:60,30,0,6	00:74,0,2,5	00:111,0,0,1	00:129,0,0,47	33:61,0,0,87	00:137,4,0,0	00:106,0,0,0	33:0,0,0,102	00:121,0,0,0	00:84,0,18,0	33:24,0,0,86	00:110,0,0,0	02:50,0,27,16	33:32,0,0,91	03:64,0,0,29	22:0,2,125,0	00:66,0,26,26	00:86,0,0,16	00:91,4,1,0	02:73,0,65,0	03:33,0,26,48	00:96,0,0,24	01:48,62,0,1	12:30,56,25,0	23:0,19,55,26	22:19,0,75,0	00:105,0,0,4	03:30,30,31,48	01:89,36,1,0	23:0,17,31,56	03:17,7,2,67	03:58,0,0,15	00:134,0,0,0	02:62,16,27,0	00:63,0,0,44	33:0,0,0,104	02:20,0,44,27	00:100,0,26,4	02:78,0,20,0	03:62,0,1,40	03:30,0,35,16	03:26,0,0,76	00:85,0,0,1	01:98,45,2,0	00:54,0,0,13	03:74,0,0,21	02:68,0,27,0	00:117,0,0,6	00:84,0,0,0	03:60,22,0,21	00:57,25,0,34	13:0,47,0,35	00:127,0,0,0	02:77,0,32,0	03:48,0,0,39	00:79,0,0,23	03:54,0,14,27	03:83,0,0,25	03:48,0,0,16	02:61,1,50,0	01:43,55,1,2	03:47,0,1,57	00:51,17,1,22	00:98,1,0,1	33:35,0,0,81	03:58,18,1,16	01:31,30,0,39	13:51,23,0,22	00:106,4,0,0	00:63,0,1,30	00:115,1,0,0	00:76,16,0,0	00:68,23,0,0	00:60,25,23,0	03:76,0,0,37	00:93,1,1,0	11:0,59,0,21	00:182,0,0,0	00:90,0,0,0	33:0,0,0,132	00:84,0,0,24	00:84,26,0,2	00:42,0,0,37	03:51,26,0,16	22:0,0,104,0	33:5,0,0,128	11:0,61,54,0	00:108,5,0,0	00:75,1,0,0	00:89,4,0,2	00:47,14,20,0	00:70,0,0,16	03:63,0,0,37	33:0,0,40,55	00:59,0,28,27	03:56,0,34,26	13:7,24,0,84	02:22,0,80,0	02:44,0,10,19	00:110,0,0,27	00:74,0,35,32	00:45,0,37,0	33:0,3,49,61	00:82,26,0,2	33:0,31,0,83	02:60,0,49,0	00:116,0,0,0	00:129,0,0,0	02:98,0,28,0	01:61,20,0,0	00:71,21,1,0	02:72,0,26,0	00:129,0,0,0	11:0,84,0,23	01:86,27,0,0	11:0,81,0,0	00:105,0,32,0	00:102,0,0,29	00:83,20,0,0	00:117,0,0,0	00:76,26,0,0	03:45,0,1,61	13:28,54,0,19
2_3	72	01:31,1,0,37	23:0,15,28,34	23:0,0,5,55	00:51,0,23,0	00:66,0,0,18	33:30,0,21,18	00:77,0,0,0	01:76,15,0,0	11:19,38,0,11	03:52,0,0,11	00:49,0,0,0	00:44,0,2,0	33:27,2,0,31	12:39,3,19,0	00:59,0,0,1	03:54,0,0,10	00:52,0,0,0	00:50,0,0,47	00:52,13,11,0	00:54,0,2,0	22:4,0,52,0	02:49,0,21,0	00:76,0,0,0	22:0,25,19,0	01:61,29,0,0	01:50,11,1,0	01:58,9,0,0	00:80,1,0,21	23:7,0,37,19	02:53,0,27,4	00:74,0,0,0	01:74,9,0,0	00:67,0,3,0	33:0,0,2,65	00:104,0,0,11	22:0,0,72,0	00:61,0,0,0	00:64,0,9,0	00:35,2,13,0	03:46,0,0,11	00:50,0,0,7	03:37,0,0,36	03:74,4,0,15	13:24,37,0,15	13:0,18,7,50	01:52,12,0,0	01:40,10,0,0	00:49,0,0,0	00:63,0,0,0	00:74,0,3,9	33:14,1,0,46	00:44,16,0,0	33:24,1,0,45	03:70,0,0,12	00:59,0,0,11	01:49,17,0,0	00:102,0,0,0	00:110,0,0,0	00:62,0,0,0	01:69,22,0,0	33:0,0,0,66	01:27,21,0,22	00:70,0,0,0	01:32,14,0,0	00:48,0,11,0	00:62,0,4,0	00:49,0,0,0	00:51,6,0,1	12:2,26,22,17	03:81,0,0,15	03:38,0,0,24	00:92,0,0,4	00:30,0,0,10	12:11,36,9,3	33:43,0,0,32	01:39,11,0,18	00:79,0,0,0	12:16,24,45,0	00:66,0,0,0	01:60,24,3,0	23:39,0,40,35	03:37,0,0,41	00:70,0,0,0	03:53,0,0,29	00:91,0,1,0	00:38,0,0,19	00:90,0,0,1	00:44,20,0,0	22:7,19,52,0	00:79,0,2,0	03:33,0,0,16	13:14,21,0,25	00:68,0,0,20	33:0,0,0,77	03:42,0,0,17	03:47,3,0,28	03:42,3,0,27	33:0,0,7,82	02:44,0,36,0	00:50,0,19,0	03:32,0,0,15	00:104,0,0,0	01:28,13,6,0	00:75,0,0,7	33:9,0,3,62	03:22,16,0,27	00:55,0,0,18	33:18,0,0,41	23:26,0,25,29	00:61,0,0,0	00:53,0,0,21	12:0,62,30,2	22:33,6,68,0	02:36,0,17,0	03:28,0,0,31	23:20,0,23,13	11:39,63,0,0	01:38,20,0,15	00:89,0,1,0	00:69,0,0,20	03:39,25,6,17	00:98,0,0,0	00:60,0,17,0	13:0,9,6,40	00:62,0,0,25	00:33,12,18,0	03:18,0,0,42	02:27,16,15,0	00:45,0,0,14	00:60,0,0,17	23:38,0,20,31	12:0,29,50,0	00:54,0,0,44	01:66,14,0,2	02:40,1,39,0	12:0,43,29,22	02:64,0,21,4	01:75,21,0,0	00:61,0,0,24	12:0,43,15,15	22:0,0,74,0	02:16,0,42,0	00:60,0,0,0	33:0,0,0,111	02:71,0,17,0	33:0,0,0,75	03:27,0,0,59	03:35,0,0,33	03:50,0,0,31	00:52,16,2,0	33:52,1,0,19	23:0,0,15,49	22:19,0,47,0	00:90,20,0,4	03:67,2,0,18	33:51,0,0,71	22:16,0,47,0	33:0,0,1,55	23:30,0,21,19	00:70,0,0,1	00:74,0,0,1	00:66,5,0,0	00:52,0,0,0	02:53,0,22,0	00:35,0,7,23	03:47,0,1,16	13:35,31,1,8	11:1,54,9,0	00:51,0,53,0	00:69,1,0,0	13:2,46,0,21	00:41,1,0,0	00:55,0,0,30	03:62,0,0,18	00:50,0,0,2	22:0,2,70,0	00:78,5,0,0	33:4,0,0,80	01:54,24,0,3	03:29,4,0,10	01:45,9,0,10	00:76,0,5,0	13:0,18,0,34	00:77,2,0,0	02:41,0,16,14	03:41,0,0,27	00:42,0,17,0	00:37,2,9,0	00:54,0,0,0	02:68,0,21,0	00:55,23,0,15	00:37,0,8,0	03:10,25,0,14	00:74,0,0,15	00:27,0,0,0	33:0,0,0,74	00:60,0,16,1	00:74,0,0,15	00:81,0,0,0	03:42,0,0,40	02:19,0,47,9	01:17,24,19,31	12:0,51,20,17	11:0,49,15,23	13:30,10,0,14	03:20,0,12,29	00:50,24,0,0	00:67,0,0,13	03:55,0,26,27	33:0,0,13,62	00:77,3,0,0	00:74,0,16,7	03:28,0,0,41	02:33,0,22,0	00:43,0,0,16	00:74,0,25,0	00:45,0,15,20	00:46,0,12,22	01:11,18,18,7	33:29,15,0,24	33:25,0,0,63	00:70,0,0,19	23:43,0,7,20	00:60,4,0,0	00:75,0,0,0	01:68,10,0,0	00:66,0,17,0	03:23,22,0,12	00:73,0,0,15	13:0,41,0,21	00:48,0,8,0	01:10,58,0,0	03:56,0,0,35	00:108,0,0,0	01:21,36,9,0	00:56,0,17,5	13:37,21,0,21	23:15,12,15,15	23:1,0,23,55
3_3	38	03:111,0,0,29	13:0,100,0,55	33:41,0,0,51	02:90,0,17,0	03:100,0,0,34	00:124,0,0,0	00:108,33,0,0	00:162,0,0,0	00:78,0,0,33	00:117,0,0,0	00:103,0,0,0	00:105,0,0,0	03:21,23,0,39	00:135,0,0,0	01:48,45,0,0	00:114,0,0,0	00:97,0,0,0	03:127,0,0,39	02:127,0,29,0	00:98,0,0,52	22:0,0,116,0	00:152,0,0,0	00:119,0,0,0	11:0,78,0,0	00:119,0,0,0	00:97,0,0,0	00:108,0,0,0	00:117,0,0,38	02:76,0,74,0	00:108,0,0,0	00:121,0,0,0	00:156,0,0,0	00:113,0,0,0	33:0,0,0,101	00:207,0,0,0	22:0,0,120,0	00:110,0,0,0	00:124,0,0,0	02:53,0,64,0	00:102,0,0,0	03:97,0,0,29	33:0,46,0,61	00:126,0,0,0	00:100,0,0,0	33:0,0,0,113	00:158,0,0,0	00:101,0,0,0	00:108,0,0,0	00:55,0,36,0	00:98,0,0,28	33:0,0,0,102	11:68,25,0,0	03:56,0,0,99	00:91,0,44,0	02:68,0,43,0	00:32,0,70,0	00:110,0,0,18	00:122,0,0,27	00:108,0,44,0	00:96,34,0,0	33:0,39,0,79	03:119,0,0,46	00:132,0,0,0	00:89,0,0,0	00:92,0,0,0	00:97,0,0,0	00:115,0,0,0	03:61,0,0,36	33:0,36,32,33	03:45,0,0,118	00:164,0,0,0	03:70,0,0,44	03:66,0,0,48	03:95,0,0,55	00:85,52,0,0	03:83,0,0,41	00:145,0,0,0	22:0,0,93,37	00:93,0,0,35	01:90,45,0,0	00:129,0,0,47	33:0,0,0,129	03:55,0,0,45	00:88,0,0,22	00:98,33,0,0	00:95,0,0,0	33:42,0,0,91	03:45,0,0,86	22:0,0,76,27	00:110,0,0,0	00:84,0,0,0	03:78,0,0,37	01:96,47,0,0	23:37,0,33,47	03:58,0,0,35	02:53,0,44,31	03:44,0,0,95	33:0,0,62,133	00:115,0,0,0	00:115,0,0,0	03:62,0,0,29	03:92,0,0,46	02:56,0,35,0	01:104,41,0,0	13:0,36,0,56	00:137,0,0,0	03:48,0,0,59	33:0,0,0,104	03:47,0,44,46	02:62,0,36,0	00:123,0,0,0	01:52,92,0,0	00:136,0,0,0	00:78,30,0,0	02:88,0,48,0	03:58,0,0,50	12:0,99,45,0	00:82,0,0,31	00:104,0,0,34	03:110,0,0,76	33:0,0,0,124	00:75,0,0,20	00:131,0,0,0	03:49,0,0,79	02:80,0,59,0	03:91,0,0,46	03:52,0,0,86	02:90,0,30,0	01:61,26,0,0	00:112,47,0,0	00:134,0,0,0	22:0,0,122,0	00:70,0,40,43	00:140,0,0,0	23:24,0,61,25	12:0,25,96,47	01:99,14,0,0	03:131,0,0,26	03:104,0,0,23	33:0,41,78,30	12:0,38,109,0	22:30,0,89,0	03:98,0,0,13	33:0,43,0,128	00:119,0,26,0	33:0,0,0,118	33:0,0,31,84	00:111,0,0,0	00:145,0,0,0	00:109,0,0,0	11:57,83,0,0	33:0,0,0,130	00:113,0,0,0	03:149,0,0,30	03:87,0,0,19	00:142,0,0,39	02:54,0,47,0	33:0,0,0,102	00:98,0,0,0	03:75,0,0,82	01:69,18,0,0	00:111,0,0,0	00:87,0,0,0	22:92,0,77,0	00:78,0,15,0	03:57,0,18,33	00:53,0,25,34	11:0,98,0,0	00:142,0,0,0	03:138,0,0,23	23:33,0,26,56	02:40,29,21,0	00:95,0,0,38	00:134,0,0,0	00:74,0,0,0	00:71,34,36,0	00:110,0,0,34	33:30,0,0,97	00:81,0,0,64	00:123,0,0,0	03:30,0,33,73	23:31,0,49,18	12:0,85,31,0	00:137,0,0,0	00:112,0,0,0	00:82,0,23,0	00:110,0,0,0	01:87,25,0,0	01:53,34,0,0	01:63,28,28,0	23:85,0,36,26	00:96,0,0,0	01:25,49,0,0	00:106,0,34,0	03:58,0,0,24	23:0,30,22,62	03:49,0,0,92	00:105,31,0,0	NA:68,19,0,17	11:37,97,0,0	22:0,47,53,0	03:78,0,0,64	23:26,31,42,25	11:39,111,0,0	03:65,0,0,35	00:138,0,0,0	00:99,0,0,0	00:84,0,25,0	03:91,0,0,23	03:41,0,0,66	01:88,52,0,0	03:93,0,0,61	00:116,0,0,0	12:49,22,31,0	00:93,0,0,0	03:156,0,0,31	00:133,0,0,0	00:116,0,0,20	03:58,0,0,52	00:81,0,0,16	33:0,0,0,131	00:95,32,0,0	01:76,21,0,0	00:168,0,0,0	03:65,0,0,58	00:117,0,0,0	03:87,0,0,29	03:57,23,1,22	03:132,0,0,44	13:0,55,0,41	03:63,30,0,22	11:0,96,0,0	02:93,0,0,90	00:71,46,0,38	00:59,35,0,28	02:50,0,75,0	02:140,0,29,0	33:30,0,0,68	33:0,0,0,143
4_3	67	03:27,4,0,83	33:0,0,0,94	33:0,0,10,61	12:13,9,33,0	03:48,0,0,53	00:63,9,0,0	03:83,0,0,30	00:80,0,24,0	01:30,34,0,0	00:61,0,0,10	00:53,0,3,0	02:24,0,27,0	03:24,0,0,22	00:81,0,0,8	01:22,29,0,0	01:55,13,0,0	03:65,0,0,17	03:63,0,0,67	02:22,20,46,0	01:76,22,0,0	22:0,11,66,1	00:84,0,0,15	00:98,0,0,0	01:18,30,0,0	00:63,0,0,20	00:49,0,11,0	11:0,66,13,0	00:117,0,0,0	00:64,0,0,0	00:62,0,0,22	03:38,0,0,58	02:25,0,39,0	00:100,0,0,0	33:22,0,0,72	00:158,0,0,28	22:0,0,82,21	02:24,0,48,0	02:93,0,21,0	00:40,0,0,0	00:43,0,0,9	00:61,15,0,0	33:0,0,0,111	00:75,0,0,16	00:81,0,0,0	33:11,0,23,41	00:79,0,17,0	00:41,0,0,0	00:58,0,0,0	03:43,0,0,21	00:126,0,0,0	03:34,0,0,36	00:64,0,0,0	33:0,0,0,93	00:44,0,15,9	00:87,0,0,0	23:33,0,18,21	00:126,0,0,0	00:142,0,0,0	00:46,0,0,0	01:119,20,0,0	33:27,0,0,62	02:93,19,17,0	03:38,36,32,10	02:50,0,14,0	00:42,0,0,0	00:30,0,23,13	03:21,12,0,14	01:41,16,0,0	01:25,34,0,0	00:81,0,0,27	00:80,0,0,0	03:76,0,0,35	01:32,8,0,0	03:53,0,0,14	03:90,0,0,27	00:83,0,0,18	00:62,0,0,10	00:134,0,0,0	00:48,0,0,21	02:87,0,20,0	03:99,0,0,38	03:39,0,0,14	00:45,0,47,0	02:40,0,37,0	01:49,33,0,30	00:47,0,0,0	00:70,0,0,23	03:41,0,0,23	02:59,0,20,0	00:88,0,0,14	02:22,0,14,12	00:62,0,0,0	00:97,0,0,0	33:30,0,0,66	03:67,0,0,18	00:82,0,0,0	03:85,0,0,28	33:0,0,18,95	00:84,0,0,0	13:0,33,0,53	01:10,45,0,19	33:75,0,0,42	00:43,0,17,14	03:86,0,0,41	33:23,25,0,46	00:98,0,0,0	02:37,0,22,0	33:0,0,0,57	00:114,0,0,0	03:72,0,0,14	03:28,22,0,16	00:51,47,0,0	03:78,0,0,45	00:54,0,27,0	00:82,0,0,16	03:17,0,0,43	00:120,0,0,0	00:54,0,0,0	00:127,0,0,0	02:109,0,29,0	02:54,0,27,29	00:80,19,0,0	01:60,16,0,0	33:0,0,0,106	03:105,0,0,37	00:41,0,34,0	33:25,0,0,69	00:77,0,0,0	02:29,0,9,0	00:63,0,0,53	00:95,0,0,0	12:0,39,79,0	13:69,45,0,22	03:78,0,0,32	02:30,21,37,0	22:36,0,102,0	03:61,0,0,43	00:155,0,0,0	03:54,0,0,69	12:0,107,26,0	22:0,0,91,0	12:0,24,58,0	00:39,0,0,47	33:0,70,0,84	02:97,0,21,0	23:0,0,26,67	23:0,34,25,46	00:37,17,0,0	00:107,0,0,0	02:47,0,41,0	03:74,0,0,13	33:0,0,0,91	02:50,19,28,0	01:105,43,0,0	00:79,0,0,0	03:69,0,0,63	23:0,0,66,22	03:37,0,0,74	03:30,0,0,51	03:43,18,0,18	00:65,0,0,0	00:58,0,0,0	00:35,0,0,0	00:92,0,30,0	00:39,0,0,0	00:79,0,0,20	00:55,24,0,18	11:0,101,0,0	03:67,0,0,10	03:47,0,0,54	00:48,15,0,0	00:65,0,0,0	03:66,0,0,17	00:111,0,0,0	00:29,10,0,0	22:0,22,78,0	00:97,0,0,0	03:51,0,23,14	00:45,0,20,17	00:50,0,0,0	03:16,0,28,31	02:24,25,14,0	02:17,23,13,0	01:96,22,0,0	02:71,0,34,0	01:49,39,0,0	23:31,1,15,15	00:56,0,0,0	00:76,0,0,0	01:56,18,0,0	00:50,27,0,30	01:25,6,10,0	13:0,34,0,11	00:90,0,0,0	01:23,4,0,0	33:0,0,0,71	13:0,27,27,86	13:26,49,0,21	03:55,0,0,12	00:94,0,0,0	12:0,16,65,0	03:84,0,0,65	01:25,67,0,0	01:31,81,0,0	01:47,9,0,0	01:24,21,26,34	00:68,0,0,0	00:89,0,0,0	03:61,0,0,13	33:0,22,0,48	00:74,0,0,0	00:98,0,0,0	00:27,0,16,16	22:10,0,27,0	02:52,0,14,0	00:129,0,0,0	00:89,0,0,37	00:67,0,0,21	13:0,25,0,29	00:39,0,0,59	33:36,0,0,81	00:105,0,0,0	03:56,0,25,15	03:52,0,0,22	03:76,0,0,24	01:55,14,0,0	00:64,0,21,0	03:15,34,0,20	00:74,0,0,0	01:31,30,0,0	01:65,16,0,0	13:0,37,0,6	03:78,0,0,31	00:146,0,0,0	11:20,81,0,0	00:88,0,0,0	02:85,0,25,0	00:61,0,0,0	33:0,33,0,92
1_4	11	00:102,0,0,5	11:0,74,34,0	33:0,0,0,64	00:57,0,0,0	NA:96,10,0,0	02:50,10,18,0	00:82,0,10,8	00:93,0,7,0	11:0,84,0,0	03:40,0,0,32	00:64,0,0,10	03:27,0,6,33	NA:30,3,0,31	00:36,7,35,0	00:45,0,22,0	NA:62,0,0,0	03:42,0,0,35	00:71,0,45,0	01:42,45,0,0	00:53,13,0,0	01:34,38,22,0	03:54,0,0,37	03:31,16,0,25	NA:0,68,0,0	00:38,0,0,50	00:68,0,0,0	00:83,8,0,0	00:73,13,0,0	00:59,0,0,0	03:38,0,0,51	01:38,26,10,0	11:34,28,5,4	00:49,33,0,0	33:0,0,0,67	03:45,0,0,84	23:0,0,40,42	00:77,10,0,0	03:27,0,14,43	00:59,0,8,0	00:74,0,0,2	00:82,0,0,0	33:0,5,0,79	00:100,0,0,0	33:44,0,0,31	NA:0,0,0,58	01:40,39,9,0	03:23,0,0,34	00:85,0,0,0	NA:60,0,0,10	00:82,0,0,5	33:5,0,3,39	00:53,0,7,0	33:13,0,20,75	01:48,13,11,2	00:36,0,35,0	NA:72,0,0,0	00:85,0,0,0	00:101,0,0,0	00:96,0,0,0	33:45,15,0,32	33:8,0,0,76	00:92,0,0,0	02:73,5,32,0	00:53,0,0,0	00:59,5,0,0	NA:48,0,0,24	03:74,0,0,32	00:53,0,0,7	11:0,84,0,0	NA:59,11,0,43	00:122,0,0,0	NA:79,0,7,0	22:12,0,27,32	NA:116,0,0,7	03:40,0,0,41	00:51,3,0,3	01:45,21,0,0	00:29,35,17,1	03:29,0,0,40	00:93,0,0,5	00:94,0,0,23	33:33,0,0,62	00:52,0,1,13	03:41,0,7,18	00:83,0,0,0	NA:63,11,0,0	00:67,0,8,29	00:28,0,39,15	01:92,0,5,0	00:51,0,30,0	00:91,0,0,0	00:72,0,0,5	00:48,0,0,38	33:0,0,0,92	02:63,0,12,0	00:54,0,0,38	33:54,0,0,42	22:33,15,2,59	02:44,0,48,0	00:60,0,0,5	NA:40,0,0,17	NA:113,0,0,0	03:67,23,0,6	00:100,0,0,0	33:0,0,0,49	03:71,0,0,32	NA:30,0,0,51	33:0,0,30,36	03:81,0,0,21	00:104,0,0,0	NA:47,25,0,0	11:34,37,0,9	02:45,14,51,0	00:50,30,0,0	00:55,0,7,0	22:29,0,27,5	11:0,89,0,0	00:64,16,0,2	00:58,18,0,10	00:134,0,0,0	NA:32,0,0,72	00:67,0,8,20	23:57,0,0,18	33:0,0,0,72	03:76,0,0,20	22:52,23,15,0	33:0,0,0,69	00:54,0,26,0	00:52,13,0,0	00:47,0,0,46	00:25,0,0,39	22:0,44,38,0	00:92,0,0,14	00:73,0,0,22	11:50,20,0,0	22:0,0,85,7	00:80,0,0,0	02:79,0,15,0	00:93,0,0,13	11:0,70,27,0	22:0,0,56,29	22:0,0,64,0	03:54,0,0,12	11:0,24,10,58	00:65,20,0,0	33:5,0,0,71	13:19,24,0,36	00:81,0,0,0	01:64,3,0,0	NA:42,0,48,0	33:50,0,0,28	33:0,0,0,85	11:57,14,6,0	00:83,0,0,0	00:55,0,43,0	00:38,0,0,50	22:0,0,41,30	00:30,0,0,42	00:65,12,0,12	11:67,26,0,0	NA:39,0,0,25	00:66,4,0,0	00:79,0,0,7	11:68,16,20,0	12:34,9,25,0	33:40,0,0,37	00:91,0,0,0	11:0,59,0,8	03:91,0,0,20	02:49,0,18,18	00:32,26,0,22	00:57,0,10,0	00:52,0,0,24	02:51,0,0,19	02:49,0,17,0	22:6,0,95,0	00:73,0,0,3	03:39,0,0,44	00:55,31,0,0	NA:55,0,27,0	33:12,0,0,67	22:52,0,12,0	33:2,40,0,23	00:57,0,4,29	00:77,0,0,0	02:43,0,17,0	00:80,11,0,0	00:89,0,0,0	00:45,8,0,12	00:43,0,26,0	11:90,0,0,0	03:55,0,0,9	11:0,58,0,0	00:62,0,0,41	00:78,0,0,0	33:0,0,0,85	03:93,0,0,16	01:57,22,0,0	NA:54,17,0,0	NA:67,16,0,0	22:0,0,77,0	NA:11,0,0,95	11:0,75,9,0	01:52,46,0,0	00:68,0,0,0	00:69,22,0,0	03:51,0,0,19	00:65,0,0,0	03:84,0,0,21	NA:19,0,0,48	02:60,0,24,0	00:88,0,0,0	03:37,0,0,55	00:24,0,33,11	00:67,0,0,0	00:106,0,0,0	00:104,0,0,0	00:67,0,0,0	33:0,0,0,63	33:54,0,0,15	33:0,0,0,74	00:83,0,0,0	00:63,0,0,0	00:100,0,0,0	00:68,0,0,12	00:83,0,0,0	00:69,0,0,11	01:64,0,0,0	00:81,0,0,0	11:0,83,0,0	11:59,26,0,0	11:0,46,0,0	00:104,0,0,0	00:99,0,0,0	01:60,11,0,0	03:68,0,31,0	00:108,0,0,0	03:22,0,0,54	33:8,0,0,83
3_4	20	33:11,0,0,67	03:27,43,0,6	33:14,0,0,46	01:55,21,0,0	00:81,0,0,0	00:88,0,0,0	00:77,5,0,0	03:54,0,0,17	01:7,41,0,10	00:78,0,0,0	00:79,0,0,0	00:32,0,11,0	23:44,3,16,13	00:74,0,0,0	01:24,13,0,21	00:43,0,0,0	00:79,0,0,0	03:70,2,0,14	11:11,41,0,0	03:66,0,0,24	00:30,0,35,0	00:62,0,0,0	00:80,0,0,0	NA:0,64,0,0	02:48,0,19,0	01:35,19,0,0	00:64,0,0,0	11:54,28,0,10	01:48,35,4,0	02:33,0,16,39	02:32,0,28,0	03:62,0,0,24	00:68,0,0,0	33:0,0,0,49	03:72,0,0,20	02:10,0,61,0	00:57,0,0,0	00:44,0,34,0	13:31,15,3,23	02:54,0,21,0	00:88,0,0,0	33:41,0,0,39	00:85,0,0,0	11:35,34,0,0	33:0,0,0,48	00:86,0,0,0	03:79,0,0,14	00:75,0,0,0	02:49,0,13,0	03:21,0,0,27	33:20,0,0,31	00:46,0,0,0	00:45,0,0,30	00:64,0,0,3	00:49,0,0,20	00:40,22,5,0	00:52,0,0,3	00:62,0,0,3	00:70,0,4,0	00:69,0,0,0	33:0,0,0,64	00:100,0,0,0	03:77,0,0,5	00:46,0,0,0	02:27,0,19,2	00:57,0,0,0	03:79,0,0,3	03:56,0,0,7	11:0,63,0,0	00:80,0,0,0	33:0,0,0,111	00:84,0,0,0	01:70,9,0,0	01:19,62,0,0	00:68,0,6,0	00:71,0,0,0	00:75,0,0,0	22:25,0,37,0	03:13,0,0,45	00:77,0,0,0	03:83,0,0,15	33:33,0,0,55	00:53,0,32,0	03:48,0,0,30	00:39,0,0,19	02:37,0,26,0	13:37,11,0,31	00:65,0,0,0	02:58,0,20,0	03:39,0,0,18	11:21,11,0,27	03:54,0,0,16	01:46,27,0,0	13:42,32,0,16	00:54,0,0,0	00:87,0,0,0	03:71,0,0,20	22:0,0,59,39	00:89,10,0,0	00:38,0,0,32	00:34,0,0,21	00:97,0,6,0	00:31,0,26,0	03:49,0,8,30	33:0,0,0,50	00:75,0,0,0	33:58,4,0,10	33:0,0,0,83	02:59,0,11,0	00:65,5,0,0	02:12,30,25,0	11:7,52,0,0	00:87,0,0,0	12:8,6,39,0	00:89,0,0,0	03:20,0,0,36	11:37,44,0,6	33:53,0,3,16	33:48,0,0,45	00:98,0,0,0	01:46,30,0,12	01:59,27,0,0	02:64,0,27,0	23:0,0,21,60	03:58,0,0,27	01:68,16,0,0	00:13,0,0,52	00:34,18,38,0	03:48,0,0,6	03:46,0,0,33	03:61,0,0,31	22:0,0,63,0	00:66,0,0,15	00:88,0,0,0	22:41,33,10,0	22:0,0,62,40	00:36,0,21,17	00:70,0,0,26	00:48,0,0,45	11:0,74,14,0	22:0,0,68,0	22:0,0,50,0	03:30,16,0,37	13:0,27,0,75	00:88,0,0,0	33:0,0,0,75	13:14,29,0,33	00:44,0,0,12	00:85,0,0,0	00:25,19,25,0	00:38,0,0,47	33:0,0,0,62	11:24,14,30,0	00:71,0,0,14	00:60,0,0,0	33:0,0,24,70	22:0,0,58,23	03:18,0,0,50	03:44,0,0,42	01:27,21,31,0	00:38,0,15,0	00:82,0,0,0	00:70,0,0,0	01:42,17,0,33	11:51,11,0,0	NA:30,0,21,15	03:13,0,17,38	11:0,50,0,0	03:69,0,0,21	00:70,0,0,0	03:45,0,0,14	00:43,15,0,0	00:66,0,0,0	00:86,0,0,0	02:38,0,12,0	22:0,27,76,0	01:36,20,26,0	03:40,0,0,39	00:51,0,0,19	00:67,0,0,13	03:19,0,0,59	22:16,0,52,0	13:0,62,0,21	00:72,0,0,0	00:31,22,0,0	02:33,0,31,0	01:53,10,0,0	00:67,0,0,0	03:49,0,0,11	00:38,0,9,0	00:63,0,0,23	03:56,0,0,15	11:0,44,0,0	00:57,0,24,0	00:58,0,0,0	33:0,17,0,49	03:47,0,0,52	00:51,0,0,0	12:28,17,12,7	02:22,30,17,0	22:0,21,54,0	33:37,0,0,52	11:0,68,19,0	00:76,28,0,0	00:56,0,0,13	01:56,22,0,0	33:35,0,0,12	00:58,0,20,0	03:75,0,0,13	03:18,0,0,53	00:21,19,16,0	00:56,0,0,18	00:68,0,0,0	22:18,0,31,0	00:48,0,0,0	00:92,0,0,0	00:69,0,0,31	00:52,0,0,22	13:0,16,0,38	00:59,0,0,21	33:25,0,0,46	00:81,0,0,0	03:42,0,0,12	00:57,0,1,20	00:92,0,0,0	00:41,0,0,22	00:38,16,13,0	33:38,23,0,18	00:78,0,0,0	11:13,41,0,0	01:55,21,0,0	11:0,47,0,0	00:82,0,0,0	00:70,0,0,0	00:42,49,0,0	00:60,0,26,0	01:64,29,0,0	00:65,0,0,0	33:0,0,0,98
1_5	32	00:41,0,0,0	11:0,48,0,10	33:0,0,0,6	00:5,2,0,1	01:5,1,0,0	01:13,10,0,0	02:37,0,3,0	12:6,2,0,0	13:0,14,0,6	23:6,0,2,2	33:5,0,0,13	22:1,0,3,0	33:0,0,0,8	13:4,9,7,11	11:6,2,0,0	01:7,3,0,0	00:33,0,0,0	00:26,0,10,0	11:3,3,0,0	00:21,0,0,0	23:0,0,9,5	01:13,16,0,0	01:17,1,0,0	13:0,2,0,5	NA:12,0,0,2	02:7,3,8,0	03:7,0,0,1	00:12,0,0,11	00:9,0,0,0	33:3,0,0,9	00:19,0,0,2	02:8,0,0,0	00:17,0,0,0	03:6,5,0,8	33:0,0,0,46	13:0,11,13,2	11:1,6,0,0	33:7,10,5,10	00:2,2,0,0	03:5,0,0,4	00:33,0,9,0	33:14,0,8,11	03:0,3,0,6	33:1,0,0,16	33:0,0,0,18	22:5,8,6,0	22:12,0,2,2	00:10,0,0,0	00:19,0,0,0	00:19,0,0,0	22:1,0,3,2	23:5,0,7,3	00:13,0,0,7	00:13,0,1,3	00:14,0,0,5	00:17,0,7,0	02:9,0,3,2	01:11,4,0,5	NA:4,6,2,0	11:10,9,8,0	33:11,0,0,20	03:23,0,0,12	00:41,0,0,0	00:3,0,0,0	00:3,0,0,1	00:7,0,0,0	00:2,0,0,1	13:0,2,0,1	22:4,3,1,0	00:11,0,0,1	00:9,0,0,8	00:29,0,0,0	NA:2,0,0,0	00:11,0,5,0	00:21,0,10,0	00:12,0,0,0	00:14,0,0,0	23:0,0,25,9	00:13,0,0,0	00:17,0,5,0	03:9,0,0,12	00:18,0,0,11	00:16,0,0,0	03:3,0,0,2	00:22,0,0,0	00:6,1,0,0	00:4,6,0,3	03:21,0,0,3	02:1,0,2,2	00:24,0,0,0	33:2,4,0,1	00:12,0,0,10	NA:8,0,0,0	33:0,0,0,14	00:6,0,0,0	00:35,0,0,0	00:27,0,0,0	33:0,0,0,51	00:22,0,0,0	33:0,0,0,8	00:17,0,0,1	03:16,0,0,23	03:12,0,0,11	NA:40,0,0,12	NA:9,0,0,7	02:7,0,4,1	13:4,2,0,0	33:2,0,0,20	00:46,0,0,0	11:21,10,0,0	01:17,1,0,0	11:2,6,0,0	00:23,0,0,3	00:4,0,0,0	02:8,0,3,0	03:5,0,0,11	11:6,19,0,0	00:37,0,0,0	00:28,0,13,0	03:18,9,0,6	33:14,0,12,10	00:21,0,0,0	00:2,0,0,0	NA:0,0,4,6	00:13,0,0,3	00:11,2,6,0	00:15,0,0,19	00:21,0,0,0	03:3,0,0,0	00:10,0,0,10	00:19,0,0,2	22:0,0,18,0	00:19,0,0,0	00:30,0,0,0	03:11,0,6,9	22:0,0,40,0	00:25,0,0,0	00:14,5,0,0	03:15,0,0,15	NA:0,30,0,0	NA:0,0,8,0	11:10,6,10,0	00:18,0,0,0	33:0,16,19,15	00:32,0,0,0	33:0,0,0,12	33:3,0,0,11	22:3,0,3,0	01:17,1,0,0	00:7,0,2,0	03:1,2,0,13	33:0,0,0,13	02:10,0,10,0	00:34,9,0,0	03:7,0,0,5	00:4,2,0,0	22:5,0,4,0	03:5,0,0,20	00:15,0,0,0	01:9,1,0,8	00:3,0,0,0	03:13,0,0,2	33:6,0,0,1	00:34,0,0,0	00:2,0,0,4	00:7,0,0,0	03:6,0,0,6	11:5,6,0,0	00:40,0,9,0	00:24,0,0,0	03:5,0,3,2	00:2,0,0,0	NA:14,0,0,4	13:4,9,5,4	00:9,0,0,1	12:0,2,6,0	00:38,0,0,0	NA:3,0,2,4	03:6,0,0,2	00:8,4,0,0	33:5,0,0,9	00:5,0,3,0	33:0,11,0,11	01:10,1,0,0	00:38,0,0,15	03:16,0,0,9	00:15,0,3,0	00:8,0,5,0	00:5,0,0,0	02:14,7,4,0	03:15,0,0,6	NA:11,0,0,0	01:2,6,0,0	00:23,0,0,1	00:6,0,0,5	33:0,0,0,13	00:21,20,0,0	03:12,9,0,1	00:3,0,0,2	03:8,6,0,2	00:7,0,9,4	00:8,0,16,14	33:0,3,0,19	02:7,14,2,0	01:3,3,0,0	02:7,0,6,7	01:12,9,0,0	00:19,0,0,1	22:0,0,5,5	23:8,0,3,10	00:21,0,0,0	02:14,0,3,0	00:1,0,0,3	00:9,0,0,0	00:7,2,0,2	02:33,0,13,0	02:8,0,5,9	02:17,0,4,0	02:6,0,2,0	13:8,4,0,8	33:0,0,5,18	03:13,0,0,1	00:25,0,0,0	01:12,1,0,6	00:10,0,0,0	00:10,0,3,0	02:10,0,14,0	11:15,5,0,0	03:26,0,0,3	13:0,10,0,9	00:7,0,11,6	11:0,14,0,0	03:40,0,0,8	01:37,3,0,0	22:0,17,6,8	23:8,0,3,6	01:7,2,0,5	01:6,4,1,0	13:0,5,0,31
2_6	38	33:42,0,0,70	01:25,89,0,23	33:0,0,0,99	01:64,22,0,0	00:89,0,19,0	00:93,0,0,0	03:92,0,0,35	03:64,0,29,44	11:24,71,0,0	00:76,0,0,16	00:72,0,6,0	02:19,0,44,0	03:0,0,0,82	00:81,0,0,23	11:34,31,0,0	00:102,0,1,0	00:91,21,0,0	23:81,0,46,39	00:114,21,0,0	00:82,0,0,0	02:29,0,78,0	00:92,0,26,0	00:94,0,0,0	11:0,76,22,0	00:110,0,0,28	00:69,15,0,0	00:60,0,18,0	00:140,0,0,0	00:71,0,34,0	00:55,0,0,59	03:51,0,0,49	00:106,0,0,0	02:91,0,0,0	33:0,0,0,80	02:133,0,29,0	NA:30,0,95,0	00:87,0,0,0	00:93,0,0,0	00:97,0,13,0	00:41,0,0,59	00:107,0,0,0	33:21,0,0,81	01:64,20,0,18	03:35,0,0,71	13:0,21,0,59	00:92,25,0,0	00:38,26,0,23	00:70,15,0,0	00:48,17,0,0	00:71,0,0,20	03:18,0,0,59	00:68,0,0,18	33:0,5,0,56	03:42,0,0,33	00:72,28,0,0	01:47,33,0,0	00:75,0,17,0	00:90,20,0,0	03:111,0,0,0	00:63,0,20,0	03:26,0,0,53	00:102,36,0,0	01:37,22,9,0	00:49,0,0,26	12:53,34,0,0	NA:71,0,0,0	00:99,0,0,0	03:46,0,0,17	11:0,76,0,0	33:37,0,0,92	00:119,0,0,0	23:40,0,26,14	00:60,0,0,19	01:65,63,0,0	00:97,0,0,0	11:49,23,0,0	00:97,0,0,0	00:82,0,28,0	00:73,0,0,26	00:121,0,0,0	33:27,23,0,66	03:31,44,0,35	02:42,0,20,0	02:42,0,43,0	03:58,0,0,38	00:91,0,0,0	02:72,0,28,0	03:59,43,0,24	22:21,0,41,31	00:100,0,0,0	00:62,0,18,0	03:45,0,0,53	00:118,0,0,0	03:32,0,0,102	00:32,13,0,20	33:33,0,0,89	03:75,0,1,59	12:68,42,28,0	00:104,0,0,0	00:36,0,0,35	00:67,0,0,0	00:126,0,0,0	03:41,22,0,33	03:86,0,0,38	33:0,0,0,74	00:102,0,0,0	33:29,0,0,48	33:0,0,0,83	12:49,20,31,0	00:82,0,0,0	00:79,0,0,0	01:31,80,0,0	00:112,0,0,0	01:22,43,24,0	01:75,35,0,0	33:76,0,0,18	01:32,124,0,0	33:59,0,0,25	03:63,0,0,64	01:134,33,0,0	33:87,0,0,17	01:18,29,43,0	00:46,0,0,26	33:0,0,34,55	00:122,0,0,0	02:56,0,57,0	33:24,0,1,63	00:126,0,0,0	00:75,0,29,0	03:67,0,0,38	00:104,0,0,0	12:41,43,40,0	03:107,0,0,44	01:40,35,0,39	00:40,0,28,17	22:0,22,109,0	00:79,16,0,0	00:31,42,0,68	00:57,0,0,54	22:0,48,24,39	23:0,15,72,33	22:0,0,81,0	00:76,0,0,14	03:44,49,0,60	01:67,83,0,0	33:0,0,0,118	NA:23,0,0,70	00:81,0,0,0	01:80,25,0,0	12:50,31,33,0	02:66,14,25,0	23:0,0,59,35	00:93,0,28,0	01:96,0,0,23	02:83,0,37,0	03:87,0,0,31	23:0,0,43,47	33:35,0,0,60	00:68,0,0,33	00:98,0,0,19	00:63,14,0,0	00:98,0,0,0	00:101,0,0,0	02:72,0,56,0	00:93,0,0,0	03:77,0,0,18	00:114,0,0,0	11:0,69,0,18	03:93,0,0,50	00:85,0,0,12	03:61,0,25,16	01:66,0,8,0	02:63,0,15,0	03:91,0,0,21	00:62,0,25,0	22:10,0,55,29	03:75,0,0,23	03:15,0,0,69	00:54,0,0,44	00:93,0,0,0	03:45,0,0,50	00:40,0,0,21	12:50,26,30,0	33:56,0,0,45	00:123,0,0,0	00:87,0,0,0	00:106,0,0,0	00:57,0,0,30	01:37,35,0,0	00:125,0,0,0	02:64,0,25,0	00:85,0,0,0	11:0,68,0,0	02:137,0,0,0	00:77,0,0,0	33:0,42,0,77	03:138,0,0,0	00:59,61,0,0	00:85,0,0,0	00:50,0,0,41	22:0,18,51,0	33:0,0,31,97	11:0,74,32,0	02:41,41,49,0	33:40,0,0,32	00:68,0,0,0	00:38,0,34,0	00:119,0,0,0	03:25,39,0,24	03:43,0,32,28	01:40,56,0,42	00:84,31,0,0	23:33,0,43,29	02:58,0,21,0	00:56,0,0,16	00:121,0,0,0	00:69,0,0,43	00:65,0,26,0	03:30,0,0,46	00:63,25,0,0	33:0,48,0,55	00:74,0,41,0	01:28,40,0,33	00:129,0,0,0	00:112,0,0,0	03:56,0,0,28	03:34,43,0,49	00:66,0,0,20	00:90,0,0,17	11:0,82,0,22	00:73,0,0,20	22:0,38,30,0	02:43,0,80,0	00:80,0,39,0	02:87,0,36,0	NA:85,0,39,0	03:61,0,28,36	33:31,0,0,58	33:38,0,0,101
2_7	21	03:32,0,0,46	03:21,0,0,63	33:0,0,10,44	02:41,0,38,0	03:46,0,0,37	00:73,0,0,18	00:100,0,0,0	00:87,0,0,0	00:66,19,0,0	00:63,0,0,16	03:31,0,9,15	00:42,0,0,0	01:40,16,0,0	00:93,0,0,0	00:52,12,0,0	03:49,0,0,10	00:91,0,0,0	03:45,0,0,71	22:12,11,29,9	00:77,0,0,0	22:1,13,69,0	00:72,0,26,0	00:87,0,0,0	00:13,30,15,0	00:95,0,0,0	00:76,0,0,0	01:41,21,0,0	03:70,0,0,36	00:60,0,20,0	00:70,0,0,20	33:19,16,0,44	00:48,0,36,0	00:78,0,0,0	33:0,0,0,43	03:96,0,0,29	23:0,0,82,10	23:20,17,17,13	02:36,0,26,0	01:36,16,6,0	00:87,0,0,22	00:66,25,0,9	33:11,0,0,51	00:57,0,18,13	00:82,0,0,1	33:0,1,0,60	00:82,22,0,0	00:53,0,10,0	01:46,13,0,0	00:72,0,0,0	33:15,0,0,44	33:6,0,0,55	00:38,4,0,16	03:34,0,0,68	00:85,0,0,0	03:42,0,0,34	00:46,19,1,4	02:47,0,12,0	01:55,13,0,0	03:38,0,0,29	00:29,27,15,0	00:54,0,0,51	00:124,0,0,0	01:57,32,0,0	00:50,0,0,0	00:34,0,10,4	00:33,0,7,8	03:53,0,0,20	33:25,8,0,28	11:3,67,0,0	03:69,0,0,47	00:97,0,0,14	00:71,0,0,5	01:58,16,0,0	23:7,51,21,12	00:77,0,0,2	00:70,0,0,0	03:50,0,0,26	00:71,0,0,0	00:76,0,0,0	01:60,18,9,0	00:82,0,0,19	13:23,24,0,42	00:74,0,0,0	02:47,0,24,0	00:86,0,0,0	00:51,0,0,12	00:104,0,0,0	00:103,3,0,0	02:61,0,21,0	02:72,0,27,0	00:66,0,8,0	00:53,0,0,12	00:90,0,0,0	23:0,0,34,78	00:61,0,0,0	00:70,13,0,0	00:72,12,0,0	00:69,0,30,12	02:43,20,24,0	03:32,10,0,28	00:49,0,0,0	00:110,0,0,14	00:73,0,0,1	00:87,0,0,21	03:18,0,0,43	02:37,0,28,0	00:31,0,0,13	23:0,0,19,50	02:41,0,12,19	02:32,1,22,20	11:55,13,0,0	02:37,41,20,0	00:89,0,0,0	22:40,0,13,0	00:60,0,5,0	33:13,0,0,43	00:51,30,0,0	00:45,0,14,0	00:96,0,0,0	00:92,0,0,23	03:23,0,0,64	00:88,0,0,0	00:74,0,0,0	33:11,0,0,75	03:40,0,16,19	02:39,0,19,14	03:43,0,0,27	00:74,0,0,0	01:26,34,10,0	33:44,0,0,45	00:72,0,14,0	02:35,7,38,0	00:86,0,0,19	00:112,0,0,2	01:41,19,6,0	22:0,0,93,0	00:74,0,2,0	00:82,0,0,25	00:96,0,0,0	11:0,29,46,0	22:5,0,79,0	22:9,0,53,0	13:46,21,0,13	13:22,25,0,57	00:107,0,0,0	33:0,26,0,70	01:21,11,0,51	00:52,0,0,21	00:86,0,0,0	00:72,0,24,0	03:36,2,0,53	13:0,19,0,60	11:45,19,4,17	00:108,0,0,0	00:65,0,0,3	33:43,0,0,71	22:0,0,59,0	03:15,0,0,46	00:60,13,0,0	00:70,6,0,0	00:47,0,0,13	02:35,0,31,0	00:68,0,0,3	01:76,21,0,0	01:47,20,3,0	03:58,0,0,15	03:66,0,0,18	11:3,42,0,12	03:67,0,0,37	00:72,0,10,0	00:33,6,8,19	00:53,0,0,0	03:33,0,13,20	00:71,0,0,0	23:28,10,11,11	22:0,14,73,0	00:60,17,0,0	00:54,0,2,24	03:46,8,0,20	00:47,0,17,0	03:8,2,0,52	NA:4,16,31,0	13:7,27,0,40	01:66,25,0,0	00:33,7,0,11	02:68,0,15,0	00:68,0,12,0	00:55,14,0,0	03:36,0,0,9	00:65,0,24,0	03:39,0,0,35	03:36,0,0,9	11:0,35,0,7	00:81,0,0,23	00:54,20,0,0	23:0,17,22,47	03:49,0,0,37	03:41,13,0,18	13:26,12,0,24	01:52,17,0,0	23:2,0,54,20	33:4,0,0,86	11:0,76,0,4	01:44,37,0,0	03:39,0,0,16	12:10,54,12,0	03:23,0,0,31	00:47,17,0,0	03:58,0,0,32	23:3,0,21,40	22:34,0,40,0	00:87,0,0,0	00:53,0,0,19	22:4,0,35,38	00:54,0,0,0	00:75,0,0,40	03:69,0,0,14	01:69,20,0,0	33:0,0,0,67	00:44,0,0,21	23:0,0,24,73	02:69,0,18,0	02:47,0,22,21	00:77,0,0,0	03:47,18,0,21	00:46,0,17,0	00:88,7,0,0	03:34,9,4,14	03:60,0,0,7	01:25,30,0,0	01:26,19,24,0	13:0,54,0,20	01:71,24,0,6	00:100,0,0,1	02:62,1,19,0	01:63,22,19,0	01:74,27,0,0	03:34,0,0,29	33:15,6,0,63
4_7	59	03:28,0,0,78	33:0,61,0,39	03:41,0,0,21	02:35,0,18,0	03:93,0,0,22	00:72,0,0,0	00:54,0,0,49	00:54,0,0,19	01:10,65,0,0	00:75,0,0,0	00:80,0,0,0	02:25,0,25,0	00:51,0,0,26	00:89,0,0,0	00:44,16,0,0	03:55,0,0,20	00:84,0,0,0	03:49,0,30,19	02:51,0,36,0	02:52,0,26,0	12:28,17,35,0	00:96,0,0,0	00:85,0,0,0	11:17,48,0,0	00:92,0,0,0	00:74,0,1,0	01:48,14,0,0	00:80,0,0,20	00:81,0,0,0	03:80,0,0,19	03:42,0,0,23	02:49,0,16,0	02:51,0,22,0	33:0,0,0,66	02:64,0,25,19	22:0,0,58,11	33:19,0,20,33	00:65,0,22,0	00:60,13,0,0	03:70,0,0,20	03:37,0,0,18	33:0,0,0,71	00:61,0,17,0	00:56,0,0,32	33:0,0,0,81	00:107,0,0,0	00:69,0,0,0	00:78,14,0,0	00:73,0,1,0	03:29,0,0,32	33:0,0,0,58	00:62,0,0,0	03:26,0,0,72	03:84,0,0,8	03:52,0,0,25	02:67,0,17,0	22:46,0,10,7	13:49,16,0,9	23:42,0,13,28	01:54,24,0,0	03:48,1,0,32	00:82,0,0,0	01:65,17,0,0	00:52,0,0,0	03:38,0,0,13	00:47,0,0,18	03:57,0,0,16	03:30,0,0,33	11:0,86,0,0	00:45,0,0,63	03:67,0,0,19	00:68,0,0,0	00:40,18,0,18	03:51,0,23,23	02:70,0,23,0	00:66,0,0,0	03:40,20,0,22	00:93,0,0,0	00:70,0,0,20	01:60,45,0,0	00:117,0,0,0	13:16,29,0,47	00:79,0,0,0	22:15,0,34,20	00:97,0,0,0	00:93,0,1,0	00:73,0,0,0	00:58,0,18,0	22:46,0,37,0	00:60,0,21,0	23:32,0,27,15	00:78,0,0,0	33:50,0,0,31	03:27,1,13,42	00:60,0,0,0	00:80,0,0,0	00:65,1,0,23	03:63,0,0,71	00:66,0,18,0	03:23,0,0,53	00:38,0,0,25	03:45,0,0,61	00:63,0,0,0	00:75,0,0,0	03:36,0,0,30	01:46,18,15,0	00:57,0,0,19	23:0,0,28,57	00:82,0,12,0	02:63,0,24,0	01:38,20,0,26	12:12,38,25,0	02:26,0,39,20	22:7,0,51,0	00:55,23,0,0	33:37,0,0,20	01:60,33,0,0	01:60,10,0,0	00:80,0,0,0	00:111,0,0,0	13:0,17,0,72	00:90,0,0,0	00:78,0,0,16	23:0,0,22,60	00:93,0,0,0	02:52,22,12,0	02:16,0,45,21	00:65,0,0,16	00:60,0,0,0	00:88,0,0,0	03:69,0,0,21	22:0,24,62,0	01:35,14,32,28	00:72,0,0,0	00:52,0,15,0	01:30,21,64,0	03:49,0,0,20	00:96,10,0,0	03:80,0,0,25	12:0,20,62,0	22:0,18,61,0	22:0,0,48,0	00:86,0,0,0	13:0,33,19,53	13:0,21,47,33	33:0,0,0,68	33:27,0,0,59	02:61,0,21,0	00:88,0,0,0	00:53,0,0,27	03:93,0,0,23	33:0,0,0,65	22:0,0,55,25	03:64,21,0,14	01:50,13,0,17	33:0,0,27,65	22:0,0,72,0	02:33,0,17,27	00:60,0,0,19	13:23,16,0,38	33:30,0,1,22	01:32,20,23,0	03:60,0,0,21	00:72,0,0,0	02:44,0,28,0	02:57,0,20,0	23:18,0,26,34	01:25,43,0,0	03:86,0,0,17	00:71,19,0,0	03:68,0,0,24	01:29,12,13,0	00:52,0,0,30	00:84,0,0,0	00:39,0,0,16	13:0,27,41,20	00:56,0,14,0	03:36,0,0,45	01:36,15,0,17	00:76,0,0,0	03:29,0,0,28	02:16,0,55,0	12:0,42,28,28	00:68,18,0,0	02:62,0,24,0	03:57,0,0,15	00:86,0,0,0	00:37,33,0,0	00:32,30,0,0	02:55,0,17,0	00:94,0,0,0	00:46,16,0,0	11:15,41,0,0	23:52,0,17,20	00:53,0,0,0	12:0,38,21,58	33:0,0,0,81	00:75,0,0,0	33:18,0,0,54	01:47,29,0,0	12:11,23,38,0	33:50,0,0,51	11:37,40,0,15	01:17,37,0,24	33:17,15,0,24	00:60,0,0,17	00:66,0,0,0	02:65,0,26,0	00:53,0,0,25	03:14,0,12,53	01:68,32,0,0	03:38,0,0,46	00:55,0,0,33	00:64,0,16,0	00:79,0,0,0	00:124,0,0,0	02:100,0,12,0	03:25,0,0,43	03:31,0,0,61	03:46,0,0,24	33:0,0,0,97	12:36,30,11,0	00:46,0,0,23	00:57,0,0,21	33:33,0,0,60	00:53,0,0,15	00:79,0,0,19	00:70,0,0,0	00:92,0,0,17	33:0,14,27,38	11:25,42,0,0	11:0,89,0,0	00:115,0,0,0	00:103,0,0,0	00:85,0,0,0	00:67,0,31,0	01:39,17,0,22	03:17,0,0,59	03:59,0,0,46
1_8	32	33:28,6,0,84	11:0,65,0,66	00:59,0,12,23	00:87,0,0,0	00:122,0,0,0	NA:63,24,24,0	02:106,0,34,0	02:82,0,26,23	01:50,51,0,0	03:38,0,0,58	13:15,24,7,7	NA:56,0,28,0	03:54,0,18,22	01:80,23,0,0	00:61,25,0,0	03:74,0,0,23	00:130,0,0,0	00:102,0,0,29	11:0,57,0,0	00:107,0,0,0	22:0,40,78,0	00:94,0,34,0	01:68,27,0,0	11:0,56,24,0	03:114,0,0,37	00:77,0,0,26	00:111,0,0,0	00:138,0,0,0	00:110,0,0,0	33:27,0,0,81	00:84,41,0,0	00:101,0,34,0	00:111,0,0,0	33:0,0,0,99	03:86,0,0,56	02:34,0,101,0	03:40,31,0,23	00:115,0,0,0	02:65,0,27,0	23:17,0,23,52	01:62,64,0,0	13:0,28,0,61	00:69,0,0,31	01:51,24,0,30	03:21,0,0,64	02:66,36,29,0	00:68,0,0,25	00:85,28,0,0	00:102,0,0,0	00:91,0,0,25	00:19,0,0,66	00:56,0,0,29	33:0,0,0,135	22:44,0,61,10	00:116,0,0,0	00:87,0,0,0	00:144,0,0,0	00:162,0,0,0	00:66,0,0,23	01:58,37,43,0	03:30,0,0,86	00:125,0,0,0	00:77,41,0,0	00:91,0,0,0	00:105,0,0,0	00:59,0,0,28	00:91,0,0,0	01:79,17,0,0	23:0,38,22,28	03:64,0,0,55	00:112,0,0,11	00:115,0,0,0	01:83,36,0,0	01:27,133,0,0	03:95,0,0,32	00:95,0,0,0	00:74,0,0,35	00:101,0,32,0	03:73,0,0,25	01:100,18,0,0	03:127,0,0,24	33:0,0,0,122	00:103,0,0,0	00:116,0,0,0	03:103,0,0,15	00:65,0,0,20	00:126,0,0,0	02:82,0,28,21	22:49,0,56,0	00:103,0,0,0	00:89,0,0,0	00:124,0,0,0	03:86,0,0,49	33:0,0,0,129	11:44,18,0,26	03:24,41,0,61	00:70,38,0,19	03:103,0,31,22	00:123,0,0,0	33:0,34,0,73	00:76,0,10,0	03:114,0,0,37	00:112,0,0,0	00:145,0,0,0	03:51,0,0,55	00:71,0,27,0	00:94,0,0,0	03:41,0,0,73	00:96,0,0,39	00:76,0,0,25	00:84,0,0,23	11:0,127,0,25	00:137,28,0,0	00:95,0,0,0	00:119,0,0,0	00:103,0,0,0	00:57,53,0,0	00:71,0,0,40	00:91,0,0,42	00:175,0,0,0	23:0,0,14,108	00:73,0,0,24	00:107,0,0,0	33:30,0,0,60	00:167,0,0,0	00:140,0,0,0	03:39,0,0,48	03:79,0,0,29	00:116,0,0,0	00:69,48,0,0	03:90,0,0,19	22:0,16,86,0	03:82,0,47,23	00:84,0,42,0	23:37,0,21,29	12:0,36,112,0	01:46,42,0,22	03:126,0,0,32	03:107,0,0,44	23:0,27,71,39	12:0,31,99,0	02:23,51,30,0	03:90,0,0,26	03:43,0,0,100	00:142,0,0,0	33:35,0,0,76	33:22,0,0,77	00:78,28,0,0	00:111,0,28,0	22:30,0,91,0	00:111,0,0,0	00:45,31,0,29	02:23,0,117,0	00:135,33,0,0	00:115,0,0,22	03:116,0,0,18	22:0,0,113,0	33:0,0,0,126	02:31,0,72,0	00:133,0,0,0	NA:62,0,0,28	13:55,40,0,26	23:61,0,20,26	00:130,0,0,0	00:73,0,16,0	01:43,35,0,26	01:53,81,0,0	11:0,89,0,0	00:162,0,0,0	03:87,0,0,26	00:43,36,0,24	00:93,0,0,0	03:81,0,0,25	01:92,27,0,0	00:57,0,0,16	12:0,21,87,0	00:95,24,0,0	23:0,0,27,84	33:0,33,0,72	00:100,30,0,0	33:0,28,0,77	02:81,0,18,0	13:0,69,0,11	00:73,20,0,0	00:113,0,0,0	33:16,0,0,97	00:92,0,0,0	02:45,12,12,0	00:81,0,0,0	00:108,0,0,0	00:80,0,0,26	00:67,0,0,0	11:0,70,0,0	00:154,0,0,0	00:82,0,0,0	33:0,0,0,131	03:52,0,0,75	03:68,0,1,54	00:105,0,0,0	03:79,0,0,67	03:70,0,0,48	02:51,0,66,0	33:0,44,0,97	12:0,33,66,42	00:44,0,0,53	02:72,0,50,0	01:42,95,0,0	03:61,0,0,50	02:71,0,41,0	02:32,0,46,37	00:117,0,0,0	02:78,0,60,0	03:69,0,0,28	00:95,0,0,0	00:48,0,0,44	02:87,0,59,0	22:69,0,44,0	02:58,0,38,0	02:54,0,48,0	01:31,44,0,30	33:0,0,0,146	03:77,0,0,44	01:46,30,35,0	13:57,21,0,28	00:112,0,0,0	00:68,0,0,34	00:115,0,0,0	13:0,38,0,50	03:27,0,36,73	11:33,76,0,2	22:37,0,58,36	11:0,73,0,31	03:74,0,0,60	01:102,22,0,0	23:30,0,33,25	02:89,0,61,0	01:81,85,0,0	01:52,46,0,0	03:71,0,0,55
3_8	33	33:17,0,0,88	11:13,56,0,27	33:0,0,0,91	01:47,17,14,0	00:108,0,0,17	00:79,3,9,0	00:124,0,0,0	00:99,0,0,0	11:32,50,0,10	00:55,0,0,3	00:78,0,0,0	02:32,0,8,5	03:36,0,0,34	00:86,0,0,0	03:52,0,4,23	00:70,0,0,0	00:81,0,0,9	03:41,0,0,68	01:35,15,20,9	00:109,0,23,0	22:0,7,93,0	00:117,0,0,4	00:96,0,0,6	11:0,65,0,0	00:91,0,0,5	00:67,0,0,13	00:54,13,0,0	00:131,0,0,12	00:71,0,9,1	03:63,0,0,26	03:53,0,0,25	00:115,0,0,0	02:43,0,42,7	33:4,0,0,71	23:20,9,40,77	22:0,7,99,0	00:75,6,0,0	00:92,0,11,0	02:35,0,11,3	00:40,10,8,8	00:100,0,0,10	33:21,0,0,65	01:54,40,0,4	01:41,32,0,0	12:7,13,20,32	00:110,0,11,0	00:47,0,0,6	00:82,0,0,0	00:69,0,0,0	00:63,0,0,12	00:40,0,0,34	00:65,0,0,0	13:28,2,0,51	03:102,0,0,13	00:84,0,0,0	01:61,15,0,0	00:85,0,9,0	00:107,11,0,0	00:64,0,0,0	00:83,16,7,0	03:22,0,0,73	00:122,0,0,0	01:64,26,0,8	00:70,0,1,4	01:40,17,0,0	00:54,0,0,6	01:41,15,0,25	00:55,0,0,6	11:0,63,0,0	03:79,0,0,42	00:80,0,0,22	03:76,0,0,14	00:50,9,0,0	01:37,95,0,14	00:93,0,0,4	00:52,0,9,0	00:79,0,0,13	00:59,0,60,0	03:42,0,0,37	00:62,27,0,0	03:108,0,0,33	00:49,0,0,34	02:65,0,20,0	00:48,0,0,21	03:60,0,9,17	00:57,0,10,0	03:37,0,0,37	00:93,0,0,0	00:93,0,0,0	02:50,0,30,11	00:41,0,10,14	00:60,0,0,11	01:48,48,0,0	03:31,17,0,48	00:85,0,0,0	00:92,0,9,0	00:91,0,0,0	33:15,0,38,101	00:97,0,0,0	03:61,18,0,17	03:31,0,0,26	00:111,19,0,0	02:41,0,24,9	00:61,0,0,49	33:13,0,5,61	00:81,0,0,0	00:65,0,0,9	33:0,0,3,43	02:48,0,53,0	01:51,12,0,0	01:40,18,7,18	11:0,83,0,0	00:103,0,12,0	23:32,8,15,14	00:81,0,0,0	33:43,0,0,33	01:105,32,0,0	02:68,0,21,0	00:104,0,0,0	00:150,0,0,0	00:95,0,0,19	00:93,0,0,0	00:74,8,0,0	33:10,0,0,80	00:84,26,0,0	00:74,0,26,0	33:0,0,0,91	00:111,0,0,0	00:53,0,10,0	03:53,0,0,39	03:60,0,0,23	22:0,27,61,1	03:74,10,0,34	00:101,0,0,15	02:50,0,37,0	12:0,31,91,0	00:41,15,0,23	00:117,0,0,0	00:87,0,0,20	12:19,78,34,0	22:0,0,86,0	22:0,15,55,0	02:67,0,28,0	23:31,21,32,52	00:143,0,0,0	33:42,0,0,57	33:0,0,0,96	00:81,0,0,0	00:107,0,0,15	00:53,0,47,0	03:44,5,17,31	33:0,0,29,55	22:36,0,59,23	00:127,0,0,28	00:76,0,8,17	03:43,0,6,63	22:0,0,76,10	33:19,0,0,59	02:80,0,23,0	03:84,0,0,19	00:76,0,0,0	00:51,0,0,12	02:46,0,14,17	02:90,0,21,0	00:52,0,0,0	00:94,0,0,4	00:92,19,0,0	11:0,72,0,0	00:125,0,14,0	00:67,14,0,0	01:36,24,0,0	03:43,0,0,21	01:33,24,0,33	03:73,5,0,21	01:54,16,0,0	02:23,0,76,0	00:103,0,0,7	33:11,8,0,36	33:27,0,0,43	00:78,0,0,0	33:33,0,0,48	23:16,0,45,17	11:0,43,0,0	00:104,0,16,0	00:86,0,0,16	00:83,0,0,0	00:55,12,3,0	03:29,0,9,11	01:30,19,9,0	00:69,4,0,0	00:90,0,0,19	00:36,9,1,5	13:2,36,0,7	00:92,0,0,24	00:81,0,0,3	23:5,0,50,51	00:95,0,0,36	12:3,43,41,3	00:61,0,0,15	03:64,0,0,16	12:19,20,35,0	33:46,0,0,70	13:0,66,0,23	01:37,51,0,0	00:71,0,0,10	00:69,20,0,20	00:66,0,0,0	00:91,0,0,0	33:6,0,0,82	33:0,0,0,77	00:66,11,0,0	03:75,0,0,15	33:7,0,0,37	00:55,0,32,0	00:66,0,0,0	00:140,0,0,0	00:86,11,0,18	00:83,0,0,4	33:0,17,0,49	00:100,0,0,7	33:0,0,0,98	00:103,0,6,0	00:71,0,0,24	00:103,0,0,5	00:84,0,0,0	00:64,0,0,12	00:86,0,0,17	00:76,0,0,6	00:105,0,0,0	11:0,61,0,16	00:73,23,0,0	11:0,73,0,0	00:122,0,0,0	00:99,0,0,0	01:52,43,0,0	00:111,0,0,0	00:64,47,0,0	03:52,0,0,8	03:63,0,0,52
4_8	46	03:53,0,0,45	11:0,89,0,17	33:0,0,0,41	00:70,0,0,0	01:77,41,0,0	00:102,0,0,0	02:24,0,43,52	02:72,0,35,0	11:21,81,0,0	03:40,25,0,21	03:40,0,0,39	22:19,0,48,0	03:39,17,0,24	01:68,29,0,0	03:56,0,0,17	00:63,0,0,6	00:93,0,0,0	02:120,0,0,0	11:31,32,0,10	00:98,0,0,0	22:0,0,83,0	01:109,0,0,0	01:67,32,0,0	11:23,48,0,0	03:71,0,0,23	02:83,0,0,0	00:82,0,0,0	00:91,0,0,32	00:111,0,0,0	03:76,0,0,21	00:63,0,0,16	02:64,0,17,0	00:97,0,0,0	33:0,0,0,68	33:42,0,0,102	23:0,0,35,54	13:18,21,0,22	02:18,0,78,0	00:51,16,0,0	03:66,0,0,21	00:95,0,0,0	13:0,15,0,78	00:65,0,13,0	13:29,44,0,25	33:0,0,0,86	02:85,0,30,0	33:48,0,0,15	00:82,14,0,0	03:82,0,0,0	03:25,23,0,35	02:9,0,23,39	02:47,0,15,0	03:67,0,0,43	22:45,0,40,0	00:83,0,0,0	00:62,0,0,12	00:42,16,0,12	00:47,0,23,12	00:78,0,0,0	01:38,35,0,0	03:33,0,0,61	00:96,0,28,0	00:47,24,0,30	00:42,0,0,23	00:78,0,0,0	00:33,0,26,0	00:76,0,0,15	01:41,11,0,0	23:0,26,21,25	03:71,0,0,47	00:81,25,0,0	00:60,17,0,0	01:59,20,0,0	01:101,30,0,0	03:87,0,0,29	00:69,0,0,0	00:33,0,0,43	02:66,0,38,31	00:50,0,0,23	00:119,0,0,0	03:96,0,0,32	03:22,0,25,35	00:78,0,0,0	03:15,0,16,24	00:77,0,28,0	00:76,19,0,0	03:41,0,0,60	00:67,0,0,0	02:56,0,27,0	00:42,15,23,0	02:78,0,0,0	00:60,0,0,17	00:56,0,23,0	33:0,0,0,91	03:32,0,0,21	03:86,0,0,23	00:69,0,23,0	03:65,0,25,37	00:58,22,0,0	03:10,0,0,59	03:58,0,0,0	03:70,43,0,37	02:42,0,45,0	03:56,0,0,53	03:39,0,11,16	02:78,0,28,0	03:45,0,0,15	33:0,0,0,84	00:81,0,0,0	01:52,19,0,0	01:31,19,0,28	11:0,101,0,0	00:115,0,0,0	02:65,0,22,0	02:73,0,15,0	03:40,0,0,46	01:23,59,0,0	00:76,0,0,0	00:78,0,0,0	00:142,0,0,0	02:56,0,21,40	02:63,0,37,0	03:68,0,0,19	33:0,0,0,89	00:81,0,0,0	00:71,0,0,0	03:17,0,0,75	00:62,0,24,0	00:71,0,0,0	03:52,0,0,60	03:72,0,0,0	12:0,0,92,0	33:0,0,0,109	00:71,0,0,29	22:18,0,40,0	12:0,47,55,0	00:62,0,24,0	00:111,0,0,0	03:92,0,44,0	12:0,38,57,0	22:24,0,54,0	22:0,0,65,16	01:91,0,0,0	13:0,36,0,82	23:45,0,14,22	33:0,0,0,99	23:0,0,16,71	00:88,0,0,0	00:115,0,0,0	00:56,0,24,0	03:63,0,0,22	33:0,0,0,82	02:53,0,28,0	03:17,0,18,58	01:87,25,0,0	03:54,0,0,57	02:10,16,44,0	23:31,0,22,35	00:80,0,0,0	03:55,0,0,16	03:50,0,0,21	01:29,23,0,15	00:46,10,0,21	00:117,1,0,0	02:60,0,17,0	02:73,0,20,0	02:43,31,23,0	11:0,64,0,0	00:118,0,0,0	00:70,17,0,0	00:63,0,0,0	01:45,18,0,0	00:85,0,0,27	03:60,0,0,39	03:41,0,0,24	12:0,26,65,0	00:97,0,0,0	03:60,17,0,0	00:101,0,0,1	00:64,0,0,18	33:28,0,0,38	12:18,16,37,0	11:19,48,37,0	03:54,0,0,26	00:107,0,17,0	02:73,0,0,0	02:58,0,25,0	00:74,0,0,0	00:82,0,0,0	01:70,25,0,0	00:89,0,0,0	00:49,19,0,0	01:14,42,0,0	00:92,0,0,0	03:65,0,0,24	23:0,0,74,29	02:60,17,16,0	01:17,38,52,0	03:63,0,0,28	00:99,0,0,0	22:31,0,33,0	33:61,0,0,47	11:0,92,0,0	01:70,46,0,0	00:56,0,0,0	03:45,0,0,39	00:81,0,0,0	01:71,17,0,0	00:71,0,0,21	03:26,0,0,57	00:108,0,0,0	00:96,0,0,0	03:0,0,0,98	00:73,0,0,15	00:58,0,0,0	03:108,0,0,0	00:89,0,0,0	03:45,0,0,39	03:90,0,0,22	03:21,0,0,58	33:0,0,0,84	01:53,28,20,0	03:37,0,0,29	00:86,0,0,15	03:32,0,0,54	00:69,0,0,0	00:68,0,0,16	03:66,0,0,21	00:104,0,0,0	13:0,56,0,25	01:39,33,0,24	11:0,76,0,0	03:74,0,0,52	01:69,25,0,0	03:49,17,0,20	00:72,0,29,0	01:48,37,39,0	03:18,0,0,42	33:0,0,0,118
2_10	82	00:96,0,0,4	03:34,52,0,20	33:10,0,0,28	00:42,0,0,7	02:55,28,15,1	02:65,0,9,0	00:72,0,27,1	00:71,0,31,0	01:13,55,0,0	00:52,0,0,16	13:14,14,0,29	00:35,1,15,0	01:14,22,0,8	00:54,17,0,0	01:40,15,0,0	13:29,17,0,22	00:78,0,0,0	00:103,0,16,0	01:30,28,0,7	00:81,0,0,0	22:0,0,67,0	00:98,1,0,0	00:50,23,0,0	12:0,28,14,1	00:61,0,0,19	00:74,0,1,0	00:49,2,0,0	00:103,0,0,0	00:67,0,0,0	03:14,0,5,35	00:77,0,0,0	00:70,0,27,0	00:59,0,0,0	33:0,0,0,67	33:1,0,0,134	22:16,0,44,26	00:41,21,1,0	00:65,0,29,0	00:28,7,0,0	00:49,0,0,4	00:48,0,0,0	33:0,0,0,79	00:77,0,0,1	00:34,9,0,14	33:0,0,0,58	00:69,3,33,0	01:17,6,0,18	00:49,1,0,0	03:47,0,7,12	03:48,0,0,20	33:0,0,13,35	00:32,1,20,0	13:35,2,0,34	03:26,0,29,15	00:65,0,0,4	02:49,0,8,0	00:81,0,0,0	00:99,0,0,0	00:48,0,0,0	01:52,37,0,0	03:15,0,0,50	00:109,0,0,0	01:46,22,0,15	00:59,0,0,0	02:28,0,17,0	00:39,0,0,0	03:48,0,0,21	00:24,0,0,6	01:10,55,0,0	00:72,18,0,0	03:39,0,0,38	00:81,0,0,0	00:40,6,0,0	01:33,21,0,12	03:58,0,0,17	01:25,13,0,21	00:69,0,0,0	22:0,0,97,0	03:39,0,0,13	01:62,18,0,0	00:96,0,0,14	03:39,1,0,34	00:86,1,0,0	03:12,0,16,10	02:64,1,14,0	02:23,0,11,0	33:24,11,0,29	00:56,0,0,0	00:66,0,15,0	23:41,0,23,27	03:12,7,8,13	03:44,0,0,26	01:57,16,0,0	13:1,29,0,49	00:35,11,0,0	00:71,0,0,38	00:36,0,0,36	22:35,0,89,0	00:72,20,0,0	00:19,0,0,20	00:64,0,0,0	00:75,0,24,0	02:34,11,14,0	33:39,0,13,60	23:0,0,17,53	00:83,0,0,0	00:35,9,0,0	33:0,0,0,55	00:92,0,20,0	00:73,0,0,0	02:29,1,24,12	11:16,60,0,0	00:100,0,1,0	00:30,1,16,0	00:65,0,0,0	33:38,0,0,26	13:16,13,0,31	02:62,0,18,0	00:77,0,0,1	00:123,0,0,0	23:47,0,25,38	00:28,1,23,7	00:30,0,0,8	03:21,0,0,38	00:79,0,0,0	00:68,0,1,0	03:32,0,10,42	01:46,23,0,0	03:33,0,0,8	00:55,2,0,3	00:63,0,0,0	22:0,2,79,0	03:55,0,0,48	03:45,0,0,56	00:50,0,12,0	12:0,22,96,0	23:21,1,26,19	00:103,0,0,0	13:1,23,1,59	01:32,28,22,0	12:1,12,54,0	22:0,0,65,0	00:66,0,0,0	23:4,0,59,74	00:114,2,0,0	13:14,23,0,50	33:0,0,0,55	03:44,0,2,13	00:75,15,0,0	01:26,14,24,0	03:38,10,0,25	13:0,14,0,47	00:70,0,8,0	00:110,0,0,0	01:26,8,13,3	03:24,0,0,38	23:3,0,53,14	00:15,0,0,36	02:15,14,35,0	03:59,0,0,16	00:37,0,0,0	00:60,6,0,0	00:34,0,0,24	00:67,23,3,0	00:26,15,0,0	00:34,0,0,29	33:45,0,0,49	11:0,55,0,0	00:61,0,0,26	00:76,0,0,0	03:45,0,0,17	00:38,0,14,0	00:78,0,0,0	00:91,0,0,0	00:32,0,6,0	22:2,0,79,0	01:53,22,0,22	33:15,0,0,41	03:59,0,0,21	00:38,0,0,0	33:15,0,0,54	01:13,9,28,1	11:9,38,1,0	00:53,0,14,0	00:94,0,0,0	00:50,0,16,0	00:68,0,0,0	01:54,6,0,0	01:33,5,0,8	00:64,0,2,0	03:50,0,0,20	00:32,0,0,11	13:1,36,0,6	00:95,0,1,0	00:24,0,9,1	23:0,1,32,53	00:64,0,0,11	01:59,35,0,0	03:24,17,0,18	01:37,9,0,0	22:0,0,66,0	23:0,0,28,74	11:14,62,0,1	00:77,0,0,0	03:19,0,0,14	02:36,15,13,0	00:53,0,0,0	13:35,18,0,13	00:82,0,0,1	03:15,0,0,32	00:50,3,12,0	00:73,0,0,4	33:37,0,0,20	00:35,0,18,17	00:43,0,0,0	00:100,1,0,2	00:99,1,0,0	00:66,0,0,0	03:18,10,0,30	00:60,0,9,0	33:17,0,0,60	00:65,1,0,0	03:48,2,0,23	00:80,0,0,0	00:60,0,0,0	23:16,8,16,15	00:90,0,0,0	00:66,0,0,2	00:65,0,0,1	01:20,52,0,0	02:25,31,25,0	01:12,47,0,0	00:107,0,0,0	00:105,0,0,0	01:44,45,0,0	00:82,0,26,0	00:69,3,0,0	00:43,0,0,10	03:43,0,0,48
4_10	49	13:37,63,0,40	NA:0,48,0,71	33:33,0,0,89	02:85,0,26,0	00:105,0,0,29	00:134,0,0,0	00:115,43,0,0	00:135,0,0,0	01:32,53,0,34	00:131,0,0,0	00:133,0,0,0	00:86,0,0,0	01:34,77,0,0	00:113,0,0,0	00:112,0,0,0	00:97,0,0,0	00:144,0,0,0	33:44,0,0,129	02:112,0,29,0	NA:38,0,70,50	02:71,0,54,0	00:173,0,0,0	00:122,0,0,0	11:0,101,0,0	00:158,0,0,0	00:101,0,0,0	00:115,0,0,0	01:43,81,0,26	02:62,0,77,0	00:133,0,0,0	00:159,0,0,0	00:173,0,0,0	00:133,0,0,0	22:0,0,61,51	03:72,0,0,115	22:0,0,121,0	00:137,0,0,0	00:121,0,0,0	12:0,78,47,0	03:69,0,0,87	03:76,0,0,21	03:78,0,0,74	00:64,59,0,0	01:62,61,0,0	33:0,0,0,116	00:171,0,0,0	00:89,0,0,0	00:121,0,0,0	00:88,0,19,0	00:93,0,0,19	11:0,49,0,50	01:73,25,0,0	00:140,0,0,36	00:108,0,34,0	00:102,0,0,0	00:98,0,35,0	00:107,0,0,19	00:121,0,0,21	00:101,0,30,0	00:119,32,0,0	33:0,34,0,95	03:112,0,0,31	00:133,0,0,0	02:52,0,49,0	00:101,0,0,0	00:88,0,0,0	00:104,0,0,0	03:46,0,0,52	13:0,66,28,26	00:144,0,0,30	00:169,0,0,0	00:160,0,0,0	03:105,0,0,28	03:74,0,0,87	00:100,33,0,0	03:92,0,0,18	00:133,0,0,0	02:68,0,30,23	00:96,0,0,20	00:177,0,0,0	00:144,0,0,46	33:0,0,0,135	00:107,0,0,25	00:89,0,29,0	33:124,0,0,39	03:79,0,0,73	00:96,0,0,39	02:53,41,20,0	02:29,0,119,0	00:146,0,0,0	00:81,0,19,0	00:137,0,0,0	03:122,0,0,29	33:0,0,32,111	33:46,0,0,34	01:45,35,0,76	01:38,71,0,34	23:0,0,137,49	12:0,29,61,41	NA:19,32,0,61	00:56,0,0,64	03:102,0,0,83	00:101,0,0,0	00:121,27,0,0	03:95,0,0,22	00:96,0,30,0	00:116,0,0,0	00:23,0,0,99	00:114,0,45,0	03:62,26,0,33	00:109,0,0,0	23:38,1,68,27	01:73,21,24,0	02:75,0,21,0	00:102,0,0,0	00:63,0,0,53	01:85,39,0,36	00:48,27,20,0	00:127,0,0,39	00:193,0,0,0	03:69,0,0,69	02:109,0,37,0	NA:115,0,0,31	33:0,0,0,122	00:152,0,0,0	00:125,0,0,0	33:32,0,0,90	02:95,0,44,0	00:82,22,0,0	02:106,0,28,0	00:140,0,0,0	12:0,43,88,0	00:150,0,0,45	03:116,0,0,41	00:55,0,58,0	22:45,0,111,0	03:76,0,0,64	22:145,0,40,0	03:34,0,0,131	11:0,152,0,0	22:0,0,131,1	02:21,0,78,0	00:75,0,0,27	33:0,115,0,97	00:173,0,0,0	33:0,0,0,123	33:26,0,0,102	03:24,28,0,48	00:124,0,28,0	00:113,0,34,0	03:96,0,0,26	33:37,0,0,92	00:147,0,0,0	00:172,0,0,0	00:113,0,0,0	00:113,0,0,35	02:34,27,49,0	00:68,0,0,49	03:87,0,0,30	01:60,60,0,0	03:69,0,0,29	00:95,0,0,31	00:83,0,0,22	00:126,0,52,0	02:91,0,15,0	00:115,0,0,33	03:32,30,0,80	11:0,112,0,0	00:152,0,0,0	02:27,0,34,65	01:34,58,1,39	00:90,0,0,0	03:115,0,0,35	00:130,0,0,0	01:60,21,26,0	22:0,37,117,0	00:75,0,43,0	03:27,0,37,70	12:29,43,31,31	NA:103,0,30,0	33:32,0,29,61	00:87,25,0,0	11:0,55,1,52	00:135,0,0,0	00:132,0,0,0	00:75,29,0,30	00:107,28,0,0	00:81,0,0,25	00:103,0,0,0	22:89,0,34,0	01:95,29,0,35	02:79,0,13,0	11:0,80,0,24	03:102,0,0,52	00:132,0,0,0	11:0,44,0,95	02:96,0,39,30	01:54,79,0,0	00:124,0,0,0	03:66,0,0,79	12:29,33,51,0	23:72,0,62,34	12:0,77,38,0	11:33,82,45,0	00:104,0,0,0	03:76,0,23,23	02:43,0,33,30	00:110,0,0,0	01:84,34,0,31	23:0,35,39,50	00:54,39,0,36	01:83,45,0,0	03:60,0,41,59	02:87,0,31,0	03:60,0,0,21	00:159,0,0,0	03:115,0,0,50	02:87,0,31,0	33:69,0,0,79	11:59,36,0,24	13:0,48,0,130	02:96,0,55,0	03:49,35,0,42	00:143,0,0,0	01:149,0,0,0	00:121,0,0,0	01:74,48,0,41	00:105,0,0,0	00:168,0,0,0	11:42,94,0,0	00:127,0,0,0	11:0,86,35,0	02:118,0,56,0	00:107,0,42,0	00:71,67,0,0	00:88,0,36,0	00:168,0,0,0	03:92,0,0,20	03:39,30,0,63
1_11	20	03:68,0,0,81	13:0,78,0,65	03:95,0,0,36	02:116,0,25,0	33:97,0,0,24	00:105,0,2,0	00:109,0,0,53	03:72,31,0,47	00:65,14,0,47	00:94,7,0,18	00:99,0,0,17	00:102,0,1,0	02:51,24,19,0	00:120,0,0,0	00:100,0,0,0	00:146,0,0,0	00:152,0,0,0	33:83,0,0,93	12:33,36,23,0	00:114,0,0,0	22:0,0,124,0	00:166,0,0,0	00:89,0,4,0	11:0,83,0,0	00:104,0,0,25	00:128,0,0,0	00:80,16,0,0	00:156,0,0,0	02:70,0,77,0	03:42,0,0,103	00:137,0,0,10	00:153,0,0,0	00:127,0,0,0	33:0,0,0,51	03:111,0,0,87	22:19,0,112,0	00:114,0,0,16	00:114,0,0,20	02:40,30,52,0	00:101,0,0,27	03:159,0,0,44	33:0,0,0,159	00:135,0,0,0	00:122,0,0,0	33:0,0,0,136	00:110,0,15,0	00:76,42,0,15	00:121,0,0,0	00:107,0,0,0	00:137,0,0,0	33:50,0,0,59	01:77,20,0,20	03:32,0,0,125	03:80,0,18,14	00:116,15,0,0	00:123,0,0,0	00:80,0,0,21	00:87,0,0,27	00:104,0,0,0	00:130,19,0,0	33:0,0,0,126	03:93,0,25,18	00:157,20,0,0	00:66,41,0,0	00:97,0,0,0	00:61,0,0,10	00:58,0,0,33	00:90,0,0,43	13:0,84,4,26	00:101,0,0,66	03:124,0,0,62	00:151,1,0,2	03:87,0,0,69	01:59,108,0,6	00:97,0,0,22	03:28,12,38,10	00:83,53,0,0	22:20,0,117,0	03:30,0,0,72	00:142,11,0,0	00:152,0,0,0	33:32,0,0,84	00:124,7,0,0	03:11,0,58,24	00:127,0,0,0	02:85,0,44,0	03:107,0,0,35	01:121,40,0,6	01:103,34,0,0	03:72,0,0,32	03:43,0,39,31	00:117,0,0,0	13:59,29,0,49	13:2,38,0,95	00:62,39,0,0	00:48,0,0,72	00:32,17,0,37	22:77,2,96,0	03:78,0,0,24	03:23,0,0,98	00:81,0,0,0	00:188,0,0,0	00:104,47,0,0	13:70,47,0,38	03:30,1,0,72	02:96,0,39,0	00:122,0,0,3	33:0,0,0,164	00:162,0,0,0	01:88,40,0,0	02:77,0,15,0	01:67,81,0,0	00:115,0,0,0	02:36,1,54,0	00:105,7,0,0	33:35,0,0,48	13:58,57,0,59	02:82,0,46,0	03:132,0,0,25	00:168,4,0,0	23:68,0,37,41	03:85,0,42,27	00:68,0,0,9	02:26,0,33,45	00:153,0,0,0	00:120,0,0,0	01:29,24,0,58	00:140,0,0,0	01:82,16,17,0	03:100,0,0,35	00:139,0,0,0	13:0,69,25,35	03:165,0,0,46	00:87,0,0,77	22:0,0,122,0	12:0,37,121,0	00:130,0,0,0	00:122,0,0,38	00:122,0,0,31	22:0,67,52,0	22:0,0,141,0	22:0,0,121,0	02:103,0,41,0	23:0,33,31,94	02:74,24,43,0	33:0,0,0,132	23:38,0,49,65	00:115,0,1,0	00:137,0,0,0	00:90,37,0,0	03:61,0,0,67	33:44,0,0,90	02:88,0,75,0	00:117,28,0,2	00:132,0,0,0	00:135,0,0,35	02:33,0,45,31	33:30,0,0,82	02:31,0,54,20	00:138,0,0,0	00:94,0,0,16	00:104,0,25,0	02:93,0,26,2	00:124,0,0,30	00:132,0,0,0	00:97,0,0,0	03:31,5,0,76	11:31,86,0,0	00:232,0,0,0	00:167,0,0,0	01:92,32,0,0	00:90,0,29,0	00:143,0,0,4	03:108,0,0,32	01:59,32,22,0	01:40,36,44,36	03:106,0,0,29	03:32,0,0,92	33:4,0,0,124	03:102,0,0,25	33:28,0,0,75	23:28,26,20,25	01:57,50,0,0	00:107,0,0,0	00:112,0,35,0	00:109,0,0,0	03:107,3,0,31	00:71,0,0,24	01:72,31,1,0	00:100,0,0,0	03:114,0,0,19	00:94,0,0,0	11:0,102,0,0	00:154,0,0,0	00:99,0,0,0	33:0,30,59,87	00:183,0,0,0	00:58,46,1,0	03:61,0,0,61	00:131,0,0,35	22:0,26,73,0	03:37,0,49,77	12:2,106,71,0	01:102,20,29,0	01:59,20,0,0	33:64,0,0,67	00:71,0,19,0	03:64,36,0,26	33:43,32,0,40	33:0,0,28,89	00:130,0,0,35	00:123,37,0,0	03:85,0,0,66	02:99,0,53,0	00:72,0,0,8	03:149,0,0,56	01:77,37,0,18	00:85,0,35,1	13:0,14,0,28	33:33,26,0,90	03:41,15,0,87	00:115,0,23,0	00:79,0,0,51	00:127,0,0,0	03:86,0,0,27	11:49,52,0,0	00:124,23,0,0	00:112,0,0,0	00:202,0,0,0	11:0,127,0,0	01:45,69,0,0	11:0,77,0,0	00:142,0,51,0	03:74,0,27,39	12:53,30,44,0	02:118,0,41,0	01:143,31,0,0	33:25,0,32,66	03:55,0,0,70
4_11	50	03:13,0,17,58	11:0,80,0,27	03:13,0,0,59	03:36,0,25,5	00:60,0,0,30	02:67,0,14,0	00:112,0,0,0	00:92,0,0,0	11:28,75,0,0	01:48,11,0,0	03:50,0,0,23	22:30,0,27,0	01:39,11,0,12	00:70,0,0,0	13:33,7,0,16	00:81,0,0,0	00:107,0,0,0	00:61,0,0,85	01:50,20,34,0	00:121,0,0,0	22:0,0,86,0	00:97,0,0,0	00:87,0,20,0	11:0,62,0,0	00:71,0,0,12	00:66,0,0,12	00:79,0,0,0	00:113,0,0,0	00:46,0,21,0	03:39,0,0,18	03:87,0,0,23	00:129,0,0,0	02:80,0,27,0	33:0,0,0,114	33:88,0,0,89	23:0,0,91,21	00:84,0,0,0	00:110,0,0,0	02:18,0,28,0	03:50,0,0,17	33:36,0,0,30	33:0,14,0,87	00:95,0,0,0	01:54,18,0,0	23:0,0,23,49	00:134,0,0,0	00:45,0,0,0	00:41,0,0,0	03:40,0,0,15	03:80,1,0,23	03:17,0,0,50	00:54,16,0,0	03:59,0,0,38	00:91,0,0,8	03:39,0,21,16	00:52,0,6,0	00:83,0,28,0	00:96,32,0,0	03:58,0,0,23	01:78,32,0,0	03:22,0,0,45	00:93,0,0,33	01:66,23,0,0	00:61,0,0,0	03:37,0,0,6	00:70,0,0,0	33:19,0,0,15	03:26,0,0,23	12:0,33,14,25	02:65,0,27,27	00:64,0,0,0	03:49,0,0,35	00:37,0,0,18	33:15,0,0,48	00:102,0,0,0	00:42,0,0,10	03:52,0,0,28	00:59,0,49,0	03:71,0,0,23	00:114,0,0,0	00:133,0,0,0	33:0,23,0,67	00:98,0,0,0	02:27,0,14,0	03:76,0,0,23	00:31,0,0,0	00:73,0,0,15	00:55,23,0,17	22:0,22,69,0	02:64,0,19,0	22:24,0,11,0	01:67,16,0,0	03:41,0,0,50	03:21,0,16,44	00:56,0,0,0	00:95,0,0,0	00:127,0,0,0	02:51,0,29,62	00:99,0,1,0	03:28,0,12,25	00:66,0,0,0	00:78,0,0,20	03:66,0,0,14	00:109,0,0,0	33:0,14,0,61	00:60,29,0,0	00:59,0,0,21	23:15,0,13,24	00:116,0,0,0	02:45,0,17,0	01:34,21,0,21	02:23,39,21,0	02:85,0,51,0	00:80,0,14,0	02:54,0,22,0	03:58,0,0,21	01:80,33,0,0	03:40,0,0,29	03:80,0,0,19	00:119,0,0,44	03:20,33,18,27	02:53,0,32,0	03:33,0,25,13	33:0,0,17,84	00:76,0,0,38	00:46,25,24,0	33:20,0,0,83	00:53,30,0,0	02:11,0,15,27	00:50,0,0,68	00:98,0,0,0	12:0,36,62,0	03:67,0,20,23	01:81,28,0,0	22:32,0,37,25	11:0,115,38,0	02:44,0,19,18	01:75,49,0,0	00:83,0,0,78	12:0,78,31,0	22:0,0,90,0	22:28,0,52,0	00:85,0,0,0	33:0,0,0,163	02:54,0,64,0	33:0,0,0,88	03:41,0,0,27	33:17,0,0,64	33:49,0,0,45	00:68,0,14,0	03:60,0,0,24	23:16,0,29,43	00:77,0,14,0	03:118,0,0,21	00:64,0,0,22	23:39,0,10,33	22:29,0,40,0	33:0,0,0,93	03:35,0,0,51	02:91,0,27,0	00:63,0,0,0	00:79,0,0,0	00:43,0,0,12	23:44,0,35,23	00:63,0,0,0	00:72,0,0,0	33:12,0,0,68	12:19,44,13,0	00:135,0,0,0	00:103,0,0,0	03:32,0,8,36	00:50,0,0,7	00:104,0,0,0	03:69,0,0,22	00:20,12,0,8	22:0,21,81,0	02:68,18,13,0	33:24,0,10,42	03:52,0,23,10	33:16,0,0,13	03:40,22,0,40	02:53,15,25,0	13:7,24,0,19	00:96,0,0,0	23:45,0,26,9	00:80,0,0,0	02:46,0,10,0	00:53,0,0,0	00:53,0,0,0	01:68,18,0,0	00:71,26,0,0	00:37,0,15,0	03:9,26,0,14	00:124,0,0,0	03:43,0,0,17	03:20,28,0,67	00:59,0,40,21	00:91,0,0,0	00:96,0,0,0	03:47,0,0,30	22:23,0,62,0	01:50,32,0,43	22:0,34,53,21	11:0,121,0,0	00:62,0,0,9	00:72,0,0,24	00:87,0,0,0	00:45,0,0,0	00:78,0,0,0	33:14,0,0,66	00:104,0,0,0	00:97,0,0,0	03:10,0,0,39	NA:19,0,0,0	00:62,0,0,0	00:116,0,0,0	03:59,0,0,62	03:58,0,0,37	33:0,0,0,45	03:35,0,0,52	33:33,0,0,98	02:74,0,24,0	00:94,0,0,0	03:47,0,0,63	00:71,0,0,0	00:48,0,0,22	00:85,0,0,0	00:66,0,0,0	00:86,17,0,0	11:0,46,18,15	01:52,20,0,7	11:14,45,0,0	00:123,0,0,0	00:132,0,0,0	01:27,75,0,0	03:76,0,0,25	00:74,0,0,18	03:45,0,10,14	33:0,0,0,107
1_12	104	33:5,0,21,62	03:40,27,0,44	33:0,0,0,70	12:15,28,26,0	03:61,0,0,61	00:63,0,0,0	00:125,0,0,0	00:124,0,0,0	01:16,57,0,0	00:45,0,17,0	00:72,0,0,0	00:52,0,14,0	03:33,1,0,25	00:69,0,0,0	01:42,7,0,10	00:68,0,0,0	00:82,0,0,0	03:115,0,3,37	12:0,35,42,1	03:53,0,0,58	02:32,0,60,0	00:103,0,0,0	00:103,0,0,0	11:0,45,0,0	00:93,0,0,0	00:39,12,0,0	00:93,0,0,0	01:99,36,0,0	02:32,0,18,19	03:37,0,5,44	00:95,0,0,32	00:87,0,0,0	02:38,0,54,1	13:2,31,0,72	33:26,0,0,142	22:0,0,100,0	00:54,0,0,19	01:87,34,0,0	00:30,1,15,0	00:70,0,0,0	02:57,3,27,0	03:33,0,2,80	11:32,43,0,14	01:52,39,0,0	33:0,0,38,60	00:86,0,0,0	00:69,0,0,1	00:59,0,0,0	00:73,0,0,0	00:82,0,0,17	33:12,0,0,41	00:62,0,0,0	33:27,0,0,94	33:46,0,2,25	00:66,0,0,33	22:29,0,52,0	03:21,19,15,15	03:24,18,22,18	02:34,0,14,13	00:87,16,0,0	33:20,0,0,68	00:105,0,26,0	00:79,32,0,0	33:50,0,0,6	03:34,0,1,11	00:66,0,0,0	00:55,0,0,19	00:41,0,0,15	11:0,38,0,0	00:99,22,0,1	03:62,0,1,26	00:71,0,0,0	00:37,0,0,10	00:61,3,0,21	12:54,19,25,0	00:85,0,0,0	33:24,0,0,64	01:81,30,1,0	00:74,0,0,0	02:74,0,34,0	00:82,0,0,29	02:18,15,3,6	03:43,14,0,21	03:46,0,10,23	03:58,0,0,51	01:30,14,0,0	00:104,0,1,0	03:36,17,0,26	03:22,0,25,29	00:83,0,27,0	00:39,0,15,0	00:78,0,0,0	00:102,0,0,0	03:25,0,20,46	00:70,1,0,0	03:41,0,0,56	23:31,18,28,18	23:38,0,66,45	00:72,2,19,0	03:24,16,0,45	00:55,0,0,15	00:94,0,0,28	00:44,0,0,0	03:79,0,0,38	33:16,0,0,57	00:94,0,0,0	33:40,0,0,37	33:2,0,19,58	02:55,0,63,0	00:53,0,13,0	00:60,27,0,3	11:0,47,47,3	00:89,2,27,0	01:29,18,11,0	00:77,0,0,0	03:23,0,0,56	11:66,45,0,1	03:20,13,0,17	03:66,0,0,54	03:96,0,0,32	03:88,0,0,44	01:61,21,0,1	00:102,0,0,0	23:1,0,27,76	00:116,0,0,0	00:48,1,20,0	00:48,4,2,62	00:76,0,0,0	03:32,13,0,15	03:51,0,2,54	03:77,0,0,22	12:0,19,78,0	00:59,25,0,20	00:86,0,0,0	02:83,0,21,0	22:3,28,82,0	00:81,29,0,4	00:141,0,0,0	00:69,0,0,22	12:0,92,28,0	23:0,0,67,30	22:0,0,76,0	00:77,0,0,0	33:0,0,24,123	01:96,38,0,0	33:32,0,0,59	03:14,0,0,66	00:59,0,2,0	00:100,13,0,2	02:46,13,28,0	00:87,0,0,15	33:0,23,0,67	02:43,0,40,0	00:92,0,0,25	02:54,2,38,0	33:28,0,0,87	23:0,0,82,19	33:0,1,2,79	03:64,15,0,21	01:47,40,0,2	00:59,0,0,22	00:39,3,0,16	00:46,0,0,10	00:113,0,0,0	00:48,0,1,0	03:39,0,3,49	00:57,21,2,0	11:2,94,0,0	00:90,3,0,0	00:113,0,2,2	03:32,0,0,38	03:19,3,15,39	00:58,0,18,0	03:97,0,0,26	00:40,0,0,0	22:25,0,65,0	01:35,15,0,20	03:53,0,0,29	00:65,0,0,23	00:39,0,0,0	33:21,0,0,64	00:31,14,15,0	13:15,21,0,42	03:53,2,17,21	00:120,0,0,0	00:66,0,0,21	01:54,21,0,0	00:46,18,0,2	00:51,19,0,0	00:66,0,20,0	00:111,0,0,0	00:39,0,0,0	11:0,45,0,1	00:96,0,1,3	00:35,0,7,0	33:0,0,0,63	00:80,0,0,32	00:88,26,0,0	02:39,0,20,25	02:41,30,17,0	22:0,0,73,0	33:0,0,0,151	13:19,40,22,19	01:81,32,0,0	03:48,0,0,13	00:91,0,0,0	00:58,15,0,1	00:107,0,0,0	03:67,0,0,17	33:0,0,12,52	01:48,24,16,0	03:52,0,29,27	03:32,0,0,39	03:22,0,11,31	00:34,0,0,16	01:89,45,0,0	11:59,27,2,38	00:63,0,17,0	33:0,12,20,30	00:91,0,20,2	33:23,0,0,93	03:71,0,29,28	03:67,0,0,24	00:81,0,0,0	01:65,19,0,4	11:30,66,0,2	00:65,21,0,0	02:70,0,22,0	00:115,0,0,0	13:0,53,0,16	01:40,50,0,0	01:13,48,0,0	00:105,0,18,2	00:117,2,0,0	00:50,45,0,0	00:74,0,24,0	03:61,3,0,18	33:23,0,0,54	13:57,36,0,25
2_12	66	00:87,0,0,31	11:0,106,0,30	00:33,0,0,54	03:49,0,0,21	00:114,0,0,0	00:77,0,24,0	00:102,0,0,35	00:142,0,0,0	01:39,54,0,0	00:50,0,0,0	00:42,0,0,30	00:43,0,17,0	13:32,18,0,7	00:108,0,0,0	00:54,0,0,16	03:73,0,0,21	00:82,0,0,0	02:96,0,45,0	23:63,0,13,12	00:92,0,0,0	22:26,0,73,0	00:132,0,0,0	00:110,0,0,0	11:0,55,0,0	00:96,0,0,0	00:104,0,0,0	00:78,0,0,24	00:115,0,0,0	00:47,0,0,24	00:58,0,22,17	00:63,0,0,30	02:95,0,0,24	00:123,0,0,0	33:22,0,0,66	23:0,0,44,117	02:29,0,96,0	00:79,0,0,0	02:67,0,77,0	12:26,10,11,0	03:53,0,0,12	00:93,0,0,0	01:30,63,0,36	00:92,21,0,0	00:100,0,0,0	33:0,0,0,65	00:95,0,34,0	00:42,12,0,0	00:38,0,0,14	03:41,0,0,32	33:47,0,0,40	00:72,0,0,0	00:69,0,0,0	23:0,0,30,89	03:85,0,0,16	03:85,0,0,14	01:39,7,0,10	00:83,27,0,0	00:100,0,31,0	00:68,0,0,0	00:101,31,0,0	00:38,0,0,76	00:95,0,24,0	01:43,67,0,0	00:48,0,21,0	11:15,24,11,8	00:36,0,17,20	00:45,0,0,14	03:16,0,0,48	11:0,70,0,0	03:55,0,0,51	03:48,18,0,19	02:44,20,39,0	00:37,0,0,15	01:63,16,0,0	00:87,0,0,28	01:18,55,0,0	00:64,0,0,11	02:18,0,107,0	00:90,0,0,0	01:58,37,0,0	33:39,0,0,121	33:32,0,0,67	02:19,40,41,0	12:17,10,20,15	00:88,26,0,0	00:53,0,0,13	02:42,24,29,0	00:76,0,0,0	22:25,0,71,0	03:91,0,0,24	00:39,0,0,0	03:43,0,0,38	02:85,0,14,0	33:0,0,0,112	02:40,0,6,12	03:59,0,0,33	00:99,0,0,0	13:0,64,0,96	00:97,0,0,0	00:38,0,0,48	00:66,0,0,16	00:96,0,0,31	03:31,24,0,26	03:107,0,0,29	33:47,0,0,45	00:54,0,15,0	03:31,0,0,27	33:0,0,0,62	01:101,43,0,0	00:69,0,6,0	00:90,0,0,0	01:40,82,0,0	02:33,0,81,0	01:62,25,0,0	01:48,62,0,0	33:30,0,21,47	11:27,114,0,0	00:75,11,0,0	00:115,0,0,30	01:108,39,0,0	33:28,0,0,104	00:91,0,0,0	00:67,0,0,0	03:26,31,0,65	00:109,0,32,0	02:73,0,19,0	03:29,0,0,70	00:70,0,25,0	00:34,0,15,0	03:83,0,0,24	00:72,0,0,25	22:0,26,81,0	00:79,0,29,0	01:64,21,0,50	02:24,28,43,0	01:36,32,92,0	23:31,29,20,42	01:136,34,0,0	03:68,0,0,53	11:0,106,36,0	22:0,0,65,15	22:21,0,74,0	03:60,0,0,29	11:50,96,0,33	01:29,81,0,0	33:0,0,0,102	33:0,0,0,122	01:64,17,0,0	00:141,0,0,0	02:44,0,52,0	00:79,19,0,0	23:0,0,40,44	00:68,0,56,0	00:166,0,0,0	00:97,0,0,0	00:60,0,0,69	23:20,0,47,18	00:41,0,0,53	03:45,0,27,10	01:70,23,0,0	00:82,0,0,0	00:69,0,0,11	00:34,0,0,18	22:56,0,70,0	00:54,0,0,0	03:52,0,0,55	01:59,35,0,19	11:0,92,0,0	03:108,0,0,31	03:33,0,41,62	01:43,30,0,11	00:57,0,0,0	00:84,0,0,38	00:127,0,0,0	02:29,0,18,0	13:0,34,56,28	00:64,39,19,0	23:0,0,29,72	33:45,0,0,40	00:64,0,0,0	02:40,0,43,0	01:33,19,25,0	01:31,11,0,13	00:120,0,0,0	02:101,0,37,0	01:80,35,0,0	00:54,0,0,18	00:58,0,0,0	00:41,4,0,0	00:69,0,29,0	33:44,0,0,90	00:42,0,0,0	11:0,34,0,14	00:75,82,0,0	00:36,0,0,0	33:0,0,0,51	03:79,0,0,40	01:20,79,0,20	00:72,0,0,27	03:39,0,0,48	22:0,0,78,32	01:106,53,0,0	12:0,23,14,48	11:46,75,0,0	00:61,0,0,17	02:87,0,38,0	00:55,23,0,0	00:81,0,0,0	03:53,33,0,21	13:0,23,24,37	00:78,0,27,0	00:51,0,31,0	12:21,14,10,0	00:41,0,43,0	00:45,0,10,0	00:133,0,0,0	00:96,0,45,0	00:80,0,38,0	03:27,0,22,11	00:69,0,0,25	33:0,0,0,106	00:75,0,37,0	01:63,24,0,0	00:76,0,0,19	00:79,0,0,0	00:64,0,0,11	03:43,0,23,23	01:63,24,0,0	00:91,0,0,0	13:0,17,0,37	00:69,16,0,0	11:0,34,14,0	00:99,0,24,0	00:113,0,0,22	11:24,65,0,0	02:35,0,67,23	01:98,38,0,0	03:21,0,0,52	01:33,38,0,64
1_13	36	03:9,0,0,44	11:0,63,0,12	33:0,0,9,31	00:38,0,0,0	00:68,0,0,0	00:43,0,0,15	03:67,0,0,39	00:87,0,0,0	11:0,32,0,0	03:15,0,0,17	03:27,0,3,10	00:33,0,10,0	01:26,12,0,0	00:55,0,0,0	00:26,8,0,17	00:50,0,0,0	00:96,0,0,0	00:109,0,0,0	01:36,29,0,0	01:25,26,0,0	22:0,14,44,0	00:56,0,21,0	02:50,0,4,0	11:0,25,15,0	03:48,0,0,8	00:69,0,0,0	11:19,23,0,0	01:34,15,0,17	00:27,0,0,10	33:0,0,0,47	23:13,19,24,7	03:29,0,8,22	00:52,0,0,16	33:0,0,0,41	33:50,0,0,66	02:11,0,52,0	03:28,15,0,2	23:22,0,24,13	12:7,10,8,0	33:10,0,0,29	00:50,12,0,0	13:0,16,0,34	00:40,0,0,16	00:47,0,0,0	33:0,0,0,51	02:48,14,18,0	03:10,0,11,11	00:35,0,0,7	03:23,0,0,17	03:40,0,0,20	03:15,0,0,24	03:27,0,0,28	23:0,0,32,46	23:39,0,21,4	01:59,13,0,0	00:22,0,0,11	00:68,0,0,0	00:76,0,0,0	00:38,0,0,7	01:40,15,24,0	03:20,0,0,29	02:73,0,20,0	11:19,44,0,0	00:47,0,0,0	01:21,13,0,0	03:14,0,8,18	03:49,0,0,6	03:11,10,0,8	11:7,53,0,0	03:31,0,0,35	00:72,0,0,0	02:25,0,18,15	00:38,0,0,0	00:48,17,0,0	03:39,0,0,17	11:15,21,0,0	00:46,0,0,18	02:64,0,29,0	00:40,0,0,0	01:27,9,12,0	03:39,0,0,39	33:0,0,0,76	12:31,12,20,0	22:14,0,13,0	00:68,0,0,0	00:20,0,0,10	00:48,0,0,0	01:54,13,0,0	12:13,14,13,0	00:46,0,0,0	02:13,0,20,0	01:34,18,0,0	33:20,0,0,29	03:18,0,0,38	00:47,0,0,0	00:53,12,0,0	00:45,20,0,0	23:41,0,35,31	00:64,0,0,0	02:22,12,6,9	00:29,0,0,10	03:64,0,0,23	00:40,0,14,0	00:84,0,0,0	03:16,0,0,31	01:19,9,15,0	33:23,0,0,24	03:9,0,0,32	00:66,0,0,25	01:21,12,0,15	03:38,9,0,11	11:0,96,0,0	00:82,0,0,0	00:38,0,7,0	02:48,0,26,0	00:42,0,0,6	01:49,43,0,0	00:43,0,15,0	00:75,0,0,0	03:73,0,0,19	12:15,11,21,26	00:54,0,0,0	02:42,0,10,0	33:0,0,0,51	03:51,0,0,19	01:25,17,0,0	03:37,0,0,32	01:48,17,0,0	03:16,0,4,5	00:62,0,0,0	00:30,0,8,0	22:0,0,75,0	23:17,0,33,23	02:53,0,33,0	02:21,0,50,0	22:27,20,47,0	03:22,0,0,32	00:116,0,0,0	00:66,0,0,22	22:0,48,44,0	22:0,0,73,0	12:0,21,50,0	00:40,0,0,16	33:0,20,0,59	02:70,0,14,0	03:21,0,0,42	23:0,0,12,34	00:31,18,0,19	02:24,0,19,16	02:30,0,29,0	00:53,0,0,0	13:0,12,0,38	02:39,0,33,0	00:94,0,0,0	00:56,0,0,0	00:69,0,0,0	02:39,0,36,0	33:0,0,0,66	02:33,0,16,18	00:74,0,0,0	00:45,0,0,0	00:40,0,0,0	00:35,0,0,0	00:68,0,0,0	00:21,0,0,8	03:51,0,0,22	13:44,28,0,22	11:12,46,0,0	00:65,0,26,0	00:71,0,0,0	01:5,18,10,0	00:35,0,0,0	00:39,0,0,0	00:34,0,19,17	00:23,0,0,10	12:0,15,33,0	00:54,0,0,0	33:8,0,0,34	33:0,0,0,48	03:23,11,0,6	33:16,0,0,55	02:20,0,15,0	01:3,12,0,8	03:86,0,0,0	02:52,0,18,0	00:59,0,0,0	03:33,0,0,27	00:26,6,0,0	11:8,22,0,0	00:46,0,0,19	03:48,0,0,9	00:43,0,0,0	11:0,18,0,9	00:69,0,0,0	00:63,0,0,0	13:0,13,16,33	03:37,18,0,18	00:33,17,22,0	00:53,0,0,0	00:53,0,0,15	02:16,22,22,0	03:23,0,0,48	12:0,51,13,0	01:15,59,0,0	01:33,8,0,0	03:39,0,0,40	00:71,0,0,0	00:53,0,0,0	00:36,0,0,10	33:0,0,0,46	00:92,0,0,0	00:63,0,0,0	03:5,0,0,26	00:23,0,0,0	00:25,0,0,0	00:94,0,0,0	00:34,0,0,39	00:32,0,0,26	03:11,0,0,30	03:27,0,0,43	33:33,0,0,25	00:81,0,0,0	02:45,0,12,0	00:86,0,0,0	00:53,0,0,0	03:31,0,0,16	00:43,0,20,0	03:21,9,0,10	02:49,0,14,0	01:15,24,0,0	03:51,0,0,14	13:0,20,0,5	00:106,0,0,0	00:95,0,0,0	00:37,34,0,0	00:73,0,0,0	01:24,18,1,0	03:23,0,0,2	03:33,0,0,58
2_14	44	01:25,22,0,0	13:0,32,0,60	33:0,0,0,37	00:61,0,0,0	01:53,20,0,0	03:64,0,0,11	02:42,0,43,0	22:24,0,65,0	11:0,79,0,0	33:25,0,0,39	03:40,0,0,22	02:45,0,15,0	03:21,14,0,15	01:49,26,0,0	01:36,20,0,0	00:59,0,0,0	00:77,0,4,0	00:62,0,0,27	11:20,31,0,0	00:49,0,31,3	23:33,0,35,20	03:45,0,0,22	12:25,21,15,0	13:0,26,0,15	03:51,0,0,29	02:32,1,40,0	02:29,0,20,0	02:20,36,34,0	00:97,0,0,0	33:37,0,0,29	00:70,0,0,0	02:78,0,17,0	00:65,0,0,0	33:0,0,22,28	03:41,0,0,61	33:0,0,30,42	11:31,38,0,0	02:26,0,58,0	00:45,25,0,0	00:54,0,0,36	01:41,16,0,0	33:27,2,0,48	00:39,27,0,0	03:17,30,0,20	33:0,0,0,57	22:30,0,66,0	03:23,0,0,11	00:58,0,0,0	00:32,0,3,11	00:77,0,0,2	23:0,0,20,25	02:38,0,10,0	03:31,0,0,64	02:54,0,44,4	00:66,0,0,0	00:37,0,0,19	00:87,0,0,0	00:100,0,0,0	00:76,0,0,0	01:43,35,0,0	33:0,0,0,50	00:75,0,0,0	02:56,0,10,1	00:44,0,0,0	00:49,0,1,0	03:16,0,12,9	00:93,0,0,0	01:11,37,0,4	12:27,19,19,0	33:36,19,0,43	02:86,0,25,7	00:42,0,0,26	00:67,4,0,0	00:84,0,0,18	01:63,25,0,0	00:55,0,0,7	00:70,0,0,0	12:24,21,39,0	03:49,0,0,3	00:37,1,22,10	03:21,0,0,92	03:9,0,0,50	03:57,0,0,6	03:50,0,0,6	00:84,0,0,0	00:61,0,0,0	33:47,1,0,26	00:68,0,0,14	02:69,0,12,0	00:74,0,0,0	00:41,2,15,0	00:56,0,0,1	03:51,0,0,23	33:0,0,0,83	00:50,0,0,0	03:39,0,0,32	00:73,0,0,9	33:0,0,10,89	02:55,1,21,0	03:19,0,0,44	00:55,0,13,0	03:24,0,3,29	00:61,0,0,0	03:70,0,0,17	03:8,0,0,55	02:73,0,14,0	33:23,0,0,27	23:0,0,24,41	00:67,0,0,0	01:51,9,0,0	01:36,26,0,14	11:23,31,0,0	00:109,0,0,1	01:36,20,0,8	02:71,0,10,0	00:37,0,0,8	11:31,55,0,0	00:67,0,12,0	00:71,0,0,1	00:118,0,0,0	23:50,0,14,24	00:91,2,0,0	01:74,11,0,0	23:0,0,30,43	00:68,5,0,0	00:69,0,0,0	03:14,0,0,51	00:76,0,0,7	00:60,0,0,0	00:28,3,0,54	00:30,0,0,20	22:0,0,88,0	00:75,0,0,39	00:86,0,0,0	22:7,0,51,0	22:0,33,40,0	03:49,0,0,10	01:53,26,0,0	33:38,0,0,36	12:0,44,27,0	02:30,0,39,12	22:0,0,47,0	00:74,0,0,0	33:0,0,1,80	02:43,9,41,0	13:0,13,0,48	23:9,0,21,29	03:28,0,0,25	00:39,0,0,25	02:37,0,32,0	00:80,0,0,0	13:0,16,0,52	03:47,0,0,15	00:99,0,0,1	23:19,0,23,17	33:1,22,0,65	23:0,0,42,23	33:0,0,0,52	00:80,0,0,0	00:47,0,0,31	00:50,0,0,0	00:32,0,26,1	03:36,0,0,19	02:60,0,30,0	00:43,0,0,0	03:36,0,0,24	01:37,23,0,0	13:18,13,0,13	00:83,0,0,0	00:85,2,0,0	03:21,0,17,27	03:38,0,0,20	02:36,0,11,1	03:33,0,20,32	00:35,0,0,10	22:0,0,71,0	01:50,21,0,0	03:66,1,0,27	03:18,0,0,30	02:31,20,18,0	33:1,0,0,71	01:26,19,30,0	11:0,68,0,0	03:64,0,0,32	00:68,0,0,0	00:55,0,0,0	00:81,0,0,0	00:66,0,0,0	00:66,0,3,0	00:71,0,0,0	00:89,0,0,0	00:73,0,0,0	11:0,35,0,0	03:56,0,0,40	00:66,0,0,0	33:0,0,7,97	03:24,25,0,23	02:24,30,29,0	00:54,0,0,12	00:52,0,0,0	22:1,23,45,0	33:1,0,0,82	11:0,82,0,0	01:20,66,0,0	02:35,0,28,0	00:50,25,0,0	00:65,0,0,0	00:71,0,0,0	03:61,0,0,28	33:6,0,0,64	00:43,0,22,0	00:71,0,0,0	33:34,0,0,66	00:54,26,0,0	00:29,0,0,15	00:74,0,0,0	00:92,0,0,0	00:71,0,0,1	03:33,0,0,31	00:43,0,0,22	33:37,0,0,49	00:83,0,0,0	00:60,0,0,0	00:91,0,0,0	00:79,0,0,0	00:68,0,0,0	00:37,0,24,0	00:41,27,0,1	00:69,0,0,0	13:0,49,0,28	00:59,0,0,0	11:0,66,0,0	00:97,0,0,0	00:83,0,0,0	00:57,20,0,0	02:58,0,29,0	00:88,2,0,0	03:27,0,0,15	33:3,0,0,80
4_15	81	03:67,0,0,74	12:0,102,39,0	03:75,0,0,48	00:89,0,0,0	00:148,0,0,0	00:109,0,20,0	01:61,24,0,33	00:138,0,0,0	13:0,81,0,31	00:98,0,0,0	01:51,17,0,26	00:64,0,20,0	13:0,34,0,30	00:88,0,20,0	01:55,29,0,0	02:54,11,24,0	02:89,0,26,0	00:158,0,0,0	00:103,22,0,0	03:80,0,0,32	22:0,0,119,0	00:137,0,0,0	00:105,0,0,0	11:0,111,0,0	00:106,0,0,0	00:59,0,0,17	00:120,0,0,0	03:61,0,0,71	02:62,0,48,0	03:36,0,0,36	00:124,0,0,0	00:133,0,0,0	00:114,0,0,0	33:0,0,0,95	00:116,0,0,44	22:0,0,135,0	03:59,0,0,52	00:122,0,0,0	22:41,0,37,0	00:67,0,0,18	00:131,0,0,0	33:0,0,0,107	00:96,24,0,0	00:60,19,0,0	33:0,0,0,88	03:103,0,0,45	23:28,23,29,10	03:67,0,0,11	03:58,0,0,38	00:84,0,0,39	33:17,0,0,62	00:84,0,0,0	33:0,0,0,103	03:62,0,0,38	00:76,0,0,0	03:53,0,0,31	02:99,0,18,0	01:116,24,0,0	00:98,0,0,0	00:145,0,0,0	23:0,0,36,69	00:143,0,0,0	01:41,79,0,0	00:104,0,0,0	00:91,0,0,0	02:17,0,39,29	00:96,0,0,0	13:24,40,0,17	01:29,66,0,0	00:91,31,0,0	00:105,0,0,0	03:42,0,0,63	00:85,0,0,0	00:93,0,0,20	00:83,0,0,33	00:72,0,0,0	00:111,0,0,0	00:80,0,21,0	00:93,0,0,0	02:28,35,50,0	03:75,0,0,80	33:0,0,0,99	00:113,0,0,0	00:49,0,0,15	00:120,0,0,0	00:94,0,0,0	00:106,0,0,0	00:89,0,0,37	00:68,0,23,0	00:99,0,0,0	02:41,0,25,0	00:123,0,0,0	03:75,0,0,31	33:0,0,0,132	00:71,0,0,0	03:82,0,0,36	01:49,91,0,0	03:44,0,0,139	00:98,0,25,0	33:17,0,0,69	00:92,0,0,0	03:71,0,0,37	00:69,0,0,21	00:127,0,0,0	33:0,0,0,97	00:121,0,0,0	00:87,0,0,0	33:0,0,0,99	00:97,0,32,0	00:63,28,0,0	00:62,0,0,26	01:46,73,0,0	00:104,0,0,38	01:73,22,0,0	00:68,31,0,0	00:93,0,0,0	01:58,68,0,0	03:85,0,0,30	03:75,0,0,36	00:172,0,0,0	03:45,0,0,72	03:36,0,0,46	00:51,0,0,15	03:29,0,0,78	00:127,0,0,0	00:81,0,39,0	23:0,0,61,44	00:105,0,0,0	02:55,0,31,0	00:108,0,0,0	00:112,0,0,0	22:0,20,99,0	03:53,0,0,107	03:103,0,0,25	02:47,0,62,0	12:0,112,34,0	03:52,22,0,24	00:147,0,0,0	33:79,0,0,84	12:0,81,59,0	22:29,0,95,0	22:0,0,105,0	00:120,0,0,0	23:42,0,49,85	00:120,0,0,0	33:0,0,0,115	33:30,0,0,91	02:48,0,33,31	00:90,0,0,24	02:55,27,28,0	11:52,60,0,0	33:0,0,0,99	00:95,0,36,0	00:158,0,0,0	03:76,0,0,20	03:62,0,0,55	02:71,0,54,0	33:56,0,0,42	02:81,0,26,0	00:86,36,0,0	00:61,0,0,15	00:81,0,0,31	00:68,0,0,0	02:98,0,52,0	02:67,0,10,0	03:53,0,0,49	00:73,0,0,64	11:0,116,0,0	00:124,0,0,40	00:119,0,0,0	33:23,0,0,79	00:70,0,0,0	00:104,0,0,30	03:88,0,1,46	00:52,0,18,0	02:28,0,61,0	00:128,0,0,0	03:42,0,0,56	03:92,0,0,27	00:80,0,0,0	33:33,0,0,101	03:57,0,0,22	22:0,10,35,43	03:30,22,0,41	00:135,0,0,0	00:110,0,0,0	00:77,0,0,30	00:61,14,0,0	00:84,0,0,0	01:32,33,27,0	02:106,0,29,0	00:75,0,0,0	01:30,40,0,0	00:65,0,0,67	03:36,0,0,24	23:0,0,32,83	03:91,0,0,45	00:89,0,0,27	01:68,25,0,0	01:83,28,0,0	22:0,0,115,0	33:0,0,0,145	13:0,80,0,42	01:24,98,0,0	03:81,0,0,22	00:120,0,0,23	00:98,0,0,0	00:72,0,0,22	03:57,0,0,58	33:0,0,0,96	01:81,48,0,0	03:50,23,0,42	03:28,0,0,83	00:40,0,0,25	00:71,0,20,0	00:164,0,0,0	03:58,0,0,83	03:79,0,0,28	33:0,0,0,56	03:84,0,0,30	03:35,0,0,79	00:88,0,32,0	00:98,0,0,0	00:122,0,0,0	00:70,0,26,0	00:46,51,0,0	02:90,0,31,0	01:74,17,0,0	00:115,0,0,0	11:20,69,0,37	00:126,0,0,0	11:0,93,0,0	00:162,0,0,0	00:79,0,30,0	01:37,95,0,0	00:80,0,0,35	00:96,34,0,0	03:23,0,0,65	33:0,0,0,146
2_16	65	03:79,0,0,47	13:0,79,0,58	03:26,0,0,60	23:58,0,27,26	03:88,0,0,35	02:67,0,19,18	00:140,0,0,0	00:110,33,0,0	01:21,57,0,0	01:94,13,0,19	03:49,0,0,47	02:44,0,6,0	01:49,18,0,19	02:72,0,0,17	01:66,43,0,0	00:51,0,0,20	00:74,0,0,16	03:68,0,0,32	02:73,9,15,0	00:90,0,16,0	22:39,0,73,0	00:108,0,0,8	00:69,0,12,0	11:0,51,0,15	00:79,0,26,0	00:41,33,24,0	00:61,0,0,14	00:121,0,0,0	02:39,21,29,0	00:102,0,0,27	33:29,0,28,47	02:46,0,37,26	00:67,0,0,14	33:0,0,0,30	33:52,0,0,73	23:32,0,61,23	00:98,0,0,16	00:75,0,0,18	02:28,17,22,0	03:83,0,0,34	03:106,0,0,29	33:0,0,0,120	00:61,0,0,13	00:146,0,0,0	33:0,0,0,107	00:91,0,0,28	03:102,0,20,0	00:122,0,0,0	23:35,0,42,22	03:73,0,0,10	03:14,0,0,72	00:57,0,0,18	33:24,0,0,94	23:32,0,48,12	00:100,0,0,0	02:63,22,33,0	03:59,0,0,14	03:75,0,0,16	02:93,0,24,0	01:68,73,0,0	13:0,28,0,76	00:147,0,0,0	00:122,0,0,0	00:104,0,0,0	03:66,0,0,14	00:49,20,0,0	03:107,0,0,11	00:113,0,0,0	22:0,38,67,0	23:32,21,28,51	00:109,0,0,34	03:129,0,0,29	00:125,0,0,0	03:48,24,0,48	01:41,45,0,23	00:80,0,0,0	00:74,0,0,14	03:56,0,32,40	33:41,0,0,49	01:87,5,0,0	03:37,0,0,76	33:38,0,0,84	03:85,0,0,8	12:47,12,25,0	00:92,0,0,23	00:125,0,0,0	03:91,0,0,45	00:87,23,0,0	22:19,0,71,0	03:71,0,0,20	00:100,0,0,0	00:102,0,0,0	02:54,0,20,0	33:0,0,0,92	23:39,0,13,20	03:100,0,0,36	03:68,0,1,36	22:25,0,77,47	03:49,0,23,27	03:21,0,0,72	00:94,0,0,0	00:111,0,0,27	02:81,48,19,0	13:0,42,0,68	02:24,0,22,49	02:75,0,35,0	03:74,0,0,0	33:23,0,0,78	00:46,42,55,0	01:87,20,0,0	00:83,18,0,0	01:25,75,0,0	00:101,0,14,0	00:56,0,27,0	00:99,0,0,0	03:41,0,0,37	13:17,84,0,39	02:76,0,34,0	00:59,0,31,32	01:75,56,0,0	33:20,0,40,56	00:58,0,28,31	00:61,0,0,0	33:40,0,0,65	00:134,0,0,0	02:84,0,15,0	03:0,31,0,56	00:83,0,28,0	00:68,26,0,0	00:74,0,0,26	01:96,0,0,0	22:0,0,72,39	00:114,0,0,43	03:94,0,0,27	02:78,0,41,0	22:0,21,106,0	23:42,0,25,27	03:75,1,0,58	03:48,0,0,49	12:0,83,16,0	02:31,0,94,0	02:36,25,39,0	00:101,0,0,0	33:0,48,0,101	00:116,0,0,0	33:0,0,0,100	03:36,0,0,81	00:66,0,0,19	00:125,0,0,0	12:35,25,38,0	13:15,28,20,14	33:0,0,0,86	02:28,0,57,31	01:51,39,0,30	03:89,0,0,25	03:67,0,0,61	23:0,0,37,19	33:23,0,0,89	03:36,0,0,36	00:55,0,0,17	02:46,0,20,16	01:72,12,0,0	03:55,0,0,14	02:150,0,0,0	00:77,0,26,0	01:62,21,0,0	01:100,22,0,0	11:16,36,0,22	00:119,0,0,29	03:53,24,0,26	03:36,0,0,49	00:67,0,18,0	03:34,0,3,29	00:107,0,0,0	00:79,15,0,0	12:0,26,62,0	01:26,39,33,0	03:26,0,0,86	03:110,0,0,24	00:81,0,25,0	33:40,0,0,72	01:20,49,19,0	13:0,68,0,25	00:102,0,0,0	03:86,17,0,26	00:93,0,0,0	02:65,0,31,0	00:47,33,0,0	01:38,31,0,0	02:74,0,36,0	23:58,0,19,21	00:83,0,0,0	11:0,70,0,16	00:130,0,0,0	00:62,10,0,0	23:0,34,0,80	03:58,0,0,43	00:77,0,21,0	03:44,0,0,35	00:132,0,0,0	22:0,0,97,0	00:62,0,0,64	02:77,35,37,0	13:60,36,0,15	13:40,20,0,18	03:61,37,0,34	00:61,0,0,26	00:112,22,0,0	03:112,0,0,23	33:37,0,0,55	01:143,0,0,0	00:100,0,0,0	33:79,0,0,42	02:23,0,43,24	00:69,15,0,0	00:134,0,0,0	00:80,0,0,22	02:77,0,28,0	01:30,17,0,10	00:91,0,0,0	33:0,0,0,113	00:86,0,21,0	03:68,0,0,23	00:117,0,0,0	00:71,0,0,19	00:91,0,0,0	00:90,0,0,12	03:74,0,0,30	01:96,34,0,0	12:17,23,18,32	03:87,0,0,21	11:0,58,17,0	03:123,0,0,40	00:113,0,0,0	01:0,85,10,0	00:72,0,0,33	13:68,62,0,27	22:21,0,51,24	23:0,0,26,68
3_16	100	01:74,2,0,35	23:0,0,39,88	22:0,0,15,42	00:107,0,0,0	00:136,0,0,0	03:106,0,0,23	00:122,0,0,33	01:126,31,0,0	11:0,108,0,0	03:55,23,0,16	03:74,0,0,17	01:31,19,24,0	03:57,0,0,25	00:149,0,0,0	00:71,0,0,0	00:65,32,0,0	22:60,0,39,0	02:93,0,58,32	11:66,32,0,0	00:129,0,0,0	22:0,0,103,0	01:89,48,0,0	00:117,0,0,0	03:29,41,0,8	00:116,0,0,0	NA:53,33,32,0	03:75,0,0,21	00:117,33,0,0	00:127,0,0,0	03:76,0,0,74	00:130,0,0,0	01:85,40,0,0	00:112,0,0,0	33:0,0,0,52	33:102,0,0,111	22:0,0,183,0	00:97,0,0,0	00:135,0,41,0	01:58,6,0,0	03:94,0,0,15	00:158,0,0,0	33:0,37,0,120	03:80,0,0,19	13:54,83,0,24	13:0,31,0,95	01:51,33,28,0	00:113,0,0,0	00:104,0,0,0	03:90,0,0,29	03:36,21,0,42	03:20,0,0,65	00:79,0,0,0	33:61,7,0,49	03:112,0,0,15	00:136,0,0,0	00:118,0,0,0	00:67,0,10,20	00:77,15,0,21	01:78,19,0,0	12:61,28,35,0	33:0,0,0,137	02:132,0,41,0	00:130,0,0,36	00:47,0,0,18	00:53,0,0,7	00:57,0,23,0	33:63,0,0,42	00:85,0,0,18	11:0,81,0,0	03:54,0,0,80	03:65,0,0,69	00:102,0,0,37	00:91,0,0,0	33:36,57,0,59	00:87,0,0,26	00:88,0,0,0	03:29,0,0,53	13:69,40,0,32	33:19,0,0,83	00:116,8,0,0	33:77,0,0,82	03:74,0,34,10	33:94,0,0,6	02:53,0,44,0	00:141,0,0,0	00:86,27,0,0	03:103,0,0,47	00:117,0,0,0	22:21,0,42,29	00:106,31,0,0	00:82,0,0,0	00:118,0,0,0	03:33,29,43,17	33:0,0,0,126	33:37,0,0,38	03:127,0,0,59	03:78,0,30,39	22:107,0,88,0	23:31,48,27,29	33:0,0,0,113	00:85,0,0,0	00:86,35,0,41	00:144,0,0,0	11:130,49,0,0	03:86,0,0,22	23:63,0,29,25	00:117,0,0,0	33:25,0,0,66	00:193,0,0,0	13:52,17,0,30	00:67,0,0,25	01:80,50,0,0	00:98,0,33,0	02:30,0,69,0	00:114,0,0,0	03:16,0,0,52	01:67,79,0,0	00:101,0,0,0	00:154,0,0,0	03:132,0,0,36	33:33,0,0,129	33:84,0,55,5	00:74,0,0,0	03:29,24,0,58	00:160,0,0,0	01:78,23,34,0	02:77,0,29,23	00:132,0,0,0	00:54,0,22,0	03:35,0,30,77	00:108,0,0,0	22:1,32,81,0	03:67,0,0,87	00:166,0,0,0	22:31,0,99,0	12:0,112,97,0	01:125,46,0,0	00:138,53,0,0	03:78,0,0,58	13:0,88,13,31	22:28,0,100,0	22:0,0,126,0	00:140,0,0,0	23:0,0,51,133	00:131,0,47,0	03:30,32,0,50	33:0,0,31,85	02:52,1,32,26	01:60,41,0,33	01:61,40,16,0	01:95,36,0,0	33:0,29,0,78	23:0,0,103,70	00:155,0,0,0	02:71,0,42,23	00:96,0,0,41	22:0,0,77,0	13:0,63,0,59	13:35,31,0,26	01:102,31,0,0	00:118,0,0,0	33:47,36,0,20	33:16,0,0,57	00:86,0,46,43	00:84,0,0,0	00:125,0,0,0	03:84,38,0,44	01:33,61,0,26	00:101,43,0,0	03:85,0,25,24	00:92,0,0,25	NA:64,0,0,29	02:65,0,26,0	03:101,0,0,35	00:81,0,0,0	22:0,0,137,0	00:78,46,0,34	33:22,0,1,89	00:101,0,0,24	00:64,0,22,0	33:0,0,0,104	00:40,47,0,0	23:0,51,28,21	01:99,19,0,0	00:193,0,0,0	00:111,0,0,0	00:79,23,0,0	00:76,0,0,26	00:82,0,0,0	02:78,0,27,0	00:123,0,0,0	00:72,0,0,0	01:12,26,0,16	03:72,0,0,90	00:41,0,0,0	03:51,0,0,81	03:59,0,0,82	00:89,0,47,0	00:112,0,0,0	01:56,44,0,35	22:36,0,109,0	33:53,0,0,113	11:0,154,0,0	11:39,112,0,0	00:63,0,15,0	00:144,0,0,0	00:60,0,0,26	00:141,0,0,0	33:0,0,0,98	33:0,0,0,85	00:101,37,0,0	03:105,0,0,38	22:0,27,23,60	02:80,0,40,0	00:59,0,27,0	00:213,0,0,0	00:173,0,0,0	00:102,0,0,0	00:52,0,0,7	03:122,0,0,39	33:0,0,0,139	03:107,0,0,26	13:33,37,0,45	00:141,0,0,0	00:62,57,0,0	00:93,0,0,33	00:136,0,0,0	03:26,0,0,71	03:60,0,45,43	33:26,28,0,36	03:36,0,0,56	11:0,59,0,25	00:149,0,0,43	00:185,0,0,0	00:90,23,0,0	02:93,0,26,0	00:76,72,0,0	00:69,0,24,0	13:46,25,37,34
3_17	68	33:0,10,25,40	13:0,76,0,57	33:0,0,7,44	00:59,0,23,0	00:84,0,0,26	00:97,0,0,0	03:117,0,0,20	13:73,36,0,16	11:0,88,0,0	03:60,0,0,37	03:35,0,0,45	22:16,0,40,0	33:19,0,0,63	03:59,0,0,30	11:17,41,0,14	01:59,27,0,0	00:98,0,0,0	02:81,0,23,34	01:62,36,0,0	00:81,0,0,0	03:22,0,44,26	01:78,35,0,0	00:75,0,34,0	13:0,44,0,16	00:65,0,0,16	02:28,0,23,30	03:60,0,0,40	00:124,0,0,0	02:61,0,44,0	03:16,0,0,65	03:85,0,0,19	02:108,0,10,0	00:67,0,27,42	33:0,0,0,82	00:109,0,0,57	22:0,0,100,0	12:45,27,20,0	00:108,0,0,0	00:37,18,24,0	03:59,0,0,31	00:95,0,0,0	33:0,0,0,108	03:93,0,0,34	00:61,23,0,0	33:0,0,24,67	03:79,0,0,51	03:31,0,0,35	00:33,0,0,19	00:47,0,0,16	03:107,0,0,18	33:20,0,0,67	03:48,0,0,28	03:40,0,0,84	13:45,32,0,20	00:112,0,0,0	00:38,0,0,13	00:122,0,0,0	00:137,0,0,0	01:71,23,0,0	02:93,0,34,0	03:35,0,0,54	00:129,0,0,0	01:71,48,0,0	00:58,0,0,0	00:54,0,0,0	00:43,0,20,0	01:44,31,0,0	00:60,16,0,0	11:23,56,0,0	00:125,0,0,0	00:111,0,0,0	00:71,0,0,23	03:48,0,0,23	00:75,0,0,0	00:132,0,0,0	00:77,0,0,0	00:101,0,0,0	00:125,0,0,0	03:61,0,0,34	01:49,35,35,0	03:58,0,0,78	03:38,0,0,57	02:52,0,42,0	00:79,0,0,0	03:61,0,0,52	00:69,0,0,0	00:95,0,0,0	00:88,0,0,0	02:43,0,34,0	00:122,0,0,0	03:29,0,12,17	00:110,0,0,0	03:91,0,0,35	00:75,0,0,29	00:48,0,23,0	00:79,0,0,0	00:134,0,1,0	03:101,0,0,53	00:113,0,0,0	33:13,0,0,65	03:35,0,0,40	00:117,0,0,0	02:24,23,50,0	00:130,0,0,0	33:0,0,0,82	00:88,0,0,0	02:32,0,18,19	33:0,0,0,79	03:79,0,0,34	00:101,0,0,0	01:52,48,0,0	11:28,55,0,0	00:92,0,22,0	02:34,0,40,0	03:75,0,0,22	33:0,0,0,79	01:59,66,0,0	02:41,0,30,19	00:126,0,0,0	00:94,0,43,0	33:63,0,0,62	01:59,37,0,0	00:58,0,16,0	33:0,0,0,105	00:130,0,0,0	00:93,0,19,0	03:15,0,0,93	00:107,0,0,0	00:50,0,0,0	33:34,0,0,100	03:45,0,0,48	12:0,31,100,0	01:37,15,0,77	00:140,0,0,0	02:67,0,26,0	02:22,0,98,0	03:86,0,0,20	03:88,0,0,43	33:26,0,0,114	11:0,119,0,0	22:0,0,106,0	02:30,0,66,0	00:95,0,0,0	13:0,87,0,50	11:52,74,0,0	33:0,0,0,98	33:0,0,0,82	02:42,0,18,21	00:139,0,0,0	00:88,0,0,0	00:112,0,0,0	23:0,0,29,67	02:48,0,51,0	00:152,0,0,0	00:112,0,0,0	03:75,0,0,49	23:30,0,46,15	03:48,0,0,23	00:97,0,0,0	01:72,24,0,0	03:62,0,1,19	00:93,0,0,0	03:22,0,16,12	00:63,49,1,18	00:38,14,0,0	00:70,0,0,25	33:33,0,0,75	02:26,43,9,0	03:34,0,0,99	03:80,0,0,37	03:41,0,0,22	00:66,0,0,0	02:92,0,18,0	00:129,0,0,0	00:23,0,11,10	23:23,0,49,23	00:87,0,0,21	03:47,0,0,43	13:28,22,0,39	02:34,0,12,0	00:55,0,0,25	00:46,0,24,0	02:9,31,25,0	00:124,0,0,0	12:33,20,36,28	03:38,0,27,24	00:71,0,0,0	00:64,0,0,0	03:28,0,0,22	00:105,0,0,0	00:95,0,0,0	00:37,0,0,19	11:0,64,0,0	03:91,0,0,39	00:44,0,0,0	23:0,0,54,65	33:0,0,22,113	00:101,0,0,0	33:0,18,0,77	00:113,0,0,0	22:0,0,77,0	03:78,0,0,70	01:17,80,0,0	13:49,38,0,44	33:14,0,10,38	00:75,27,0,0	00:87,0,0,0	00:76,0,0,0	00:108,0,0,0	03:19,18,0,54	00:80,0,30,0	00:81,0,0,29	03:67,0,0,19	02:28,0,69,0	00:69,0,0,0	00:130,0,0,0	02:83,0,26,0	00:105,0,0,0	33:17,0,0,59	00:74,0,0,39	03:71,0,0,48	00:106,0,0,0	01:80,19,0,0	00:98,0,0,17	03:72,0,0,32	00:62,0,0,19	03:75,0,0,29	00:68,0,0,0	00:122,0,0,0	01:10,34,0,24	00:104,0,0,0	11:9,46,0,0	03:109,0,0,22	03:73,0,0,45	01:40,65,0,0	02:26,0,41,22	00:116,0,0,0	00:50,0,0,26	11:0,69,0,65
3_18	43	00:97,0,0,10	11:0,97,0,19	03:53,0,0,43	00:85,0,0,0	00:114,9,0,0	00:98,0,0,7	01:72,25,9,0	00:74,0,2,25	13:24,39,0,15	03:56,0,0,27	00:48,0,1,14	03:44,0,3,40	00:36,9,19,4	00:96,6,0,0	02:46,3,23,0	00:75,0,0,19	03:89,0,0,27	00:121,0,0,22	01:47,54,0,0	03:72,0,0,22	12:14,44,41,1	03:81,0,7,19	03:61,6,0,23	11:0,52,3,0	03:57,0,10,38	00:78,14,0,0	00:93,0,0,0	03:102,0,0,21	02:56,10,18,0	00:26,0,0,54	03:45,1,16,35	00:93,0,10,13	00:114,0,0,0	33:0,0,0,81	03:53,0,0,105	02:39,0,75,10	03:52,10,0,17	03:82,0,6,32	12:38,15,10,0	03:44,0,0,38	00:120,4,0,0	33:0,0,0,69	00:94,0,0,4	00:86,0,0,1	33:0,0,0,100	02:75,5,53,0	03:44,0,1,22	00:82,0,0,0	02:81,0,15,0	03:99,0,0,28	33:0,0,4,83	03:43,0,8,27	33:4,0,0,107	22:4,0,60,26	00:103,0,0,0	02:54,0,5,0	03:106,0,0,11	03:119,0,0,15	02:75,0,19,1	12:59,28,41,0	13:0,16,0,61	00:145,0,0,0	01:81,45,0,0	00:84,0,0,0	00:58,0,0,0	00:53,0,0,17	03:48,0,0,19	00:69,12,0,0	12:0,72,30,0	03:68,0,0,18	00:51,0,0,25	00:110,0,0,0	00:64,0,0,0	00:41,29,0,0	13:46,14,0,39	00:77,0,0,0	00:107,0,0,4	22:33,0,74,0	00:47,0,0,38	11:66,36,0,0	00:121,0,0,13	03:64,0,0,42	03:48,0,31,13	02:40,0,10,14	02:56,0,33,29	00:69,0,0,1	33:57,0,0,48	00:115,0,0,0	02:86,0,23,0	02:66,0,43,0	00:55,0,16,0	03:59,0,0,66	00:114,0,0,0	33:29,0,0,83	03:80,0,0,9	03:71,3,17,23	03:82,0,0,15	22:4,0,62,73	03:70,0,0,20	03:25,24,0,58	00:45,0,0,33	00:82,15,0,16	02:39,0,47,1	13:29,32,0,61	02:15,0,24,43	02:60,0,22,0	00:55,0,0,6	33:0,0,15,67	00:96,0,20,3	01:79,20,0,1	00:56,17,0,11	01:29,66,0,0	00:114,0,15,0	12:12,36,45,0	00:104,0,9,0	03:25,0,0,79	01:109,53,0,0	03:65,0,2,17	03:95,0,0,28	00:147,0,0,11	33:20,0,0,99	33:54,0,0,41	00:90,15,0,0	33:35,0,0,78	00:92,17,14,0	00:47,0,43,6	33:19,0,0,94	00:69,0,0,0	00:70,4,0,0	01:42,21,0,27	03:65,0,0,27	22:0,0,125,0	03:36,0,0,75	00:85,0,0,42	02:57,0,40,0	22:0,27,109,0	00:104,0,0,9	00:128,0,0,0	03:49,0,34,54	11:0,111,24,0	22:27,0,78,0	22:0,0,62,15	00:90,0,0,0	23:0,0,41,68	00:141,0,0,0	33:0,0,0,94	33:0,0,0,101	02:29,0,25,28	00:99,0,0,16	00:91,0,0,0	11:44,45,0,0	33:0,0,0,117	02:53,0,65,0	00:135,0,0,0	03:64,22,0,7	03:94,0,0,52	02:28,0,68,0	33:19,3,0,71	03:25,0,0,51	01:42,42,0,29	00:82,0,0,0	00:90,0,0,0	00:70,0,0,0	02:87,0,21,7	00:80,0,0,0	03:86,0,0,21	00:92,0,0,24	11:0,82,0,0	00:137,0,3,0	03:76,0,0,34	03:67,4,0,17	00:49,0,0,23	03:58,24,0,26	00:98,0,0,0	00:34,20,0,0	02:25,0,110,0	00:109,0,0,0	33:20,0,0,49	33:0,0,26,75	00:62,0,0,0	33:0,0,0,108	03:48,0,24,13	12:0,44,23,0	00:110,0,0,0	00:119,0,0,0	00:90,0,0,0	00:79,0,0,0	00:49,0,0,15	00:35,33,0,0	01:88,20,0,0	22:32,21,42,0	00:42,0,18,0	01:6,40,0,17	00:153,0,0,0	03:50,0,0,9	23:0,0,22,92	33:30,0,30,70	00:62,59,0,0	13:36,16,0,42	01:81,22,0,0	22:19,15,61,0	03:41,0,0,89	03:30,59,0,28	13:0,88,0,36	33:46,0,0,43	00:60,40,0,12	00:77,0,0,0	00:97,0,0,0	03:89,0,0,36	33:0,28,0,68	01:52,26,13,0	03:118,0,0,20	03:18,0,19,27	02:59,17,32,0	00:68,0,0,12	00:148,0,0,0	00:131,0,0,10	00:105,0,0,12	33:16,0,0,56	00:87,0,0,32	03:72,0,0,54	00:111,5,0,0	01:44,64,0,0	00:129,0,0,0	00:80,0,0,2	02:67,0,36,0	00:51,0,23,19	00:64,20,0,0	00:126,0,0,0	11:0,90,0,1	01:77,31,0,0	01:16,37,0,0	02:117,0,47,5	00:135,4,0,0	01:15,92,0,2	00:103,0,0,0	01:76,37,0,0	03:69,0,0,8	33:0,21,0,114
4_18	37	03:35,0,0,13	13:0,58,0,13	33:0,0,0,33	00:45,0,0,0	00:76,0,0,0	00:59,0,0,10	00:69,0,0,0	00:56,0,14,0	13:0,39,0,13	03:16,0,0,31	03:15,0,8,9	02:34,0,10,0	03:26,0,0,16	00:40,0,0,5	00:38,0,0,0	00:52,0,0,0	00:47,9,0,0	03:72,0,0,23	13:0,25,0,4	02:24,0,22,0	22:0,0,66,0	00:60,0,15,0	02:32,0,13,0	11:0,31,8,0	03:15,0,0,47	03:37,4,0,20	01:13,18,9,0	03:42,0,0,19	00:49,0,0,0	03:22,0,0,39	03:38,0,0,28	02:72,0,0,0	02:29,0,15,0	33:0,0,0,37	33:0,0,0,85	22:36,0,21,0	03:16,0,0,23	03:22,0,0,35	01:17,15,0,0	13:0,13,0,33	00:45,0,0,0	33:0,0,0,45	00:58,0,0,0	00:38,0,0,0	33:0,0,0,48	02:19,0,44,0	03:9,0,0,31	00:52,0,0,0	00:53,0,0,0	00:40,0,0,0	03:16,0,0,26	03:24,0,0,16	33:0,0,0,67	02:27,0,33,0	00:14,32,0,0	00:41,0,0,0	00:45,0,0,0	00:56,0,0,0	00:34,0,0,0	11:0,46,9,0	33:0,0,0,62	02:20,23,37,0	11:0,49,7,0	00:26,0,0,0	00:47,0,0,0	03:15,0,0,21	13:10,17,0,16	00:42,0,0,0	11:0,31,0,0	00:57,0,0,9	00:50,0,0,0	00:54,0,0,0	00:26,0,0,6	00:48,6,0,0	03:33,0,0,31	01:15,25,0,0	00:60,0,0,0	00:60,0,0,0	03:41,0,0,23	01:24,16,0,0	00:63,13,0,0	03:16,0,0,43	12:11,21,18,0	02:32,0,20,0	03:34,0,0,25	00:36,0,0,0	01:45,0,0,0	00:43,0,10,0	00:48,0,13,0	00:59,0,0,0	00:37,0,0,0	00:50,0,0,0	03:10,0,0,41	03:26,0,0,45	00:44,0,0,0	03:23,0,0,28	01:29,37,0,0	03:35,0,0,48	00:46,17,0,0	03:11,0,0,31	33:18,0,0,26	00:73,0,0,0	02:24,0,10,0	00:39,10,0,0	03:28,0,0,28	00:28,0,8,0	03:18,0,0,19	03:22,0,0,27	02:39,0,11,0	00:36,0,0,0	01:18,18,0,0	01:22,20,0,0	00:64,0,0,0	02:22,0,20,0	03:39,0,0,15	33:11,11,0,16	00:72,0,0,0	00:48,0,0,0	00:69,0,0,0	00:77,0,0,0	03:33,0,0,37	00:20,0,8,14	00:23,0,0,4	33:0,0,0,42	00:49,0,0,0	02:38,0,14,0	03:12,0,0,45	00:49,0,0,0	03:33,0,0,15	03:34,0,0,20	01:50,19,0,0	22:0,0,46,0	03:60,0,0,13	00:25,0,20,15	02:34,0,19,0	23:0,7,50,10	02:49,0,10,11	03:32,0,0,50	33:0,0,0,58	11:0,34,22,0	22:0,0,50,0	22:0,0,41,0	01:29,11,0,13	13:0,13,0,55	01:31,18,0,0	33:0,0,0,50	33:16,0,0,32	03:32,0,0,5	00:57,0,0,0	02:22,18,18,0	03:46,0,0,6	23:0,12,14,26	00:49,0,8,0	03:46,27,0,12	00:48,0,0,0	02:32,0,12,19	23:0,0,19,24	33:20,0,0,40	00:24,0,0,13	02:60,0,5,0	00:28,0,0,15	00:23,5,10,0	00:36,0,0,3	00:40,0,0,20	02:45,0,5,0	00:49,7,0,0	03:23,12,0,22	02:26,7,10,0	00:72,0,0,0	13:18,10,0,32	00:49,0,0,0	02:17,0,19,0	23:14,0,18,12	00:62,0,0,0	00:39,0,0,0	22:0,0,60,0	02:39,0,15,0	03:14,0,0,15	03:24,0,0,26	02:25,0,11,0	00:24,0,0,41	02:42,0,10,0	01:9,27,0,0	00:37,14,0,0	01:47,8,0,0	00:56,0,0,0	00:41,0,0,0	01:34,6,0,0	13:3,12,0,5	00:57,0,0,0	00:54,0,9,0	00:41,0,0,0	11:0,36,0,0	00:83,0,0,0	00:59,0,0,0	33:0,0,0,55	03:23,0,0,40	02:39,16,12,0	33:0,8,0,26	00:54,0,0,0	22:15,0,36,0	03:26,0,0,42	00:43,0,0,0	03:27,0,0,19	03:11,0,0,44	00:51,0,0,0	00:45,0,0,0	00:61,0,0,0	00:64,0,0,0	03:13,0,0,31	00:53,0,0,0	03:72,0,0,0	03:11,0,0,32	22:24,0,25,0	00:38,0,0,0	00:83,0,0,0	00:59,0,0,0	00:59,0,0,0	33:14,0,0,29	00:63,0,0,0	03:8,0,0,54	00:60,0,0,0	01:27,20,0,0	03:31,0,0,21	03:35,0,0,12	00:56,0,0,0	03:51,0,0,9	00:21,7,8,0	00:72,0,0,0	01:8,18,0,19	00:51,0,23,0	11:0,48,0,0	03:26,34,0,21	03:49,0,0,24	01:23,23,14,0	02:27,0,38,0	00:39,17,0,0	00:29,0,0,11	13:0,26,0,30
1_19	41	13:64,6,0,21	33:0,3,0,102	33:0,0,0,83	02:79,0,28,0	03:102,0,21,31	03:109,0,0,37	00:136,0,0,0	02:101,0,33,0	01:34,115,0,0	03:78,0,0,39	00:113,2,1,0	00:55,0,2,0	00:85,0,0,26	00:94,0,0,0	01:31,58,0,1	00:44,0,32,22	00:137,0,0,0	03:108,0,0,86	12:49,41,16,0	00:84,45,0,0	23:0,1,87,38	03:137,0,0,22	02:84,0,26,0	13:0,59,1,19	00:139,0,0,0	02:26,46,22,0	02:59,0,50,0	02:65,39,39,0	02:95,0,31,0	03:81,0,0,30	00:111,1,0,21	00:144,0,0,0	00:134,0,0,0	33:0,0,0,94	00:184,0,0,4	23:0,37,39,31	01:70,37,0,0	02:96,0,29,0	02:99,0,24,0	00:100,0,0,26	01:69,39,0,0	33:48,0,0,78	00:133,0,0,0	00:108,4,0,0	33:0,23,3,92	02:110,2,37,0	00:77,19,1,0	00:87,0,40,0	00:105,0,0,0	03:42,0,0,61	33:51,0,0,41	00:109,0,0,2	03:47,0,0,117	00:156,0,0,0	03:72,0,0,24	00:69,0,27,0	02:108,0,20,0	01:124,22,0,0	03:89,0,0,63	01:103,26,3,0	03:69,0,0,45	00:164,0,0,0	12:39,59,30,0	00:98,0,0,0	00:78,0,10,0	03:60,0,0,25	03:58,3,0,95	03:53,0,17,22	11:0,107,0,0	03:48,0,0,134	02:94,0,74,0	00:113,0,0,0	00:86,0,0,19	03:100,1,0,30	01:62,23,0,19	00:74,0,0,30	03:119,0,0,26	01:29,29,49,0	03:94,0,0,37	00:132,0,0,0	03:87,0,0,83	12:1,29,29,60	00:103,0,3,0	22:49,0,59,0	00:134,0,0,5	11:75,43,0,0	00:96,0,0,15	00:49,0,0,59	02:93,0,33,2	12:49,29,24,0	00:79,0,0,0	00:100,0,0,22	02:30,2,53,39	33:0,0,0,116	03:58,0,0,20	00:94,0,0,30	02:51,0,30,44	00:120,0,67,0	01:96,64,0,0	33:18,0,0,85	00:62,0,34,0	01:107,53,0,2	00:94,0,0,0	00:150,0,0,27	03:54,0,0,44	00:136,0,0,0	00:66,0,0,22	23:1,0,33,97	00:130,0,0,0	02:69,22,21,0	13:16,28,0,61	12:0,96,25,0	00:139,0,0,0	02:51,0,19,30	00:106,0,0,0	33:21,0,0,69	01:54,83,0,0	00:72,0,25,0	00:144,0,0,0	00:165,0,0,0	03:57,0,0,83	00:137,0,0,0	00:127,0,0,0	33:0,0,0,104	00:122,0,0,0	02:104,0,21,0	33:1,0,0,114	00:159,0,0,0	00:97,0,2,0	33:27,0,0,110	00:106,0,0,37	22:33,0,113,0	03:103,0,28,29	00:137,0,0,0	12:45,35,18,0	11:0,70,71,0	02:98,0,27,0	00:138,0,0,0	00:130,0,0,6	11:0,80,34,0	22:0,0,102,36	22:0,0,96,0	00:109,1,0,0	33:0,0,0,166	00:116,44,0,0	33:0,0,0,150	33:43,0,0,77	03:81,0,3,52	03:79,0,0,38	00:68,0,57,0	00:137,2,0,3	33:0,0,0,117	22:34,0,84,0	02:129,0,16,0	00:79,0,44,1	00:81,33,0,46	12:0,20,54,27	33:0,0,0,121	00:130,0,0,0	00:132,23,0,0	00:80,0,0,0	00:112,0,2,0	00:129,0,0,0	00:153,0,0,0	03:64,0,0,28	00:71,26,0,38	03:105,0,0,25	11:0,88,0,0	02:111,0,48,0	00:132,0,0,0	13:32,45,0,56	00:83,0,0,0	33:73,0,0,53	00:90,0,0,39	00:93,0,0,1	22:1,35,110,0	03:97,17,0,19	33:36,0,0,87	03:121,0,0,24	00:117,0,0,0	02:21,0,23,66	00:123,0,2,0	11:0,94,2,18	00:73,27,0,30	03:91,0,0,39	02:82,0,17,1	02:86,0,32,0	00:100,0,0,0	01:77,20,0,0	01:49,38,21,0	00:138,0,0,0	00:106,0,0,0	11:18,63,0,0	00:126,0,0,28	00:98,0,0,0	33:2,0,0,142	11:34,73,0,25	12:32,52,46,0	03:73,0,0,40	00:118,0,0,0	12:0,41,92,0	33:0,0,2,141	11:0,122,0,2	11:25,108,0,0	02:68,0,32,3	03:74,0,0,43	00:102,0,0,0	00:123,0,0,2	03:90,0,0,36	33:0,0,0,119	00:122,0,0,0	00:133,0,0,1	33:5,0,0,129	00:76,0,0,1	00:97,0,0,0	00:170,1,0,0	03:90,1,0,59	03:68,0,0,29	03:47,0,0,71	03:69,0,0,30	03:53,0,0,85	00:140,0,0,0	00:125,0,0,2	00:161,0,0,0	00:168,0,0,0	00:101,2,0,0	02:92,0,32,0	01:87,29,0,0	00:156,0,0,0	13:0,67,0,45	00:108,0,0,0	11:3,105,0,0	00:153,0,0,0	00:155,0,0,0	01:85,31,21,0	02:99,0,23,0	00:124,23,0,1	00:66,0,19,29	33:31,0,0,120
1_20	24	13:20,36,0,63	13:0,48,0,61	33:25,0,0,45	00:75,0,0,0	00:73,0,19,0	01:50,19,0,0	00:71,0,0,35	00:115,0,0,0	11:0,52,0,0	03:24,0,0,36	00:60,0,0,11	22:30,0,7,8	00:51,0,0,0	00:77,0,0,0	23:34,0,29,16	00:55,0,0,14	03:50,0,0,37	00:132,0,0,0	11:0,63,0,0	00:59,0,0,0	22:0,0,107,0	00:137,0,0,0	02:36,0,16,0	12:0,40,21,0	00:62,0,0,7	00:60,15,0,0	01:19,37,21,0	00:137,0,0,0	00:84,0,0,0	33:19,0,0,65	00:44,0,0,63	00:113,0,0,0	02:103,0,11,0	33:0,0,0,59	33:55,0,0,97	23:21,0,68,51	00:43,0,0,21	03:58,0,1,57	02:22,12,10,0	02:22,0,24,9	00:83,0,0,0	23:0,33,32,35	03:77,0,0,42	13:32,11,0,35	23:0,1,8,44	02:44,0,54,0	00:40,0,0,1	00:46,0,0,0	00:78,0,0,0	00:104,0,0,0	03:12,0,0,59	00:53,0,0,18	33:0,0,0,102	23:31,0,52,9	00:44,24,29,0	00:44,0,17,0	00:89,0,0,0	00:105,0,0,0	00:81,0,0,0	02:64,21,28,0	03:14,0,0,74	00:101,0,20,0	11:38,92,0,0	00:46,0,0,0	00:49,0,0,0	33:20,0,0,26	13:9,14,0,18	00:31,0,0,22	11:0,53,0,0	00:71,0,0,33	00:65,0,0,0	00:73,0,0,31	00:66,0,0,0	00:45,0,0,18	03:46,0,0,45	00:69,10,0,0	00:98,0,0,0	02:38,0,69,0	03:62,0,0,16	01:40,42,0,0	00:123,0,0,0	00:42,0,0,22	02:47,10,15,0	00:38,0,10,0	23:67,0,30,9	00:46,0,0,0	03:30,0,0,58	00:37,0,0,12	00:49,0,22,0	02:68,0,35,0	00:49,0,0,0	03:58,0,0,22	00:75,0,0,17	03:15,0,27,37	00:71,0,0,0	00:79,0,0,17	00:67,20,0,0	23:0,0,38,107	00:60,0,0,0	03:71,0,0,21	03:44,0,0,25	00:73,0,0,23	22:44,0,28,0	03:82,0,0,24	23:15,15,30,18	00:72,0,0,0	00:57,0,0,16	33:12,0,0,54	00:84,0,31,0	00:50,0,21,0	01:42,20,0,0	11:15,89,0,0	00:111,0,0,0	02:41,0,21,0	00:33,0,25,19	03:17,0,0,47	01:47,75,0,0	00:93,0,0,0	00:111,0,0,0	00:88,0,0,40	00:64,0,0,55	00:87,0,0,0	00:74,0,0,0	33:16,0,0,59	00:67,0,37,0	00:72,0,0,29	33:51,0,0,45	02:47,0,15,0	02:13,12,15,10	00:103,0,0,23	00:65,0,0,0	22:0,0,101,0	03:63,0,0,43	00:128,0,0,0	02:25,0,50,15	22:0,0,133,0	33:23,0,0,71	03:100,0,0,25	03:92,0,0,27	12:0,92,19,0	22:15,0,59,0	22:0,15,62,0	02:35,0,24,9	03:26,0,0,85	00:107,0,0,0	03:20,31,0,40	03:44,0,0,46	00:53,13,0,0	00:101,0,0,0	01:52,13,0,0	03:94,0,0,16	23:0,0,25,53	02:46,0,56,0	00:102,29,0,0	00:90,0,0,14	03:49,0,0,66	23:0,0,38,41	33:0,0,0,86	03:64,0,0,28	01:26,20,0,30	23:38,0,40,0	03:48,0,0,16	00:16,0,0,33	00:99,0,0,0	00:51,0,0,0	00:81,0,0,0	00:104,0,0,0	11:0,72,0,0	02:41,0,54,0	00:80,0,0,0	03:42,0,0,7	00:41,0,0,0	00:82,0,0,0	00:90,18,0,0	00:41,0,0,0	12:0,28,41,0	01:67,14,0,0	03:13,0,13,35	03:54,0,0,26	03:28,0,0,13	33:23,0,0,84	01:21,20,29,0	13:0,26,0,32	00:119,0,0,0	03:101,1,0,33	00:50,23,0,23	02:52,0,10,0	00:49,0,0,0	00:36,4,0,0	02:47,0,39,0	03:65,0,0,50	00:37,0,0,0	13:0,13,0,26	03:67,22,0,13	00:16,4,0,0	33:0,0,0,87	00:100,0,0,0	00:67,0,21,0	03:36,0,0,33	01:21,51,19,0	22:22,0,74,0	03:76,0,0,65	11:0,40,0,46	00:97,0,0,0	02:23,0,13,16	01:75,24,0,0	00:77,0,0,0	00:52,0,0,16	03:39,0,0,38	13:0,17,0,39	00:90,0,0,0	03:63,0,0,10	33:0,0,9,34	23:22,0,26,25	00:45,0,0,0	00:139,0,0,0	33:75,0,0,69	00:60,0,0,14	33:13,0,0,30	00:88,0,0,0	03:48,0,0,83	00:77,0,18,0	00:87,0,0,0	03:62,0,19,21	00:77,0,0,12	13:18,26,0,34	00:33,0,0,29	00:68,0,0,0	00:90,0,0,0	01:20,20,0,25	02:40,0,19,22	01:9,28,12,0	00:119,0,27,0	03:82,0,0,25	11:24,35,23,0	03:49,0,24,22	00:90,0,0,0	03:32,0,0,12	33:0,0,0,118
3_20	73	33:0,21,0,41	33:19,0,0,43	33:0,0,0,56	02:18,11,15,0	03:68,0,0,11	00:71,0,0,0	00:78,0,0,0	01:41,18,0,0	01:10,48,0,0	03:47,0,0,12	00:60,0,0,0	01:24,8,11,0	00:29,14,0,6	00:50,0,16,0	00:53,0,0,0	00:66,0,0,0	00:69,0,0,0	03:33,0,0,47	12:16,20,11,0	00:39,0,24,0	22:29,0,32,0	01:58,20,0,0	00:66,0,0,1	23:0,31,15,12	01:37,26,0,0	02:38,0,13,0	03:40,0,0,6	00:40,15,0,18	03:35,0,0,25	03:37,0,0,34	00:72,0,0,0	01:52,12,0,0	00:42,0,0,22	33:0,0,21,40	03:32,0,0,55	22:0,0,73,0	01:45,15,0,0	02:43,0,16,0	00:32,22,0,0	03:27,0,0,33	00:65,0,0,0	03:28,0,0,29	03:36,16,0,12	13:6,32,0,15	33:0,0,0,60	01:58,14,0,0	13:12,19,0,28	01:30,13,0,11	00:60,0,0,12	00:72,0,0,0	33:0,14,0,27	03:38,0,0,16	33:27,0,0,48	03:74,0,0,7	00:66,0,0,0	00:43,1,0,10	00:77,0,0,0	00:89,0,0,0	11:56,20,0,0	01:56,14,0,0	33:0,0,0,60	01:52,12,0,0	00:68,0,0,0	01:21,10,17,0	00:37,0,0,0	00:45,0,9,0	03:39,0,0,12	00:32,10,0,21	11:9,45,0,0	00:90,0,0,0	03:48,0,0,10	03:38,0,0,20	00:63,0,0,0	03:27,0,0,28	00:75,0,0,0	00:65,0,0,0	00:60,0,0,0	12:31,15,12,0	00:63,0,0,0	01:47,19,20,0	23:24,0,19,35	33:0,0,0,55	03:67,0,0,13	02:50,0,13,0	00:77,0,0,0	03:23,0,0,30	03:59,0,0,15	00:62,0,0,0	22:28,0,32,0	00:65,0,0,0	00:29,0,6,0	03:51,0,0,20	00:74,0,0,0	33:0,0,0,73	03:37,0,0,8	03:31,12,0,16	33:13,22,0,43	23:0,0,60,43	23:16,0,37,18	03:27,0,0,23	03:52,0,0,16	00:60,0,0,18	00:58,0,0,0	01:56,18,0,0	03:33,0,0,25	03:46,0,0,26	00:67,0,0,0	33:21,0,0,40	03:56,0,0,29	00:56,0,0,0	00:55,0,0,0	01:30,27,0,24	02:41,15,20,0	00:62,0,0,0	00:72,0,0,0	02:43,0,14,0	01:45,17,0,0	01:48,14,0,0	00:91,0,0,0	00:109,0,0,0	00:33,0,0,29	00:72,0,0,0	00:60,0,0,0	13:0,17,0,44	00:63,0,0,0	00:73,0,0,0	33:0,0,0,64	02:54,0,24,0	02:50,0,10,0	00:47,0,0,18	03:34,0,0,45	11:0,41,27,0	00:111,0,0,0	00:92,0,0,0	11:0,50,20,0	22:0,0,74,0	00:53,0,0,19	00:80,0,0,0	00:63,0,0,22	11:0,76,0,0	22:0,0,68,0	22:0,0,58,0	23:19,0,16,20	01:26,55,0,32	00:68,0,0,0	03:18,0,0,51	13:0,32,0,30	00:30,0,0,21	00:86,0,0,0	00:62,0,0,0	00:76,0,1,0	23:0,0,24,47	01:34,29,0,0	00:88,0,0,0	00:68,0,0,0	03:32,0,0,24	22:14,0,36,0	03:37,0,0,26	00:67,0,0,0	01:45,21,0,0	02:45,0,13,0	03:45,0,0,19	00:42,0,0,0	01:44,23,0,0	01:12,22,0,11	03:21,0,0,29	00:62,0,0,0	11:0,62,0,0	23:0,0,50,26	00:73,0,0,0	00:37,22,0,0	00:55,0,0,0	00:49,0,0,25	00:58,0,0,0	02:28,0,17,0	22:0,0,88,0	00:70,0,0,0	03:28,0,0,27	03:50,0,0,15	03:35,0,0,17	03:47,0,0,8	02:33,0,34,0	11:0,57,0,0	00:74,0,0,0	00:62,0,0,15	02:34,0,20,0	00:22,0,10,0	00:49,0,0,0	03:33,0,0,21	00:38,18,0,0	00:63,0,0,0	03:23,0,0,17	13:14,15,0,9	00:73,0,0,0	00:25,0,0,10	33:0,0,0,74	03:13,0,23,27	00:66,0,0,0	01:40,33,0,0	00:59,0,0,0	22:0,0,60,0	03:30,0,0,55	11:0,67,0,0	00:47,26,0,0	02:30,0,10,0	01:11,21,0,21	00:65,0,0,0	00:59,0,0,0	00:73,0,0,0	13:0,19,0,50	02:28,0,27,0	03:43,0,0,19	03:25,0,0,33	02:19,0,23,0	00:36,0,0,0	00:90,0,0,0	03:51,0,0,21	03:51,0,0,15	33:20,0,0,37	03:47,0,0,16	33:0,0,0,84	00:72,0,0,0	03:52,0,0,24	03:49,0,0,15	00:53,17,0,0	03:27,0,0,42	00:76,0,0,0	00:45,0,0,17	00:62,0,15,0	11:23,29,0,16	01:48,7,0,18	02:34,0,5,16	02:80,0,19,0	03:43,0,0,25	11:36,23,0,0	02:43,0,39,0	00:41,15,0,5	00:42,0,0,13	33:15,0,0,49
3_21	54	03:53,0,0,58	01:75,32,0,22	03:26,0,0,40	01:48,22,24,0	00:55,0,18,29	00:69,0,12,0	00:94,0,0,0	03:88,0,0,21	01:45,35,0,0	00:100,0,0,0	03:56,24,0,0	00:59,0,0,0	23:52,0,14,17	00:74,0,0,0	01:39,40,0,0	00:86,0,1,0	00:93,0,0,0	00:99,0,0,22	01:21,14,23,7	03:54,0,0,52	02:51,0,43,0	00:120,0,0,0	00:100,0,0,0	11:0,75,0,0	00:91,0,0,0	00:78,0,0,0	00:96,0,0,0	01:99,29,0,0	00:47,0,23,23	03:61,0,0,32	03:58,0,0,40	00:107,0,0,0	00:114,0,0,0	13:0,27,0,65	33:61,0,0,58	33:0,0,62,50	03:67,0,0,31	02:45,0,50,0	01:44,19,23,0	03:75,0,0,20	03:54,0,0,35	33:0,0,0,111	02:80,0,40,0	00:90,0,0,0	33:0,0,0,83	00:110,0,0,0	00:57,25,0,0	01:41,36,0,0	03:46,0,0,24	03:45,0,0,42	03:24,0,0,44	00:63,21,0,0	33:27,4,0,65	03:87,0,0,22	00:99,0,0,0	00:67,0,17,0	00:103,0,0,0	00:126,0,0,0	00:91,0,0,0	00:67,25,0,0	03:57,0,0,40	00:89,0,0,17	00:78,22,0,0	00:77,0,0,0	33:12,0,11,20	00:89,0,0,0	03:51,0,0,15	03:60,0,0,11	11:31,41,0,23	03:92,0,0,26	03:70,0,0,34	00:92,0,0,0	01:39,17,0,20	02:63,0,25,0	02:49,0,26,22	00:35,17,0,19	03:73,0,0,18	00:59,0,34,0	00:84,20,0,0	12:28,35,28,0	00:91,0,0,33	03:24,0,0,69	03:79,0,0,19	00:75,16,0,0	03:70,0,0,23	00:75,17,0,0	00:104,0,0,0	03:23,37,0,27	03:26,15,30,25	00:104,0,0,0	00:62,0,0,0	00:100,0,0,0	00:92,0,0,14	02:30,0,21,38	00:68,0,0,0	03:49,0,0,59	03:49,0,0,51	02:32,0,24,70	02:61,0,17,0	03:49,0,27,26	00:66,0,0,0	00:75,0,0,32	00:64,0,0,30	00:86,0,0,0	03:22,0,0,70	02:40,25,14,0	03:27,0,9,38	33:22,0,0,69	22:61,0,58,0	00:64,16,0,0	00:64,0,0,14	01:41,76,0,0	00:114,0,0,0	01:56,18,0,0	00:91,0,0,0	03:58,0,0,16	01:67,37,0,36	03:57,0,0,17	03:53,0,0,48	00:87,0,0,34	03:20,32,0,52	01:80,30,0,0	00:64,0,13,0	23:0,0,17,80	03:38,0,0,36	00:63,47,0,0	00:42,0,0,47	00:77,23,0,0	01:34,24,0,24	33:53,0,0,62	00:67,0,24,0	12:0,24,73,0	03:59,24,0,26	02:83,0,20,0	00:47,26,0,35	22:0,30,80,0	03:85,0,0,23	00:117,0,0,0	03:73,0,0,32	12:0,73,20,0	22:0,0,120,0	12:0,21,64,0	00:73,0,0,0	23:0,0,47,89	00:121,0,0,0	03:26,0,0,69	03:24,0,0,69	00:37,0,0,45	00:71,0,0,23	02:47,19,16,0	13:27,25,0,53	13:0,34,0,60	02:48,0,51,0	00:118,0,0,0	00:65,0,0,24	33:49,0,0,60	22:0,0,82,0	33:0,0,0,77	02:62,0,25,0	00:89,0,0,0	00:89,0,0,0	02:50,0,31,26	00:61,0,0,0	00:87,0,0,0	02:37,0,17,23	00:89,0,0,0	03:65,0,0,25	11:0,58,0,21	00:72,0,37,0	00:103,0,0,0	03:49,24,0,29	00:87,0,0,0	00:66,0,0,54	00:122,0,0,0	13:37,12,0,16	22:0,0,89,0	01:42,50,0,0	03:53,0,0,41	23:25,15,18,27	01:67,16,0,0	33:24,0,0,75	00:93,0,0,0	11:16,45,0,0	01:72,20,0,0	00:128,0,0,0	00:94,0,0,0	00:43,0,0,22	01:69,18,0,0	00:73,0,0,0	00:98,0,0,0	01:48,59,0,0	02:35,0,30,0	11:0,65,0,14	00:114,0,0,0	00:45,0,0,0	33:26,0,34,38	23:19,0,30,40	00:75,28,0,0	00:102,0,0,0	00:94,0,0,0	22:0,0,89,0	33:0,0,0,133	11:0,72,0,24	11:29,76,0,0	03:50,0,0,10	00:89,0,0,24	00:109,0,0,0	01:69,28,0,0	03:131,0,0,0	03:17,0,0,85	00:108,0,0,0	00:118,0,0,0	33:0,0,0,84	03:56,0,0,25	00:84,0,0,0	00:86,0,0,22	03:49,0,0,46	00:74,0,0,25	13:0,24,0,52	02:42,1,30,25	03:31,0,0,89	00:79,0,18,0	00:64,0,0,21	00:68,0,0,27	01:91,29,0,0	03:46,0,20,16	00:82,19,0,0	03:45,0,16,16	02:71,0,30,0	01:20,21,17,22	03:89,0,0,26	13:0,49,0,24	00:98,37,0,0	00:116,0,0,0	00:48,50,0,0	00:59,0,28,19	01:73,28,0,0	03:25,0,0,58	03:27,0,0,69
1_24	28	03:33,5,39,16	13:0,69,0,25	33:0,0,5,57	02:44,0,20,0	03:66,0,0,20	00:95,0,0,0	03:90,0,0,15	00:100,6,0,0	01:23,53,0,0	00:54,0,0,13	03:27,0,0,46	00:25,0,10,0	00:24,0,0,30	00:74,0,0,11	03:39,15,0,11	00:48,1,0,0	00:86,0,0,0	03:44,0,0,78	02:51,10,18,0	00:83,0,0,0	22:0,0,82,14	00:84,7,0,0	00:56,0,30,0	11:0,46,0,5	00:66,0,0,34	00:39,0,8,23	11:30,29,0,13	00:100,0,0,0	00:62,0,14,0	00:70,0,0,6	33:36,0,0,37	22:58,0,37,0	00:104,0,0,0	33:0,0,0,91	00:90,0,0,62	22:0,0,94,0	22:27,8,44,0	00:47,0,28,0	00:55,0,0,0	00:33,24,0,21	00:114,0,0,0	33:0,0,0,98	00:72,0,0,12	00:43,22,0,0	33:0,0,0,48	00:92,0,0,12	00:49,0,0,8	00:67,0,0,0	00:79,0,0,0	33:52,0,0,37	33:0,0,0,61	00:35,0,0,11	00:98,0,0,0	00:83,16,0,0	03:36,0,27,11	03:56,0,0,12	02:22,0,18,19	01:27,21,0,21	03:38,15,0,10	01:44,23,11,0	03:27,0,0,53	00:64,0,0,0	01:44,20,0,27	00:44,23,0,0	00:73,0,0,0	02:38,0,6,0	03:49,0,0,29	13:3,11,0,42	01:11,46,0,0	00:52,0,0,45	00:91,0,0,0	03:76,0,0,16	00:56,0,0,11	03:75,0,0,24	00:77,0,0,0	00:61,0,0,0	03:60,0,0,23	00:88,0,0,0	00:43,0,0,31	02:46,3,27,0	03:33,0,0,82	33:0,23,0,57	00:39,18,0,0	02:41,0,10,0	00:100,0,0,0	NA:28,0,0,0	00:104,0,0,0	00:89,0,0,0	22:0,0,73,0	22:31,0,47,0	00:68,0,0,7	00:66,0,0,0	00:69,0,0,10	33:8,0,0,70	00:41,33,0,0	00:78,0,0,0	00:98,0,0,0	00:80,0,0,54	00:98,0,0,0	33:20,0,0,53	00:69,0,0,0	00:131,0,0,0	00:72,0,0,0	00:107,0,0,0	33:23,0,0,44	00:47,0,0,37	00:52,0,5,0	22:34,0,37,4	00:65,0,0,15	22:38,0,39,0	11:38,34,0,0	22:0,53,46,0	00:110,0,0,0	22:28,0,23,0	00:32,0,36,10	33:0,0,0,59	00:123,0,0,0	00:86,0,0,0	00:58,33,0,0	00:88,0,0,0	00:84,0,0,14	00:46,6,0,0	00:80,0,0,0	33:0,0,0,72	00:102,0,0,0	22:43,0,44,0	33:24,0,0,82	00:84,0,0,0	00:31,0,0,35	33:0,0,0,102	00:89,0,0,0	22:0,0,65,0	00:108,0,0,0	00:82,0,0,37	22:15,14,43,0	12:0,27,109,0	03:70,0,0,27	00:103,0,24,0	33:41,0,0,49	11:0,70,0,0	22:0,0,92,0	22:0,0,80,0	00:60,0,0,19	33:0,37,0,75	02:91,0,18,0	33:0,0,0,84	03:15,20,0,42	03:64,0,0,15	00:100,0,0,0	02:49,0,8,0	00:56,0,0,20	03:26,0,0,64	02:52,27,21,0	00:96,0,0,0	00:71,0,0,0	00:65,0,0,33	02:22,0,59,0	33:34,0,0,33	03:49,0,0,24	00:62,17,0,0	00:60,0,1,13	00:77,0,0,0	03:43,0,0,20	00:61,34,0,0	00:28,19,15,0	00:65,0,0,29	03:61,0,0,21	11:0,69,0,0	00:96,0,0,29	00:57,0,21,0	02:40,13,10,0	01:40,11,0,0	00:71,0,0,13	00:98,0,0,0	01:30,17,10,0	22:0,0,78,0	01:79,18,0,0	03:44,0,0,39	23:27,12,18,18	00:58,0,15,0	03:50,0,0,38	01:25,16,25,0	11:0,40,0,12	00:88,0,0,0	00:94,0,0,0	00:69,0,14,0	02:38,0,16,0	02:38,0,12,0	00:38,0,0,15	00:65,0,20,0	01:78,31,0,0	02:20,0,11,7	13:0,36,0,13	00:77,0,0,31	03:55,0,0,11	13:0,18,0,61	02:40,0,32,31	00:59,14,0,0	00:47,22,0,0	00:95,0,0,0	22:0,0,76,0	33:0,0,0,111	11:0,64,0,0	11:62,53,0,0	00:59,0,0,0	33:0,28,0,48	00:91,0,0,0	00:63,0,0,11	00:65,0,0,16	33:0,0,0,69	00:59,0,23,0	00:71,0,0,0	33:18,0,0,43	00:21,0,0,24	03:46,0,0,17	00:99,0,0,26	03:43,11,0,14	03:76,0,0,20	33:0,0,0,44	33:0,0,0,83	03:36,0,0,57	00:93,0,0,0	00:69,0,0,0	03:62,0,0,15	00:63,0,0,14	02:43,15,8,0	02:72,0,18,0	01:51,13,0,0	00:95,0,0,0	11:0,76,0,0	01:73,18,0,0	01:21,51,0,0	02:102,0,25,0	00:82,0,0,0	11:0,91,0,0	00:103,0,0,0	01:78,9,0,0	00:26,0,0,28	33:0,0,0,113
3_24	55	00:29,3,0,22	11:0,44,0,39	33:0,0,3,19	00:64,0,0,0	00:86,0,0,0	00:34,20,0,0	03:38,0,0,28	00:41,0,18,0	11:0,65,0,0	00:50,0,0,19	00:49,0,6,0	00:33,0,20,0	03:9,10,0,30	00:54,0,0,11	03:30,0,0,11	00:54,0,1,0	00:48,21,0,0	03:61,0,0,31	01:34,19,0,0	00:50,22,0,0	22:0,0,51,0	00:54,0,18,0	00:58,0,0,0	11:0,35,18,0	00:60,0,0,18	00:28,10,0,0	03:16,14,10,13	00:53,21,0,0	00:79,0,0,0	00:32,0,0,22	00:44,0,14,0	00:62,0,0,7	00:76,0,0,0	33:0,0,0,67	03:49,0,0,53	22:20,0,48,0	02:47,0,18,0	00:59,0,12,0	00:52,0,36,0	00:47,0,22,16	00:35,11,0,0	33:0,16,0,43	01:41,15,0,0	00:61,0,0,0	00:35,0,0,28	00:63,0,18,0	00:66,0,0,0	00:45,0,0,0	00:37,0,0,13	03:34,0,0,14	03:22,0,0,15	00:51,0,0,0	22:0,0,24,33	03:19,0,18,11	33:17,17,0,30	11:40,18,0,0	00:57,0,0,0	00:70,0,0,0	00:75,0,0,0	00:66,1,0,8	33:13,0,0,45	00:79,0,0,0	13:0,21,12,16	01:34,19,0,0	00:36,10,0,0	00:44,0,0,0	33:15,0,0,39	03:22,0,0,31	11:0,40,0,0	33:24,0,0,63	00:87,0,0,0	00:62,0,9,0	13:20,13,10,21	00:63,0,0,0	00:60,0,0,15	01:31,32,0,0	03:70,0,0,9	02:35,0,40,0	03:51,0,0,13	00:78,0,0,0	00:44,22,0,23	33:0,0,0,54	01:33,5,25,0	00:50,0,12,0	00:55,0,0,17	00:67,0,0,0	03:35,0,21,13	00:48,0,22,0	23:0,0,43,27	00:85,0,0,0	00:30,0,0,0	00:55,0,0,9	01:53,13,0,20	03:19,0,0,31	00:40,10,0,0	02:33,0,21,17	33:41,0,17,15	00:59,33,0,22	00:70,23,0,0	33:9,0,0,45	00:50,0,0,0	00:87,0,0,0	01:30,3,0,6	03:36,19,0,23	33:17,0,0,36	00:36,1,15,0	33:15,0,0,48	03:23,0,0,23	02:49,0,8,0	NA:45,0,0,0	00:52,9,0,0	12:34,25,11,0	00:58,0,28,0	00:34,0,17,0	00:55,0,16,0	00:50,0,0,12	11:44,37,0,0	00:38,0,0,16	00:66,0,0,16	00:116,0,0,0	03:40,0,0,34	00:51,0,52,0	00:44,0,0,35	03:19,0,0,52	03:53,0,0,25	00:75,0,0,0	01:22,16,0,25	00:68,0,0,0	00:53,0,0,0	03:24,0,0,31	33:30,0,0,35	02:16,41,13,0	01:40,40,0,0	00:60,0,0,0	22:31,0,38,0	12:0,24,48,0	03:19,0,0,55	00:91,0,0,0	00:90,0,0,0	02:21,41,9,1	02:9,0,64,0	02:15,0,47,0	01:46,16,0,0	22:0,29,53,29	02:56,0,25,0	03:37,0,0,28	03:18,0,0,46	33:29,0,0,27	00:75,0,0,0	03:14,0,19,12	33:20,22,0,42	33:0,0,20,46	22:20,0,29,0	00:77,0,0,15	01:28,18,20,0	33:0,0,21,60	23:0,0,52,10	33:29,0,0,29	03:56,0,0,9	00:69,0,1,0	00:51,0,0,0	00:65,0,0,12	00:47,0,0,11	03:43,0,0,21	00:45,0,0,0	00:60,0,0,0	00:54,16,0,0	11:0,62,0,0	00:61,0,26,0	02:33,20,27,0	00:68,0,0,0	00:49,0,0,0	00:58,0,0,14	00:45,8,0,0	00:54,0,0,0	02:9,0,59,0	00:68,0,0,0	03:10,15,0,44	00:52,0,0,15	03:34,1,0,14	23:12,0,8,40	00:52,0,14,0	02:3,30,18,0	00:79,0,0,0	03:24,0,0,38	00:45,0,0,0	03:31,0,0,16	01:22,8,0,22	03:18,11,0,10	02:33,0,20,0	11:38,32,0,0	00:34,0,0,19	11:0,27,0,14	03:65,0,0,28	00:50,0,0,0	33:0,18,0,46	02:37,0,17,20	12:1,40,12,29	00:37,0,0,16	01:34,15,0,14	NA:10,6,29,0	03:22,0,19,39	11:0,43,8,23	01:40,17,21,0	03:31,0,0,31	03:28,0,0,30	00:38,0,10,0	00:65,0,0,0	03:18,13,0,46	03:11,0,11,35	03:30,0,0,40	03:45,15,0,17	00:41,0,0,10	00:50,0,10,0	00:37,0,0,6	00:109,0,0,0	00:49,26,0,21	00:58,0,9,0	03:16,0,0,56	03:25,14,0,14	33:0,16,0,65	00:48,0,11,0	13:14,17,0,40	03:35,0,24,27	11:32,35,0,0	03:33,0,0,17	02:28,13,16,18	03:23,13,0,9	00:97,0,0,0	13:0,22,0,26	03:30,0,0,12	00:32,25,0,0	00:55,0,10,0	23:23,0,46,11	01:50,16,0,0	02:47,0,26,0	11:12,37,25,0	33:32,0,0,31	03:64,0,0,15
1_25	34	00:120,0,0,0	13:0,73,0,48	33:0,0,0,69	01:47,31,0,0	01:95,26,0,0	00:109,0,0,0	02:55,0,47,35	02:95,0,36,0	11:0,86,0,0	03:54,0,0,24	03:65,0,0,22	22:9,0,78,0	33:0,0,0,73	12:45,28,27,0	00:29,36,0,0	00:40,23,22,0	00:75,0,0,29	00:124,0,0,24	11:54,36,0,0	00:48,55,0,0	22:0,0,82,0	00:132,0,0,0	01:82,26,0,0	11:26,44,0,0	03:89,0,0,27	00:85,20,0,0	00:66,26,0,0	03:58,15,0,24	03:63,0,0,33	33:38,0,0,44	00:109,0,0,0	02:82,0,30,0	03:93,0,0,15	33:0,0,0,95	03:113,0,0,41	23:0,16,55,27	01:69,23,0,0	02:57,0,44,0	01:60,10,0,0	00:111,0,0,0	00:77,0,0,0	33:17,0,0,91	00:107,0,0,0	03:67,0,0,27	33:0,0,0,55	02:100,0,42,0	33:25,0,0,26	03:31,0,11,20	03:81,0,0,22	00:75,0,0,22	23:41,0,28,18	02:48,0,19,0	03:30,0,0,72	02:101,0,30,0	00:83,0,0,0	03:22,0,45,24	00:109,0,0,0	00:126,1,0,0	00:66,0,0,17	01:63,54,0,0	33:25,0,0,84	00:101,0,37,0	00:82,0,0,19	00:56,0,18,0	00:76,0,0,0	02:46,0,15,0	00:92,0,0,23	01:44,19,6,0	01:18,63,0,0	01:38,31,0,57	00:142,0,0,0	03:92,0,0,30	00:49,17,0,0	03:92,0,0,33	00:105,0,0,0	03:47,0,0,44	00:127,0,1,0	02:46,0,57,0	00:65,0,0,29	23:28,0,29,44	33:0,45,0,99	33:0,0,0,105	00:71,16,0,0	00:88,0,0,0	00:120,0,0,0	00:58,0,0,0	00:87,0,0,0	03:51,0,0,57	00:71,0,0,25	00:105,0,0,0	02:29,0,22,13	00:79,0,0,0	03:66,0,0,55	33:0,0,0,105	00:66,0,0,0	03:67,0,0,45	03:65,0,0,57	23:0,0,62,100	00:113,0,0,0	33:0,0,0,120	02:44,0,34,0	03:85,0,0,43	00:77,27,0,0	00:113,0,0,0	33:0,0,0,78	00:66,0,0,27	03:21,0,0,55	33:27,0,1,66	00:86,0,0,27	00:79,0,0,0	03:46,0,0,38	01:24,73,0,0	00:142,0,0,0	03:18,16,0,43	00:64,22,0,0	03:44,0,0,41	01:73,60,0,0	02:41,0,57,0	00:127,0,0,0	00:150,0,0,0	01:96,0,0,29	00:68,0,32,0	00:83,0,27,0	33:0,0,0,116	01:55,19,0,24	00:34,17,35,0	33:0,0,0,100	03:57,29,0,22	02:51,0,20,17	03:49,0,0,78	00:108,0,0,0	12:0,66,56,0	03:63,0,0,72	00:111,0,0,0	01:20,47,29,0	22:0,21,93,0	00:111,0,0,0	00:147,0,0,0	03:103,0,1,46	11:0,102,0,0	22:0,0,100,0	22:0,0,96,0	03:50,0,0,45	12:0,56,44,41	00:93,0,0,0	33:0,0,0,104	13:0,43,0,54	02:37,0,31,20	00:91,0,0,33	00:72,0,19,0	01:78,32,0,0	13:0,18,0,62	12:33,50,31,0	00:138,0,0,0	00:79,0,37,0	03:34,0,0,87	22:0,0,83,29	03:44,0,0,59	00:115,0,0,0	00:111,0,0,0	00:85,0,0,0	00:87,0,0,0	00:86,0,0,0	12:34,52,37,0	01:39,28,0,0	33:0,0,0,107	00:108,0,0,0	13:0,64,0,27	03:79,0,0,73	00:102,0,0,0	00:59,0,0,16	00:63,0,0,0	00:91,0,0,0	03:50,0,0,58	02:41,0,38,0	22:0,0,96,0	00:95,0,0,0	03:65,0,0,24	03:91,0,0,23	00:81,0,0,0	00:92,0,0,32	02:36,0,36,0	13:0,64,0,16	00:78,0,0,24	00:116,0,0,0	02:45,0,54,0	03:54,1,0,24	01:60,22,0,0	13:21,22,0,26	03:76,0,0,23	00:102,0,0,0	03:39,0,0,27	13:0,50,0,26	00:133,0,0,0	00:89,0,0,0	33:0,0,0,107	03:71,0,0,80	00:109,0,0,0	01:46,38,0,0	00:103,0,0,0	02:22,0,71,0	33:0,0,0,134	01:0,117,0,0	00:108,0,0,0	03:79,0,0,14	01:41,40,0,0	00:100,0,0,0	00:96,0,0,0	00:122,0,0,0	33:0,0,0,94	02:60,0,81,0	00:92,0,0,0	03:25,0,0,30	02:49,0,42,0	00:66,0,0,0	00:137,0,0,0	00:138,0,0,0	00:90,0,0,0	33:0,0,0,85	00:93,0,0,0	33:0,0,0,122	00:128,0,0,0	00:86,0,0,0	00:123,0,0,0	01:72,21,0,0	03:68,0,0,21	00:135,0,0,0	03:73,0,0,15	02:82,0,22,0	01:14,76,0,0	13:16,52,0,16	13:0,68,0,26	00:147,0,0,0	00:126,0,0,0	00:100,0,0,0	00:101,0,0,0	01:71,24,0,0	00:49,0,0,13	03:29,0,0,76
2_25	81	33:90,0,1,54	03:31,40,0,59	03:67,0,0,73	02:82,0,39,0	03:103,0,0,46	00:119,0,0,0	00:127,39,0,0	00:164,0,0,0	01:36,54,0,13	00:112,0,0,0	00:136,0,0,0	00:113,0,0,0	03:33,20,0,47	00:108,0,0,0	00:87,37,0,0	03:52,0,24,25	00:156,0,0,0	23:48,0,34,74	02:97,0,31,0	00:45,50,0,27	02:31,0,109,0	00:155,0,0,0	00:129,0,0,0	12:0,61,31,0	00:131,0,0,0	01:41,49,0,0	00:114,0,0,0	00:102,61,0,28	02:56,0,46,0	00:118,0,0,0	03:116,0,0,41	22:82,0,55,0	03:104,0,0,35	33:31,0,0,60	33:35,0,0,138	22:0,0,154,0	00:133,0,0,0	00:104,0,38,0	02:44,0,25,0	00:122,0,0,0	00:130,0,0,0	13:0,78,0,59	00:151,0,0,0	01:76,32,0,0	33:0,0,0,102	00:88,0,38,0	03:59,0,0,25	03:81,0,0,26	03:62,0,26,23	00:140,0,0,31	33:36,0,0,77	00:100,0,0,0	33:0,0,0,160	03:74,0,35,17	03:96,0,0,28	03:61,0,21,25	00:88,0,0,9	00:105,0,0,12	00:60,0,21,32	00:133,34,0,0	33:35,22,0,68	00:154,0,0,0	00:117,0,0,0	00:75,0,0,0	02:67,0,20,0	12:58,28,36,0	00:66,0,0,31	01:41,26,30,0	01:35,67,27,0	00:88,0,0,74	00:151,0,0,0	03:113,0,0,25	00:79,0,0,0	00:130,0,0,0	03:84,23,0,44	00:85,0,0,28	03:111,0,0,27	01:39,32,46,34	00:96,0,0,30	02:111,0,50,0	03:50,0,0,151	23:0,0,37,82	00:111,0,0,18	03:63,0,18,26	00:106,25,0,0	00:113,0,0,0	03:104,0,0,30	01:74,29,0,20	00:110,0,0,25	03:103,0,0,38	02:86,0,21,0	00:154,0,0,0	00:123,0,0,0	33:21,0,0,107	03:81,0,0,27	00:98,0,0,25	00:106,0,0,25	33:0,0,36,153	00:112,0,0,0	13:54,32,0,34	03:65,0,0,26	03:130,0,0,41	00:90,39,0,0	00:141,0,0,0	33:36,0,0,73	00:120,0,0,0	00:69,0,0,18	33:0,0,0,94	00:133,0,36,0	00:92,31,0,0	00:84,0,0,36	01:41,104,0,0	02:133,0,40,0	02:15,18,46,0	00:115,0,0,0	33:48,0,0,68	01:80,82,0,0	03:25,0,0,82	00:110,0,0,36	02:140,0,51,0	00:72,0,0,83	00:118,0,0,16	02:91,0,33,37	33:37,0,0,93	00:171,0,0,0	02:58,40,42,0	33:0,0,0,110	00:106,0,0,0	00:69,0,0,20	03:71,26,0,43	03:69,0,0,57	22:0,41,113,0	03:80,0,0,80	00:175,1,0,0	02:37,0,100,0	22:0,30,125,0	00:138,0,0,0	03:93,0,0,95	03:120,0,0,44	11:0,100,0,28	02:31,0,90,0	22:0,0,105,0	00:112,0,0,0	33:42,0,0,110	00:150,0,0,0	23:0,0,25,89	33:0,0,0,158	33:28,0,0,97	00:88,37,0,27	12:40,67,40,0	13:36,40,37,36	33:0,0,46,90	00:74,0,50,0	00:167,0,0,0	00:148,0,0,0	00:174,0,0,0	02:33,0,93,0	33:0,0,0,117	00:139,0,0,0	01:66,41,0,0	00:121,0,0,0	01:89,16,0,0	00:119,0,0,0	00:143,0,0,0	00:115,0,0,0	03:87,0,0,30	03:106,0,0,26	11:32,62,0,32	00:160,0,0,0	00:130,0,0,0	03:62,0,29,25	00:125,0,0,0	03:78,0,14,23	00:106,0,28,0	00:70,0,0,21	22:0,0,135,0	01:65,79,0,0	03:71,0,0,54	03:70,0,0,93	33:25,24,0,65	03:29,0,38,76	00:71,0,62,0	11:26,81,0,0	00:148,0,0,0	13:83,29,0,42	03:53,0,23,45	00:111,0,0,0	00:89,0,0,0	00:73,0,0,28	00:80,0,28,0	00:155,0,0,0	00:59,0,0,16	11:0,77,0,18	01:85,81,0,0	00:67,0,0,0	33:0,0,0,132	13:40,82,0,37	01:26,132,0,0	03:26,0,0,84	00:99,0,0,36	01:30,80,0,38	03:81,0,0,90	13:0,76,0,62	11:22,118,0,0	00:98,0,0,0	00:104,40,0,0	00:103,36,0,0	01:97,27,0,0	00:123,36,0,0	33:0,0,28,88	00:61,0,77,0	00:136,0,48,0	03:81,0,0,15	03:21,34,32,32	00:78,0,0,17	00:186,0,0,0	03:59,0,41,51	00:81,0,41,0	03:23,0,29,50	03:42,0,0,76	33:50,0,0,149	02:53,0,78,0	00:115,0,0,0	03:108,0,1,39	00:147,0,0,0	00:116,0,0,0	00:58,0,56,0	00:72,24,0,0	00:180,0,0,0	01:25,45,0,32	00:133,0,0,0	12:0,80,12,0	03:127,0,0,43	00:152,0,0,0	01:45,94,0,0	02:76,0,84,0	00:169,0,0,0	03:50,0,0,36	33:0,0,0,173
3_25	38	03:100,0,0,38	11:0,138,0,0	33:24,0,0,68	00:87,0,0,0	00:103,0,30,0	01:86,19,0,0	03:117,0,0,37	13:43,33,0,59	13:15,25,31,25	02:73,0,12,0	03:82,0,0,24	22:34,0,28,0	33:0,0,28,61	03:80,0,0,18	11:37,36,0,0	01:52,23,0,27	00:127,0,0,0	02:78,0,35,39	01:65,40,0,0	00:82,0,0,0	03:31,0,56,28	01:96,26,0,0	00:105,0,0,0	13:0,75,0,11	00:107,0,0,0	02:53,0,21,41	03:74,0,0,26	00:136,0,0,0	00:105,0,0,0	03:36,0,0,70	00:118,0,0,0	00:119,0,0,0	00:86,0,0,32	03:50,0,0,40	03:95,0,0,68	12:0,28,89,0	01:87,17,0,0	03:51,0,0,71	01:64,24,0,0	03:49,0,0,50	00:110,0,0,0	23:0,0,22,73	03:75,0,0,21	33:13,21,0,37	33:0,0,0,103	02:114,0,26,0	02:55,0,24,0	00:97,0,0,0	03:37,26,0,33	03:52,0,0,58	02:18,0,12,44	03:66,0,0,18	02:26,0,48,80	03:72,0,0,38	00:94,0,0,37	00:94,0,0,0	02:100,0,17,0	01:113,21,0,0	01:81,33,0,0	02:73,39,26,0	03:35,0,42,45	03:93,0,0,48	01:53,66,0,0	00:78,0,0,0	01:62,20,0,0	00:86,0,0,0	00:107,0,0,0	33:15,0,0,74	01:25,86,0,0	00:96,0,0,40	00:104,0,0,29	02:66,0,37,0	02:52,25,25,0	00:113,30,0,0	00:64,32,0,0	01:59,25,0,0	00:109,0,0,49	02:31,0,80,0	03:85,0,1,31	00:81,34,0,0	03:119,0,0,40	33:0,0,0,121	02:89,0,22,0	23:50,0,12,22	00:87,0,0,37	00:100,0,0,0	02:47,0,29,37	03:87,0,0,42	23:0,0,59,24	01:91,11,0,0	00:80,0,0,0	03:97,0,0,29	00:103,0,0,0	03:57,0,0,55	03:59,1,0,43	03:87,0,0,32	00:83,0,42,0	01:37,50,0,83	00:85,0,16,0	03:36,0,0,85	00:60,0,0,33	00:149,0,0,0	03:61,18,0,22	03:62,0,0,65	33:41,0,0,70	00:89,0,0,0	03:42,0,0,47	33:0,0,0,102	01:66,17,27,0	00:93,0,0,0	00:52,23,0,0	00:62,55,0,0	02:56,0,74,0	01:103,22,0,0	12:17,55,40,0	33:0,0,28,57	11:42,58,0,0	03:72,0,0,49	03:95,0,0,42	00:159,0,0,0	33:28,0,19,55	02:87,0,35,0	03:94,0,0,27	33:20,0,0,65	00:74,0,0,41	00:110,0,0,0	33:33,0,0,89	00:130,0,0,0	00:69,19,0,0	33:44,0,0,68	03:61,0,0,25	12:0,46,58,0	00:158,0,0,0	00:118,0,0,24	03:82,0,0,31	02:28,0,89,0	03:104,0,0,16	00:142,0,31,0	01:132,40,0,0	11:0,87,30,0	22:0,0,113,38	12:0,31,74,0	00:100,0,0,0	03:30,0,0,128	00:99,23,0,0	23:0,0,21,96	03:78,0,0,47	13:52,28,0,20	00:124,0,0,0	00:79,0,31,0	00:87,0,0,24	33:0,0,0,83	22:69,0,76,0	01:110,48,0,0	03:82,0,0,31	00:168,0,0,0	02:34,0,84,0	23:24,0,34,65	00:61,0,39,0	01:59,52,0,0	00:74,0,0,19	00:94,0,0,0	03:68,0,0,18	00:145,0,0,0	00:60,0,26,0	03:54,0,0,49	00:102,43,0,0	11:0,103,0,0	00:148,0,0,0	00:93,0,24,0	03:16,37,0,31	00:76,0,0,0	00:69,0,0,29	13:62,32,0,36	00:63,0,0,0	12:0,27,68,0	00:69,0,0,0	02:34,0,36,65	03:29,73,0,19	00:66,0,15,0	33:0,34,0,85	02:78,0,18,0	13:0,49,0,29	03:116,0,0,35	00:132,0,0,0	03:59,0,0,48	00:104,0,0,0	02:65,0,10,0	00:93,0,0,0	00:78,0,20,0	03:96,0,0,27	00:77,0,0,0	11:0,69,0,0	00:88,0,0,28	00:69,0,0,0	33:0,0,0,124	00:105,0,0,30	03:68,25,0,26	00:123,0,0,0	03:66,0,0,21	23:0,0,77,29	23:0,0,43,108	13:0,106,0,29	02:62,31,33,0	00:96,0,0,0	02:56,38,31,0	01:48,44,0,27	03:110,0,0,30	02:60,0,28,27	23:0,0,24,70	00:90,0,34,0	02:120,0,29,0	03:47,0,0,51	00:58,0,28,18	03:73,0,0,18	02:122,0,41,0	02:105,0,28,0	02:67,0,22,0	23:0,0,22,69	01:49,19,0,18	33:0,0,0,142	03:97,0,0,29	00:110,0,0,0	01:101,13,0,0	00:85,0,0,0	00:101,0,0,0	00:148,0,0,0	01:64,21,0,0	03:101,0,0,15	11:0,92,0,0	02:59,33,29,0	11:0,101,0,0	03:127,0,0,34	00:166,0,0,0	02:63,28,30,0	02:93,0,38,0	00:120,0,0,0	13:28,22,0,46	33:0,0,0,132
4_25	71	00:27,0,0,44	12:0,19,19,22	33:0,0,0,47	00:45,0,28,0	01:36,20,0,18	02:48,0,17,0	02:39,0,8,21	02:72,0,14,0	01:38,38,0,0	03:34,13,0,15	13:23,19,0,10	02:22,0,12,0	33:24,0,0,23	01:48,19,0,0	00:51,0,0,0	00:57,0,0,0	02:53,0,22,0	00:65,0,0,29	13:17,9,17,6	01:48,20,0,0	22:0,0,73,0	00:74,0,0,0	01:57,19,0,0	11:0,49,0,0	03:63,0,0,11	00:54,0,0,0	00:47,14,0,0	00:91,0,0,0	00:52,0,0,0	03:50,0,0,10	00:46,0,0,27	02:32,0,31,0	00:60,0,0,0	33:0,0,0,72	33:40,0,0,50	23:0,0,65,9	01:25,12,17,0	02:37,0,27,0	00:24,0,0,0	00:54,0,0,0	00:47,0,0,0	13:0,13,0,55	00:59,0,0,0	03:49,0,0,9	33:0,0,14,47	22:45,0,34,0	03:40,0,0,19	00:31,0,0,0	00:52,0,0,0	03:62,0,0,12	23:25,0,7,9	02:40,0,14,0	00:18,4,0,27	02:41,0,11,6	00:72,0,0,0	00:61,0,0,0	00:47,0,0,0	00:59,0,0,0	00:51,0,0,0	01:40,33,0,0	33:9,0,0,54	00:80,0,0,0	00:35,12,0,13	00:42,0,0,10	03:34,0,0,12	00:43,0,11,0	00:46,6,0,0	03:33,0,0,16	11:0,49,0,0	13:38,22,0,21	03:37,0,0,10	03:54,0,0,11	00:37,0,0,0	13:23,29,0,5	03:61,0,0,23	03:55,0,0,12	03:34,0,0,17	02:61,0,13,0	00:40,0,0,20	11:36,21,0,21	03:60,0,0,31	03:17,0,9,3	00:43,0,16,0	00:53,0,19,0	00:59,0,0,15	00:32,10,0,0	00:83,0,0,0	00:68,0,0,0	23:26,0,15,6	00:47,11,0,0	00:34,0,0,0	03:43,0,0,15	01:56,24,17,0	33:18,0,0,39	03:27,0,0,17	00:67,0,0,0	00:48,0,21,0	00:65,1,0,26	01:33,34,0,0	03:14,0,0,39	00:29,0,0,8	03:37,22,0,18	00:38,0,15,0	03:62,0,0,22	00:44,0,0,17	00:64,0,0,0	00:58,0,0,0	03:16,0,0,31	00:69,0,0,0	01:41,20,0,0	03:15,14,0,36	11:0,71,0,0	02:48,0,15,0	00:42,0,18,0	00:62,0,0,0	00:47,0,0,24	01:45,43,0,0	00:60,0,0,0	00:75,0,0,0	00:87,0,0,0	23:23,0,15,39	00:75,0,0,0	00:82,0,0,0	00:30,0,0,33	00:71,0,0,0	00:54,0,14,0	02:6,0,23,23	01:39,13,0,0	00:24,0,0,12	00:31,0,0,48	03:52,0,0,13	22:0,0,62,0	03:38,0,0,45	01:20,21,0,21	02:28,0,28,0	12:0,13,66,0	23:18,0,13,27	01:72,28,0,0	00:51,0,19,18	22:0,16,61,0	22:25,0,27,0	01:11,13,8,12	00:69,0,0,0	23:0,0,42,59	02:53,0,19,0	03:22,0,0,60	03:16,0,0,54	13:17,20,0,25	03:64,0,0,15	02:41,0,25,0	03:58,0,0,25	23:0,0,16,55	00:60,0,0,0	00:95,0,0,0	03:39,10,0,10	03:71,0,0,12	22:12,0,35,0	13:24,16,0,27	03:40,0,0,19	00:49,0,0,9	00:65,0,0,0	00:53,0,0,0	00:54,0,0,0	23:37,0,12,29	00:46,0,0,0	00:66,0,0,0	03:16,0,0,46	12:0,46,10,0	01:31,5,16,0	02:38,0,20,0	03:20,17,0,31	00:55,0,0,0	00:56,0,0,18	03:62,0,0,23	00:39,0,0,0	22:0,0,61,0	03:28,12,0,20	03:14,0,0,55	00:85,0,0,0	03:43,1,0,12	03:34,0,0,35	01:38,13,0,0	13:0,14,0,22	00:70,0,0,0	02:38,0,10,18	00:55,0,0,0	01:5,20,6,0	03:39,0,0,18	00:37,0,0,0	00:52,15,0,0	00:89,0,0,0	00:33,0,0,0	33:11,9,0,18	00:87,0,0,0	00:14,0,0,6	33:0,0,0,59	00:72,0,0,0	00:58,0,0,0	00:40,0,27,0	03:34,0,15,14	22:0,0,68,0	13:0,21,0,59	12:0,53,15,0	11:0,92,0,0	00:45,0,0,0	03:16,24,0,29	00:55,0,0,0	00:34,0,0,16	03:27,0,0,38	33:0,0,0,64	00:68,0,0,0	00:64,0,0,0	13:10,20,0,29	00:22,25,0,0	00:52,0,0,0	00:57,0,0,32	03:52,0,0,19	03:45,0,0,15	33:11,0,0,31	00:66,0,0,0	33:0,0,0,74	00:68,0,0,0	00:38,25,0,0	00:63,0,0,0	00:78,0,0,0	00:63,0,0,0	00:70,0,0,0	01:13,26,0,15	00:50,0,0,22	13:0,17,0,40	00:57,0,0,21	11:0,42,0,0	00:66,0,0,11	00:62,0,0,10	00:45,20,0,0	02:37,0,33,0	01:31,13,23,0	33:11,0,0,32	00:18,0,0,51
1_26	87	33:29,15,0,67	03:58,0,2,115	33:0,0,9,81	00:65,27,43,0	03:156,0,0,48	00:149,0,2,0	00:206,0,0,0	01:80,66,0,0	01:33,120,0,0	00:58,0,0,69	00:102,0,0,32	01:27,22,52,0	00:64,0,0,47	00:74,0,24,40	03:93,31,0,0	00:100,35,0,0	NA:114,0,0,0	03:179,0,0,57	NA:1,79,36,0	00:160,0,0,0	22:0,0,103,51	01:75,80,0,0	01:139,0,0,0	33:0,47,1,47	00:190,3,0,0	00:62,0,72,0	13:26,37,0,85	00:169,0,0,46	00:83,0,42,37	33:38,0,0,104	03:138,0,0,38	12:88,39,36,2	00:127,0,0,28	33:0,0,0,160	33:105,0,0,118	22:0,0,178,0	11:82,75,0,0	02:113,0,43,0	22:70,20,30,0	03:85,0,0,89	00:141,0,0,0	33:2,0,0,150	03:72,0,0,56	13:72,37,0,41	23:0,0,25,100	01:77,46,0,47	00:24,0,0,88	00:65,33,0,32	00:96,0,0,23	00:141,0,1,0	33:0,0,0,116	00:45,0,1,78	33:61,0,0,130	00:135,39,0,0	00:139,0,0,0	03:86,0,0,33	00:163,0,0,0	00:189,0,0,0	01:74,71,0,0	01:85,59,35,0	33:38,0,0,94	00:154,0,0,0	00:104,38,0,0	00:110,0,0,0	NA:129,0,0,0	00:54,0,34,0	00:88,40,1,23	00:100,24,0,0	01:22,106,0,0	02:192,0,0,3	00:140,0,0,50	03:111,0,0,30	03:75,0,0,35	00:134,3,0,44	00:136,0,0,3	00:125,0,0,0	00:181,0,0,0	02:127,2,50,0	00:110,0,0,21	12:28,70,51,0	03:76,0,3,132	00:69,0,0,81	NA:93,42,32,1	33:74,0,0,32	11:62,91,0,39	03:62,0,0,72	13:81,75,0,1	00:143,0,1,0	00:87,0,44,0	00:153,0,0,0	00:78,0,0,34	00:142,0,0,0	00:144,0,0,34	33:95,0,0,85	00:112,0,0,0	00:173,0,0,0	00:179,0,1,1	02:181,0,0,44	00:185,1,1,0	03:66,0,0,71	00:84,0,0,20	00:206,0,0,0	00:117,0,25,0	00:171,0,0,2	00:58,0,0,53	NA:139,0,0,0	00:73,0,36,0	11:0,61,0,79	00:123,0,0,47	02:120,0,0,0	00:108,30,0,0	22:0,98,72,0	02:127,0,52,0	00:77,0,21,0	02:81,0,41,32	33:33,0,1,82	11:102,95,0,0	00:139,1,0,0	00:147,0,0,0	00:217,0,0,0	03:83,0,0,93	03:79,43,0,22	00:156,0,0,0	NA:0,2,0,154	00:156,0,0,0	00:123,0,34,0	33:34,0,0,111	02:76,45,41,0	00:90,0,0,37	01:84,37,0,27	NA:147,0,0,1	22:0,1,158,0	00:140,0,0,49	00:185,2,0,0	00:103,1,32,0	22:48,2,135,0	00:108,0,1,24	00:196,0,0,0	03:30,0,0,136	12:0,130,30,0	33:0,0,111,31	22:0,43,98,0	00:126,0,0,36	23:0,116,59,29	01:147,36,1,0	03:48,0,0,76	00:25,0,0,141	00:88,17,0,1	01:140,63,0,1	02:100,0,66,0	00:88,0,51,31	03:0,36,0,109	02:120,0,46,0	00:164,0,0,55	22:71,0,73,0	33:109,0,0,54	23:0,0,119,26	33:2,0,0,154	01:97,39,0,0	00:157,0,0,0	NA:100,0,0,0	11:65,40,35,0	03:105,0,0,37	00:179,2,1,0	00:115,1,0,0	33:27,0,0,116	00:134,0,0,34	11:0,127,0,0	00:244,0,0,0	00:175,0,0,0	03:92,0,0,18	02:51,0,20,19	00:102,0,0,58	03:140,0,0,32	00:91,0,3,16	22:0,0,153,0	03:57,0,0,96	03:51,0,0,69	00:91,27,0,35	00:99,0,0,0	33:1,0,0,132	00:32,0,104,0	01:55,33,0,36	23:4,72,34,32	00:167,0,1,0	00:155,0,1,0	00:131,0,0,0	00:99,23,0,0	00:98,22,0,1	00:166,0,0,0	00:175,0,0,0	00:87,19,0,0	11:0,97,0,0	00:138,65,0,0	02:108,0,46,0	NA:0,0,0,179	00:96,35,0,60	01:87,39,36,0	00:96,3,0,32	00:169,0,0,0	NA:74,0,81,0	33:77,0,0,97	01:40,76,0,46	00:112,28,0,46	03:79,0,0,20	00:80,2,0,69	00:120,0,0,0	02:87,0,31,0	00:163,0,0,0	33:0,0,37,94	01:119,45,0,0	03:83,0,0,85	00:82,0,0,28	03:72,0,40,27	00:103,0,0,0	00:209,0,0,0	00:206,0,0,0	03:121,0,0,28	11:41,41,0,74	23:77,0,44,32	03:40,0,0,116	01:135,36,0,0	00:112,0,0,27	00:157,0,0,0	00:40,33,0,83	00:82,38,0,0	00:136,0,0,41	00:132,0,0,0	00:203,0,0,0	33:0,85,0,48	11:39,69,0,32	11:29,109,0,0	03:112,0,43,65	01:118,43,0,0	13:51,64,0,46	02:49,0,138,0	00:145,22,0,0	33:0,0,0,120	03:53,35,0,110
2_26	59	03:80,0,0,41	03:27,0,0,79	33:31,0,1,36	11:34,54,20,0	00:116,0,0,30	00:96,0,0,0	00:126,0,0,0	00:128,0,0,0	11:16,77,0,0	00:125,0,0,0	00:113,0,0,0	02:38,0,64,0	33:56,0,0,42	02:67,0,23,0	NA:54,28,0,0	00:61,0,0,31	00:111,0,0,0	00:133,0,0,25	11:34,37,20,0	03:62,0,23,35	22:40,50,42,0	00:141,0,0,0	00:112,0,0,0	12:0,90,0,0	00:128,0,0,0	00:70,0,0,0	00:75,0,0,0	13:64,50,0,35	03:92,0,27,46	33:23,0,0,87	00:120,0,0,0	02:122,0,0,0	03:26,0,64,36	13:0,32,0,60	03:34,0,53,76	22:0,0,112,0	00:54,0,0,34	01:78,30,0,0	01:64,33,24,0	00:93,0,0,37	23:45,0,24,29	03:25,0,0,79	11:96,24,0,0	00:84,23,0,0	33:0,0,28,78	00:165,0,0,0	03:84,0,0,25	03:98,0,0,15	03:77,0,0,11	00:103,0,0,0	33:15,0,0,55	03:105,0,0,0	03:0,0,0,133	03:52,0,0,29	03:83,0,0,0	02:33,49,37,0	03:94,0,0,17	03:110,0,0,23	02:95,0,52,0	01:140,0,0,0	03:41,0,0,50	01:90,0,48,0	01:64,44,0,0	01:94,0,0,0	03:30,35,0,21	00:87,0,0,0	01:55,91,0,0	00:69,0,0,0	11:0,100,0,0	00:174,0,0,0	03:110,0,0,56	00:115,0,0,0	00:76,0,0,0	01:135,0,0,0	02:74,0,68,1	00:109,0,0,0	03:82,0,0,51	02:122,0,0,0	03:33,0,0,82	00:89,0,45,0	00:136,0,0,0	00:74,0,0,50	23:36,0,43,37	00:92,0,0,0	33:34,0,0,69	00:138,0,0,0	00:124,0,0,0	03:67,0,0,40	03:29,0,41,47	03:93,0,0,26	00:85,0,0,0	00:80,0,0,40	00:143,0,0,0	03:73,0,0,40	00:100,0,0,0	00:62,0,0,40	03:102,0,0,57	23:43,0,54,51	00:140,0,0,0	03:20,0,0,56	00:72,0,0,15	00:134,0,0,0	00:56,32,18,0	00:133,0,0,0	33:0,0,0,91	00:91,0,0,39	03:73,0,0,25	33:0,0,0,117	02:79,0,31,0	11:92,13,0,0	01:38,27,0,30	11:0,131,0,0	02:51,0,69,0	00:68,0,15,0	00:77,0,31,0	03:18,0,0,61	01:117,47,0,0	00:86,0,0,0	02:109,0,23,0	00:187,0,0,0	33:23,0,0,106	03:49,39,0,33	00:117,0,0,0	03:22,0,38,63	03:88,0,0,22	00:118,0,0,0	03:64,0,0,42	00:87,34,0,0	00:78,0,15,0	13:54,31,0,22	03:120,0,0,0	22:0,0,138,0	00:149,0,0,0	01:90,33,0,0	01:95,31,0,0	12:0,54,68,0	02:82,0,22,0	01:93,36,0,0	00:102,0,0,29	12:0,25,80,0	22:0,0,101,35	NA:16,0,56,0	00:76,25,0,0	33:0,0,0,154	02:27,22,56,0	13:0,0,0,112	03:39,24,0,41	03:22,0,0,95	33:37,39,0,46	00:52,0,57,0	03:60,0,0,48	23:0,0,30,104	00:54,0,27,22	00:150,0,0,0	00:57,0,27,13	33:0,0,0,119	22:0,0,70,32	00:65,0,0,70	00:116,0,0,0	03:64,0,0,45	00:102,0,0,0	00:115,0,0,0	00:101,0,25,0	00:141,0,0,0	00:108,0,0,0	00:74,0,0,28	03:65,0,0,54	13:30,76,0,0	02:110,0,38,0	00:116,0,0,0	13:38,22,0,53	00:93,0,0,0	03:96,0,0,17	00:92,0,0,30	00:83,0,0,0	22:0,0,117,0	01:80,20,0,0	33:68,0,0,70	00:111,0,0,0	00:87,0,0,0	03:33,0,0,81	00:113,0,0,0	13:0,51,39,28	00:52,26,0,29	03:96,0,0,23	00:81,21,0,0	12:67,28,25,0	00:119,0,0,0	00:78,0,0,26	00:68,38,0,0	00:97,0,19,0	00:76,0,0,0	01:14,32,0,11	00:155,0,0,0	03:37,0,0,47	33:0,0,0,158	03:89,0,0,29	01:72,40,0,0	00:119,0,0,0	03:72,0,0,17	12:0,43,76,0	01:40,18,0,65	02:31,76,30,0	11:37,99,0,0	00:63,27,0,0	00:111,0,0,0	00:99,0,0,0	00:122,0,0,0	03:68,0,0,30	33:0,0,0,125	00:110,0,0,0	00:133,0,0,0	01:60,33,0,34	03:69,0,18,0	00:73,0,20,0	00:120,0,0,0	03:131,0,0,0	00:120,0,0,0	33:0,0,0,139	00:92,0,0,0	33:0,0,0,155	00:138,0,0,0	00:147,0,0,0	00:139,0,0,0	00:141,0,0,0	00:60,0,0,28	00:168,0,0,0	01:54,40,0,0	00:153,0,0,0	13:0,71,0,47	01:74,24,0,0	13:0,72,32,0	00:129,0,0,0	00:126,0,0,0	01:94,31,0,0	02:91,0,35,0	01:67,62,0,0	03:38,0,0,79	03:37,0,0,91
3_26	30	03:89,1,0,61	33:0,0,0,109	33:0,0,0,68	00:55,29,21,0	00:120,0,0,33	00:116,0,0,0	NA:136,0,0,44	00:185,0,0,0	11:23,92,0,0	01:80,32,0,0	00:97,0,0,0	NA:48,0,52,0	00:72,0,0,28	00:83,0,35,0	11:64,18,0,8	00:104,0,4,0	02:109,0,32,0	00:144,0,0,38	00:78,23,21,0	33:109,6,0,31	22:0,0,125,0	00:134,0,0,0	00:136,0,0,0	11:0,83,0,0	00:127,0,0,0	NA:80,18,0,0	00:101,25,0,0	00:109,9,0,33	00:96,0,0,37	00:88,0,0,32	00:118,0,0,22	00:129,0,12,0	00:116,0,12,0	33:0,0,24,95	03:101,0,0,97	22:0,9,121,0	00:112,0,17,0	02:105,0,53,0	00:69,35,5,0	00:87,0,0,20	00:131,0,0,0	13:29,30,0,67	00:121,21,0,0	11:28,84,0,0	33:0,0,28,107	02:127,0,26,0	00:106,0,0,0	00:89,0,7,0	00:101,0,0,0	13:62,30,0,27	33:17,18,0,55	00:91,0,0,0	03:95,0,0,69	00:108,0,0,22	03:94,0,0,21	00:110,0,5,0	23:78,0,15,35	13:88,20,0,38	03:104,0,0,25	00:126,0,0,0	33:39,0,0,92	00:153,0,0,0	33:44,36,0,68	03:35,0,16,23	00:85,0,0,0	00:54,0,35,0	00:77,14,0,3	03:66,0,5,49	11:0,91,0,0	00:155,0,0,4	00:141,0,0,0	NA:125,0,0,0	33:74,0,0,14	00:103,0,0,31	00:140,0,0,0	00:122,0,0,1	00:88,0,0,34	02:111,0,44,0	23:28,0,23,53	00:143,4,0,0	03:156,0,8,31	02:55,0,23,39	00:104,0,33,0	NA:59,0,41,0	00:113,0,0,23	01:44,35,0,33	00:132,0,0,0	00:108,0,0,0	02:87,0,31,0	01:102,29,0,0	00:89,0,1,0	00:124,0,0,9	22:59,0,40,19	33:25,0,0,94	00:67,0,0,21	00:116,28,0,0	02:61,32,33,5	00:102,0,47,56	02:57,0,42,0	00:67,0,0,23	00:67,0,0,32	00:153,0,0,0	00:85,0,34,0	00:148,0,0,0	33:48,0,0,51	00:104,0,0,5	00:95,0,0,0	12:17,21,49,40	00:138,0,0,4	NA:116,0,0,0	00:86,29,0,0	22:0,42,56,39	33:38,35,34,44	00:74,0,13,0	02:82,0,24,0	33:21,0,6,74	NA:71,23,0,0	00:104,2,0,0	00:183,0,0,0	00:198,0,0,0	03:92,0,0,61	00:119,0,0,15	00:118,0,0,0	33:0,5,0,136	00:175,0,0,0	02:50,0,82,0	03:47,0,0,68	00:120,0,0,0	00:91,0,0,0	01:32,20,0,70	00:102,0,0,36	12:0,61,70,0	00:110,14,0,45	03:109,0,0,65	02:109,0,19,0	22:0,0,151,0	01:113,22,0,0	00:186,0,0,0	03:62,0,44,59	02:20,0,116,0	23:38,0,50,64	12:0,15,75,28	00:95,24,0,0	03:35,0,0,147	01:104,48,1,0	03:23,5,0,81	03:89,0,0,44	00:123,0,0,0	00:129,0,0,17	22:44,0,87,0	00:95,0,23,27	23:0,33,25,76	03:91,0,0,32	03:135,0,0,38	03:63,31,11,16	00:97,0,0,35	02:38,0,71,1	03:53,0,0,69	03:92,7,0,30	03:82,0,0,60	00:112,0,0,0	00:96,0,35,0	00:92,0,0,0	02:107,0,64,0	22:84,0,11,0	NA:74,0,0,46	00:82,0,0,56	11:1,103,0,0	00:174,0,0,0	00:163,0,0,0	00:86,0,0,32	00:53,0,0,42	01:96,43,0,7	00:138,0,0,6	00:70,12,0,0	22:0,0,144,0	02:80,28,26,0	33:21,0,0,106	33:32,0,21,63	03:88,0,0,18	33:8,0,0,136	22:50,5,79,0	11:0,82,0,37	00:142,0,0,0	00:133,0,0,0	00:79,0,8,4	00:83,25,0,0	33:61,2,0,21	00:28,41,0,20	00:104,0,6,0	00:120,0,0,9	00:77,0,0,14	13:0,33,0,30	00:161,0,0,0	00:70,0,0,0	33:0,0,0,141	03:90,0,0,74	12:56,46,14,0	00:53,13,19,7	00:87,4,24,0	00:60,0,39,0	33:0,0,1,193	01:23,107,12,0	11:52,95,0,0	00:95,0,0,0	11:54,108,0,0	00:73,13,0,28	03:30,0,0,82	03:29,0,0,87	33:0,0,3,122	00:132,0,10,0	00:143,0,8,0	00:103,0,0,7	01:23,79,14,4	00:87,0,0,7	01:47,82,0,42	01:65,89,0,12	00:111,0,6,0	33:38,0,7,65	03:110,0,0,17	33:4,0,0,149	03:45,0,9,78	03:35,26,0,64	03:135,0,0,24	00:155,0,0,0	01:57,43,5,0	03:96,3,0,30	00:57,22,0,22	NA:106,0,0,43	11:0,44,0,71	01:62,40,6,23	11:17,88,0,0	00:152,0,12,0	00:164,0,0,0	00:125,8,0,0	00:157,0,0,0	01:52,32,37,29	03:24,0,0,82	03:51,0,0,94
1_27	39	03:13,0,0,63	11:0,48,0,37	13:0,14,0,41	00:47,0,17,0	00:75,0,0,14	01:53,14,0,0	02:43,0,27,28	02:62,0,20,0	11:9,49,0,0	33:12,23,0,34	03:60,0,0,14	23:14,0,28,13	03:47,0,0,15	01:67,18,0,0	02:33,0,14,0	00:51,0,0,0	03:45,0,0,14	00:90,0,0,22	11:15,21,9,0	00:61,0,0,0	12:0,15,50,0	03:63,0,0,7	13:31,13,0,6	11:16,23,0,0	33:42,0,0,46	00:68,0,0,0	00:42,14,0,0	00:83,0,0,0	00:68,0,0,0	13:33,7,0,16	01:45,13,0,8	01:25,22,13,0	00:37,0,14,0	03:43,0,0,25	01:89,27,0,0	11:0,31,28,0	12:7,27,22,0	00:67,0,0,0	00:50,0,0,0	03:42,0,0,16	03:46,0,0,22	23:0,0,16,35	33:29,0,0,27	00:76,0,0,0	03:15,20,0,22	22:43,0,45,0	03:29,0,0,12	00:80,0,0,0	00:56,0,0,0	00:42,0,0,14	33:0,0,0,41	00:38,0,0,0	03:52,0,0,16	00:81,0,0,0	00:45,0,0,11	00:63,0,0,0	00:39,20,4,0	00:41,6,21,0	00:65,0,0,11	12:17,31,16,0	33:14,0,0,64	00:68,0,0,0	01:17,21,0,16	00:38,0,0,17	00:65,0,0,0	03:21,0,16,13	03:53,0,0,33	00:24,0,0,5	11:0,43,0,0	01:59,20,0,0	00:78,0,0,0	00:72,0,0,0	00:54,0,0,0	03:36,0,0,31	03:62,0,0,24	03:59,0,0,26	00:29,0,0,27	02:58,0,28,0	00:46,0,0,20	03:56,0,0,20	03:64,0,0,20	03:9,13,14,6	00:44,0,0,0	00:18,0,18,0	00:77,0,0,0	00:29,14,0,0	00:72,0,0,0	03:48,0,0,14	00:49,0,16,0	00:32,15,11,0	00:44,0,0,0	03:43,0,0,10	03:35,0,24,19	33:0,0,0,74	00:28,0,0,7	03:52,0,0,23	03:32,0,18,22	22:60,0,63,0	01:38,43,0,0	33:0,0,0,53	02:45,0,14,0	00:71,31,0,0	00:48,0,0,0	03:67,0,0,25	33:13,0,0,41	00:74,0,0,0	33:21,0,0,30	33:0,0,13,35	00:77,0,0,0	00:66,0,20,0	33:0,12,0,49	01:6,38,8,0	02:59,0,16,0	03:37,0,16,15	00:67,0,0,0	33:0,0,0,50	11:21,67,0,0	02:31,0,16,0	00:88,0,0,0	00:135,0,0,0	03:31,0,0,43	00:78,0,0,0	03:36,0,0,8	03:12,0,0,44	00:66,0,0,0	00:69,0,16,0	03:19,0,0,61	02:55,0,20,0	00:56,0,0,0	00:47,0,0,29	03:57,0,0,20	22:0,0,71,0	00:69,0,29,0	00:78,0,0,17	00:55,0,6,0	22:0,19,43,31	00:60,0,0,12	03:58,0,0,26	00:71,0,0,19	12:0,24,62,0	23:0,0,41,14	22:26,0,36,0	00:75,0,0,0	33:0,27,0,75	01:63,47,0,0	33:0,0,0,68	03:21,0,0,35	03:34,0,0,19	02:93,0,0,0	02:44,0,28,0	00:78,0,0,0	33:0,0,0,76	00:51,0,0,0	00:64,0,0,0	22:26,0,33,0	03:36,0,0,50	23:0,0,34,25	33:26,0,0,52	00:52,0,0,31	00:54,0,0,24	03:38,0,0,17	00:57,0,0,0	00:73,0,0,0	00:56,0,0,0	00:30,0,7,0	03:36,0,0,28	00:74,0,0,0	13:22,21,0,18	03:49,0,0,36	00:40,20,0,0	33:16,0,0,33	00:29,0,14,0	02:16,0,4,20	03:39,0,0,31	01:25,11,1,0	22:0,0,74,0	00:36,0,13,0	03:30,0,0,38	00:63,0,0,0	02:34,0,13,0	33:20,0,0,50	01:13,18,11,0	11:0,60,0,0	03:54,0,0,38	01:50,21,0,0	00:61,0,0,0	00:69,0,0,0	01:17,34,0,0	00:33,17,0,0	00:68,0,0,0	00:51,0,0,0	00:50,0,0,0	13:0,29,0,15	00:82,0,0,0	01:43,20,0,0	13:0,34,0,62	00:60,0,0,39	00:53,0,17,0	00:32,0,0,26	00:61,0,0,0	02:16,0,61,0	33:40,0,0,59	11:0,52,25,0	00:50,30,0,0	00:52,0,0,0	01:35,15,0,0	03:55,0,0,14	01:31,18,0,0	00:74,0,0,0	33:0,0,0,54	00:75,0,0,0	00:78,0,0,0	03:41,0,0,26	03:38,0,0,19	00:51,0,0,0	00:97,0,0,0	03:55,0,0,28	00:55,0,0,0	33:0,0,0,47	00:48,0,0,0	33:0,0,0,62	00:75,0,0,0	00:50,0,0,0	00:56,0,0,14	01:53,17,0,0	00:41,0,0,33	00:59,18,0,0	01:34,8,0,0	00:91,0,0,0	11:25,38,0,0	02:50,0,21,0	11:0,57,0,0	00:103,0,0,0	00:105,0,0,0	00:40,30,0,0	02:30,0,39,0	00:85,0,0,0	33:21,0,0,43	33:0,0,0,98
2_27	78	03:12,3,0,59	33:0,15,0,64	33:16,0,5,41	02:48,0,26,0	03:65,0,0,28	02:57,0,0,15	00:88,22,0,0	01:57,25,11,0	03:25,28,0,36	02:42,0,15,14	03:44,0,2,15	02:45,0,17,0	03:33,6,0,10	03:54,0,0,20	01:25,26,0,0	01:71,16,0,0	00:73,0,0,0	03:69,0,0,48	12:17,25,21,0	00:65,0,0,21	23:0,11,42,42	01:45,17,4,10	00:73,0,6,0	13:0,26,6,20	00:86,0,0,0	02:36,0,26,0	13:27,18,12,18	00:65,0,11,17	00:58,0,18,0	03:36,0,0,38	03:51,10,0,27	02:56,0,21,0	00:89,0,0,10	03:24,0,10,54	03:83,0,0,28	12:0,15,59,8	12:19,25,15,0	03:61,0,10,25	01:23,4,7,0	03:39,0,0,33	00:51,16,0,0	23:0,0,22,57	03:45,0,0,36	03:61,0,0,18	23:0,0,23,76	01:43,30,15,0	03:31,0,7,17	01:49,5,0,0	03:49,0,6,0	00:73,0,0,8	03:15,0,0,22	03:36,0,0,31	33:0,0,0,96	00:57,0,20,0	00:72,0,0,0	00:57,0,12,0	02:62,0,18,9	01:66,18,0,13	01:46,14,19,4	02:51,13,49,0	33:0,14,0,58	03:39,0,0,60	00:78,9,13,0	00:54,0,0,3	00:47,0,0,3	02:46,0,0,12	00:54,0,0,0	03:26,0,0,17	03:10,19,11,29	00:51,0,0,53	00:51,0,4,0	00:73,8,0,0	23:23,0,15,13	00:48,6,0,0	00:43,25,0,0	03:58,0,0,21	01:65,1,0,12	23:14,10,19,47	00:55,0,0,28	00:89,0,0,0	00:99,0,0,14	33:0,0,0,48	00:61,0,0,21	00:63,0,17,0	00:92,0,0,0	00:66,0,0,9	00:41,0,0,28	13:38,18,0,11	01:28,18,27,0	00:96,0,0,0	03:35,0,0,12	00:83,0,0,0	23:41,0,22,33	33:0,0,0,80	00:55,0,0,10	00:40,12,9,14	00:55,9,0,30	33:13,0,42,71	00:64,0,0,7	23:9,9,19,43	00:57,0,0,7	03:71,0,0,19	03:46,4,0,15	00:91,17,0,0	33:8,0,0,66	01:30,21,25,0	13:32,18,0,26	33:10,5,0,43	03:84,0,0,6	01:37,19,0,4	01:31,26,0,13	11:12,58,6,0	00:111,0,6,0	02:39,0,17,0	01:74,0,6,0	23:19,0,13,37	01:53,30,0,23	00:48,0,21,0	00:91,0,0,0	00:92,0,0,14	03:35,15,0,46	00:79,0,0,4	00:66,0,12,0	33:0,0,0,78	00:72,0,0,13	02:51,9,32,0	03:19,0,0,58	03:55,6,0,0	00:37,0,0,9	03:68,0,0,26	00:77,0,12,0	22:0,0,74,0	03:31,0,0,67	02:94,0,0,0	02:38,0,52,0	22:0,38,62,0	00:80,0,0,14	00:125,0,0,0	03:61,0,0,33	12:0,70,30,0	22:0,0,77,0	12:0,0,70,0	00:55,0,0,0	23:22,0,43,63	01:83,9,0,0	33:0,0,0,88	33:12,0,0,58	02:34,0,22,21	00:84,0,0,22	00:75,0,0,12	01:33,37,0,10	33:0,0,0,66	02:50,0,41,0	00:122,0,0,0	03:54,0,0,22	00:87,0,0,0	02:30,0,48,0	33:9,1,0,70	03:53,0,0,26	01:49,34,0,0	00:78,0,0,0	00:81,0,0,12	00:24,0,0,6	00:93,0,6,0	03:35,0,0,24	03:50,6,0,41	00:68,5,0,0	11:7,66,0,0	00:50,0,27,0	00:68,0,0,4	33:2,21,0,54	00:61,0,0,0	03:44,0,0,42	00:89,0,0,0	00:47,0,0,0	02:31,0,48,6	00:96,0,0,0	33:0,0,0,74	03:45,7,0,28	03:38,0,0,8	33:35,0,0,49	03:48,0,6,18	12:4,28,16,0	00:94,0,10,0	01:25,27,8,26	03:71,0,0,17	00:52,0,18,0	00:54,0,0,0	00:40,0,0,0	01:41,49,0,0	02:83,0,21,0	00:32,0,0,0	01:18,27,0,0	00:93,0,0,8	03:10,0,1,12	23:0,0,29,42	33:33,0,0,76	00:50,33,6,0	01:50,18,0,18	01:48,40,0,0	12:28,18,23,0	03:0,0,0,111	13:4,62,0,20	11:11,90,0,0	03:27,13,0,17	03:40,0,0,25	00:72,7,0,0	00:56,0,0,0	03:43,0,0,35	33:5,0,0,65	01:40,37,0,0	03:61,0,0,18	03:39,0,0,14	03:14,0,5,16	00:54,0,0,0	01:84,18,0,0	13:27,36,0,28	03:57,0,10,23	03:0,6,0,61	03:48,0,8,23	33:6,0,0,90	23:40,0,27,28	03:47,0,0,12	03:49,0,0,16	03:95,0,0,0	01:37,18,0,0	00:62,0,15,0	03:44,12,0,0	02:93,0,0,0	33:0,23,0,36	00:68,24,0,0	01:19,34,0,0	00:99,0,0,0	00:74,0,0,0	01:34,48,0,0	03:52,0,9,31	03:47,10,0,26	33:23,0,6,33	33:0,0,0,83
4_27	48	00:42,0,0,38	13:0,79,0,33	33:0,0,0,81	00:78,0,0,0	00:93,0,0,0	00:81,0,0,19	00:106,0,0,0	01:69,57,1,0	11:0,76,0,0	03:42,0,0,43	03:67,0,0,29	00:32,13,16,0	03:23,0,0,36	03:40,0,31,23	11:44,38,0,0	00:68,0,0,0	03:46,0,0,24	00:140,0,0,0	13:0,58,0,4	23:46,0,18,27	02:25,0,71,0	03:64,13,0,16	02:49,0,19,0	13:0,52,0,25	00:103,0,0,0	02:45,0,49,0	03:39,0,0,43	00:63,0,0,31	03:44,0,0,50	03:15,0,0,65	03:70,0,0,18	00:72,28,0,0	03:37,0,0,50	33:0,0,0,66	03:69,0,0,63	02:27,0,67,0	03:45,20,0,11	03:37,0,22,26	11:15,47,0,0	03:43,0,0,43	00:95,0,0,0	33:0,0,0,78	23:23,0,23,37	01:41,12,0,16	33:0,0,0,71	03:59,27,0,28	02:14,0,31,35	00:33,14,0,18	03:36,0,0,38	01:69,23,0,0	33:0,0,0,69	03:31,0,0,36	03:27,0,0,74	00:119,0,0,0	03:48,0,0,20	01:34,25,0,19	00:102,0,0,0	00:113,0,0,0	03:40,19,0,17	11:29,81,0,0	33:0,0,0,81	00:112,0,0,0	00:105,0,0,0	00:65,0,0,0	00:66,0,0,0	11:9,26,8,0	00:70,0,0,22	00:40,16,0,0	11:25,51,0,0	13:43,24,0,17	00:76,1,0,21	00:76,0,0,26	01:68,17,0,0	03:32,0,0,52	03:62,0,0,25	00:82,0,0,0	00:99,0,0,0	00:83,0,19,0	03:72,0,0,21	00:40,18,25,0	13:30,27,0,61	03:37,0,0,38	01:39,29,0,0	00:39,0,0,12	03:52,0,0,52	00:92,0,0,0	00:84,0,0,0	01:41,25,0,20	03:54,0,0,46	00:79,0,0,0	03:23,0,16,23	00:111,0,0,0	00:93,0,0,0	33:22,0,0,71	00:70,0,0,0	03:55,0,0,31	00:71,0,0,25	23:0,0,42,99	00:98,0,0,0	33:23,0,0,59	00:67,0,0,0	00:87,0,0,34	01:59,21,0,0	00:126,0,0,0	33:0,0,0,53	03:71,0,0,31	03:39,0,0,33	03:16,0,0,66	03:45,0,13,19	01:67,18,0,0	00:103,0,0,0	11:29,60,0,0	00:100,0,0,0	01:30,36,0,0	01:53,28,0,0	00:87,0,0,0	01:79,34,0,0	00:80,0,0,21	00:74,0,0,21	00:118,0,0,0	33:42,0,0,44	02:37,26,28,0	00:87,0,0,0	33:0,0,18,68	00:121,0,0,0	02:67,0,31,0	03:38,0,0,49	02:81,0,26,0	00:57,0,18,0	23:27,0,18,54	00:77,0,0,0	11:0,88,0,0	33:27,0,26,59	03:79,0,0,13	02:63,0,29,0	12:34,45,55,0	00:67,0,0,9	00:74,0,0,52	02:47,0,50,0	12:0,52,38,0	02:30,0,62,0	23:19,0,46,23	00:57,18,0,0	33:0,29,28,53	00:99,0,0,0	33:0,0,0,83	33:0,0,0,88	03:48,0,0,16	03:66,0,0,28	00:76,0,28,0	00:41,0,0,50	33:0,0,0,72	00:47,19,0,18	00:89,0,0,0	01:82,7,0,0	01:15,17,0,49	22:0,0,99,0	03:44,0,0,34	03:70,0,0,16	13:38,24,0,9	00:81,0,0,0	00:63,0,16,0	00:62,0,0,0	00:67,31,0,0	00:58,20,0,0	00:69,0,0,17	00:75,0,0,32	01:14,57,0,0	00:85,0,0,23	00:66,0,0,0	00:66,0,0,0	03:34,0,0,21	01:42,25,0,0	00:90,0,0,0	02:14,14,21,0	23:0,0,52,24	00:81,0,0,0	33:43,0,0,41	33:0,0,19,56	00:80,0,0,0	03:53,0,0,51	02:37,0,42,0	01:16,69,0,0	00:85,0,0,0	03:61,0,0,27	03:38,24,0,17	00:69,0,0,33	03:71,0,0,13	01:69,12,0,0	00:96,0,0,0	00:51,28,0,19	00:49,0,8,0	11:0,58,0,0	01:72,26,0,0	00:69,0,0,0	13:0,25,0,79	03:14,0,22,58	01:54,30,23,0	00:54,0,0,17	03:34,24,0,20	11:19,38,16,0	23:0,0,23,77	12:0,42,50,0	12:54,32,27,0	03:55,0,0,15	00:71,26,0,0	02:18,0,29,21	00:49,23,0,17	13:21,13,0,29	02:17,0,36,21	03:42,0,22,21	01:49,26,0,28	00:97,0,0,0	23:0,0,20,46	03:44,0,0,38	00:65,22,0,30	03:40,0,0,43	02:77,0,19,0	03:20,0,0,44	01:18,19,0,40	13:0,21,0,69	02:53,0,26,21	03:57,0,0,38	00:43,0,0,35	00:102,0,0,0	00:54,27,0,0	01:31,37,0,0	00:69,0,0,0	00:99,0,0,0	11:0,66,0,0	01:71,19,0,0	11:0,86,0,0	02:79,0,39,0	02:34,33,52,0	01:47,22,0,25	02:84,0,27,0	00:94,41,0,0	03:32,0,0,31	00:59,0,0,69
1_28	59	00:116,0,0,2	11:2,119,0,0	33:3,0,0,62	00:98,0,0,0	00:81,0,37,0	02:76,0,26,0	00:110,1,0,0	02:77,0,19,0	11:0,85,24,0	03:51,0,31,27	02:84,0,4,0	22:40,1,53,0	33:0,0,0,75	23:45,0,26,16	01:81,10,0,0	01:42,19,0,19	00:93,0,0,0	00:100,0,3,27	11:57,47,0,0	00:84,0,0,30	12:4,24,83,0	03:62,2,0,15	00:91,0,0,0	11:0,81,3,1	03:109,0,0,15	02:43,5,22,24	02:68,0,13,3	00:107,0,0,0	00:102,0,0,0	03:57,0,0,36	00:93,0,0,18	00:112,1,2,0	00:70,0,0,29	00:86,0,17,3	03:133,0,0,32	23:0,0,70,21	00:105,0,0,0	00:78,0,0,34	00:88,0,0,0	03:69,0,0,55	01:53,13,0,0	00:37,2,0,62	23:27,19,20,23	02:29,46,33,0	03:20,0,0,62	02:95,4,23,0	23:47,0,13,25	00:85,1,0,0	00:66,17,0,0	00:86,0,0,16	33:0,0,0,86	00:88,0,0,0	33:31,0,0,77	00:84,0,0,13	03:54,0,0,33	00:70,0,17,0	00:130,0,0,0	00:138,0,0,0	00:97,0,0,0	00:118,3,0,0	33:0,0,0,82	01:107,23,0,0	02:60,0,17,0	00:36,0,13,26	03:54,0,1,12	03:58,2,0,14	33:61,0,0,53	03:33,0,0,36	11:0,87,0,0	33:61,0,0,62	33:106,0,0,28	00:106,0,0,0	03:73,0,0,28	00:94,0,0,31	00:78,22,0,4	01:61,24,0,0	02:56,0,32,23	02:63,29,38,0	00:88,0,0,0	01:106,24,0,0	33:65,0,0,75	33:0,0,33,64	01:67,18,0,0	00:61,0,0,32	00:118,2,0,0	00:69,23,0,22	00:95,0,0,2	00:104,1,0,1	02:99,0,24,3	00:95,0,0,3	03:51,0,0,11	00:78,0,0,0	03:92,0,0,16	00:53,0,0,59	00:74,0,0,3	00:105,0,0,0	03:31,0,64,39	01:35,41,0,77	01:80,36,0,0	03:28,3,0,61	00:55,0,0,24	00:174,0,0,2	00:84,0,0,0	00:102,0,0,32	33:20,0,0,72	00:101,0,0,0	02:25,0,11,38	33:0,0,0,91	03:80,0,0,27	01:69,26,0,0	00:55,14,0,0	11:0,109,0,0	02:52,0,56,0	00:79,0,0,0	13:32,38,0,9	33:3,0,18,63	01:47,83,0,0	00:94,0,0,2	02:77,0,35,0	00:105,0,4,29	03:77,0,0,39	01:84,30,0,0	00:117,0,1,0	03:30,0,0,84	00:84,0,0,28	00:108,0,0,0	00:72,0,0,24	00:122,0,0,0	00:42,20,0,20	03:82,0,0,32	00:87,0,0,24	22:0,0,71,27	03:107,0,0,35	01:59,49,0,0	01:69,34,0,0	22:0,0,119,2	00:101,0,0,0	01:97,19,0,0	00:81,0,37,1	13:0,37,50,26	22:29,0,65,18	22:0,6,57,21	03:64,0,0,26	01:31,46,0,86	00:103,21,0,0	33:0,0,0,96	13:27,19,0,49	00:91,0,0,0	01:98,34,0,0	01:56,15,15,0	02:89,0,29,0	23:0,0,28,62	12:59,19,28,0	00:121,2,0,4	00:51,20,19,0	03:68,0,0,51	22:3,0,75,12	03:58,0,0,44	00:109,0,0,0	00:77,0,0,24	00:65,0,0,0	00:88,0,0,0	00:85,0,0,0	01:94,24,0,0	13:43,16,0,20	03:50,0,0,47	00:87,0,0,28	11:1,88,0,0	23:60,0,38,27	00:115,2,0,0	01:28,22,0,45	00:71,0,2,0	03:83,0,0,23	00:82,0,0,24	02:59,0,22,0	22:0,0,87,0	00:62,31,3,0	03:44,0,0,67	00:127,0,0,0	00:103,0,0,3	00:57,0,0,46	02:83,0,23,0	11:0,74,0,26	00:92,0,0,20	03:83,3,0,37	02:62,1,24,0	02:68,24,29,0	00:70,0,0,0	03:70,0,0,17	01:78,28,0,0	00:119,0,0,2	03:67,0,0,18	01:17,46,0,0	00:151,0,0,0	03:70,2,0,26	33:0,0,0,126	33:74,0,0,45	02:74,0,40,0	13:20,21,28,32	00:71,2,25,0	02:32,0,70,0	33:0,0,0,120	11:0,85,1,4	01:92,44,0,0	03:55,0,0,22	01:79,15,0,0	00:52,0,0,25	00:103,0,0,3	03:48,0,0,49	03:72,0,0,43	12:47,41,19,0	00:130,0,0,0	02:28,0,36,23	02:66,0,20,0	00:54,15,0,0	00:147,0,0,0	00:66,0,0,46	00:91,0,0,1	03:57,0,0,48	00:100,0,0,3	33:0,0,25,104	00:114,0,3,0	01:67,31,0,0	00:135,0,0,1	00:113,0,0,0	03:86,1,0,26	03:88,0,0,31	00:63,17,0,0	00:135,1,0,2	11:0,92,0,36	01:63,24,0,0	12:0,76,30,0	02:108,0,31,0	00:134,0,0,0	02:98,0,20,0	02:57,0,74,0	03:55,36,1,32	03:19,0,0,81	33:23,1,0,85
2_28	71	03:16,25,0,60	11:0,61,0,35	03:17,0,0,35	03:76,0,0,14	00:66,0,0,0	02:48,18,10,0	00:98,0,0,0	00:112,0,0,0	11:0,84,0,0	01:48,14,0,29	03:61,0,0,24	22:21,0,35,19	01:41,12,0,0	00:75,0,0,0	13:14,14,12,18	00:70,0,0,0	00:58,0,0,17	00:106,0,24,0	01:32,42,0,0	00:96,0,0,0	22:0,28,49,0	00:78,0,0,17	00:66,0,0,15	11:0,62,0,0	00:76,0,0,27	00:51,4,0,0	00:86,0,0,0	00:67,22,0,0	00:103,0,0,0	00:49,0,0,32	03:39,0,0,39	00:89,0,0,0	00:80,0,0,0	33:0,0,0,79	03:36,0,0,72	23:0,0,26,57	01:89,0,0,0	02:37,0,27,25	00:56,0,14,0	03:31,0,30,43	03:71,0,0,15	33:0,0,27,44	00:57,0,0,22	01:35,23,0,37	33:0,0,0,71	00:74,0,29,0	00:60,0,0,0	00:98,0,0,0	03:72,0,0,8	01:59,15,0,0	03:18,0,0,60	00:62,16,0,0	03:34,0,1,78	03:53,0,28,12	00:91,0,0,0	00:50,0,0,0	03:57,0,0,14	03:68,0,0,17	00:107,0,0,0	00:58,0,20,0	33:0,0,0,80	00:89,0,0,0	03:34,24,0,26	03:41,0,12,19	03:51,0,0,28	02:15,0,39,35	03:44,0,0,47	00:45,0,0,14	12:0,73,9,0	02:83,0,22,0	00:106,0,0,0	03:74,0,0,27	00:60,0,0,15	03:61,0,0,25	00:52,0,0,37	00:80,21,0,0	00:90,0,0,0	00:56,0,44,0	33:43,0,0,47	00:83,25,0,0	00:93,0,0,18	03:48,0,0,41	02:42,15,22,0	03:67,0,0,18	03:70,0,0,16	00:84,0,0,0	00:109,0,0,0	03:50,0,0,41	03:45,0,24,26	01:41,15,0,19	00:68,0,0,0	00:87,0,0,0	00:74,0,25,0	00:58,0,0,55	03:30,0,8,13	00:87,0,0,0	00:94,0,1,0	03:15,0,31,44	00:101,0,0,0	33:25,0,0,55	03:60,0,0,18	00:97,0,0,18	02:35,0,52,0	03:48,0,0,45	33:0,0,18,54	00:85,0,0,0	03:49,0,0,16	33:0,0,0,76	01:69,23,0,0	00:52,23,0,0	01:37,17,0,25	01:23,71,0,0	00:109,0,0,0	12:29,15,31,0	01:55,19,0,0	33:50,0,0,29	01:47,50,0,0	00:53,0,0,20	00:77,0,0,0	01:96,35,0,0	03:37,0,0,41	00:108,0,1,0	00:79,0,0,32	33:22,0,0,61	00:95,0,0,0	22:29,24,43,0	33:0,0,0,85	00:57,0,23,0	00:64,0,0,20	03:58,0,0,45	00:88,0,0,0	22:0,0,96,0	03:65,0,28,23	03:54,0,0,56	02:15,0,35,17	22:0,0,96,0	00:59,15,0,0	01:68,36,0,0	23:54,0,22,20	22:0,26,73,0	00:46,0,40,0	23:0,0,64,24	00:71,0,0,0	33:31,0,0,68	02:41,27,28,0	13:0,18,0,55	23:15,0,22,47	00:74,0,0,0	00:98,0,0,0	02:19,24,58,0	00:69,0,0,9	13:0,24,0,39	03:20,0,41,25	00:117,0,0,0	13:49,16,0,14	03:25,0,0,76	22:0,0,46,15	03:15,0,0,55	00:34,0,20,17	03:85,0,0,14	00:51,0,19,0	00:80,0,0,0	03:69,0,0,20	02:78,0,26,0	00:65,0,0,0	00:52,0,0,27	13:49,20,0,21	13:0,51,0,26	00:113,0,0,0	00:77,0,18,0	03:50,0,0,36	00:47,0,0,16	02:33,0,20,30	00:101,0,0,0	00:78,0,0,0	22:0,14,66,0	11:0,96,0,0	33:22,0,0,63	03:76,0,0,15	02:60,0,26,0	33:0,0,0,94	01:21,40,0,21	13:0,23,26,43	00:54,0,0,28	00:48,0,0,22	00:81,0,0,0	01:71,20,0,0	00:50,0,12,0	00:64,16,0,0	00:90,0,0,0	00:47,0,30,21	00:66,0,0,0	11:0,66,0,0	03:34,33,0,29	00:81,0,0,0	33:0,0,0,90	03:64,0,0,27	12:0,47,26,18	00:73,0,0,26	00:32,0,0,46	02:18,0,25,54	33:39,0,23,41	11:0,38,0,39	11:27,56,27,0	02:53,0,19,0	01:42,20,19,0	00:41,44,0,0	03:50,0,0,35	33:0,24,20,54	33:0,0,31,51	00:62,0,29,0	00:49,0,41,0	03:79,0,0,21	01:35,10,14,0	00:54,0,0,21	03:54,0,24,26	00:50,0,50,0	00:32,0,40,0	00:49,0,40,0	00:44,23,0,17	33:0,0,0,122	00:49,0,26,29	01:56,27,0,0	00:92,7,0,0	00:101,0,0,0	00:81,0,0,0	00:80,0,33,0	03:38,12,0,13	03:73,0,0,61	33:0,25,0,58	03:47,0,17,14	11:0,78,0,0	00:84,0,0,23	00:100,0,0,0	00:46,22,15,0	02:20,0,80,0	02:76,0,25,0	03:15,21,0,37	33:0,0,0,81
4_28	56	03:22,0,0,41	01:18,49,0,0	03:8,0,0,26	00:40,11,0,0	00:58,0,0,0	00:61,0,0,0	01:17,17,0,12	00:41,0,0,11	13:17,28,0,8	03:34,0,0,13	00:61,0,0,0	03:27,0,0,6	01:5,7,0,25	00:58,0,0,0	02:28,0,9,0	00:38,0,0,6	03:44,0,0,6	00:45,0,18,23	01:56,13,0,0	03:39,0,0,29	12:12,12,30,0	03:53,0,0,4	33:48,0,0,6	11:0,18,10,0	03:59,0,0,16	00:35,0,0,0	00:37,0,0,0	03:36,0,0,12	02:29,0,15,0	03:43,0,0,20	01:9,12,0,22	01:51,13,0,0	01:47,19,0,0	33:0,0,0,69	03:38,0,18,19	23:0,0,23,9	00:36,0,0,0	03:47,0,0,14	02:43,0,10,0	00:47,0,0,19	00:31,0,0,0	33:13,18,0,16	00:43,20,0,0	00:44,0,0,0	33:0,17,0,39	01:53,17,0,0	03:40,0,0,7	00:49,0,0,0	02:18,14,8,0	03:25,0,19,8	33:11,0,0,20	00:38,0,0,0	33:0,4,0,65	12:29,18,19,0	02:28,0,7,0	02:24,16,13,0	03:37,0,0,5	03:41,0,0,5	02:60,0,15,0	13:40,10,0,13	13:0,16,0,26	00:63,0,0,0	02:24,0,15,14	00:56,0,0,0	00:30,9,0,0	00:42,0,0,0	03:40,0,0,14	00:28,0,0,0	12:0,40,10,0	03:40,0,0,41	00:47,0,15,0	00:32,0,0,12	02:30,0,8,8	00:50,26,0,0	13:31,7,0,8	00:37,0,0,0	00:34,0,0,21	03:31,0,0,12	03:46,0,0,4	00:51,0,0,0	03:37,0,0,26	33:9,0,0,28	03:40,0,0,11	02:38,0,8,0	00:61,0,0,0	01:32,13,0,0	03:19,0,0,43	00:48,0,0,11	02:26,0,19,0	00:45,0,21,0	00:38,0,0,0	00:29,0,0,13	00:30,11,18,0	33:0,0,0,55	23:16,0,12,10	03:37,0,0,15	03:37,0,0,21	02:45,0,13,23	03:42,16,0,14	03:30,0,0,15	00:36,0,0,0	00:56,0,0,0	01:17,6,0,0	01:37,5,0,8	03:38,0,0,8	02:19,0,13,0	03:31,0,0,12	33:0,9,0,30	00:67,0,0,0	01:18,20,0,0	00:55,0,0,0	00:23,3,11,0	00:67,0,13,0	00:37,0,17,0	00:36,0,6,0	03:22,0,0,16	23:20,21,10,12	02:33,0,13,0	00:49,0,0,0	00:110,0,0,0	33:0,0,0,58	01:32,13,0,7	00:65,0,0,0	33:0,0,0,47	00:67,0,0,0	00:70,0,0,0	03:16,0,0,26	00:29,0,0,13	00:37,0,0,0	00:49,9,0,0	01:29,9,0,0	22:18,12,26,0	03:29,0,0,34	00:40,8,0,0	02:26,0,11,0	22:0,0,66,0	00:32,0,0,11	00:59,13,0,0	03:52,0,0,19	11:0,58,0,0	22:8,0,40,0	22:0,0,35,0	00:33,0,11,0	23:12,0,10,50	00:56,0,0,0	03:25,0,7,12	33:8,0,0,44	03:38,0,0,19	13:25,20,0,9	00:36,5,0,0	00:58,0,0,0	33:0,0,0,40	02:23,0,37,0	00:64,0,0,0	00:46,0,0,0	00:48,15,0,21	22:9,0,37,0	33:16,0,0,35	00:49,0,0,0	00:28,15,0,9	00:31,0,0,10	00:43,0,12,0	00:44,0,0,0	00:59,0,0,0	23:11,0,7,11	00:41,10,0,0	00:61,0,0,0	11:4,30,0,0	02:49,0,15,0	00:67,0,0,0	13:15,4,0,13	00:47,0,0,0	03:23,0,0,23	00:60,0,0,0	00:40,0,0,0	22:0,18,53,0	01:12,33,14,0	33:0,0,19,43	03:45,0,0,11	01:29,10,0,0	33:15,0,0,43	03:32,0,12,5	11:0,21,9,18	03:23,11,0,18	03:37,0,0,9	00:47,0,0,0	02:43,0,19,0	00:35,5,0,0	00:24,5,0,0	01:17,12,6,0	03:48,0,0,13	00:40,0,0,0	01:23,7,5,0	00:47,0,0,31	03:22,0,0,21	02:4,0,12,27	00:52,0,0,12	03:40,0,9,16	03:27,0,0,16	01:27,11,0,0	23:17,0,8,13	33:0,0,0,63	11:9,36,14,0	11:17,39,0,0	03:28,0,0,13	23:23,0,19,11	03:30,0,0,7	00:40,0,0,0	03:11,0,0,22	23:0,0,19,33	02:28,0,14,0	00:54,0,0,0	03:12,0,0,51	02:14,0,12,5	00:31,0,0,0	00:75,0,0,0	33:33,0,0,37	13:18,16,0,8	33:0,0,0,41	00:55,0,0,16	23:0,0,14,66	23:39,0,15,16	23:30,0,12,22	00:50,0,0,0	03:40,0,0,17	01:36,6,0,0	00:56,15,0,0	03:34,0,0,7	03:37,19,0,9	03:14,0,20,26	00:48,0,0,0	03:11,28,0,19	01:41,22,12,0	00:77,0,0,0	02:34,20,6,0	01:45,18,0,0	13:8,36,0,9	33:3,0,0,29	33:26,14,0,25
2_29	43	03:78,0,0,26	13:0,46,0,45	33:0,0,0,56	22:50,0,28,0	11:45,23,0,25	00:96,0,0,0	02:56,0,42,0	00:91,0,40,0	11:0,92,0,0	03:52,0,0,27	03:18,30,0,22	22:0,0,81,0	33:33,0,0,24	00:55,26,0,0	03:51,0,0,20	00:68,0,0,0	00:94,0,0,0	00:71,0,0,20	11:0,44,1,0	00:91,0,0,0	22:0,0,69,0	00:84,0,0,0	01:46,29,0,0	11:0,59,0,0	03:73,0,0,24	00:59,18,0,0	00:54,29,0,0	00:128,0,0,0	00:89,0,0,0	33:23,0,0,57	00:62,0,0,27	02:51,0,23,0	00:46,0,17,0	33:0,0,0,62	33:0,0,0,119	23:0,0,58,26	01:61,25,0,0	02:58,0,21,0	02:46,0,22,0	00:92,0,0,0	00:89,0,0,0	33:0,0,0,83	00:83,0,0,0	11:0,32,0,64	23:0,0,22,54	02:51,0,34,0	03:46,0,0,31	00:90,0,0,0	00:83,0,0,0	00:85,0,0,0	02:23,0,18,14	02:45,0,32,0	03:85,0,0,30	23:0,0,31,35	00:45,0,0,15	00:85,0,0,0	00:75,0,20,0	00:83,24,0,0	00:88,0,0,0	01:72,43,0,0	33:50,0,0,33	00:95,0,0,0	01:44,18,0,0	00:68,0,0,0	00:59,0,0,0	00:69,0,0,0	01:71,37,0,0	01:57,10,0,0	11:0,54,14,0	03:33,72,0,23	00:106,0,0,0	00:92,0,0,0	00:46,0,0,20	00:79,0,0,17	00:94,0,0,0	00:39,19,0,14	00:90,0,0,0	00:67,0,13,0	33:19,0,0,61	01:30,20,34,12	03:27,0,0,53	03:30,0,0,50	02:61,0,44,0	00:59,0,0,0	00:58,0,0,17	00:93,0,0,0	00:75,0,0,0	00:86,0,0,16	00:124,0,0,0	00:68,0,0,14	03:34,0,21,11	00:92,0,0,0	00:74,0,0,21	03:33,0,0,66	00:55,0,0,0	00:66,0,0,14	00:75,0,0,19	33:0,0,22,124	00:81,0,0,0	03:16,0,0,58	03:26,0,13,18	03:60,0,0,63	12:38,16,21,0	00:116,0,0,0	03:16,0,0,61	02:58,0,14,0	00:70,0,0,7	33:0,0,0,84	03:69,0,0,28	03:63,0,0,10	01:34,20,0,16	11:28,62,0,0	00:121,0,0,0	02:43,0,16,15	00:82,0,0,0	33:27,0,0,43	03:63,8,0,28	22:35,0,29,0	00:76,0,0,0	00:114,0,0,0	03:75,0,0,21	00:81,0,1,0	00:79,0,0,0	33:0,0,0,80	00:71,18,0,0	02:60,0,14,0	33:0,0,0,76	00:66,0,0,11	00:56,0,21,0	03:45,0,0,41	00:65,0,0,0	22:0,26,56,0	00:83,0,0,21	00:70,0,0,33	NA:17,24,25,0	22:0,35,52,19	03:19,0,9,50	00:98,0,0,0	00:50,0,0,46	11:0,55,31,0	22:0,0,83,0	22:0,0,59,0	03:45,18,0,14	33:0,22,0,75	00:101,0,0,0	03:21,0,0,65	13:0,28,0,71	00:73,0,0,9	00:86,0,0,0	02:23,0,78,0	00:42,25,0,13	33:0,0,0,72	00:54,14,0,0	03:60,0,0,31	00:88,0,0,0	33:0,0,14,88	22:0,0,64,0	33:13,0,0,53	33:32,0,29,25	01:46,21,10,0	00:64,0,0,0	03:44,0,0,13	03:56,0,0,14	00:86,0,0,9	00:42,0,22,0	03:64,0,0,28	01:60,14,0,13	11:0,79,0,0	00:93,0,0,0	01:49,10,0,0	00:53,0,0,17	02:38,0,13,0	03:71,0,0,23	00:98,0,0,0	00:38,0,0,29	22:0,0,106,0	03:24,30,12,17	13:0,17,0,79	00:46,0,0,42	00:17,29,0,12	03:22,0,0,65	22:29,0,59,0	01:29,58,0,0	02:31,22,18,0	00:78,9,0,0	00:66,0,11,0	00:79,0,0,0	00:46,40,0,0	02:57,0,11,0	00:93,0,0,0	00:81,0,0,8	00:55,15,0,0	11:0,49,0,0	00:112,0,0,0	02:53,0,12,0	23:0,0,18,89	00:44,0,0,30	02:71,0,21,0	00:77,0,0,0	00:72,17,0,0	02:12,0,52,0	03:47,0,0,59	11:0,72,19,1	00:48,57,0,0	00:73,0,0,0	01:53,21,0,0	00:83,0,0,0	00:54,26,0,0	00:91,0,0,18	00:10,0,0,59	02:57,0,17,0	00:94,0,0,0	03:47,0,0,36	03:31,0,0,43	00:86,0,0,0	00:101,0,0,0	00:60,0,0,23	03:58,0,0,18	01:21,30,0,28	23:43,0,17,22	03:20,0,0,67	00:87,0,0,0	33:53,0,0,21	00:98,0,0,22	00:104,0,0,0	01:41,8,0,14	00:58,7,0,0	00:54,32,0,0	00:88,0,0,0	12:11,54,24,0	01:54,10,0,0	11:0,76,0,0	00:102,0,0,0	00:57,0,0,25	01:20,55,0,0	22:63,0,51,0	01:89,38,0,0	03:43,0,0,19	00:37,0,0,45
2_30	49	01:49,35,0,24	23:0,0,24,88	33:0,0,0,94	00:47,35,20,0	00:104,0,0,30	02:112,0,15,0	00:149,0,0,0	00:104,0,0,0	11:0,126,0,0	00:105,0,0,0	00:118,0,0,0	00:40,0,50,0	03:58,0,0,37	02:64,0,43,0	00:54,0,0,14	00:81,0,0,0	00:109,0,0,0	03:85,0,0,52	02:19,45,23,0	00:151,0,0,0	22:0,0,88,0	00:130,0,0,0	00:118,0,0,0	12:0,74,10,0	01:111,33,0,0	00:86,0,0,0	01:88,34,0,0	00:129,0,0,37	03:68,0,0,49	00:55,0,0,48	03:78,0,0,24	02:122,0,26,0	00:53,0,29,34	33:0,0,0,117	00:112,0,0,52	22:0,0,152,0	02:79,0,28,0	00:137,0,0,0	00:40,25,18,0	00:102,0,0,0	00:93,0,0,0	03:29,0,0,98	00:133,0,0,0	01:55,42,0,0	33:0,0,17,64	00:145,0,0,0	01:29,14,0,19	00:68,0,0,23	00:61,0,0,23	03:90,0,0,22	33:15,0,0,59	01:93,0,0,0	03:30,1,0,116	03:63,0,0,27	03:78,0,0,24	00:52,0,0,25	02:97,0,7,0	01:108,12,0,0	03:69,0,0,22	01:99,27,0,0	03:58,0,0,46	01:101,33,0,0	01:58,55,0,0	01:56,18,0,0	00:69,0,0,0	00:42,0,20,0	03:48,32,0,24	03:34,19,0,24	11:28,74,0,0	00:134,0,0,0	03:119,0,0,35	00:95,0,0,28	00:102,0,0,0	13:90,72,0,43	03:103,0,0,19	00:87,0,0,0	03:115,0,0,30	00:86,25,0,0	00:95,0,0,24	01:63,22,41,0	02:69,0,38,46	13:21,30,0,51	00:103,0,26,0	02:64,0,23,0	00:94,0,0,19	33:46,0,0,18	00:105,0,0,0	00:121,0,0,0	02:42,0,59,0	02:98,0,47,0	00:46,0,24,0	03:93,0,0,16	00:124,0,0,0	33:24,0,0,95	00:92,0,1,0	00:148,0,0,0	03:94,0,0,26	03:53,0,0,117	02:114,0,26,0	03:28,0,0,94	03:41,0,0,27	00:122,0,0,39	00:70,0,30,0	00:154,0,0,0	33:0,0,0,87	03:82,0,0,9	00:80,0,0,0	23:0,0,31,56	03:103,0,0,39	02:82,0,11,0	00:44,52,0,0	12:21,61,27,0	02:96,0,26,0	22:33,0,69,0	02:66,0,0,20	03:20,0,0,62	00:129,0,0,0	03:82,0,0,29	00:109,0,2,0	03:146,0,0,25	12:30,32,32,36	00:112,0,0,0	02:78,0,31,0	23:0,0,20,96	03:99,0,0,25	12:32,37,60,0	03:30,0,0,90	01:102,34,0,0	03:64,0,0,21	03:51,0,0,46	00:105,0,0,0	22:0,0,98,0	00:96,0,21,0	00:104,0,0,0	02:57,0,56,0	12:22,28,65,0	03:58,0,0,43	03:80,0,0,51	00:112,0,30,0	12:0,100,20,0	23:0,0,99,24	12:20,20,58,0	00:127,0,0,0	33:0,42,0,135	00:150,0,0,0	33:0,0,0,101	33:0,0,0,102	03:53,0,0,49	03:70,0,0,63	02:79,0,30,0	00:137,0,0,0	33:0,0,23,87	02:29,0,98,0	00:156,0,0,0	02:79,0,22,0	03:19,0,0,102	00:34,0,71,10	33:28,0,0,80	00:46,0,0,52	00:64,37,0,32	00:77,0,0,0	03:57,0,0,32	03:76,0,0,21	00:110,0,0,0	00:63,0,13,0	03:107,0,0,41	03:93,0,0,35	11:30,77,0,0	00:156,0,0,0	03:95,22,0,27	33:49,0,0,35	00:40,0,13,14	00:51,43,0,18	03:84,0,0,42	02:73,0,20,0	22:0,0,122,0	02:29,29,55,0	03:28,0,0,74	00:122,0,0,0	00:65,0,0,19	03:70,0,0,34	00:86,0,19,0	13:0,24,0,20	03:88,0,0,40	00:99,0,38,0	00:103,0,0,0	00:50,0,15,0	00:67,0,0,0	00:78,0,0,0	00:91,26,0,0	03:102,0,0,33	00:65,0,0,0	11:12,34,0,15	01:136,36,0,0	00:80,0,0,25	33:34,0,0,111	01:100,37,0,0	13:71,41,0,22	03:86,0,0,19	00:81,0,0,22	02:23,0,78,0	03:33,34,0,57	11:0,84,32,0	01:26,106,0,0	00:90,0,0,0	03:61,0,0,53	00:109,0,0,0	00:97,0,0,0	03:62,0,0,56	03:28,0,0,76	00:114,0,0,0	00:133,0,0,0	33:0,0,0,39	00:65,0,0,0	00:45,15,0,0	00:152,0,0,0	03:52,0,0,124	03:35,0,0,65	03:51,0,0,46	33:29,0,0,82	03:40,0,38,76	00:116,0,30,0	03:88,0,0,27	00:101,0,0,28	00:90,0,0,28	00:99,0,0,0	02:128,0,20,0	01:86,18,0,0	00:128,0,0,0	12:0,41,37,26	00:105,0,0,0	11:0,92,0,0	00:173,0,0,0	00:138,0,0,0	01:77,54,0,0	00:64,0,66,0	01:47,71,0,0	00:35,0,0,45	03:85,0,0,58
1_31	46	00:68,40,0,43	01:38,56,1,47	03:36,0,0,83	00:125,0,0,0	00:153,0,0,0	00:123,0,0,0	01:108,38,0,0	00:154,0,0,0	03:35,30,0,76	00:99,0,0,0	03:82,0,0,32	00:83,0,0,0	11:0,79,0,19	00:134,0,0,0	00:96,0,0,0	03:102,0,0,18	00:137,0,0,0	00:98,0,0,92	03:92,0,0,36	03:20,0,85,54	02:90,0,47,0	00:143,0,0,0	00:138,0,0,0	11:13,83,0,0	00:175,0,0,0	00:94,0,0,24	00:123,0,0,0	13:0,74,0,68	00:140,0,0,0	03:85,0,0,43	03:110,0,0,22	00:147,0,1,0	00:91,0,32,0	13:0,43,23,60	33:0,0,0,173	23:0,0,123,13	03:96,0,0,12	12:56,49,10,0	01:52,43,0,0	00:68,29,0,39	02:61,0,40,0	03:91,0,0,36	12:25,69,12,0	00:77,36,0,0	33:0,0,0,102	00:164,0,0,0	00:74,0,0,0	01:95,24,0,0	00:91,0,0,0	03:105,0,0,20	33:22,38,0,43	00:102,0,0,0	23:24,0,27,90	03:128,0,0,12	03:105,0,0,24	00:145,0,0,0	03:121,1,0,19	03:136,0,0,27	00:152,0,0,0	01:78,53,0,0	03:27,0,0,88	00:178,0,0,0	03:66,0,0,82	03:26,0,25,66	00:98,0,0,0	23:44,0,35,16	00:114,0,0,0	03:42,0,0,24	11:0,116,0,0	02:155,0,26,0	00:156,0,0,0	00:134,0,1,0	00:77,36,0,0	01:52,21,0,72	00:147,0,0,0	00:109,0,0,0	03:86,0,0,73	00:106,0,33,0	33:35,0,0,57	00:120,34,0,0	00:154,0,0,0	23:0,0,30,98	00:125,19,0,0	02:73,0,20,0	00:152,0,0,0	00:61,32,0,35	03:112,0,0,37	00:120,0,0,0	22:51,0,67,0	00:146,0,0,0	00:87,0,0,0	00:114,0,0,0	00:157,0,0,0	33:0,0,0,140	03:63,0,15,19	33:64,45,0,35	03:72,45,0,34	22:38,0,153,0	03:48,0,31,34	33:27,0,0,81	00:101,0,0,0	00:174,0,0,0	00:111,0,0,0	01:103,30,0,0	03:74,1,0,64	02:87,0,33,0	00:96,0,0,0	33:37,0,25,59	00:130,0,0,0	11:42,60,30,0	00:84,21,0,0	01:46,32,21,44	00:108,32,0,0	00:126,0,0,0	00:127,0,0,0	03:67,0,0,23	11:46,45,0,45	02:73,0,33,0	00:147,0,0,0	00:205,0,0,0	33:29,0,0,106	00:142,0,0,0	00:155,0,0,0	33:0,0,0,121	00:128,0,0,0	00:160,0,0,0	00:40,0,0,91	02:109,0,35,0	00:83,0,32,0	02:68,0,30,44	00:88,0,0,30	11:0,80,68,0	03:158,0,0,39	00:117,0,0,31	00:61,0,56,0	12:0,38,125,0	03:82,28,0,35	03:83,0,0,38	33:57,0,0,141	11:28,130,0,0	22:0,0,144,0	22:0,51,48,0	00:127,0,0,0	33:39,48,0,92	00:132,0,0,0	33:27,0,0,98	33:0,0,0,110	02:96,0,21,0	00:108,0,0,27	01:56,29,32,0	01:34,32,60,0	03:38,0,24,66	02:77,0,52,40	00:126,0,0,32	03:63,0,0,60	03:80,0,0,82	00:32,0,54,28	33:0,0,0,111	00:84,40,0,0	00:134,0,0,0	00:98,0,0,0	00:89,30,0,0	03:83,0,0,22	02:128,0,36,0	00:84,34,0,0	33:21,0,0,85	00:75,0,0,64	11:0,97,0,0	00:211,0,0,0	00:116,0,0,37	03:27,32,0,56	03:63,0,0,30	00:131,0,0,0	00:151,0,0,0	00:99,0,0,0	02:27,0,102,0	03:66,28,0,23	33:0,0,0,133	03:99,0,0,67	03:82,0,0,33	03:30,0,0,92	23:66,0,35,18	22:27,0,61,35	03:126,0,0,36	00:148,0,0,0	00:120,0,0,0	00:119,0,0,38	00:78,0,0,30	00:68,31,0,0	01:94,27,0,0	23:36,0,54,68	00:92,0,0,0	01:24,52,0,22	00:174,0,0,0	03:82,0,0,16	22:0,0,78,83	03:77,0,0,72	03:33,77,0,41	11:68,39,0,28	11:72,69,0,0	23:34,0,56,23	33:0,0,0,161	13:32,55,0,36	11:19,132,0,0	33:27,22,0,52	02:73,54,47,0	03:74,0,0,36	00:75,0,0,80	33:0,0,0,116	23:0,0,19,79	12:76,40,32,0	03:131,0,0,39	00:108,0,0,28	23:0,29,55,20	00:93,0,0,0	03:90,0,0,82	03:68,0,0,84	01:104,28,0,0	03:69,1,0,63	00:107,0,0,0	23:0,0,85,69	02:108,0,36,0	22:78,24,30,0	00:148,0,0,0	03:69,0,0,77	00:91,0,0,22	00:111,0,1,33	33:57,0,0,34	33:57,0,0,60	03:29,21,0,66	03:38,73,0,33	13:0,50,30,27	01:83,45,47,0	00:130,0,0,45	02:73,31,30,0	01:66,39,0,34	12:44,86,39,0	33:19,0,0,80	33:46,0,0,121
3_31	72	01:43,29,0,19	13:0,35,0,23	33:25,0,0,47	00:31,0,12,18	01:67,0,0,23	00:60,0,20,0	00:100,0,0,0	00:74,0,0,0	01:29,31,0,0	00:52,24,0,0	00:38,0,0,18	00:30,0,11,0	13:15,27,0,20	02:45,0,14,0	01:27,29,0,0	00:71,0,0,0	00:71,0,0,0	03:51,0,0,46	03:51,0,16,14	02:52,0,26,0	02:14,0,72,0	00:83,0,0,0	00:65,0,0,0	12:0,41,16,0	00:71,0,0,0	01:35,14,0,0	00:62,0,0,0	00:49,0,0,0	00:66,0,18,0	03:54,0,0,16	03:26,0,0,58	03:34,0,19,16	00:70,0,0,0	03:13,0,0,39	00:58,0,0,37	22:0,0,55,18	00:69,0,0,0	00:68,0,0,0	00:51,0,15,0	03:39,0,0,40	00:53,0,0,8	13:0,14,0,50	00:79,0,0,0	00:62,22,0,0	13:0,15,17,44	00:101,0,0,0	00:55,0,0,0	00:70,0,0,0	03:32,0,0,28	01:49,8,0,0	00:57,0,0,0	01:55,0,0,0	33:0,0,0,75	00:41,0,0,21	03:45,0,0,13	00:72,0,0,0	00:91,0,0,0	00:98,0,0,0	00:89,0,0,0	01:59,17,0,0	03:21,0,0,40	03:84,0,0,0	00:54,15,0,0	33:30,0,0,37	03:42,0,0,18	00:55,0,0,0	00:28,22,0,17	00:59,0,0,0	11:0,53,9,0	03:54,0,18,19	00:99,0,0,0	00:50,0,0,22	00:62,0,0,0	03:42,0,0,57	00:67,0,0,0	00:66,0,0,0	00:94,0,0,0	00:59,0,0,0	03:15,0,0,46	01:59,26,0,0	03:82,0,0,10	33:19,0,0,53	01:41,10,21,0	02:36,0,24,26	00:74,0,0,16	00:86,0,0,0	03:67,0,0,0	00:57,0,0,10	22:12,0,34,19	00:50,14,0,0	02:34,0,22,0	03:44,0,0,23	03:47,0,0,23	33:44,0,0,32	03:29,0,0,28	00:75,0,0,0	00:71,0,0,0	03:46,0,0,60	01:53,8,0,0	00:31,0,0,35	00:40,0,0,15	03:55,0,0,29	00:46,0,10,0	03:45,0,0,26	00:41,0,0,25	01:44,25,0,0	03:40,0,0,11	03:0,0,0,70	00:70,21,0,0	01:57,15,0,0	00:41,20,0,0	11:19,45,0,0	02:74,0,26,0	02:10,9,26,0	00:49,14,0,0	03:8,0,0,55	11:24,58,0,0	01:37,28,0,0	00:79,0,0,0	00:70,21,0,0	13:18,20,0,32	00:70,0,0,0	00:97,0,0,0	02:7,0,24,37	00:84,0,0,0	02:51,0,55,0	02:13,0,17,31	01:75,19,0,0	03:36,0,0,10	03:35,0,0,45	03:49,0,0,12	22:0,24,46,0	03:37,0,0,48	03:58,0,0,20	02:27,0,31,0	22:0,19,52,0	02:41,0,14,0	00:77,0,0,0	01:50,25,0,0	01:18,43,6,0	12:0,14,43,8	22:0,0,57,0	00:59,0,0,0	23:0,0,32,66	00:74,5,0,0	13:0,15,0,42	33:14,0,0,52	00:64,0,0,19	00:55,0,0,21	01:39,28,6,0	03:69,0,0,20	13:0,27,0,45	02:23,0,40,0	00:99,0,0,0	00:55,0,12,0	33:24,0,0,60	23:0,0,41,14	33:0,0,0,45	23:46,0,11,11	01:56,17,0,0	00:59,0,0,0	00:73,0,0,0	00:85,0,0,0	00:93,0,0,0	00:36,0,0,21	00:69,0,0,12	33:32,0,0,37	11:0,61,0,0	00:68,0,25,0	00:75,0,0,0	03:10,18,0,23	00:79,0,0,0	00:55,0,0,26	03:72,0,0,9	00:50,0,0,0	22:0,0,86,0	01:63,13,0,0	33:12,0,0,55	03:68,0,0,22	00:72,0,0,0	33:35,0,0,51	12:15,24,43,0	11:0,62,0,0	00:66,0,0,10	00:57,0,0,0	00:46,0,26,0	00:80,0,0,0	00:74,0,0,0	00:46,0,0,16	02:46,0,12,0	00:66,0,0,0	02:35,0,0,18	11:0,57,0,0	02:54,0,15,0	00:60,0,0,0	12:0,19,25,31	03:38,0,0,49	01:49,27,0,0	33:13,22,0,46	01:46,9,0,0	12:0,14,54,0	33:0,0,0,82	11:0,85,0,0	00:85,0,0,0	03:50,0,0,8	00:41,33,0,0	00:69,0,0,0	12:41,15,15,0	00:77,0,0,0	33:0,0,0,73	01:33,13,18,0	03:67,0,0,22	03:34,0,0,40	00:60,0,0,0	00:60,0,0,0	00:91,0,0,0	00:53,0,0,22	03:34,0,0,26	33:0,0,0,76	00:44,0,0,18	03:0,0,0,75	00:51,0,29,0	03:33,0,0,16	00:70,0,0,25	01:62,23,0,0	00:51,0,0,0	00:89,1,0,0	00:59,0,0,0	00:101,0,0,0	03:16,8,0,45	33:39,0,0,33	01:17,34,0,0	02:59,0,23,0	03:54,0,0,18	11:8,51,0,0	02:29,0,29,24	01:72,15,0,0	03:15,0,0,42	13:0,28,0,58
2_32	58	03:22,0,0,81	11:19,101,0,0	33:0,0,0,69	00:33,42,0,0	00:121,0,0,0	00:102,0,0,0	33:61,0,0,59	03:72,0,0,26	11:20,80,0,0	00:69,0,0,0	03:79,0,0,29	02:50,0,15,0	03:19,0,0,39	00:100,0,0,0	13:13,25,0,15	00:66,0,0,0	00:99,0,0,0	02:65,0,35,41	00:77,14,0,0	00:67,0,0,15	02:83,0,27,0	00:121,0,0,0	00:93,0,0,0	11:0,67,0,0	00:120,0,0,0	00:90,0,0,0	03:57,0,0,30	00:103,29,0,0	03:86,0,0,32	00:86,0,0,20	00:56,0,0,28	03:83,0,0,30	00:113,0,0,0	33:0,24,0,70	03:41,0,49,80	22:0,0,89,0	00:99,0,0,0	00:65,26,0,0	00:99,0,0,0	00:101,0,0,0	00:56,0,13,0	33:35,0,0,41	01:28,79,0,0	03:61,0,0,26	33:0,28,0,76	00:147,0,0,0	01:54,19,0,0	03:86,0,0,28	03:45,0,0,15	00:100,0,0,0	03:41,0,0,31	00:55,19,0,0	33:20,5,0,47	00:116,0,0,0	00:72,0,0,0	03:39,22,0,21	01:96,32,0,0	02:111,0,39,0	00:100,0,0,0	01:97,29,0,0	33:0,0,0,81	02:83,0,39,15	01:75,29,0,0	00:73,0,1,0	00:48,23,0,0	23:35,0,17,13	03:74,0,0,20	00:64,0,0,0	11:0,58,0,21	33:23,0,0,115	01:81,23,0,0	01:35,28,0,22	03:53,0,0,37	00:98,72,0,0	00:110,0,0,0	00:74,0,0,26	03:64,0,0,24	03:59,0,24,31	00:91,0,0,0	00:122,0,0,0	00:93,0,0,38	03:55,0,0,41	00:97,1,0,0	00:87,0,0,0	00:100,0,0,0	00:113,0,0,0	00:63,0,0,37	00:75,20,0,0	02:60,23,35,0	00:88,0,32,0	03:45,0,0,22	03:85,0,0,19	03:30,35,0,34	33:0,0,0,100	03:50,0,0,15	00:108,0,0,0	00:117,0,1,0	23:0,0,46,110	01:103,23,0,0	03:48,0,22,17	03:37,0,0,30	00:153,0,0,0	00:71,0,0,0	03:95,0,0,25	03:17,0,0,63	00:89,19,0,0	33:26,0,0,53	03:44,0,0,42	02:55,0,72,0	00:80,25,0,0	03:60,0,0,41	00:40,45,0,0	02:78,0,26,0	00:61,0,22,0	03:69,0,0,24	23:46,0,9,14	03:76,44,0,36	00:84,0,0,0	00:62,0,0,34	00:129,0,0,19	33:0,20,0,89	00:114,0,0,0	00:83,0,32,0	33:27,0,0,49	00:109,0,0,25	00:80,24,0,0	00:54,0,0,50	00:89,28,0,0	03:50,0,0,30	03:46,0,0,72	02:72,0,26,0	22:0,0,126,0	33:69,0,0,49	03:51,0,0,28	02:18,0,77,0	12:0,32,83,0	02:35,0,48,30	00:113,0,0,0	01:56,27,0,29	01:30,88,0,0	12:29,26,73,0	22:20,0,72,0	00:82,0,0,0	23:1,0,36,107	00:134,0,0,0	13:0,16,0,77	33:0,26,0,75	03:40,0,0,48	03:96,0,0,26	01:76,18,0,0	03:84,0,0,22	33:0,0,0,85	22:25,23,59,0	02:78,0,28,0	00:95,0,0,0	00:75,0,0,18	22:23,0,45,0	33:0,0,0,92	00:49,0,23,22	00:119,0,0,0	00:68,0,0,0	00:92,0,0,0	00:84,0,0,0	00:98,0,0,20	03:59,0,0,11	01:54,25,0,0	03:54,0,0,71	13:0,67,0,23	02:64,31,33,0	00:89,0,18,0	01:94,16,0,0	00:85,0,0,0	03:68,0,0,13	00:93,0,0,0	00:37,23,0,0	02:27,0,91,0	01:43,25,0,18	33:55,0,0,57	01:41,24,29,0	00:101,0,0,0	03:16,0,0,83	03:38,20,0,33	13:0,63,0,22	00:96,0,0,0	03:87,0,0,24	00:97,0,0,0	02:58,22,33,0	00:71,0,0,13	00:100,0,0,0	11:39,59,0,0	00:93,34,0,0	00:69,0,23,0	03:11,8,0,33	00:132,0,0,0	03:74,0,0,9	03:23,0,0,85	00:88,0,23,0	01:63,36,0,0	03:70,0,0,20	03:31,0,0,51	22:24,0,59,0	33:24,0,0,101	12:0,63,31,0	01:73,44,0,0	00:67,0,0,0	03:46,0,0,39	02:35,0,32,14	03:77,0,0,31	03:20,0,0,61	23:29,0,26,41	23:29,31,17,40	00:90,0,0,0	03:13,0,0,63	22:15,28,42,0	02:49,0,22,0	03:34,0,0,74	02:71,0,33,0	02:69,0,23,0	23:43,0,30,38	01:41,30,0,0	01:58,50,0,26	02:68,0,45,0	00:50,43,0,0	00:112,0,0,0	00:96,0,0,23	00:96,0,0,0	00:85,0,0,27	00:55,0,0,10	01:82,18,0,34	23:0,15,22,69	03:53,0,0,33	11:0,86,0,0	00:131,0,0,0	03:104,0,0,43	01:98,19,0,0	00:103,0,28,0	13:26,38,24,18	02:35,0,17,42	13:0,37,0,80
3_32	60	03:84,0,0,38	11:0,154,0,0	33:0,44,0,63	00:115,0,0,0	00:76,0,12,0	01:79,28,0,0	00:153,0,0,0	00:113,0,32,0	01:28,66,15,0	03:58,0,0,43	00:72,0,0,26	03:45,0,27,9	03:32,0,0,71	00:66,30,0,0	22:64,0,28,0	00:41,0,0,40	03:67,34,0,25	00:121,24,1,0	NA:43,38,17,0	00:130,0,0,0	12:0,33,90,0	03:106,0,0,19	03:79,0,0,3	01:0,47,0,0	03:122,0,0,18	03:58,22,0,30	03:95,0,0,26	00:81,36,0,0	00:102,0,0,0	03:53,18,0,70	00:91,26,0,0	00:113,21,0,0	00:80,0,0,32	03:48,0,0,27	12:96,43,60,0	12:0,71,73,0	01:63,20,22,0	00:104,0,0,24	00:97,0,0,0	00:66,0,0,52	03:121,0,0,43	03:41,0,44,44	03:60,0,0,30	00:102,32,0,0	03:19,0,0,66	12:81,0,52,0	03:69,0,0,24	02:59,0,36,0	00:99,19,0,0	02:89,0,0,21	33:0,0,0,70	00:79,0,0,0	02:38,0,42,89	00:117,0,0,0	02:122,0,0,44	01:66,74,0,0	02:98,0,12,0	01:112,16,0,0	01:110,0,0,0	12:0,74,30,0	33:0,0,16,97	00:149,0,0,0	01:90,92,0,0	03:61,0,0,15	00:60,0,0,11	03:43,0,0,10	13:20,20,27,20	00:82,0,0,26	11:0,75,0,0	03:92,0,0,48	00:173,0,0,0	00:159,0,0,0	00:65,47,0,24	03:175,0,0,0	03:65,29,0,18	00:106,0,0,0	00:85,0,30,18	02:46,39,66,0	03:60,16,0,0	01:77,30,0,0	00:124,0,0,0	03:15,0,0,73	00:126,0,0,0	00:70,0,0,0	02:50,0,31,57	00:75,0,0,0	13:23,23,0,73	00:141,0,0,0	03:63,0,42,0	02:130,0,21,0	03:49,0,29,18	03:71,35,0,0	00:76,0,0,28	03:71,0,0,49	00:52,0,0,19	00:149,0,0,0	00:93,0,43,0	03:90,0,67,31	01:90,25,0,0	23:10,0,36,48	00:65,0,0,35	00:152,0,0,29	01:129,0,0,0	00:194,0,0,0	33:83,0,0,7	00:85,0,0,0	00:41,0,0,41	23:0,0,30,80	00:146,0,0,0	02:53,0,61,0	01:50,45,0,0	02:65,30,22,0	02:32,0,81,0	00:82,25,0,0	22:21,33,32,0	02:47,0,12,24	00:103,34,0,0	00:99,0,0,40	00:119,0,0,47	00:159,0,0,0	03:122,0,0,40	00:78,0,38,0	00:46,0,0,6	33:0,0,0,109	03:147,0,0,0	00:105,0,0,0	33:0,0,0,100	02:96,0,27,0	02:56,0,24,0	00:66,34,0,50	00:106,0,0,0	12:0,74,51,0	03:120,0,0,35	00:166,0,0,0	00:80,0,26,0	12:0,34,115,0	00:109,0,0,0	00:152,0,0,0	00:98,0,0,44	11:0,104,15,0	22:0,0,133,0	22:0,0,102,0	00:112,0,0,0	23:0,0,75,95	00:146,0,0,0	13:40,17,0,39	33:0,0,0,111	00:107,0,0,0	03:102,38,0,0	11:108,29,0,0	00:89,0,0,18	13:0,21,0,77	00:79,0,70,0	00:147,0,0,0	00:90,0,37,0	03:44,0,0,129	23:0,0,67,19	33:0,0,0,68	02:59,0,24,34	00:67,52,0,0	00:56,0,0,31	00:64,0,0,23	02:80,0,25,0	03:118,0,0,24	00:84,0,0,0	01:99,0,0,0	33:0,49,0,110	11:0,72,15,0	03:136,0,0,33	02:135,0,0,0	03:15,0,0,64	03:43,0,0,22	00:88,0,16,0	00:91,0,0,16	03:83,0,0,29	22:59,0,58,0	03:86,0,0,30	33:27,0,0,70	33:0,0,0,90	03:75,0,0,33	03:26,0,0,77	00:18,33,29,0	11:0,66,0,32	00:104,0,0,0	00:160,0,0,0	00:84,0,0,33	00:126,0,1,0	00:59,19,0,21	00:46,53,0,0	00:57,0,28,0	02:116,0,0,0	00:83,0,0,0	13:0,30,0,32	00:140,0,0,0	00:117,0,0,0	23:0,0,36,149	03:84,0,0,48	01:64,52,0,0	03:68,0,0,33	00:69,43,0,29	23:19,0,65,0	03:55,0,0,103	01:0,102,35,0	00:84,26,0,0	00:37,0,23,0	00:108,39,0,0	00:68,20,0,0	00:115,0,0,0	00:104,0,0,24	11:25,37,19,14	02:112,0,32,0	03:49,0,31,32	33:0,0,0,120	23:35,0,80,24	00:56,21,0,20	00:210,0,0,0	03:17,0,0,121	00:75,0,21,0	03:21,0,13,16	03:91,0,0,29	33:0,0,33,80	02:72,0,47,0	00:113,0,0,0	33:62,0,0,43	00:97,0,0,20	03:62,0,0,40	03:56,21,0,26	00:122,0,0,0	00:151,0,0,35	11:0,85,0,24	01:84,0,0,38	01:35,65,0,0	03:116,0,46,44	03:100,0,0,38	11:29,92,0,0	02:62,0,83,0	01:108,34,43,0	00:42,0,0,36	33:42,0,0,109
1_33	71	03:82,0,0,81	33:0,42,0,99	33:0,32,0,71	02:81,0,26,0	03:109,0,0,44	00:112,0,0,29	00:162,0,0,0	00:176,4,0,0	01:37,86,0,0	00:115,0,0,28	00:80,0,0,21	00:51,2,41,0	00:94,0,0,17	00:132,0,0,0	01:48,26,0,18	00:84,15,0,0	02:89,0,36,0	03:94,0,42,39	02:38,23,32,19	03:125,0,0,45	22:0,29,96,0	00:137,5,0,24	00:135,0,0,0	11:0,110,0,3	00:101,0,0,38	01:83,45,6,0	02:99,0,28,4	00:188,0,0,0	02:87,0,51,0	00:73,0,0,66	00:145,26,0,0	00:172,9,0,0	00:68,0,58,0	33:36,0,0,75	03:56,0,0,173	22:0,0,121,35	00:96,5,0,29	00:143,0,2,0	02:61,0,49,0	00:95,0,0,37	03:126,0,0,24	13:0,42,0,97	00:99,0,0,34	01:67,68,0,6	33:0,0,0,119	02:80,5,99,0	00:101,0,0,6	00:144,7,0,0	00:114,0,0,0	03:118,0,0,35	33:3,0,0,99	01:62,39,0,20	03:71,0,0,111	00:121,0,0,12	03:100,0,0,27	00:124,0,0,0	02:122,0,24,0	01:146,29,0,0	03:73,5,0,65	00:107,4,39,0	33:0,0,0,120	03:163,0,0,21	03:96,0,0,31	00:103,0,0,1	00:118,0,0,0	00:73,0,0,16	00:145,0,0,5	03:73,0,0,26	13:0,67,0,28	00:136,34,0,0	00:132,0,0,41	00:125,0,0,0	33:66,3,0,69	00:121,45,0,7	00:159,0,0,0	03:83,0,0,33	00:81,0,0,19	22:4,0,156,0	02:74,0,33,38	00:144,4,0,0	03:128,0,0,92	03:40,3,0,95	00:146,3,0,0	00:53,0,21,30	00:125,3,38,0	00:84,0,22,2	00:52,4,0,93	01:69,62,0,0	12:64,31,33,0	00:102,0,1,30	00:95,0,0,14	00:135,0,0,0	33:6,42,0,84	33:0,39,0,122	00:93,0,0,0	00:149,0,0,0	00:136,0,0,0	03:46,0,57,112	02:88,0,35,0	02:67,0,31,26	00:117,0,0,0	00:180,0,0,0	00:121,0,0,0	00:94,0,0,79	33:4,0,0,122	01:101,31,0,0	03:61,25,0,28	02:31,8,21,58	00:137,0,0,33	00:108,0,1,0	03:67,1,28,26	12:0,115,34,0	03:111,0,3,30	00:81,0,24,0	00:90,0,4,32	03:57,0,0,61	00:109,44,0,0	00:129,0,0,0	00:74,29,1,28	03:138,0,0,43	01:46,53,31,39	03:65,0,0,47	02:88,0,38,0	23:31,0,24,59	03:123,0,0,33	11:33,63,46,0	33:0,35,0,105	01:85,36,0,0	13:4,67,0,29	02:79,6,30,27	03:81,0,0,27	22:3,9,77,31	03:42,0,0,122	00:202,0,0,0	22:39,0,79,0	22:30,0,142,0	00:137,0,0,0	03:148,0,0,44	03:127,0,0,52	12:0,77,71,0	22:32,0,123,0	22:23,0,85,0	00:88,0,0,26	33:54,54,6,90	12:89,32,44,0	33:39,0,0,110	23:0,1,26,77	00:112,0,0,0	01:131,47,0,0	01:78,21,31,0	00:155,0,0,0	33:0,0,32,76	02:82,0,68,0	00:203,0,0,0	00:137,2,0,0	03:96,0,0,75	02:33,0,64,0	33:33,0,0,92	00:105,0,0,0	00:106,41,0,5	00:50,27,0,19	00:109,0,0,24	02:89,0,17,0	00:146,0,0,0	01:36,16,36,0	00:83,0,0,40	33:57,0,0,112	13:0,80,1,44	00:149,0,53,0	00:119,0,34,0	01:34,56,0,33	00:86,0,0,0	03:86,0,0,43	00:132,0,0,0	00:102,0,3,0	12:31,39,82,0	01:87,60,0,0	33:35,0,0,74	03:33,38,0,56	03:56,0,29,43	03:57,0,0,73	22:63,0,65,0	01:43,30,24,27	01:63,50,0,0	02:71,0,53,29	00:122,0,0,0	03:46,1,0,57	00:96,0,0,7	01:81,36,0,0	00:69,0,19,33	03:101,0,0,43	00:98,0,0,0	11:0,73,0,21	00:127,0,0,30	00:157,0,0,0	33:0,0,0,161	00:128,0,0,0	00:77,86,0,0	00:121,4,0,0	03:99,0,0,20	22:34,0,84,0	03:55,0,0,135	12:0,104,44,0	11:4,166,0,0	01:72,48,0,2	33:74,3,0,89	00:105,0,0,25	00:145,0,0,3	03:39,0,0,66	33:0,0,0,150	00:142,0,8,0	00:122,0,0,0	33:2,0,0,121	02:40,0,56,26	00:110,0,0,0	00:205,0,0,0	03:86,0,0,67	03:119,0,0,23	13:0,35,0,94	03:49,0,0,95	33:0,0,0,134	00:127,0,0,46	23:62,0,35,39	00:159,0,0,0	00:131,0,0,0	03:77,5,0,32	00:136,0,0,0	13:36,59,0,24	00:176,0,0,0	13:37,48,0,36	00:152,0,0,0	12:2,82,30,0	00:197,0,0,0	00:109,0,0,34	01:31,92,28,0	00:154,0,0,0	11:95,117,0,3	00:70,0,0,28	33:0,0,0,154
2_33	51	00:108,0,0,33	11:38,122,0,0	03:49,0,0,28	00:80,30,0,0	00:155,0,0,0	01:101,40,0,0	00:128,34,0,0	00:140,0,0,0	13:0,83,0,61	12:60,37,37,0	23:71,0,12,32	22:46,0,55,0	13:0,53,0,49	03:103,0,0,31	11:29,82,0,0	01:86,23,0,0	00:150,0,0,0	00:188,0,0,0	00:109,32,0,0	00:65,0,0,85	12:38,41,63,0	03:102,0,0,35	02:91,0,29,0	13:0,79,0,25	03:113,0,0,33	00:81,0,1,0	00:111,0,0,0	00:86,46,0,30	02:67,0,72,0	01:60,35,0,29	13:67,36,0,34	01:131,23,0,0	01:99,35,0,0	33:0,34,0,73	33:57,0,0,163	33:0,0,64,62	00:113,0,0,0	02:68,30,32,0	00:105,0,31,0	03:137,0,0,32	13:26,28,23,27	33:29,1,0,84	03:53,26,0,30	00:158,0,0,0	33:0,0,0,111	01:132,55,0,0	01:66,28,0,0	00:161,0,0,0	03:52,0,13,18	00:96,0,0,24	03:21,0,0,82	03:65,0,0,34	03:48,0,0,113	13:1,30,33,32	00:126,0,0,0	00:66,0,73,0	00:75,0,0,38	00:83,0,0,46	01:43,28,58,0	02:78,27,37,0	33:0,31,0,101	00:167,0,0,0	00:151,0,0,0	00:131,0,0,0	03:51,0,0,35	01:67,30,0,0	03:83,0,0,24	01:36,26,0,29	22:0,34,89,0	23:0,0,56,122	00:125,0,0,48	03:63,0,0,67	01:85,31,0,0	23:43,74,50,28	00:83,24,0,38	00:126,0,0,0	03:72,0,0,64	00:126,0,0,34	33:29,0,0,73	00:121,33,0,0	00:130,0,0,41	33:34,0,0,85	00:127,0,0,15	03:51,0,28,34	00:156,0,0,0	00:156,0,0,0	00:107,0,0,36	03:66,0,0,33	23:0,0,64,55	01:89,41,0,0	00:112,0,0,0	00:117,0,0,0	00:100,28,0,1	03:39,0,0,113	03:50,0,0,43	00:114,0,0,31	00:114,0,0,29	03:97,0,41,28	00:114,0,0,30	03:16,0,0,97	00:106,0,0,0	03:93,0,0,80	00:105,0,0,0	03:78,35,0,56	03:89,0,0,49	00:116,0,34,0	33:61,0,0,50	03:49,0,0,83	00:112,42,0,0	03:67,28,0,13	00:119,0,0,0	01:80,50,0,0	00:116,0,0,37	12:41,32,21,0	01:49,36,0,34	03:22,0,0,93	01:75,54,0,28	00:91,0,29,0	00:145,0,0,0	13:104,64,0,34	13:0,26,0,146	00:139,50,0,0	00:129,0,0,0	03:23,0,0,105	00:103,0,0,0	02:74,0,47,0	33:35,0,0,94	00:164,0,0,0	00:98,0,0,0	03:106,0,0,29	00:135,0,0,0	22:0,0,144,0	00:139,0,0,38	00:112,0,0,0	02:51,0,71,0	22:37,0,115,0	00:88,0,0,37	02:101,0,48,0	33:0,0,0,164	22:0,84,63,0	22:0,0,135,0	22:1,0,105,0	01:74,21,0,32	33:0,37,45,80	00:171,0,0,0	33:0,0,0,121	03:25,0,0,91	02:30,26,65,0	00:183,0,0,0	01:56,34,34,0	03:88,41,0,19	13:0,19,0,109	00:153,0,0,0	01:115,49,0,0	00:78,0,0,23	03:114,0,0,27	23:39,0,43,34	33:34,0,0,99	03:119,0,0,27	01:70,89,0,0	00:111,0,0,0	02:87,0,14,0	00:117,0,0,0	00:89,0,86,0	00:103,0,0,0	00:60,0,0,57	03:87,33,0,23	11:0,124,0,0	00:183,0,0,0	00:106,0,0,38	00:67,35,0,41	03:80,0,0,25	13:68,34,0,37	00:132,0,0,0	03:77,0,0,22	22:33,36,79,0	00:143,0,0,0	03:39,0,35,55	33:0,0,0,116	00:142,0,0,0	33:0,0,43,89	22:0,39,50,21	13:0,49,36,27	01:113,21,0,0	00:137,0,0,0	00:118,28,0,0	00:139,0,0,0	13:69,33,0,20	11:55,56,0,0	00:89,31,0,0	01:77,0,33,32	01:84,33,0,0	03:38,23,0,16	00:188,0,0,0	00:94,0,0,36	33:0,0,0,168	03:36,0,0,100	01:46,68,0,0	00:146,0,0,0	00:135,0,0,0	02:62,0,58,0	33:80,0,0,75	13:0,108,0,34	11:0,141,0,33	00:77,0,0,27	00:85,0,28,0	00:113,0,0,0	03:108,0,0,26	03:115,0,0,22	33:0,22,0,103	01:101,38,0,0	03:131,0,0,43	00:101,0,34,0	03:99,0,0,29	00:85,0,0,0	01:155,39,0,0	01:107,43,0,0	00:136,0,1,0	33:91,0,0,82	00:90,0,0,35	33:0,0,0,172	03:109,0,0,38	03:29,42,29,36	00:151,0,0,0	00:166,0,0,0	13:33,32,0,56	02:66,0,28,32	03:54,0,0,53	00:121,0,40,0	13:31,59,0,31	00:100,0,0,35	01:39,56,0,35	02:118,0,37,0	02:142,0,30,0	00:105,29,0,0	03:93,0,0,29	00:134,50,0,0	33:66,0,0,54	03:65,39,0,33
3_33	74	03:124,0,0,62	13:12,82,16,49	33:19,0,0,106	00:84,8,17,14	00:160,0,0,33	02:91,0,52,0	00:183,0,0,0	00:199,0,0,0	13:17,101,0,14	00:142,0,0,19	00:120,0,0,9	00:84,0,20,0	33:38,2,0,70	02:75,0,77,0	00:94,16,0,4	00:107,6,14,0	00:130,0,0,0	03:119,0,3,60	03:62,47,15,5	02:82,19,23,15	22:17,0,122,0	00:177,0,0,0	00:142,0,10,0	12:0,69,38,0	01:85,45,0,13	03:84,12,0,29	00:107,20,0,0	03:121,26,0,26	03:95,0,0,41	00:115,0,1,31	00:139,0,0,26	00:152,0,12,0	02:103,0,31,6	33:10,13,0,117	03:131,0,0,89	22:18,17,119,0	00:98,0,15,6	00:129,11,0,25	00:64,14,6,0	01:100,28,0,10	00:103,0,22,0	03:70,0,0,98	00:114,11,8,0	01:100,41,7,0	33:13,0,11,113	00:135,0,18,0	01:69,29,0,31	00:102,0,2,3	00:99,10,0,3	00:98,0,0,38	03:42,0,0,75	00:121,0,0,14	33:26,0,14,136	03:85,0,10,30	00:96,13,0,33	00:111,0,18,3	00:105,0,10,13	00:122,13,0,17	00:102,0,22,15	01:85,92,0,0	33:52,0,7,91	01:152,27,14,0	03:58,56,0,26	13:67,11,0,25	00:78,8,0,11	00:89,0,6,9	00:78,0,0,30	00:63,1,1,31	11:2,105,0,0	00:156,0,0,16	03:102,0,0,58	03:142,0,14,4	01:72,26,0,3	13:68,48,0,31	03:75,6,25,48	00:107,38,0,2	03:59,0,4,74	12:67,26,78,0	03:109,0,0,39	11:61,59,38,0	02:122,0,28,47	33:28,10,0,82	00:84,3,23,21	00:94,0,25,0	00:109,12,0,25	03:60,5,0,35	00:133,17,16,8	00:131,0,0,0	02:61,0,74,0	00:154,0,20,0	00:82,0,7,0	03:111,0,0,35	00:149,0,0,0	03:92,0,0,91	00:119,0,0,10	00:151,0,0,15	03:112,0,12,39	03:93,37,3,77	02:96,13,26,0	00:67,0,15,33	03:62,0,0,42	00:178,0,0,9	03:65,0,17,36	00:172,0,1,0	03:34,0,0,79	03:96,16,0,27	00:99,2,0,38	33:12,6,0,103	03:149,0,1,22	00:154,7,0,0	00:65,23,0,13	11:18,120,11,4	02:124,3,74,0	00:97,0,11,0	00:92,23,13,0	02:41,0,33,45	01:110,78,0,1	01:104,16,0,9	00:159,0,17,15	03:154,0,0,45	03:82,35,0,44	00:140,0,12,0	00:104,0,15,9	03:38,0,0,122	02:108,0,27,26	03:92,32,0,24	03:38,0,1,100	00:136,19,0,0	01:30,31,15,32	00:130,0,0,26	00:140,0,0,14	02:24,23,134,0	00:168,0,0,34	00:185,0,0,0	12:49,49,51,0	12:0,44,104,0	03:75,0,0,58	00:200,0,0,17	33:90,0,1,80	11:0,134,37,0	22:0,0,137,21	02:50,4,89,0	00:145,0,6,10	33:13,25,8,144	00:162,18,0,0	13:18,33,0,97	33:26,8,0,113	03:78,1,0,49	00:181,0,0,0	02:70,12,89,0	00:143,0,0,7	33:16,0,0,121	02:74,6,67,0	00:181,0,0,9	23:67,0,32,16	00:123,0,0,77	22:0,0,101,33	33:27,7,1,108	02:82,0,53,9	01:123,36,0,1	00:88,0,17,3	13:59,25,0,60	13:52,23,5,32	00:148,13,0,7	02:65,7,23,20	01:98,29,0,22	01:122,28,0,0	13:0,92,0,36	00:140,3,22,19	03:105,10,10,22	00:80,14,0,28	00:123,0,0,0	33:60,0,0,88	00:150,0,0,15	03:66,0,7,26	22:0,17,149,0	03:109,38,0,42	33:62,9,0,65	13:95,22,0,24	03:86,7,0,21	03:68,0,0,72	02:102,6,68,0	11:0,102,7,0	00:136,13,11,14	00:153,0,0,13	00:140,0,9,0	00:89,9,12,0	01:54,32,7,3	01:72,27,5,5	00:114,21,0,0	02:109,0,35,24	00:67,9,0,6	01:20,64,0,16	00:171,0,0,0	00:65,0,0,9	33:16,9,9,89	33:70,6,0,104	00:151,6,5,0	03:93,10,3,22	00:123,19,0,6	02:40,2,102,0	00:83,0,24,90	01:28,154,0,0	03:107,25,0,28	33:51,0,4,53	00:93,31,15,12	00:104,0,0,12	03:94,11,0,33	00:140,0,0,21	33:25,4,0,111	00:113,8,19,0	00:157,0,0,2	23:22,0,24,82	03:63,7,18,17	00:107,1,0,5	00:196,0,0,0	33:88,0,0,90	03:78,0,0,48	33:5,0,0,107	03:96,0,7,59	33:40,0,0,127	02:116,0,46,0	00:119,0,0,31	03:91,0,5,57	01:120,25,0,10	00:97,12,0,20	00:128,0,0,22	01:84,25,0,4	00:161,0,4,0	13:7,31,7,77	02:88,9,20,16	11:2,108,0,4	00:128,0,12,20	00:168,15,0,3	01:77,55,0,7	23:86,0,41,42	00:114,36,17,0	33:52,0,15,47	33:26,0,12,111
4_33	66	03:71,0,0,31	01:25,91,18,0	33:0,0,0,83	01:63,14,0,0	00:65,26,0,0	01:39,29,14,0	00:97,0,52,0	00:82,0,43,0	11:0,104,0,0	03:31,0,0,49	00:51,0,0,25	03:36,0,19,8	03:22,0,0,47	00:47,20,19,0	12:28,11,18,0	00:70,0,0,0	03:56,0,0,28	00:143,0,0,0	11:16,34,0,0	03:68,0,0,32	01:17,25,35,0	03:85,0,0,25	00:34,37,0,14	11:0,39,16,0	03:26,13,0,64	00:74,0,0,0	00:86,0,0,0	01:98,23,0,0	00:93,0,0,0	33:15,0,0,67	00:88,0,0,0	00:73,0,28,0	00:98,0,0,0	01:21,21,0,44	13:0,46,0,92	12:0,35,35,31	01:12,40,0,16	01:43,31,52,0	00:44,0,0,0	00:94,0,1,0	23:54,0,17,14	03:15,0,0,73	13:51,13,0,34	00:41,15,0,30	03:15,0,0,50	02:50,0,99,0	03:18,0,0,29	00:63,0,0,14	00:59,0,12,0	00:87,0,0,0	33:0,0,19,39	00:42,0,20,0	03:55,2,0,19	03:49,0,22,11	00:60,0,0,24	02:54,0,7,0	03:89,0,0,9	03:102,0,0,13	02:64,0,13,0	02:48,27,42,0	33:0,0,0,68	00:114,0,0,0	01:37,42,0,0	00:51,0,0,16	03:49,0,0,6	03:31,0,0,15	03:81,0,0,26	00:61,0,0,0	11:9,70,0,0	00:58,39,0,26	03:103,0,0,21	00:95,0,0,0	00:54,0,0,17	00:91,0,0,34	22:37,0,28,31	00:40,0,0,16	03:107,0,0,15	00:66,27,42,0	03:55,0,0,24	02:20,8,25,30	03:33,0,22,80	03:22,0,0,75	13:36,12,0,9	00:61,0,0,0	33:48,0,0,46	00:68,0,0,21	00:100,0,0,0	03:43,0,0,46	03:50,1,12,25	00:86,0,0,0	00:60,0,0,0	00:72,0,0,12	00:66,0,1,17	00:63,0,0,45	00:73,0,0,0	03:46,41,0,26	03:17,37,0,45	23:1,0,68,67	00:63,0,64,0	03:41,0,0,17	03:28,0,0,35	00:133,0,0,0	22:50,0,28,0	00:135,0,0,0	33:36,0,0,40	00:33,0,0,15	03:50,0,0,17	33:17,0,0,56	02:65,0,25,26	NA:80,0,0,0	00:83,0,0,0	11:0,56,0,20	00:74,37,0,0	00:44,23,0,0	00:81,0,0,0	00:70,0,0,0	11:23,60,0,0	03:53,0,0,17	03:63,0,21,27	00:155,0,0,0	00:51,0,0,48	01:67,20,0,0	00:113,0,0,0	22:19,0,17,39	00:93,0,0,0	00:125,0,0,0	03:44,0,0,55	02:109,0,29,0	00:82,0,0,0	03:20,0,0,86	00:54,0,0,25	22:0,32,88,0	03:82,0,0,23	00:84,0,0,25	11:19,21,37,0	11:0,90,23,0	NA:48,0,0,54	00:116,0,0,0	00:64,0,0,73	12:0,45,50,0	22:0,0,92,0	22:0,0,64,0	00:95,0,0,0	13:0,43,0,105	03:80,0,0,30	33:0,0,0,99	33:0,0,0,84	03:44,1,0,27	03:69,0,0,17	00:73,0,22,0	03:40,15,0,21	33:0,0,0,92	22:33,0,65,0	03:96,0,0,30	11:41,19,23,0	03:20,0,0,70	22:28,0,38,23	23:0,0,26,61	00:79,0,0,0	03:73,0,0,34	33:36,0,0,16	01:55,30,0,0	00:84,0,0,0	00:85,0,0,32	23:37,0,14,13	02:35,0,26,33	02:96,0,26,0	11:0,80,0,0	02:75,0,35,32	00:81,0,0,26	01:21,9,0,26	01:30,19,0,0	03:76,0,0,21	00:49,0,0,24	00:74,0,0,0	12:0,35,71,1	00:80,0,0,0	NA:49,0,0,39	00:82,0,0,0	00:79,0,0,0	03:26,0,0,56	02:59,0,25,0	11:0,61,0,0	00:84,0,0,31	03:83,0,0,23	00:76,0,0,30	02:70,0,19,24	00:68,0,0,0	00:44,0,0,14	12:26,20,40,0	00:87,0,0,0	00:39,0,0,0	00:21,41,0,0	02:79,0,27,0	03:70,0,0,43	01:31,35,36,21	03:70,0,0,48	00:78,32,0,0	03:60,0,0,16	11:38,22,0,0	11:0,36,44,0	33:0,0,0,114	11:0,87,0,0	00:84,22,0,0	03:41,0,0,10	01:78,28,0,0	00:82,0,0,0	02:63,0,20,0	00:69,0,0,20	33:0,0,0,72	12:46,29,32,0	03:66,1,0,23	00:99,0,0,17	22:43,0,42,0	00:51,0,0,0	00:116,0,0,0	00:94,0,0,0	03:69,0,0,22	00:44,0,0,60	03:77,0,0,16	33:0,0,0,111	03:84,0,0,34	03:41,32,0,30	00:93,0,0,0	03:87,0,0,14	01:54,21,0,0	00:81,0,0,0	00:53,0,0,30	00:50,0,0,38	13:0,29,0,43	00:63,0,0,28	01:18,53,0,0	00:123,0,0,0	00:96,0,0,0	00:82,0,0,0	00:133,0,0,0	03:48,0,39,39	33:0,0,0,48	33:0,0,0,121
2_34	54	03:65,0,0,65	11:0,93,37,2	03:31,0,1,69	00:92,0,0,0	01:109,22,0,0	00:85,21,0,0	23:68,0,40,33	02:92,0,25,0	12:0,97,31,0	03:64,0,0,39	13:28,54,0,15	02:38,0,20,18	33:23,1,0,67	01:86,26,0,0	00:41,21,14,0	03:46,0,22,19	00:57,0,33,19	00:156,0,0,0	11:39,61,0,0	03:104,0,0,31	22:0,19,95,0	00:96,0,0,17	01:61,22,0,16	11:0,88,0,0	03:87,0,0,43	01:79,31,0,0	01:62,33,0,0	00:160,0,0,0	00:116,0,3,0	03:29,0,0,87	00:121,0,0,0	02:100,1,25,0	00:133,0,0,0	33:30,0,0,118	33:51,30,0,92	23:0,17,67,29	13:1,50,0,78	22:55,0,51,0	00:69,0,32,0	00:133,0,1,0	00:81,0,0,26	33:0,0,0,127	00:100,0,0,23	13:59,27,0,22	33:16,0,0,74	02:88,0,73,0	03:16,1,33,47	03:49,0,0,20	02:80,0,20,0	00:91,24,0,0	23:1,0,20,71	02:67,0,20,0	01:58,6,36,1	02:69,0,33,19	03:46,0,0,61	00:105,0,0,0	00:135,0,0,3	00:145,0,0,3	00:110,0,0,0	01:38,60,25,0	33:36,0,0,66	00:137,0,0,0	01:64,59,0,0	03:63,0,0,21	00:77,0,0,0	00:39,0,0,49	00:86,0,0,22	01:34,12,0,18	02:26,47,24,0	33:33,0,39,78	00:162,0,0,0	00:121,1,0,0	03:64,1,0,22	00:102,40,0,0	00:112,0,0,29	00:90,0,2,0	00:145,1,0,0	00:96,0,26,0	03:45,0,0,23	01:64,50,0,0	03:115,0,0,50	03:50,0,0,59	00:83,30,0,0	00:97,0,0,0	00:96,0,17,0	00:114,0,0,0	00:93,0,0,27	00:112,0,0,0	00:77,0,23,0	03:74,0,28,21	03:78,0,0,20	03:51,0,0,59	03:86,0,0,23	33:0,0,0,123	00:77,2,0,0	03:102,0,0,33	00:121,0,0,3	33:49,0,36,138	02:90,0,28,0	03:47,0,0,52	00:83,0,0,0	03:80,0,0,69	01:64,22,16,0	00:83,38,0,23	03:27,0,22,64	02:85,0,25,0	00:86,0,0,0	33:27,0,0,60	03:74,26,0,33	13:50,28,0,13	01:39,56,0,0	11:0,110,0,0	00:82,1,46,0	03:81,0,2,17	00:107,0,0,0	03:70,0,0,25	01:80,54,0,0	02:70,0,27,0	02:60,0,81,0	00:118,66,0,0	33:69,0,0,72	00:81,0,32,0	00:140,0,0,2	03:28,0,0,85	03:101,0,0,29	00:124,0,0,0	03:22,0,0,82	00:63,0,64,0	00:97,0,0,0	33:25,0,0,90	03:87,0,0,26	12:0,44,81,0	23:0,37,28,79	02:77,0,26,21	00:126,0,0,0	22:0,0,156,2	03:32,0,16,68	00:137,0,0,0	03:72,35,0,48	12:23,75,24,0	22:0,28,89,0	12:0,10,82,0	00:93,0,0,0	23:0,60,85,37	00:134,0,0,0	00:62,31,0,26	33:0,0,0,119	00:103,0,0,3	12:80,45,27,0	02:27,19,66,0	00:55,45,0,35	13:0,48,35,21	22:68,0,69,0	00:151,0,0,5	02:45,0,53,0	00:74,0,35,31	22:0,0,77,22	33:17,0,0,67	12:41,29,68,0	00:124,0,1,0	00:81,0,0,0	01:81,29,0,0	03:83,0,0,29	00:128,0,0,1	00:77,0,0,0	33:54,0,0,55	01:77,35,0,28	11:0,109,0,0	00:127,0,49,0	00:121,0,0,0	01:66,36,0,0	02:79,0,24,0	00:114,0,0,0	00:94,31,0,0	00:74,0,0,0	22:0,0,103,0	03:85,0,0,27	33:1,0,0,112	01:31,45,1,62	00:66,0,0,0	13:0,37,0,84	02:67,16,21,0	01:19,48,0,0	02:100,0,24,0	00:76,0,0,43	00:125,0,0,0	00:128,0,0,0	03:33,0,0,44	01:46,24,0,0	00:121,0,0,0	00:124,1,0,0	00:57,0,1,25	13:0,32,0,43	00:143,0,0,0	02:95,0,13,0	33:0,0,33,121	03:64,0,2,76	01:36,50,0,43	00:49,0,0,49	00:120,0,0,0	02:30,0,63,0	03:40,0,0,97	01:34,66,0,37	03:94,2,0,39	03:40,0,0,51	00:73,0,0,33	00:109,0,0,0	00:82,18,0,0	00:89,0,0,26	33:0,0,0,98	00:124,0,0,0	00:131,0,0,0	00:62,0,0,45	03:69,0,0,27	00:73,0,0,0	00:153,0,0,0	00:103,37,0,6	00:113,0,0,4	01:33,41,0,67	23:52,0,30,20	03:48,0,0,94	00:121,0,0,0	02:64,0,29,23	00:95,0,50,0	00:157,0,0,0	03:75,0,0,16	00:62,0,2,59	33:33,22,0,60	23:72,0,22,57	03:19,23,0,57	33:61,0,0,48	13:0,89,0,18	00:96,0,0,26	00:140,0,0,0	00:103,22,0,0	00:100,0,25,0	12:0,59,88,0	03:36,0,0,34	03:62,0,0,87
3_34	41	33:40,0,0,112	13:13,82,0,59	03:0,0,0,106	02:92,0,42,0	03:122,0,0,44	00:117,21,5,0	00:118,0,0,41	00:134,0,0,34	03:32,29,0,55	03:93,0,15,0	00:101,0,7,0	00:59,0,38,0	03:45,0,0,67	00:99,0,0,9	00:78,57,0,0	00:104,14,0,0	00:162,0,0,0	23:27,0,46,110	23:71,0,49,20	02:108,0,34,0	22:28,15,93,0	00:144,0,0,14	00:100,0,15,0	11:0,91,0,14	00:129,0,0,17	03:87,0,0,27	00:127,0,0,0	33:84,0,0,80	03:83,0,13,33	03:90,25,0,22	03:122,20,0,11	02:164,17,0,0	23:44,19,31,45	33:0,0,0,127	03:100,0,0,94	02:0,0,151,25	00:127,0,0,0	00:114,0,22,0	01:79,31,0,0	01:79,40,0,8	00:126,16,0,0	33:0,0,0,140	00:112,12,0,15	00:108,0,0,31	33:0,0,0,112	00:134,25,0,0	03:69,12,0,31	03:109,0,0,27	03:105,0,0,20	00:133,0,0,19	03:31,0,0,77	00:91,0,0,16	03:45,0,0,117	00:139,17,0,0	00:110,0,0,0	00:121,0,0,0	00:147,0,7,0	00:160,8,0,0	00:125,22,0,0	01:107,52,18,0	33:0,0,0,122	03:122,0,0,34	03:114,0,0,55	03:77,0,0,34	00:72,0,0,0	00:73,15,0,29	00:91,0,0,9	00:100,20,0,3	13:0,84,15,34	03:91,0,0,83	00:140,0,0,0	00:148,0,0,0	13:10,41,0,42	03:56,24,15,33	00:112,0,0,0	03:94,0,12,28	03:43,52,0,56	22:69,0,90,0	03:46,0,0,80	01:111,58,0,0	00:229,0,0,0	33:32,0,0,93	00:172,0,0,0	00:81,0,0,49	00:163,0,0,0	00:147,0,0,0	00:123,0,0,0	01:77,27,30,0	01:101,29,10,0	00:104,0,50,0	00:88,0,5,0	00:134,0,0,10	03:123,0,0,29	03:37,0,0,123	03:94,0,0,36	00:131,0,0,0	03:101,0,0,40	03:40,0,19,126	01:142,0,0,0	03:94,17,0,39	03:35,15,0,49	00:108,0,0,65	03:92,0,0,62	02:159,0,0,0	00:83,0,0,30	00:144,0,0,0	03:36,0,0,94	03:64,0,0,56	02:93,0,42,0	00:102,0,0,16	00:82,0,0,32	01:42,125,0,0	03:75,0,51,35	01:19,40,55,0	03:95,0,0,41	01:107,41,0,7	00:193,0,0,0	02:120,0,24,0	03:117,0,0,51	00:147,0,0,21	03:46,26,0,70	00:147,0,0,0	00:127,0,0,0	03:69,0,0,82	00:159,0,0,0	02:95,0,45,0	33:0,0,0,115	01:77,29,0,12	03:44,0,24,24	00:126,0,21,25	00:156,0,0,0	02:52,27,81,0	00:105,13,0,56	00:135,25,0,0	00:110,0,13,17	22:7,0,139,0	03:131,0,0,1	00:132,52,0,0	33:91,0,0,106	11:0,123,12,0	22:37,0,113,0	12:0,32,80,0	00:83,0,38,0	13:31,61,0,74	01:110,8,17,0	23:0,0,33,100	03:74,0,11,52	00:109,11,5,0	00:178,0,0,0	00:103,29,0,0	23:77,0,40,33	33:0,0,0,129	00:149,0,24,0	03:114,20,0,52	00:121,0,0,15	00:112,0,0,45	22:49,0,69,0	03:81,0,0,46	03:107,0,0,28	03:75,5,0,51	00:83,0,1,40	00:110,0,26,12	03:32,0,0,73	00:170,0,0,0	02:85,0,20,0	00:131,0,0,0	00:139,11,0,6	01:103,30,0,0	03:184,0,0,0	01:90,52,0,0	01:96,0,43,0	23:63,0,37,49	03:61,0,0,67	00:137,12,0,0	03:69,0,0,18	12:0,76,89,0	12:35,51,50,0	23:0,11,104,51	03:147,0,0,16	00:98,7,0,0	11:38,56,0,66	12:14,37,85,0	01:43,67,0,0	00:132,15,0,0	03:132,0,0,0	00:153,0,0,0	00:120,0,0,0	01:55,53,0,0	01:57,54,8,0	00:143,0,0,0	00:154,0,0,0	00:84,17,0,0	11:0,71,28,0	00:114,0,0,36	00:60,0,0,0	33:0,0,11,142	03:68,0,0,87	02:62,0,94,0	03:81,0,0,62	03:125,0,0,0	02:80,0,58,0	03:67,0,0,111	03:91,25,0,37	01:51,96,0,7	03:79,0,0,36	00:134,0,0,4	00:112,0,0,0	00:124,17,0,0	00:125,0,0,40	00:75,0,9,42	00:121,0,0,0	00:161,0,0,7	03:35,0,0,79	02:42,0,38,39	00:103,0,0,0	00:190,0,0,0	00:156,0,0,15	00:142,0,0,0	33:0,15,0,100	00:104,0,0,28	33:0,0,0,166	00:170,0,0,0	00:117,0,0,14	03:110,0,0,41	03:89,1,0,56	02:111,0,21,0	03:53,30,0,46	00:110,7,0,11	00:139,42,0,0	11:0,86,0,33	01:97,15,0,0	01:16,70,0,0	02:89,0,55,11	00:162,0,0,23	01:52,84,0,0	02:107,0,63,0	00:163,18,0,0	33:15,0,11,75	33:0,39,13,111
4_34	32	00:109,0,0,31	12:0,95,30,23	33:0,0,0,94	00:107,0,0,0	00:145,0,0,0	12:67,26,13,0	00:153,0,0,0	01:74,66,0,0	13:0,46,0,48	02:69,0,36,29	03:76,0,0,33	02:38,20,30,0	33:38,0,0,58	23:55,0,25,26	01:72,29,0,0	01:81,27,0,0	00:87,0,0,0	00:116,0,0,38	01:57,37,0,0	00:110,0,0,0	23:0,0,84,27	01:85,54,0,0	00:133,0,0,0	23:0,21,22,48	01:109,22,0,0	02:44,0,59,0	03:69,0,0,70	00:103,0,0,22	03:66,0,25,33	03:69,0,0,59	00:132,0,0,0	00:113,23,0,0	00:130,0,0,0	03:34,0,0,83	03:79,0,0,81	12:0,42,79,0	01:53,50,0,0	03:30,0,57,33	01:73,25,0,0	03:50,0,0,81	00:114,0,0,0	02:30,0,31,30	03:70,0,0,48	13:29,25,0,62	33:0,0,0,126	02:68,45,51,0	12:23,17,35,29	00:86,28,0,0	00:99,0,0,0	00:116,0,0,28	23:35,0,37,33	03:66,0,0,57	03:36,0,0,106	03:103,0,0,13	00:84,0,0,28	00:81,34,0,0	02:97,0,27,0	01:119,34,0,0	01:53,63,0,0	02:55,33,55,0	33:0,0,0,117	13:83,34,0,42	00:109,0,0,0	01:82,20,0,0	00:79,0,19,0	00:82,0,0,0	00:105,0,0,23	03:73,0,0,29	01:27,72,0,0	00:151,0,0,0	03:55,0,0,119	00:132,0,0,0	02:87,0,28,0	01:49,110,0,27	03:88,0,0,24	00:119,0,0,0	00:116,0,0,0	23:38,0,56,33	00:134,0,0,0	03:88,36,0,20	03:105,0,0,32	33:72,0,0,63	00:94,22,0,0	00:72,0,0,22	00:89,32,0,0	00:112,0,0,0	00:109,0,0,0	33:24,0,0,72	00:109,0,0,30	00:117,0,0,0	03:75,0,0,28	00:93,0,0,36	23:59,0,34,32	33:30,0,0,97	00:92,0,0,0	03:75,0,0,72	03:77,0,0,78	23:0,0,103,49	00:82,20,0,0	33:24,0,0,98	02:77,0,24,0	00:144,0,0,0	03:71,0,0,33	00:122,0,0,31	33:0,0,0,94	00:122,0,0,0	13:0,28,0,75	33:0,0,0,79	00:84,0,33,0	01:83,29,0,0	13:26,21,0,50	11:48,101,0,0	00:116,0,33,0	03:49,28,0,24	00:100,0,0,0	23:22,0,23,56	11:0,156,0,0	02:75,0,29,26	00:100,0,0,30	00:172,0,0,0	03:18,0,0,124	00:125,0,0,0	00:132,0,0,0	33:21,0,0,83	01:116,31,0,0	00:99,0,0,0	03:70,0,0,44	03:107,0,0,24	00:113,0,0,0	03:62,0,0,54	03:87,0,0,31	22:0,61,53,0	33:67,30,0,79	03:89,0,0,65	02:100,0,18,0	22:31,0,108,0	03:78,0,0,46	00:141,0,0,0	23:0,0,68,88	12:0,80,33,0	00:54,0,62,0	23:0,27,39,31	00:113,0,0,0	33:0,48,0,105	01:91,43,0,0	33:0,0,0,109	33:0,0,0,117	00:102,0,27,0	00:121,0,0,0	02:103,0,25,0	01:65,31,38,0	33:0,0,0,119	00:86,0,33,0	00:104,0,0,35	02:85,0,33,0	03:67,0,0,69	23:0,0,75,28	33:43,0,0,57	00:124,0,0,0	00:138,0,0,0	00:89,0,0,0	00:88,0,0,19	00:111,0,0,0	00:107,28,0,0	00:81,25,0,0	03:63,0,0,79	03:105,1,0,26	11:23,84,0,0	00:124,0,0,51	01:70,55,0,25	00:127,0,0,0	00:110,0,0,0	33:65,0,0,65	00:132,0,0,0	00:65,0,25,0	22:0,0,142,0	00:118,0,0,0	13:33,48,0,46	03:70,0,0,54	03:101,0,0,28	03:86,0,0,32	22:30,0,96,0	11:0,81,26,0	00:115,0,0,0	00:112,0,28,0	00:53,0,29,33	00:114,0,0,0	00:88,0,1,0	02:54,0,22,31	00:121,0,0,0	00:112,0,0,0	01:42,20,0,23	11:0,84,0,0	00:108,0,0,34	00:118,0,0,0	23:0,0,79,97	03:37,0,0,106	22:77,0,74,0	00:57,39,0,19	00:111,0,0,0	00:62,0,48,0	03:40,0,0,97	01:26,89,0,0	01:69,73,0,0	00:72,0,0,23	01:61,75,0,0	00:85,0,0,0	00:135,0,0,0	03:120,0,0,21	03:47,0,0,74	00:91,0,29,0	00:159,0,0,0	03:100,0,0,23	02:49,0,56,0	00:98,0,0,0	00:146,0,0,0	00:137,0,0,0	03:118,0,0,12	03:54,0,0,77	00:122,0,0,0	03:53,0,0,88	00:147,0,0,0	00:99,33,0,0	02:85,0,34,0	00:111,0,0,0	03:75,0,0,29	01:88,35,0,0	00:110,0,0,0	00:141,0,0,0	11:0,88,38,0	11:71,70,0,0	12:0,77,46,0	00:146,0,0,0	03:89,0,0,31	01:89,45,0,0	02:95,0,28,0	01:20,131,0,0	33:37,0,0,46	03:102,0,0,27
2_35	86	00:210,0,0,34	23:0,23,50,137	33:19,0,0,120	00:182,0,0,12	00:229,0,0,0	02:136,0,44,0	00:179,0,0,32	00:229,0,0,0	11:0,137,0,20	00:150,27,0,3	00:169,0,0,1	00:111,0,25,0	03:73,0,0,59	02:125,0,46,0	00:155,22,0,0	01:89,53,34,0	00:173,0,0,0	03:108,0,0,129	00:208,0,0,0	00:147,34,0,0	22:0,0,167,0	00:229,0,0,0	00:174,0,0,0	12:0,100,52,0	01:145,51,0,2	00:145,23,0,0	00:166,0,0,0	01:119,132,0,0	03:139,0,0,42	03:102,0,0,77	00:181,0,0,3	00:207,0,0,0	00:184,0,0,0	33:0,0,0,149	00:269,0,0,0	22:0,29,193,0	00:186,0,0,1	00:158,0,24,3	00:121,0,0,0	00:148,0,0,0	00:190,0,0,0	01:92,66,0,29	00:234,0,0,0	01:93,79,0,0	33:1,0,0,163	02:144,0,89,0	01:93,38,0,0	00:123,0,20,0	00:193,0,0,0	03:47,30,0,74	33:40,0,0,112	02:136,0,0,0	33:52,8,0,122	03:184,0,0,25	00:198,3,0,0	00:141,0,30,0	00:154,0,5,17	00:179,7,0,22	00:146,0,0,31	00:246,2,0,0	03:24,0,0,146	01:172,54,0,0	00:185,0,0,28	01:102,46,0,25	03:78,0,0,29	00:127,0,13,0	00:122,0,0,39	03:62,0,11,50	11:0,167,0,0	03:105,0,0,107	33:82,0,0,109	03:133,0,0,46	00:143,0,0,0	11:46,215,0,0	33:71,0,0,110	00:142,1,10,26	03:102,0,0,80	01:113,50,35,0	00:161,0,0,24	11:71,96,0,0	02:149,0,66,38	03:61,0,43,94	00:220,0,0,0	00:146,0,31,0	00:201,0,0,0	03:60,54,0,34	00:190,0,0,0	00:192,0,0,0	23:35,0,75,58	03:119,16,0,68	03:80,0,12,26	00:175,0,0,8	01:117,53,27,2	33:0,0,0,197	00:134,0,0,27	00:179,0,20,2	00:155,4,36,0	02:189,0,88,18	00:132,24,0,0	13:0,73,0,149	01:88,42,0,9	03:109,51,0,68	03:132,0,0,53	00:188,0,0,11	00:137,0,0,36	00:157,0,0,0	00:123,0,0,47	03:46,0,11,107	00:176,0,8,0	00:188,0,1,0	03:87,0,0,98	11:0,183,0,33	23:51,39,73,51	02:106,0,52,0	03:109,0,0,60	33:43,0,0,129	01:73,106,0,0	00:172,0,0,0	00:217,0,1,0	00:266,2,0,0	33:0,0,23,209	12:78,60,75,0	00:179,0,0,0	13:15,49,0,132	02:203,0,0,3	00:173,2,0,0	00:114,0,0,70	00:180,0,0,0	02:121,0,39,0	23:15,0,56,152	00:123,0,0,33	12:0,53,134,0	03:184,0,0,99	00:249,0,0,0	00:137,0,26,0	22:23,29,175,0	03:72,0,0,125	00:213,0,0,20	03:84,0,0,150	11:0,194,0,0	22:0,0,196,0	22:0,27,143,0	00:172,0,0,25	23:0,67,74,133	00:213,0,0,0	00:157,0,0,65	33:0,0,0,200	00:165,20,0,0	01:181,49,0,0	02:77,29,98,0	03:153,0,26,47	33:21,0,0,154	03:93,0,47,39	03:117,0,0,97	00:213,0,0,0	33:25,32,0,165	22:0,0,180,0	03:102,0,0,62	00:150,0,0,16	00:188,1,0,24	03:130,0,0,33	03:119,0,0,60	03:62,0,0,85	00:191,0,33,0	00:143,0,19,2	00:135,0,0,35	01:94,88,0,0	13:0,143,0,68	03:201,0,0,59	01:124,71,0,0	03:137,2,0,43	00:130,0,0,18	23:85,0,30,72	00:204,0,0,23	01:106,26,0,0	22:0,0,208,0	00:147,0,17,18	13:0,73,0,118	00:152,0,0,50	02:62,0,28,36	03:137,0,0,68	12:34,50,109,0	11:0,114,13,24	00:195,0,0,17	01:154,61,0,2	00:157,0,38,0	00:114,0,0,18	01:94,51,1,0	02:104,16,39,0	00:170,2,0,19	00:171,0,0,55	01:67,23,0,15	13:1,65,0,58	00:230,0,0,0	01:69,22,0,1	12:0,41,105,47	00:207,0,0,2	02:110,0,74,25	00:173,0,0,19	00:89,45,0,65	02:50,21,80,20	03:110,0,0,132	11:15,161,0,1	00:130,72,0,0	00:105,23,0,14	01:154,51,27,0	03:119,0,0,60	01:125,60,0,1	03:69,0,0,142	03:59,0,18,70	00:188,0,29,0	00:215,0,0,0	03:84,0,0,55	03:94,1,48,43	00:153,0,0,0	03:173,0,0,97	00:168,0,27,33	03:96,26,0,44	03:50,21,0,82	33:79,0,0,111	33:0,0,23,199	00:152,0,54,0	03:116,2,11,43	03:146,0,0,82	00:161,0,0,52	01:89,36,0,11	00:188,25,0,26	00:145,0,0,14	00:193,0,0,10	12:42,70,45,0	00:191,0,0,3	11:0,113,0,13	00:214,23,0,0	01:151,31,0,0	03:54,56,21,43	00:165,21,30,0	01:90,118,0,0	03:66,0,0,51	03:99,0,0,118
3_35	69	03:35,3,0,34	11:0,48,0,38	13:0,16,10,33	00:59,0,17,0	00:67,0,0,32	01:33,13,0,13	00:94,0,0,0	02:41,20,20,0	11:11,48,0,0	33:17,0,0,53	03:48,0,0,14	23:30,0,18,12	03:18,0,0,25	01:28,36,0,0	02:34,0,12,0	00:47,0,0,11	13:23,25,0,22	01:75,22,0,22	11:0,57,13,0	00:72,0,0,0	12:0,15,47,0	03:35,0,22,17	03:55,0,0,16	11:0,29,14,0	03:51,0,0,18	01:30,26,0,0	03:35,17,0,16	01:90,25,0,0	00:31,0,34,0	13:17,15,24,18	01:78,17,0,0	01:15,36,0,0	00:89,0,0,0	03:24,0,0,57	01:109,40,0,0	12:0,43,31,0	12:33,17,15,0	00:87,0,0,0	00:27,0,4,0	03:20,0,0,29	03:37,0,0,29	23:0,0,12,77	03:19,0,0,64	01:48,0,0,27	03:18,30,0,28	22:19,19,46,0	03:43,0,0,12	00:66,0,0,0	00:55,0,0,0	00:84,0,0,0	33:0,0,0,55	00:49,15,0,0	03:52,4,0,25	00:95,0,0,0	00:63,0,0,0	01:53,32,0,0	00:76,0,0,0	00:83,0,0,0	00:51,0,0,0	12:17,53,27,0	33:0,0,0,75	01:70,0,0,18	01:61,18,0,0	00:56,0,0,0	03:37,0,0,11	03:47,0,0,19	23:19,0,12,11	00:32,6,0,0	11:0,24,16,18	00:67,0,0,18	00:61,0,0,0	00:73,0,0,0	03:24,0,0,21	00:38,0,19,0	03:31,0,0,49	00:41,19,0,3	02:79,0,15,0	12:0,16,50,0	01:62,12,0,0	01:69,26,0,0	00:62,0,0,18	03:24,0,0,25	00:98,0,0,0	00:41,0,0,20	02:78,0,19,0	00:63,0,0,0	23:42,0,16,19	00:64,14,0,0	02:18,5,41,0	02:74,0,30,0	00:37,0,0,15	33:9,14,0,27	00:70,0,0,12	03:0,0,0,92	00:54,0,1,17	03:51,0,0,38	00:84,0,0,0	13:0,31,36,40	00:84,0,0,0	03:12,1,25,42	00:73,0,0,0	03:84,0,0,15	03:43,0,0,25	00:68,0,0,29	33:0,0,0,80	00:32,18,22,0	00:41,0,0,44	33:25,0,0,38	03:95,0,0,0	00:51,0,0,0	01:43,27,0,15	01:40,32,0,0	02:80,0,36,0	00:64,0,0,18	02:50,0,21,0	03:25,0,0,42	01:39,35,0,37	03:32,0,0,25	03:63,0,0,36	00:80,0,0,15	03:18,16,0,58	02:79,0,32,0	03:18,0,20,32	33:0,0,0,94	02:53,24,0,17	00:69,15,0,0	33:28,0,0,47	02:35,18,17,0	01:60,0,0,10	03:39,0,33,14	00:77,0,0,0	12:0,34,75,0	23:0,0,32,81	00:90,0,0,0	02:54,0,19,0	02:25,0,20,48	33:19,0,27,50	03:107,0,0,27	00:45,0,0,41	11:0,50,19,15	22:0,0,102,0	01:6,12,31,0	00:37,16,0,0	12:0,32,42,63	00:112,0,0,0	03:16,0,0,48	33:0,0,0,92	01:32,19,0,16	00:88,0,0,0	02:25,13,34,0	03:40,0,0,49	33:0,0,0,69	03:37,0,18,18	00:49,20,0,29	03:76,0,0,0	03:50,0,16,21	22:19,0,47,0	13:0,13,0,64	00:61,0,0,11	00:45,0,20,0	03:50,0,0,14	03:71,0,0,0	00:56,0,0,0	03:49,0,0,50	00:44,0,0,0	00:74,0,0,0	00:31,0,0,26	01:22,59,0,0	01:45,13,0,0	02:64,0,12,0	02:42,0,17,0	00:62,0,0,0	00:98,0,0,0	02:54,0,33,0	03:23,14,0,15	22:0,0,57,0	03:20,0,22,12	00:66,0,0,22	03:24,0,18,38	01:29,28,0,10	33:0,0,0,80	12:24,11,31,0	11:0,47,0,0	00:85,0,0,0	01:69,18,0,0	00:55,0,16,0	01:52,8,0,0	03:48,0,0,10	00:56,0,0,0	00:77,0,0,0	01:13,45,0,16	02:22,0,28,0	13:0,42,0,6	00:104,0,0,0	00:38,0,0,0	33:0,0,0,64	02:46,0,52,0	00:102,0,0,0	00:103,0,0,0	03:44,18,0,18	02:28,0,51,0	03:57,0,0,40	11:0,65,28,0	01:15,62,0,0	00:47,0,0,0	13:25,35,0,39	00:66,0,0,0	00:70,0,0,0	03:83,0,0,18	33:0,0,0,55	01:50,24,0,0	03:57,0,0,23	03:36,0,0,29	03:20,0,0,14	00:57,0,0,0	01:87,37,0,0	13:30,37,0,44	03:40,0,0,30	33:0,0,1,53	03:55,0,0,43	03:62,0,0,62	03:70,0,0,29	03:74,0,0,18	00:62,0,0,15	00:90,0,0,0	01:19,31,0,34	00:66,20,0,0	01:55,12,0,0	00:102,0,0,0	13:20,23,0,13	02:65,0,15,0	01:24,22,0,0	00:96,0,0,0	00:101,0,0,0	02:51,30,0,0	02:54,0,37,0	03:70,0,0,17	13:23,0,0,30	33:0,0,0,87
2_36	63	03:62,0,0,24	33:2,0,0,61	33:0,0,0,51	12:18,19,16,0	03:66,0,0,35	00:69,0,1,0	00:78,0,0,0	01:79,0,0,0	01:27,41,0,1	00:78,0,0,0	00:30,0,0,17	02:26,0,14,0	03:36,4,0,8	02:47,0,16,0	00:41,3,0,0	00:34,0,0,17	00:75,0,0,0	03:88,0,0,46	12:34,24,31,0	00:91,0,0,0	22:20,0,55,0	00:88,0,0,0	00:60,0,0,0	13:0,37,2,0	00:46,0,25,0	00:49,7,0,0	03:79,0,0,0	00:102,0,0,0	02:17,24,17,0	03:31,0,0,14	00:55,0,18,2	00:56,0,0,23	02:47,0,16,0	33:0,0,0,63	03:93,0,0,29	22:0,0,85,0	00:54,0,0,0	00:95,0,1,0	22:0,0,31,20	00:34,1,21,0	03:44,0,0,35	33:0,0,0,72	00:78,0,0,0	01:23,33,0,0	23:0,0,9,33	00:79,0,0,0	00:37,0,0,0	00:51,0,0,0	00:52,0,0,0	03:51,0,0,15	33:0,0,0,40	01:29,25,0,0	00:56,0,0,32	00:50,0,0,20	03:33,0,0,21	00:43,0,0,0	02:59,0,18,0	01:65,23,0,0	03:29,0,0,16	01:55,20,0,0	03:26,0,0,27	03:61,0,0,36	01:45,22,0,0	00:47,0,0,0	00:44,0,2,0	00:35,0,0,0	03:41,0,0,19	03:29,0,0,10	13:1,42,0,22	00:98,0,0,0	00:60,0,0,38	00:59,0,0,0	03:27,0,0,24	03:20,22,0,24	00:80,0,0,2	03:21,3,0,21	03:46,0,0,21	02:29,0,64,0	00:45,0,0,12	00:77,2,0,0	00:102,0,0,6	13:0,12,0,53	00:66,0,0,0	02:15,1,15,15	00:68,0,0,0	00:23,3,17,0	00:39,0,0,24	01:42,28,0,0	12:27,22,17,0	02:19,0,18,23	00:26,0,0,16	00:55,0,0,0	03:20,19,0,25	33:0,20,0,56	00:54,0,0,0	00:62,0,0,1	00:77,0,0,0	03:42,0,34,65	00:92,0,0,0	33:11,0,21,14	00:42,0,0,0	00:90,0,0,4	00:85,0,0,1	00:55,0,0,39	33:0,0,0,53	01:34,29,0,0	13:24,0,0,26	02:25,0,12,13	00:106,0,0,0	02:50,1,22,0	13:0,14,25,17	12:0,46,20,0	00:93,0,0,0	00:35,0,11,0	00:61,0,0,0	00:34,0,0,12	00:56,35,0,1	00:54,0,0,0	00:96,0,0,1	03:44,0,0,75	11:0,62,44,0	00:58,0,0,0	22:24,0,35,0	33:16,0,0,58	33:34,0,0,61	11:30,48,1,0	33:30,0,0,53	01:50,36,0,0	03:26,0,0,33	03:49,0,0,17	00:59,0,4,0	22:0,35,59,0	03:49,0,0,44	00:93,0,0,0	01:48,19,13,0	13:0,14,55,23	00:50,0,0,14	00:100,0,0,3	33:0,0,0,105	13:0,74,1,23	22:0,0,78,0	02:13,0,54,0	00:68,0,0,0	33:0,0,47,98	00:88,0,0,0	13:17,17,0,51	33:3,0,0,62	00:56,0,0,0	00:70,20,0,0	12:29,18,13,0	00:46,1,0,19	33:0,0,0,55	22:0,0,62,17	01:83,37,0,0	01:42,0,18,0	00:55,0,0,22	02:20,0,49,2	33:0,0,0,81	00:52,9,0,0	03:101,0,0,0	00:30,0,0,6	02:43,13,1,0	00:24,0,11,11	00:72,0,1,0	03:25,0,0,8	00:56,0,0,22	03:72,0,0,16	11:0,40,0,13	02:76,0,23,36	00:54,0,0,0	01:30,14,0,9	00:31,0,13,0	03:28,0,9,16	00:76,0,0,0	00:41,5,0,0	22:2,1,67,0	01:47,24,0,17	33:0,0,0,51	00:44,0,0,14	00:30,0,20,0	03:12,0,0,48	02:11,14,22,0	11:8,34,1,2	00:71,0,15,0	03:55,27,0,28	00:49,19,0,0	02:56,0,14,0	00:17,3,0,0	00:48,0,0,0	01:57,22,1,0	00:70,0,4,0	00:46,0,0,0	01:11,27,0,6	00:95,0,0,4	13:4,51,12,16	03:20,19,2,51	00:72,0,0,2	00:57,26,0,0	00:59,0,0,1	00:71,1,0,0	12:0,13,48,0	33:0,0,0,84	12:18,37,16,2	11:33,52,0,0	00:55,0,0,1	03:21,15,0,18	00:50,0,0,13	00:39,18,0,0	00:51,0,0,0	33:0,0,0,49	00:67,1,0,0	00:72,0,0,1	33:23,0,0,21	12:2,0,8,20	00:38,0,0,0	00:102,5,0,0	03:45,1,0,42	03:54,0,0,14	33:0,18,0,39	33:18,0,14,33	33:18,0,0,63	23:33,0,17,20	03:48,0,0,15	03:45,0,0,26	00:67,15,0,0	23:11,12,13,17	00:86,0,0,0	00:48,8,0,0	00:90,0,0,0	01:9,57,0,0	11:1,63,23,0	03:13,32,0,13	02:79,0,38,0	00:72,0,0,14	11:2,53,22,0	00:93,0,0,0	12:21,64,24,2	00:32,0,0,12	33:0,0,0,104
4_36	25	33:0,0,0,130	13:28,58,48,35	33:43,0,0,52	02:34,27,66,0	03:127,0,0,37	00:152,0,0,0	03:116,0,0,59	00:172,0,0,0	11:0,79,0,34	03:125,0,0,0	00:113,0,0,0	02:70,0,17,0	01:23,43,0,44	03:133,0,0,0	03:57,26,0,19	00:150,0,0,0	00:139,1,0,0	00:150,0,55,0	01:45,35,0,16	01:80,28,0,35	22:30,0,97,0	00:157,0,0,0	00:128,0,0,0	11:0,93,0,0	00:142,0,0,0	00:112,0,0,0	01:84,26,0,0	01:37,107,0,46	01:122,0,0,0	33:36,0,0,109	02:101,0,39,0	00:138,0,0,0	23:32,0,14,86	33:0,25,35,59	03:101,0,0,80	22:0,0,158,0	00:136,0,0,0	00:92,28,0,0	12:56,42,27,0	00:90,0,0,41	00:88,0,29,0	33:29,0,0,111	00:124,25,0,0	01:118,21,0,0	23:40,0,22,48	00:155,0,0,0	03:68,0,0,26	03:89,0,0,38	03:64,0,0,65	00:78,0,0,57	03:63,0,0,77	00:106,0,0,0	33:31,0,0,123	03:89,0,0,31	00:130,0,0,0	03:94,0,0,30	00:136,0,0,0	00:156,0,0,0	00:126,0,0,0	00:162,0,0,0	03:40,0,0,112	00:160,0,0,0	01:78,34,0,29	00:71,0,0,31	00:61,0,12,24	02:78,0,34,0	01:60,21,0,31	01:20,38,0,52	01:24,82,0,0	00:113,0,0,43	00:111,0,0,41	03:89,1,0,41	00:97,30,0,0	00:168,0,0,0	00:127,0,0,0	00:127,0,0,0	00:144,0,0,0	00:68,0,63,0	03:104,0,0,15	02:114,0,41,0	03:79,0,0,77	03:24,0,0,97	02:103,0,29,0	00:126,0,0,0	03:88,33,0,20	03:121,0,0,0	02:31,31,35,37	00:146,0,0,0	02:69,0,64,0	00:75,0,0,30	00:79,26,0,0	03:79,0,0,73	00:157,0,0,0	03:32,0,0,101	00:110,0,0,0	00:107,0,0,36	00:107,0,0,27	13:0,44,108,42	00:96,26,0,0	03:33,0,0,77	03:74,0,0,25	00:146,0,43,0	23:75,0,29,38	00:114,0,44,0	33:0,0,0,121	00:124,0,0,0	00:52,28,0,32	33:0,0,0,108	00:128,0,26,0	00:98,35,0,0	01:53,46,0,25	00:79,60,0,0	02:89,0,40,0	02:93,0,16,0	02:84,0,43,0	33:61,0,0,57	01:32,97,0,57	03:46,0,34,53	03:93,0,0,32	00:175,0,0,0	03:15,0,36,85	02:49,0,52,16	03:98,0,0,34	33:57,0,0,53	00:122,0,0,56	02:108,0,24,0	33:37,0,36,64	00:135,0,0,0	00:71,0,0,21	33:88,0,0,85	00:114,0,0,0	12:0,58,98,0	02:104,0,31,40	00:152,0,0,0	03:33,35,0,31	12:0,74,58,0	03:112,0,0,28	00:137,44,0,0	03:96,0,0,28	11:0,116,18,0	22:0,27,117,0	22:0,0,111,0	03:97,0,0,28	13:0,59,44,90	02:91,0,53,0	33:0,0,0,158	01:22,37,0,57	00:93,0,0,22	00:100,0,0,46	02:83,0,17,33	00:139,0,0,0	33:0,0,0,124	01:39,26,86,0	00:152,36,0,0	00:119,0,0,0	03:79,0,26,28	22:0,0,120,0	00:72,0,0,74	00:127,0,0,0	00:92,0,27,0	00:98,0,0,0	00:113,0,0,0	03:77,0,0,21	01:98,41,0,44	01:44,30,0,25	03:86,0,0,31	00:116,0,0,20	11:0,91,0,0	03:98,0,50,37	00:137,0,0,0	02:62,40,40,0	01:77,35,0,0	00:113,0,0,33	00:133,0,0,0	00:86,0,26,0	22:0,0,123,0	01:68,42,33,0	03:19,0,0,121	03:81,0,0,56	00:108,0,0,22	00:103,0,0,25	12:35,23,78,0	11:0,136,0,0	00:137,0,0,0	00:86,37,0,34	02:75,0,57,0	02:63,0,58,0	02:81,0,26,0	03:74,0,0,32	00:85,28,0,0	00:113,0,0,23	03:72,0,1,24	11:0,81,0,25	00:145,0,0,0	03:105,0,0,8	13:0,13,0,125	00:110,0,38,0	00:122,0,0,0	00:128,0,0,0	00:111,22,0,0	02:22,0,125,0	03:92,0,0,65	12:0,67,71,0	00:79,83,0,0	00:105,0,0,0	00:111,0,0,44	00:122,0,0,0	00:143,0,0,0	00:145,0,0,0	33:0,0,0,116	02:95,0,50,0	00:146,0,0,0	03:71,0,0,51	02:38,0,37,0	00:105,0,0,0	03:159,0,0,29	00:107,0,0,51	00:109,0,0,35	33:0,0,0,100	00:91,0,0,31	33:34,0,0,107	00:159,0,0,0	03:99,0,0,19	03:101,0,0,44	03:91,0,0,49	00:101,0,0,0	00:111,0,45,0	00:91,30,0,0	00:185,0,0,0	11:0,104,0,0	01:75,69,0,0	12:0,61,43,0	02:115,0,67,0	03:90,0,0,64	01:30,90,0,0	00:130,0,0,42	03:119,0,0,41	03:60,0,0,64	03:43,0,0,95
1_37	47	02:0,0,0,0	11:0,0,0,0	33:0,0,0,0	00:0,0,0,0	00:0,0,0,0	00:0,0,0,0	00:0,0,0,0	00:0,0,0,0	11:0,0,0,0	03:0,0,0,0	03:0,0,0,0	03:0,0,0,0	03:0,0,0,0	00:0,0,0,0	02:0,0,0,0	00:0,0,0,0	03:0,0,0,0	03:0,0,0,0	01:0,0,0,0	00:0,0,0,0	12:0,0,0,0	03:0,0,0,0	23:0,0,0,0	11:0,0,0,0	33:0,0,0,0	03:0,0,0,0	00:0,0,0,0	00:0,0,0,0	00:0,0,0,0	03:0,0,0,0	01:0,0,0,0	01:0,0,0,0	01:0,0,0,0	33:0,0,0,0	33:0,0,0,0	23:0,0,0,0	00:0,0,0,0	23:0,0,0,0	00:0,0,0,0	01:0,0,0,0	00:0,0,0,0	33:0,0,0,0	00:0,0,0,0	00:0,0,0,0	33:0,0,0,0	01:0,0,0,0	03:0,0,0,0	00:0,0,0,0	01:0,0,0,0	02:0,0,0,0	33:0,0,0,0	00:0,0,0,0	33:0,0,0,0	01:0,0,0,0	23:0,0,0,0	00:0,0,0,0	00:0,0,0,0	00:0,0,0,0	00:0,0,0,0	13:0,0,0,0	03:0,0,0,0	00:0,0,0,0	02:0,0,0,0	03:0,0,0,0	03:0,0,0,0	00:0,0,0,0	03:0,0,0,0	00:0,0,0,0	11:0,0,0,0	03:0,0,0,0	00:0,0,0,0	00:0,0,0,0	02:0,0,0,0	00:0,0,0,0	03:0,0,0,0	00:0,0,0,0	00:0,0,0,0	00:0,0,0,0	03:0,0,0,0	00:0,0,0,0	03:0,0,0,0	33:0,0,0,0	01:0,0,0,0	00:0,0,0,0	03:0,0,0,0	00:0,0,0,0	00:0,0,0,0	00:0,0,0,0	02:0,0,0,0	00:0,0,0,0	00:0,0,0,0	23:0,0,0,0	00:0,0,0,0	33:0,0,0,0	03:0,0,0,0	23:0,0,0,0	03:0,0,0,0	33:0,0,0,0	00:0,0,0,0	00:0,0,0,0	03:0,0,0,0	00:0,0,0,0	12:0,0,0,0	01:0,0,0,0	33:0,0,0,0	00:0,0,0,0	03:0,0,0,0	33:0,0,0,0	23:0,0,0,0	00:0,0,0,0	00:0,0,0,0	02:0,0,0,0	02:0,0,0,0	02:0,0,0,0	03:0,0,0,0	03:0,0,0,0	12:0,0,0,0	00:0,0,0,0	00:0,0,0,0	03:0,0,0,0	33:0,0,0,0	11:0,0,0,0	00:0,0,0,0	03:0,0,0,0	00:0,0,0,0	00:0,0,0,0	23:0,0,0,0	02:0,0,0,0	00:0,0,0,0	13:0,0,0,0	00:0,0,0,0	22:0,0,0,0	00:0,0,0,0	03:0,0,0,0	02:0,0,0,0	01:0,0,0,0	33:0,0,0,0	00:0,0,0,0	13:0,0,0,0	12:0,0,0,0	22:0,0,0,0	22:0,0,0,0	00:0,0,0,0	03:0,0,0,0	01:0,0,0,0	23:0,0,0,0	03:0,0,0,0	03:0,0,0,0	00:0,0,0,0	02:0,0,0,0	00:0,0,0,0	33:0,0,0,0	02:0,0,0,0	00:0,0,0,0	02:0,0,0,0	03:0,0,0,0	03:0,0,0,1	03:0,0,0,0	00:0,0,0,0	01:0,0,0,0	00:0,0,0,0	03:0,0,0,0	00:0,0,0,0	00:0,0,0,0	00:0,0,0,0	03:0,0,0,0	03:0,0,0,0	11:0,0,0,0	00:0,0,0,0	00:0,0,0,0	33:0,0,0,0	00:0,0,0,0	00:0,0,0,0	33:0,0,0,0	00:0,0,0,0	22:0,0,0,0	00:0,0,0,0	03:0,0,0,0	00:0,0,0,0	00:0,0,0,0	33:0,0,0,0	00:0,0,0,0	13:0,0,0,0	13:0,0,0,0	00:0,0,0,0	00:0,0,0,0	00:0,0,0,0	00:0,0,0,0	00:0,0,0,0	02:0,0,0,0	00:0,0,0,0	00:0,0,0,0	01:0,0,0,0	03:0,0,0,0	00:0,0,0,0	33:0,0,0,0	03:0,0,0,0	00:0,0,0,0	00:0,0,0,0	00:0,0,0,0	02:0,0,0,0	03:0,0,0,0	11:0,0,0,0	01:0,0,0,0	03:0,0,0,0	01:0,0,0,0	03:0,0,0,0	01:0,0,0,0	03:0,0,0,0	33:0,0,0,0	00:2,0,0,0	03:0,0,0,0	01:0,0,0,0	02:0,0,0,0	00:0,0,0,0	00:0,0,0,0	00:0,0,0,0	00:0,0,0,0	33:0,0,0,0	00:0,0,0,0	33:0,0,0,0	00:0,0,0,0	00:0,0,0,0	03:0,0,0,0	02:0,0,0,0	13:0,0,0,0	01:0,0,0,0	02:0,0,0,0	00:0,0,0,0	01:0,0,0,0	01:0,0,0,0	11:0,0,0,0	00:0,0,0,0	00:0,0,0,0	01:0,0,0,0	02:0,0,0,0	00:0,0,0,0	03:0,0,0,0	13:0,0,0,0
3_37	85	33:18,0,0,74	33:0,35,2,54	03:23,0,0,28	02:63,0,14,0	03:69,0,0,28	00:46,0,4,0	03:53,0,0,34	01:45,29,0,30	03:35,13,0,21	00:57,0,0,10	00:54,0,0,12	00:28,0,15,0	01:36,9,5,17	00:76,0,1,0	00:57,14,0,0	00:85,0,0,0	00:79,0,0,0	23:30,0,30,29	02:48,12,7,0	00:71,0,0,0	02:34,0,39,0	00:92,0,0,0	00:61,0,0,1	11:0,50,1,0	00:54,0,17,2	00:49,10,0,7	00:75,12,0,0	00:93,9,0,0	00:71,14,0,0	00:96,0,2,30	03:57,0,2,15	00:84,0,0,4	00:43,0,0,6	33:12,0,4,17	03:56,1,0,49	23:9,2,57,26	00:71,2,0,6	00:66,0,0,19	00:49,26,0,8	03:23,0,12,53	03:77,1,0,11	33:16,0,0,72	00:63,6,0,0	00:52,33,0,0	33:3,0,0,83	00:60,0,9,0	01:62,16,0,3	00:100,0,0,0	03:36,10,0,15	00:55,0,0,6	00:27,5,0,21	00:48,0,0,3	33:22,0,0,77	03:50,0,6,10	00:61,6,0,7	00:76,0,0,0	03:81,0,0,6	03:91,0,0,8	00:94,0,0,0	00:71,16,1,0	33:0,0,13,63	00:83,3,7,0	00:70,28,0,0	01:38,17,12,0	03:41,0,0,10	00:41,0,0,17	03:52,0,0,35	00:59,0,0,21	12:0,65,21,0	23:48,0,22,28	00:90,0,0,12	03:67,0,0,29	03:57,12,0,19	03:50,9,0,27	00:60,6,0,14	00:74,10,0,0	01:51,14,0,10	00:51,5,23,0	33:27,0,0,53	00:78,10,0,0	00:80,0,2,0	03:26,0,0,72	00:93,5,0,0	33:12,0,2,44	00:83,0,0,15	00:56,0,8,16	00:62,0,0,29	33:69,0,5,23	03:54,0,13,9	01:64,16,1,8	00:67,0,0,11	00:105,0,0,3	03:43,0,0,21	03:28,14,0,26	03:36,0,0,19	03:43,11,0,20	01:29,39,0,12	00:81,0,21,29	00:68,3,5,0	33:19,0,2,48	00:46,0,0,13	00:85,0,0,8	00:95,0,0,0	03:65,0,0,54	33:12,0,0,48	00:78,0,0,0	03:43,0,0,33	33:0,0,0,71	01:65,29,0,0	00:89,0,2,0	00:52,0,9,11	01:33,44,0,0	00:81,0,11,0	12:5,21,55,0	01:55,12,0,0	03:36,11,0,20	01:70,28,0,0	00:63,0,0,14	00:104,0,0,12	01:89,16,0,0	03:30,0,10,55	02:53,0,27,14	03:45,0,0,5	33:4,0,0,72	00:116,0,0,0	02:75,0,15,0	33:0,6,7,54	00:64,0,2,9	00:59,7,0,0	00:84,0,0,3	00:77,0,0,6	22:0,0,65,3	03:76,0,3,34	00:105,0,0,0	22:3,10,56,0	22:0,0,91,1	00:95,0,0,0	00:78,0,0,14	00:77,0,0,0	12:0,34,46,18	22:0,0,106,0	22:5,0,61,0	00:65,0,0,8	13:38,38,0,40	12:26,19,26,0	33:0,3,0,59	23:0,16,18,54	00:30,0,0,19	00:70,1,0,17	00:84,0,8,0	00:96,0,0,0	23:11,3,21,35	00:55,0,35,0	00:86,0,2,3	00:96,0,0,0	00:68,0,0,8	02:14,0,33,0	03:34,0,0,37	03:48,0,0,25	00:78,0,0,10	00:50,0,0,0	00:90,0,1,0	00:96,0,2,0	02:54,0,16,6	00:50,0,15,26	00:63,0,0,1	03:78,0,0,15	11:6,74,0,0	03:34,0,55,30	00:58,12,0,0	00:62,32,0,0	00:54,0,22,0	00:46,0,0,50	00:103,0,0,0	02:49,0,18,1	13:0,20,55,22	00:62,0,17,2	33:0,0,0,88	33:45,0,0,32	03:75,0,0,18	03:41,0,0,9	02:56,0,22,0	00:63,39,0,0	00:67,0,0,0	02:52,0,22,25	00:66,0,0,0	03:42,0,11,14	03:38,10,0,10	11:17,50,0,0	00:41,17,0,0	03:75,0,0,11	00:58,0,0,0	11:3,50,0,5	00:91,0,0,0	00:62,0,0,5	13:10,18,0,67	00:58,20,0,16	01:44,42,0,0	00:49,0,0,26	03:57,0,0,25	12:9,30,47,0	02:43,0,25,31	22:0,39,51,19	12:0,39,16,14	01:23,19,4,9	03:40,0,0,37	02:47,0,27,0	00:77,0,0,0	13:32,28,0,36	23:19,2,28,22	03:53,13,0,22	01:45,18,0,17	03:44,0,14,42	22:13,0,64,0	03:52,0,0,12	00:114,0,0,0	03:50,0,0,27	02:25,0,21,9	33:14,0,0,22	01:55,13,0,14	13:0,20,0,56	02:37,0,37,0	03:53,0,1,21	02:72,0,22,10	00:82,0,0,10	00:40,0,0,18	01:57,21,0,5	00:56,17,0,16	00:115,0,0,0	11:0,90,0,9	00:102,0,0,0	11:0,48,0,2	02:74,0,15,0	02:68,0,24,1	00:38,16,6,0	02:62,0,29,0	00:121,13,0,0	03:27,0,0,20	03:19,0,0,64
4_37	69	03:20,23,0,31	33:0,0,0,66	03:30,0,0,41	00:43,0,20,0	02:33,0,21,17	00:96,0,0,0	03:67,0,0,22	00:96,0,0,0	01:41,40,0,0	00:86,0,0,0	03:48,0,0,22	00:57,0,0,0	01:25,29,0,0	00:56,0,0,0	00:65,0,0,0	03:52,0,0,14	00:89,0,1,0	03:23,0,0,87	03:58,0,14,7	00:70,0,30,0	02:35,0,31,0	00:107,0,0,0	00:81,0,0,0	11:0,64,0,0	02:81,0,27,0	01:47,16,0,0	00:57,18,0,0	00:64,27,0,0	01:58,24,0,0	03:58,0,0,9	02:51,0,21,11	03:44,0,17,30	00:72,0,0,0	33:0,0,21,54	00:66,0,0,70	22:0,0,71,0	00:67,0,0,0	02:54,0,12,0	03:10,34,23,24	02:34,0,37,23	00:76,0,0,0	03:36,0,0,33	00:48,18,0,0	01:16,66,0,0	33:0,0,17,55	00:104,0,0,0	00:62,0,0,0	00:74,0,0,0	01:32,18,0,0	02:51,0,10,0	33:7,13,0,25	00:61,0,0,0	03:43,0,0,36	00:71,0,0,14	02:50,0,16,0	00:75,0,0,0	03:56,0,0,2	03:61,0,0,6	00:80,0,0,0	00:74,16,0,0	33:16,0,0,61	00:88,0,0,0	01:35,29,0,0	00:42,0,13,0	03:41,0,0,9	00:55,0,0,0	00:70,0,0,11	00:16,0,0,34	11:0,74,0,0	00:101,0,0,0	03:81,0,0,25	00:81,0,0,0	00:58,0,0,0	01:21,19,0,55	02:44,0,16,0	00:79,0,0,0	00:77,0,0,19	02:46,0,31,0	33:53,0,0,26	00:89,0,0,0	03:83,0,0,26	03:16,20,0,33	03:89,0,0,13	03:36,0,20,21	00:90,0,0,0	02:25,0,11,28	03:63,0,0,22	00:73,0,0,0	00:82,0,25,0	03:45,0,15,25	03:40,0,0,17	00:73,0,0,0	11:50,35,0,0	13:0,28,0,72	00:51,0,0,0	00:73,17,0,0	00:63,28,0,0	33:27,0,61,29	02:30,0,39,0	33:5,0,0,46	00:50,0,0,0	00:121,0,0,0	01:39,29,0,0	33:46,0,0,54	33:30,0,0,38	02:46,0,15,0	03:45,0,0,9	03:31,0,23,19	02:59,0,27,0	00:47,0,16,0	01:39,31,0,0	11:0,40,13,20	00:52,18,0,0	03:58,0,0,12	00:64,0,0,0	33:37,0,0,32	13:25,64,0,16	03:60,0,0,15	00:79,0,0,0	00:122,0,0,0	23:16,0,23,37	00:101,0,0,0	03:44,20,0,27	03:20,0,0,48	01:67,17,0,0	00:68,0,0,0	00:39,0,0,34	00:70,19,0,0	00:49,0,0,13	02:34,0,14,29	00:88,0,0,0	12:0,24,60,0	13:56,24,0,22	00:68,0,21,0	02:52,26,27,0	11:0,46,47,0	00:58,0,0,21	00:76,0,0,0	00:95,0,0,0	12:0,25,33,0	22:0,0,72,0	02:20,16,37,0	00:53,0,0,24	03:30,22,0,54	00:92,0,0,0	33:0,0,0,80	33:0,15,0,58	33:43,0,0,36	03:73,0,0,30	00:52,0,20,0	03:43,20,0,23	23:0,0,27,62	02:40,22,12,0	03:53,0,0,15	00:71,0,0,0	02:26,0,21,45	22:0,0,54,0	33:14,0,0,56	00:59,0,0,0	02:28,22,13,0	00:67,0,0,0	00:76,0,0,0	00:44,0,19,0	03:46,21,0,20	00:50,8,0,0	01:37,19,0,12	33:25,0,0,73	13:0,55,0,15	00:98,0,1,37	00:77,0,0,0	00:86,0,0,0	00:73,0,0,0	03:60,0,0,26	00:77,0,0,0	00:47,0,18,0	02:26,0,49,0	01:37,45,0,0	33:22,0,0,52	01:44,29,0,15	00:78,0,0,0	03:29,0,0,31	23:0,0,78,22	13:0,42,0,22	00:72,0,0,0	00:79,0,0,0	02:22,16,36,0	00:74,0,0,0	00:51,0,0,0	03:36,0,0,37	00:76,0,0,0	00:91,0,0,0	03:26,0,0,22	01:14,38,8,0	00:104,0,0,0	03:48,0,0,19	03:24,0,21,51	03:56,0,0,41	00:73,0,0,0	01:47,30,0,0	00:86,0,0,0	22:0,0,53,0	33:0,0,0,90	11:0,78,0,0	01:27,44,0,0	00:59,0,0,0	13:17,29,0,18	00:94,0,0,0	00:75,0,0,0	00:77,0,0,0	33:23,0,0,66	02:48,0,44,0	00:67,0,0,30	03:33,0,31,22	00:1,0,25,13	00:63,0,0,0	00:99,0,0,0	33:17,0,0,83	33:36,0,0,39	33:0,0,0,88	33:31,0,0,43	33:0,0,0,95	22:48,0,54,0	00:74,0,0,0	33:43,0,0,39	00:59,24,0,0	00:40,0,0,14	01:61,15,0,0	00:61,0,0,18	00:78,0,31,0	03:36,17,0,29	00:28,26,0,15	11:0,47,0,16	00:85,0,0,0	00:78,0,0,0	11:43,34,0,0	23:44,0,24,25	00:72,25,0,0	03:39,0,0,15	33:15,0,0,72
1_38	39	03:45,0,0,51	11:0,126,39,0	33:0,0,0,72	00:54,27,0,0	00:137,0,0,0	00:95,0,16,0	00:129,0,0,0	22:72,0,50,0	11:23,66,0,0	33:51,0,0,45	02:63,0,10,0	02:56,0,28,0	33:18,0,0,48	33:27,0,18,48	01:55,13,0,0	00:72,0,0,0	01:84,30,0,0	01:71,18,0,34	11:29,39,31,0	00:102,0,0,0	11:0,52,40,0	33:77,0,0,42	02:56,0,16,0	13:0,42,29,13	33:35,31,0,53	02:47,0,24,0	02:33,22,13,0	00:137,0,0,0	02:89,0,29,13	33:42,0,0,40	01:41,19,0,31	00:75,0,32,0	01:68,30,0,0	03:27,0,0,45	03:134,0,0,45	33:0,0,55,35	02:35,0,37,0	00:95,0,0,0	01:56,15,0,0	33:43,0,0,36	01:79,24,0,0	33:12,0,0,89	33:63,0,0,44	02:52,26,15,0	13:0,15,20,40	12:89,27,43,0	02:40,8,15,0	00:91,0,0,0	00:94,0,0,0	00:95,0,0,0	33:22,0,0,35	00:67,0,0,0	33:0,3,0,95	00:94,0,0,13	03:71,0,0,18	00:69,30,0,0	01:99,18,0,0	02:108,0,23,0	00:84,0,0,0	00:96,0,0,0	03:19,0,0,70	01:53,54,0,0	02:87,0,27,0	00:49,14,0,0	03:30,24,0,9	03:38,0,0,19	33:44,0,0,55	00:43,0,0,0	11:0,79,0,0	03:49,0,0,85	00:101,0,0,22	00:74,0,0,0	02:74,0,16,0	00:96,49,0,0	03:69,0,0,41	03:57,0,0,34	03:80,0,0,46	02:77,15,18,0	00:57,0,0,25	02:61,13,13,0	00:92,0,29,0	33:30,0,0,75	02:32,0,63,0	23:20,0,13,5	00:90,0,0,32	00:28,0,0,14	33:50,0,0,45	00:101,0,0,0	03:78,0,17,14	03:73,0,0,32	03:48,0,0,26	00:70,0,0,21	00:87,0,0,0	33:44,0,0,74	00:79,0,0,0	00:106,0,0,0	00:86,0,0,26	02:24,0,78,91	00:91,0,20,0	01:30,23,0,23	01:8,24,0,41	00:120,0,0,0	03:24,0,28,28	00:115,0,0,0	00:43,0,0,31	00:99,0,0,30	03:45,0,0,8	33:0,0,0,109	00:62,0,0,16	00:93,0,0,0	00:52,24,0,0	11:0,86,0,0	03:60,0,26,33	01:40,14,14,0	13:44,19,0,29	03:51,0,27,25	01:33,80,0,0	00:76,19,0,0	01:58,26,0,45	00:167,0,0,0	23:37,0,30,85	01:60,35,0,0	03:54,0,0,10	33:26,29,0,41	00:112,0,0,0	02:76,0,36,0	03:36,0,0,74	00:124,0,15,0	00:87,0,0,0	03:40,0,0,82	00:66,0,0,26	22:0,25,101,0	03:74,0,0,102	00:53,16,0,31	02:75,0,29,0	12:0,60,90,0	02:50,0,51,0	00:126,25,0,0	03:52,0,41,34	11:0,55,62,0	22:39,0,64,0	12:16,19,13,25	00:97,0,0,0	13:0,43,0,96	00:113,0,19,0	33:0,0,0,102	33:11,0,0,70	00:60,0,0,18	00:78,0,0,18	00:94,0,0,0	02:61,0,33,13	33:0,0,16,86	02:37,0,45,0	23:72,0,28,28	00:83,0,0,8	00:76,0,0,66	12:2,29,72,0	03:10,0,0,82	00:42,0,0,48	00:68,35,0,0	00:73,0,0,0	00:94,0,0,0	01:75,24,0,0	00:54,50,15,0	00:51,20,0,0	00:64,0,0,28	03:69,0,0,35	11:0,55,8,0	00:95,0,0,40	03:78,0,0,22	00:65,0,0,10	00:65,0,0,0	00:131,0,0,0	03:52,0,0,53	03:20,0,19,19	22:0,0,112,0	00:101,0,0,0	03:82,0,0,25	03:77,0,0,14	00:61,0,0,13	03:56,0,0,25	03:37,0,17,11	03:35,28,0,35	01:101,17,0,0	02:49,0,48,0	00:56,0,27,0	03:75,0,0,11	01:79,19,0,0	00:47,0,0,21	01:86,16,0,0	00:80,0,0,0	00:68,0,0,21	11:0,65,0,10	03:111,0,0,21	00:64,0,0,0	33:0,0,0,106	13:26,44,0,56	02:62,0,22,0	00:67,16,0,0	00:71,0,0,16	02:26,0,52,0	00:60,19,0,39	11:0,86,19,0	11:0,125,0,0	00:74,0,0,0	03:37,0,0,51	00:82,0,0,0	00:96,0,0,0	00:78,0,0,12	03:14,0,0,69	00:119,0,0,0	03:71,0,0,20	33:0,16,0,87	23:16,0,14,47	00:77,0,0,0	00:127,0,0,0	00:141,0,0,0	00:93,0,0,0	03:94,0,0,43	03:39,0,0,50	03:35,0,0,86	02:50,0,75,0	01:85,29,0,0	03:49,0,0,68	00:115,0,0,0	00:98,0,0,0	03:58,0,0,61	00:74,12,0,0	00:110,0,0,0	01:27,56,0,14	00:118,0,0,0	11:0,95,0,0	33:20,0,0,122	03:98,0,0,25	11:26,106,0,0	02:34,0,83,0	01:97,46,0,0	03:23,0,0,53	13:18,47,0,59
2_38	58	03:53,0,0,46	01:34,59,0,25	03:36,0,0,46	00:87,2,0,0	02:88,0,28,0	00:92,0,0,0	00:125,0,0,0	00:94,0,0,0	12:0,36,22,47	00:125,0,0,0	00:99,0,0,0	00:66,0,2,0	33:19,0,0,53	00:99,0,2,0	00:54,0,0,0	33:44,0,0,33	00:135,0,0,0	02:39,0,54,64	00:87,0,0,15	00:87,0,17,0	02:27,0,72,0	00:116,0,0,0	00:106,0,0,0	12:0,62,26,0	00:140,0,0,0	13:8,27,0,42	00:87,0,0,0	00:62,0,0,55	00:118,0,26,8	03:96,0,0,19	00:89,0,0,0	00:112,0,0,0	33:67,0,30,39	03:28,0,0,77	03:86,0,0,86	22:0,0,87,0	00:88,0,0,0	23:27,0,67,23	00:91,5,0,0	13:35,59,0,33	00:77,0,0,0	33:35,0,0,73	00:116,0,0,0	01:97,32,0,0	33:0,0,0,90	00:162,0,0,0	00:84,0,0,3	00:103,0,0,1	11:35,41,0,0	23:21,0,18,31	33:35,0,0,41	00:73,0,0,0	33:0,0,0,125	00:139,0,0,1	33:39,0,0,65	00:76,26,0,1	00:153,0,0,0	00:174,0,0,0	00:97,0,0,0	11:29,97,0,0	02:22,0,25,36	00:123,0,0,0	00:58,19,0,26	03:35,3,0,52	03:34,0,12,22	00:70,0,0,0	00:100,0,0,0	03:52,0,0,11	11:0,102,0,0	03:121,0,0,41	00:107,0,0,27	00:96,0,0,0	01:37,47,0,0	00:64,35,0,27	00:83,36,0,0	00:85,0,0,0	00:98,0,0,28	00:59,27,24,0	33:27,0,0,65	00:87,19,2,0	03:119,0,4,39	33:32,0,0,77	11:60,19,0,15	00:79,0,0,0	00:101,0,0,0	00:127,0,0,1	03:67,0,0,37	00:105,0,0,0	22:81,0,32,0	00:121,0,0,0	03:64,0,0,23	01:50,29,0,23	03:95,0,0,28	33:25,0,0,95	00:60,0,0,20	33:68,0,2,47	00:118,0,0,2	33:0,30,31,101	02:63,25,27,0	03:33,0,0,37	NA:63,0,0,19	03:135,0,0,36	00:73,0,3,22	00:104,3,0,21	03:23,0,0,59	02:78,0,19,0	33:18,0,0,66	23:0,0,22,57	00:130,0,0,0	00:121,0,0,0	01:51,17,0,30	11:57,54,0,0	02:31,0,101,0	12:39,22,18,0	00:68,0,25,0	00:51,0,24,22	11:38,64,3,35	00:60,0,0,49	00:73,0,25,22	00:191,0,0,0	23:2,0,32,74	00:90,0,37,0	00:92,0,0,27	02:24,0,36,49	02:97,1,18,0	22:124,0,33,0	00:49,0,0,52	00:136,0,0,0	00:85,0,1,0	33:2,0,0,97	02:48,0,55,0	22:0,27,77,0	00:131,0,0,3	03:67,0,0,26	00:72,0,22,0	22:0,0,130,0	00:74,0,0,22	02:32,34,32,22	00:81,0,0,59	12:0,26,64,0	22:31,0,76,0	22:0,0,88,0	02:60,0,23,0	33:0,0,0,148	00:110,0,26,0	33:0,23,0,61	33:20,0,26,35	00:87,0,0,0	00:105,0,0,0	02:30,21,60,0	03:58,0,0,51	23:0,24,28,46	00:59,0,19,28	03:94,0,0,47	00:80,0,0,28	03:23,0,0,83	22:5,0,51,21	03:28,0,0,81	00:72,0,0,25	13:52,27,0,23	01:44,20,27,0	33:43,0,0,51	00:65,0,0,23	00:89,0,33,0	02:60,0,12,0	00:100,0,0,0	33:23,26,0,55	11:0,62,0,19	00:147,0,0,0	00:106,0,0,0	00:74,0,0,16	00:58,0,0,19	00:80,0,17,0	00:109,0,0,0	00:64,0,0,0	12:0,53,61,0	01:41,90,0,0	33:28,0,0,93	33:27,0,0,60	00:79,0,19,1	03:23,0,0,74	23:2,44,28,22	11:0,64,0,33	00:111,0,0,0	00:79,0,1,20	11:50,46,0,0	00:113,0,27,0	00:86,0,0,0	00:88,0,0,0	00:52,0,28,0	00:86,0,0,17	00:105,0,0,0	11:0,50,0,11	00:71,0,0,79	11:43,44,0,0	33:0,0,0,157	00:85,0,0,45	00:106,0,32,0	00:86,0,0,24	01:47,48,0,0	01:23,30,57,0	03:21,2,0,107	12:0,69,44,0	11:34,100,0,0	00:58,0,23,0	03:56,18,0,22	00:98,0,0,0	00:113,0,0,0	00:58,0,0,35	33:0,0,0,87	02:62,0,24,0	00:84,0,22,0	23:0,3,34,87	22:23,0,39,12	03:56,0,0,20	00:128,0,0,0	03:70,0,0,56	00:96,0,1,0	03:25,5,0,86	03:72,0,0,28	33:37,0,0,107	23:55,0,27,34	03:50,0,0,76	00:128,0,0,0	00:78,37,0,0	03:48,16,0,20	00:94,0,0,35	00:94,2,0,0	00:135,0,0,0	01:32,62,0,22	01:47,29,0,38	13:37,53,0,23	00:99,0,36,0	00:97,0,0,19	11:17,88,0,0	00:48,26,33,0	02:22,71,25,0	03:52,0,0,52	33:2,35,0,101
4_38	61	01:42,10,0,23	13:0,44,0,63	23:34,0,11,26	00:84,0,0,0	01:84,20,0,0	01:88,34,0,0	02:55,0,32,23	02:91,0,18,0	11:0,100,0,0	33:57,0,0,39	03:72,0,0,20	22:23,0,39,0	33:30,11,0,19	11:51,30,0,0	00:55,0,0,0	00:56,0,0,14	03:81,0,0,30	02:106,0,40,0	11:30,53,0,0	00:85,27,0,0	12:0,34,85,0	01:92,22,0,0	01:73,31,0,0	13:0,49,0,24	03:102,0,0,22	02:50,19,18,0	02:24,17,47,0	02:59,16,36,0	00:147,0,0,0	33:25,0,0,78	00:64,0,19,30	02:31,0,54,15	00:115,0,0,0	33:28,0,0,57	03:39,0,0,128	03:26,0,45,31	01:71,18,0,0	02:57,0,41,0	02:42,0,31,0	02:31,38,32,29	01:71,31,0,0	33:0,24,0,95	00:117,0,0,0	03:86,0,0,34	03:22,0,0,59	22:81,0,92,0	03:57,0,0,15	00:92,0,0,0	00:39,23,0,17	00:46,0,31,7	23:16,0,20,44	02:56,0,18,0	03:28,0,29,75	22:40,0,70,6	00:74,0,0,0	00:106,0,0,0	00:124,0,0,0	00:146,0,0,0	00:101,0,0,0	01:83,26,0,0	33:17,0,0,71	03:103,0,0,43	00:59,51,0,0	00:83,0,0,0	02:24,10,10,16	00:74,0,0,0	03:90,0,0,21	13:20,20,0,31	12:0,75,20,0	33:46,0,0,109	00:177,0,0,0	00:78,0,23,0	00:73,0,0,0	00:138,0,0,0	00:77,0,44,0	00:89,24,0,0	03:95,0,0,17	00:77,0,15,0	03:84,0,0,21	12:63,26,54,0	03:79,0,0,69	03:30,0,0,81	02:71,0,28,0	03:50,0,8,23	00:81,0,0,11	03:42,42,0,17	00:116,0,0,0	00:106,0,0,0	02:31,0,90,0	03:82,0,0,22	03:61,0,19,19	03:66,15,0,31	00:57,29,0,26	33:29,0,0,103	00:48,0,0,20	00:117,0,0,0	03:91,0,0,34	33:55,0,21,108	02:105,0,38,0	00:78,0,0,0	03:71,0,0,19	03:45,0,0,87	01:54,29,0,0	00:130,0,0,0	03:74,0,0,19	23:54,0,13,38	00:62,0,0,14	33:0,0,0,116	33:28,0,47,60	03:73,0,1,29	00:79,0,0,0	11:0,73,32,0	00:93,0,19,0	33:52,0,0,41	00:47,0,40,0	33:0,0,0,66	11:0,108,0,0	22:24,0,50,18	00:90,0,0,18	00:149,0,0,0	33:0,0,40,94	00:55,0,27,32	00:92,0,0,15	33:0,0,0,110	00:95,0,0,0	00:134,0,0,0	33:0,0,0,119	00:117,0,0,0	00:77,0,0,0	33:48,0,0,88	33:40,0,0,50	11:0,100,32,0	00:116,29,0,0	00:128,0,0,0	12:29,23,40,0	22:26,28,62,0	00:42,34,0,18	00:135,0,0,0	00:79,0,0,29	11:0,114,0,0	22:0,0,113,0	22:0,0,64,0	03:43,0,0,36	13:0,62,0,93	00:123,0,1,0	33:0,0,0,100	13:0,31,0,72	00:64,21,0,0	00:140,0,0,0	00:47,26,33,0	00:76,0,0,27	33:0,28,0,66	12:55,44,26,0	00:108,0,0,30	00:108,0,0,0	33:32,0,0,89	22:0,0,98,0	03:47,0,0,46	00:84,0,0,30	00:53,54,0,0	00:67,0,0,0	00:84,0,0,0	00:83,0,0,0	01:61,45,22,0	13:36,30,0,12	03:63,0,0,61	00:67,38,0,0	11:0,84,0,0	23:90,0,36,34	00:81,0,0,20	01:50,37,0,0	00:55,0,0,13	03:50,28,0,23	00:101,0,0,0	02:50,0,17,0	22:0,31,107,0	00:116,0,0,0	03:20,0,21,44	00:48,0,0,41	00:102,0,0,0	00:48,0,29,18	02:15,19,65,0	11:0,89,0,0	00:107,0,0,0	00:85,0,0,30	02:62,0,34,0	00:60,24,24,0	00:89,0,0,0	03:65,0,0,19	00:100,0,0,0	01:71,67,0,0	23:20,0,41,23	11:0,70,0,0	00:115,0,0,0	00:111,0,0,0	23:0,0,55,60	03:80,0,30,41	02:91,0,24,0	01:42,9,8,0	03:71,0,0,16	12:17,17,39,0	33:37,0,0,97	11:0,90,0,25	01:24,89,0,0	00:68,0,0,0	01:16,66,20,0	00:80,0,0,0	00:89,0,0,0	03:73,0,0,26	33:0,15,0,75	02:60,0,42,0	00:104,0,0,0	03:46,0,35,40	02:86,0,26,0	00:58,0,0,0	00:131,0,0,0	00:124,0,0,0	00:99,0,0,0	33:29,0,0,77	00:55,0,0,23	23:0,0,25,95	00:114,0,0,0	00:82,27,0,0	00:112,0,1,0	00:127,0,0,0	00:70,18,0,0	00:110,0,0,0	00:75,0,0,0	00:98,0,0,0	13:0,74,0,17	01:41,59,0,0	13:0,91,0,0	00:125,0,0,0	00:120,0,0,0	01:34,72,0,0	03:59,0,22,28	00:121,0,0,0	03:21,0,0,42	33:40,0,0,107
1_39	62	00:56,0,0,13	13:0,27,0,41	33:24,0,0,36	01:47,6,9,0	01:42,25,0,17	00:91,2,0,0	02:63,0,24,0	02:53,0,18,0	11:19,46,0,0	03:56,0,0,22	03:49,0,0,12	02:35,0,16,3	13:34,13,0,11	01:41,24,0,0	00:61,0,2,0	00:37,0,0,11	00:71,0,0,0	02:59,0,21,39	13:0,23,11,3	00:74,0,0,0	22:0,0,79,0	00:90,0,0,1	01:57,22,0,1	11:0,58,0,0	03:46,0,0,23	00:52,9,0,1	00:54,0,9,0	00:72,0,0,0	00:77,0,0,0	23:18,0,16,41	00:48,0,0,15	02:28,0,36,0	00:74,0,11,0	33:18,0,0,37	33:0,2,0,116	03:13,0,37,19	01:37,15,0,0	02:57,0,20,0	01:26,19,13,0	00:53,25,0,0	00:53,0,0,3	33:0,0,0,68	00:77,0,0,0	13:25,32,0,22	33:1,0,0,47	02:56,0,36,0	33:24,0,0,31	00:53,0,0,0	02:37,10,10,0	03:31,0,15,7	23:0,0,17,26	02:41,0,20,0	03:37,0,0,24	23:40,0,17,6	00:55,0,0,0	00:53,0,0,0	00:79,0,0,0	00:91,0,0,0	00:71,0,0,0	01:79,19,0,0	33:0,0,0,64	00:105,0,0,0	03:36,22,0,10	00:51,0,0,15	02:15,0,6,18	00:39,0,0,1	03:60,0,0,14	13:15,7,0,17	12:0,45,17,0	03:48,0,0,50	03:91,0,0,20	00:80,0,0,0	01:40,8,0,0	00:71,0,0,0	00:57,0,21,1	00:65,0,0,0	00:86,0,0,0	02:62,0,14,0	03:42,0,0,26	01:43,13,0,0	33:40,0,0,41	33:0,0,0,66	00:79,0,0,0	00:57,0,0,0	00:78,0,1,0	00:69,14,0,0	01:66,18,0,1	00:37,0,0,11	02:26,0,65,0	03:36,0,0,24	13:12,11,12,16	03:44,0,0,26	00:39,28,0,0	33:0,0,0,78	00:26,0,0,9	00:77,0,0,0	03:70,0,0,9	23:26,0,26,90	01:65,17,0,0	03:32,0,0,7	00:71,0,0,0	23:4,0,11,69	01:46,13,1,0	02:73,0,21,2	03:48,0,2,18	02:54,0,30,0	01:41,9,0,0	33:19,0,0,57	23:27,0,38,24	03:53,0,0,20	03:50,0,0,13	01:13,33,25,0	00:66,0,0,9	03:47,0,1,14	00:51,0,16,0	03:21,0,0,45	13:25,49,0,22	02:37,1,13,0	00:83,0,0,0	00:85,0,32,0	33:3,1,37,32	03:22,0,27,20	00:56,0,0,10	03:11,0,0,54	00:75,0,0,14	00:66,23,0,0	23:1,0,19,58	00:73,12,0,0	00:28,0,16,11	03:74,0,0,21	03:48,0,0,14	11:0,43,40,0	23:25,0,17,30	00:94,0,0,0	00:50,2,8,0	23:0,0,70,14	00:74,0,0,0	00:53,0,0,23	03:68,0,0,24	12:0,39,40,0	22:0,0,85,0	02:18,0,50,0	00:69,0,0,2	12:0,21,39,60	00:56,0,9,0	33:0,1,0,90	33:0,0,13,53	02:31,0,21,19	00:79,0,0,0	00:66,4,0,0	01:51,23,0,8	33:0,2,0,56	00:72,0,0,0	00:82,0,0,0	03:30,2,25,16	03:65,0,0,28	02:29,0,33,1	33:0,0,1,69	00:35,0,33,0	00:55,25,0,0	03:44,0,0,18	00:44,0,0,29	00:49,0,0,0	02:70,0,15,0	00:47,0,1,0	03:19,0,0,38	00:51,0,0,25	13:0,41,0,17	03:76,0,0,34	00:71,0,0,0	33:11,0,0,58	00:61,0,0,0	02:36,0,6,0	00:44,0,0,36	01:39,16,0,0	02:17,7,39,0	00:80,0,0,0	33:17,0,0,57	03:39,0,0,24	02:50,0,21,18	33:0,0,0,57	13:18,25,8,19	12:17,48,14,0	00:43,0,0,26	01:42,31,12,0	00:61,0,0,0	00:61,0,0,16	01:35,18,0,0	00:58,9,0,0	01:48,13,0,0	02:51,0,16,17	00:60,0,0,0	03:9,22,0,17	00:107,0,1,0	13:41,22,0,21	12:0,35,22,40	03:47,0,0,40	00:64,3,0,13	01:49,19,0,0	01:38,18,0,0	22:0,0,69,0	33:12,0,0,66	13:13,46,0,15	01:66,22,0,0	03:26,13,0,19	01:22,36,0,0	03:19,0,1,41	01:31,22,0,26	03:53,0,0,16	33:0,0,0,65	01:63,16,0,0	03:53,0,0,17	00:59,0,38,0	33:0,0,12,56	00:51,0,0,0	13:49,22,0,18	01:44,11,0,25	00:59,0,0,0	33:0,16,0,40	00:59,0,0,19	33:27,0,0,52	03:66,0,0,14	03:37,0,0,19	00:76,0,0,0	01:52,23,0,1	00:59,0,0,0	00:66,0,22,0	01:11,24,0,6	00:84,0,0,0	11:0,62,0,1	12:42,12,14,0	11:0,59,0,0	00:110,0,0,2	00:80,0,0,0	00:47,25,0,0	02:68,0,23,0	00:66,20,0,0	03:39,0,0,12	33:0,0,0,91
2_39	61	13:21,6,0,54	13:0,52,33,51	02:56,0,5,17	00:75,0,0,0	00:114,0,0,0	01:37,19,14,0	03:57,1,0,85	02:73,41,35,0	12:0,49,20,27	03:62,0,0,21	13:50,24,0,21	02:57,0,9,0	33:0,15,0,43	00:77,0,25,0	00:75,0,0,0	03:48,0,1,16	00:91,0,0,0	00:138,0,0,0	01:89,18,0,0	03:78,0,0,34	22:0,0,98,0	02:99,0,29,0	00:109,0,0,0	12:0,47,42,0	03:58,20,0,12	11:51,33,0,0	12:37,20,16,0	00:105,0,0,0	00:43,0,28,28	03:38,0,0,49	00:102,0,0,0	00:95,0,0,0	00:94,0,0,0	33:0,0,0,89	03:127,1,0,49	02:24,0,79,0	03:54,0,0,18	22:61,0,45,0	00:56,0,22,0	03:80,0,0,25	00:108,0,0,0	33:27,0,0,102	00:102,0,0,0	13:35,54,0,29	33:0,0,0,81	02:114,0,19,0	00:42,33,0,0	03:79,0,0,31	02:65,0,24,0	00:88,0,0,0	03:35,0,0,32	00:83,0,0,0	33:0,0,0,130	23:23,0,27,29	01:67,16,0,0	00:95,0,0,0	00:94,0,0,13	00:103,0,0,16	00:90,0,0,0	00:144,0,0,0	00:53,0,0,53	00:93,32,0,0	01:78,22,0,0	00:43,33,0,0	00:63,0,0,0	00:60,0,0,0	13:22,22,0,55	00:51,0,0,16	11:0,90,0,0	00:98,0,0,49	03:57,0,0,50	00:112,0,0,0	00:65,0,0,15	03:39,91,0,27	00:72,0,0,19	00:69,0,22,0	00:71,34,0,0	02:34,27,77,0	03:44,0,0,51	00:93,11,0,0	00:108,0,23,0	02:53,0,14,16	02:71,0,15,0	00:51,0,22,0	33:61,0,0,50	00:82,0,0,15	00:120,0,0,0	02:63,0,30,0	02:51,0,63,0	00:121,0,0,0	00:53,0,31,0	00:80,0,0,25	03:57,41,0,16	03:30,0,0,75	03:56,0,0,12	00:107,0,0,0	00:91,0,0,29	33:0,0,0,167	01:34,60,27,0	33:16,0,0,69	33:18,0,0,50	03:114,0,0,34	02:65,0,33,0	00:84,37,0,0	33:24,0,0,72	00:45,0,23,17	00:42,0,0,27	33:21,0,0,62	00:83,0,0,23	03:78,0,0,10	01:30,54,0,0	12:28,50,24,0	00:89,0,21,0	23:13,0,51,15	00:77,0,0,0	33:29,0,21,38	00:88,24,0,0	00:71,15,0,0	00:130,0,0,0	00:168,0,0,0	03:87,0,0,28	00:72,0,20,0	00:73,0,0,25	33:0,24,0,68	00:124,0,0,0	00:107,0,0,0	02:30,0,29,56	00:88,0,15,0	00:84,0,0,0	00:87,0,0,0	13:28,31,0,56	22:0,26,96,0	33:72,0,0,68	00:91,0,0,30	02:44,0,52,0	22:0,36,104,0	00:84,0,0,0	00:124,0,0,25	03:65,0,0,63	12:0,51,48,0	22:0,0,106,0	02:15,0,57,0	00:105,0,0,0	02:43,77,32,0	00:60,26,0,34	33:0,0,0,112	33:0,0,0,97	02:65,0,10,0	00:127,0,0,0	02:61,0,24,0	01:46,22,0,30	03:28,0,29,29	00:86,0,17,0	00:89,0,0,38	03:75,23,0,16	03:52,0,0,71	02:20,0,53,0	33:0,0,19,56	12:33,14,21,0	00:40,0,0,55	03:17,21,0,47	13:21,32,0,17	23:39,0,27,17	00:74,0,0,29	00:62,0,11,0	03:52,0,32,26	00:81,0,15,0	13:24,42,0,24	00:125,0,0,0	02:71,0,11,0	00:72,0,0,0	02:19,20,32,0	03:84,0,0,20	00:109,0,0,0	03:65,0,0,7	22:0,25,77,0	13:53,20,0,37	33:25,0,0,66	00:88,0,0,25	00:66,0,0,0	33:20,0,0,71	02:37,0,58,0	00:80,20,0,0	12:57,17,26,0	00:128,0,0,0	00:101,0,0,0	00:121,0,0,0	00:72,0,0,29	00:50,19,0,0	00:80,0,14,0	03:71,0,0,23	00:77,0,0,0	11:0,83,0,0	00:107,0,32,0	00:92,0,0,0	33:0,72,0,59	00:74,0,0,24	00:67,11,0,0	23:25,0,16,48	02:30,25,24,30	12:0,60,21,0	33:0,0,35,92	11:0,81,23,0	01:72,30,32,0	00:51,0,0,7	01:71,22,0,0	03:47,0,31,25	00:70,0,21,0	03:46,27,0,17	03:13,0,29,43	02:22,23,34,33	00:59,34,0,22	00:93,0,0,0	01:37,19,17,0	13:17,16,0,40	00:145,0,0,0	03:61,0,0,60	00:45,0,19,16	03:28,0,0,42	03:16,26,0,45	03:31,43,0,47	00:48,31,26,0	01:47,34,0,34	00:123,0,0,0	00:68,0,0,19	00:89,0,0,0	02:51,23,32,0	13:34,16,0,30	03:70,0,0,39	13:0,41,0,48	03:38,21,0,24	11:0,93,0,0	00:68,0,27,29	00:69,26,25,0	01:59,17,0,19	00:111,0,0,0	00:138,0,0,0	03:31,0,0,44	03:66,0,0,33
3_39	73	03:42,0,0,48	22:0,47,33,12	33:22,0,0,51	22:50,0,11,17	03:81,0,0,21	02:36,18,19,0	00:86,0,0,0	00:110,0,0,0	01:21,58,0,0	00:62,0,0,21	00:72,0,0,0	00:46,0,0,12	03:29,17,0,15	02:57,0,23,0	00:44,1,15,0	00:74,0,0,0	00:65,0,0,16	03:52,0,31,20	02:22,18,17,12	00:67,0,0,0	22:0,15,68,0	00:69,0,0,12	00:71,0,0,13	12:0,46,16,0	01:47,31,0,10	00:80,0,0,0	11:57,15,0,0	00:101,0,0,0	03:52,0,0,26	00:38,0,22,25	00:60,0,0,22	02:64,0,14,0	00:78,0,0,0	33:13,0,0,61	00:57,25,0,37	22:21,14,49,0	00:44,16,24,0	00:83,0,0,0	00:51,12,0,0	00:68,0,0,0	00:47,0,0,13	03:18,0,0,53	00:64,0,0,16	01:30,43,0,0	23:17,0,26,42	00:79,0,26,0	01:19,14,0,33	00:64,0,0,0	00:56,0,0,0	00:90,0,0,0	03:20,0,0,35	00:67,0,0,0	33:31,0,0,77	NA:34,0,0,18	00:63,0,0,0	00:75,0,0,0	00:109,0,0,0	00:123,0,0,0	00:80,0,0,0	00:76,0,27,0	33:21,0,0,57	01:81,27,0,0	01:40,32,0,0	01:56,10,0,0	00:47,0,0,0	00:36,0,0,28	01:32,17,0,15	00:62,0,0,0	11:0,59,0,0	00:88,0,0,34	03:57,0,0,12	00:92,1,0,0	00:45,0,0,18	01:67,19,0,0	03:38,0,0,37	00:78,0,0,0	03:36,14,0,23	01:54,18,17,0	00:56,0,0,26	11:49,49,0,0	02:88,0,36,0	13:35,27,0,24	00:87,0,0,0	02:44,0,28,25	00:66,0,15,0	00:60,0,0,0	00:64,0,0,17	00:61,0,24,0	02:52,0,23,0	23:0,0,56,25	33:38,0,0,16	00:69,0,0,21	00:97,0,0,0	33:0,0,0,90	00:77,0,0,0	00:83,0,0,0	00:69,0,0,25	00:64,0,21,30	01:75,15,0,0	23:12,0,7,40	00:40,0,0,17	00:70,0,0,24	00:78,0,0,0	00:65,0,0,23	03:22,0,0,53	00:67,0,0,0	00:31,0,0,42	23:0,0,19,57	00:98,0,0,0	22:35,0,33,0	00:16,16,0,35	02:56,18,16,0	02:19,0,66,0	01:36,17,22,0	02:59,0,27,0	00:53,0,13,0	00:60,0,0,27	00:64,0,0,0	00:82,0,20,0	03:73,0,0,23	13:0,18,0,80	00:111,0,0,0	02:62,0,13,0	03:25,0,0,56	03:72,0,1,13	01:77,22,0,0	33:0,0,0,75	12:13,19,21,17	03:34,0,0,9	00:62,0,0,19	03:46,0,30,24	12:0,23,59,0	23:0,0,32,75	00:98,0,0,0	22:75,0,15,0	11:0,53,22,23	01:34,40,0,0	03:76,0,0,23	03:59,0,0,38	12:0,52,40,0	33:10,0,38,25	22:0,0,71,0	00:70,0,0,0	03:65,0,0,65	00:84,0,0,0	13:0,19,0,53	33:28,0,0,53	03:55,0,0,13	03:87,0,0,26	00:57,19,0,0	00:88,0,0,0	13:0,22,0,64	22:21,0,48,0	02:56,34,29,0	02:48,0,13,11	00:58,0,0,30	12:0,17,57,0	33:0,0,0,81	00:75,0,0,0	03:65,0,0,18	00:59,0,0,0	02:50,0,24,0	02:31,0,21,0	00:76,0,0,31	23:36,0,18,10	03:51,0,0,22	03:50,0,0,42	11:1,92,0,0	02:39,0,24,20	00:83,0,0,0	13:0,16,0,78	00:67,0,0,0	03:87,0,0,12	00:91,0,0,0	03:33,0,0,20	22:0,10,66,0	33:29,20,0,34	33:20,0,0,69	33:33,0,0,45	03:18,0,0,25	00:39,0,0,43	02:39,17,19,0	11:0,48,0,12	00:86,0,0,0	33:53,0,0,45	00:82,0,0,0	02:31,0,24,0	00:53,0,0,0	00:63,0,0,0	00:36,14,16,0	00:65,0,0,24	00:60,0,0,0	03:14,9,0,25	00:57,0,0,25	03:32,0,0,7	03:21,0,0,69	03:91,0,0,23	00:59,0,0,17	11:66,24,0,0	00:68,0,0,21	12:0,16,40,11	33:30,0,28,58	11:0,75,0,17	11:23,46,18,0	33:24,0,20,14	01:29,24,22,0	00:51,20,0,0	00:53,0,0,13	33:49,0,19,19	33:0,18,18,27	02:70,0,20,0	00:41,0,18,25	00:64,0,0,21	01:34,16,14,0	03:38,0,0,29	00:87,0,31,0	03:32,0,21,55	00:46,0,12,0	33:0,0,19,56	33:8,10,0,41	03:30,0,0,77	00:74,0,0,15	02:70,0,23,0	00:63,6,0,19	00:82,0,0,0	03:28,0,0,38	00:92,0,0,0	03:24,10,0,19	02:52,0,26,28	03:17,46,0,16	03:45,0,23,12	11:12,29,0,12	00:92,0,0,19	00:69,0,0,22	00:31,36,20,0	03:31,0,60,21	01:85,29,0,0	03:40,17,0,13	03:22,0,0,60
4_39	68	03:74,8,0,16	03:41,0,0,66	03:41,29,0,34	00:88,0,0,0	00:119,0,0,0	00:116,0,0,0	33:60,0,0,52	00:104,0,21,0	01:21,55,0,0	00:77,0,0,16	00:59,0,0,45	00:57,0,10,0	11:27,28,0,10	00:81,23,0,0	00:79,0,0,0	00:65,0,0,16	00:78,18,0,0	33:52,29,0,54	00:75,18,0,0	00:105,0,0,0	22:44,0,50,0	00:116,0,0,0	00:76,0,0,0	00:38,33,0,0	00:57,0,27,0	11:0,80,0,0	00:76,0,0,23	00:96,26,0,0	00:65,22,0,0	00:68,20,0,0	00:61,21,32,0	00:49,25,0,34	00:100,0,0,0	33:0,0,0,103	22:72,0,75,0	22:0,24,96,0	00:67,0,12,0	00:122,0,0,0	00:33,0,0,6	00:35,0,19,19	00:121,0,0,0	33:0,0,17,73	00:84,0,0,19	00:54,42,0,0	33:0,0,0,88	11:30,59,35,0	00:69,0,0,0	00:58,0,0,0	22:39,0,45,0	00:92,0,0,0	33:0,0,0,58	00:71,0,0,0	11:0,11,0,40	00:69,0,0,10	00:101,0,0,0	22:18,15,25,0	00:105,0,0,0	00:118,0,0,0	00:78,0,0,0	00:96,23,0,0	33:0,0,0,112	00:129,0,0,0	00:110,0,0,0	00:64,0,0,0	00:59,0,0,12	00:81,0,0,0	00:44,0,8,0	00:80,0,0,0	11:0,86,0,0	33:63,0,0,48	00:72,0,0,13	00:101,0,0,0	01:35,12,0,17	01:37,54,0,0	00:87,0,0,0	00:66,0,0,0	33:32,0,14,32	02:20,18,71,0	33:0,18,0,74	02:87,0,28,0	00:136,0,0,0	33:0,0,0,114	01:105,0,0,0	00:45,0,0,25	03:97,0,0,17	00:49,0,22,0	00:44,0,15,20	00:94,0,3,0	00:70,0,23,0	00:86,0,0,26	00:32,0,0,14	00:75,0,0,18	02:53,26,27,0	33:0,27,0,66	00:76,0,0,0	03:58,0,0,54	00:107,0,0,0	02:42,38,73,0	00:116,0,0,0	03:59,0,0,21	03:53,0,0,17	03:100,0,0,16	00:75,0,0,18	00:101,0,0,35	13:0,28,0,61	00:63,0,0,0	00:69,0,0,0	03:25,0,0,53	00:119,0,0,0	00:78,0,0,0	00:60,0,26,0	12:25,62,36,0	22:35,0,85,0	02:45,0,33,0	02:56,0,37,0	00:47,0,0,43	01:24,102,0,0	03:48,0,0,43	00:70,0,0,65	00:142,0,0,0	33:0,0,38,73	01:40,29,24,0	00:65,0,0,22	03:59,0,0,34	00:138,0,0,0	01:74,17,0,0	22:29,0,52,27	00:83,0,0,0	03:50,0,0,13	03:63,0,0,71	03:89,0,0,21	22:0,57,48,0	11:24,50,0,34	33:65,0,0,54	00:74,0,19,0	11:0,61,76,0	33:55,0,0,54	00:124,0,0,0	33:61,0,0,60	11:0,75,51,0	22:0,0,94,0	22:1,0,93,0	00:61,0,20,0	13:0,49,0,137	01:62,31,34,0	03:26,0,0,68	03:28,0,30,50	03:65,0,0,17	00:111,0,0,0	00:65,0,13,0	03:75,0,0,33	23:0,0,64,45	00:129,0,0,0	00:89,0,0,29	00:107,0,0,0	03:56,0,0,62	22:28,0,59,0	33:20,0,0,71	00:94,0,0,0	01:72,34,0,0	00:61,0,0,0	23:20,0,17,43	00:59,0,0,0	02:78,0,36,0	00:67,0,0,0	03:53,0,0,31	13:0,29,0,75	13:0,67,0,13	00:144,0,0,0	00:119,0,0,0	03:32,0,0,40	00:69,0,0,0	03:54,0,17,22	00:121,0,0,0	00:59,0,0,0	22:0,32,93,0	00:103,0,0,0	23:0,0,23,78	03:22,15,0,53	02:31,0,19,14	03:15,0,0,70	00:39,0,45,0	11:15,45,0,0	03:70,0,0,22	00:80,0,32,0	01:38,17,0,21	03:66,0,0,18	00:74,0,0,0	00:44,0,0,0	02:80,0,21,0	33:70,0,0,48	00:57,0,0,0	11:0,29,13,0	00:112,0,0,36	00:53,0,0,0	23:0,0,58,58	03:71,0,0,55	00:103,0,0,0	00:64,0,0,31	00:73,0,0,0	22:0,0,108,0	23:38,0,34,80	11:0,74,28,0	01:32,100,0,0	00:57,18,0,0	00:92,0,0,34	03:54,0,0,22	03:62,0,0,17	33:0,0,0,110	03:33,0,0,65	00:114,0,0,0	00:66,0,0,22	02:22,0,17,32	22:0,0,73,29	00:68,0,21,0	00:137,0,0,0	00:131,0,0,0	03:76,0,0,15	33:0,23,0,58	33:48,0,0,42	33:0,0,0,112	00:123,0,0,0	03:44,0,0,44	00:87,0,0,22	00:60,0,0,22	00:72,25,0,0	02:81,0,15,0	01:22,16,18,21	11:53,37,0,0	03:24,52,0,22	00:72,31,0,0	11:0,44,0,0	00:109,0,0,32	00:109,0,0,0	11:22,75,0,0	02:90,0,26,0	00:75,25,0,0	03:18,0,14,40	33:0,32,31,69
1_40	72	03:25,0,0,121	11:43,97,0,29	33:0,0,0,136	01:21,48,28,0	00:123,0,0,38	00:158,0,0,0	00:198,0,0,0	00:188,0,0,0	01:74,63,0,0	03:105,0,0,23	00:135,0,0,0	03:79,0,0,25	03:50,0,0,61	00:148,0,0,0	02:71,18,29,0	00:134,0,0,0	03:124,0,0,42	03:73,0,0,108	01:33,38,26,0	00:124,0,0,42	12:0,19,77,0	03:120,0,0,26	03:119,0,0,20	11:0,83,0,0	03:135,0,0,28	00:133,0,0,0	00:130,0,0,0	00:206,0,0,0	00:99,0,30,0	03:76,0,32,33	13:73,30,0,38	01:144,37,0,0	01:132,34,0,0	33:0,0,0,141	23:63,0,69,94	23:45,0,99,35	00:144,0,0,0	03:149,0,0,39	00:63,25,40,0	00:130,0,0,0	00:103,0,0,41	03:37,0,0,88	01:116,39,0,0	00:102,29,0,0	33:0,0,0,101	01:140,44,0,0	03:62,0,0,45	00:120,0,0,0	03:43,0,28,34	03:75,0,0,53	03:31,0,0,76	00:90,20,0,0	23:88,0,44,36	13:57,28,0,33	02:118,0,34,0	00:66,0,25,0	00:109,0,0,18	00:131,0,0,18	00:87,0,28,0	03:118,0,0,34	03:30,0,0,117	00:139,0,0,39	12:87,43,35,0	00:110,0,0,0	01:50,26,0,14	00:105,0,0,0	03:108,0,0,25	03:69,0,0,30	11:0,97,0,36	03:121,0,0,47	00:116,0,0,42	02:93,0,34,0	02:54,0,18,31	00:177,2,0,0	03:82,0,45,24	01:55,31,0,40	00:98,0,0,39	02:92,0,99,0	00:138,0,0,0	00:143,0,38,0	03:146,0,0,61	33:34,0,0,88	02:60,0,35,26	02:85,0,33,0	00:127,34,0,0	01:72,24,0,35	02:68,31,46,0	00:128,49,0,0	02:54,35,31,0	00:143,0,0,0	00:99,0,0,0	03:80,0,0,35	00:118,0,0,47	33:0,0,0,176	02:76,0,15,0	00:141,0,0,0	03:106,0,0,55	03:94,0,0,103	02:106,0,52,0	00:93,0,22,0	03:64,0,0,42	00:177,0,0,0	01:103,22,0,0	00:182,0,0,0	33:28,0,0,93	03:57,38,0,40	03:71,0,0,48	33:25,22,0,45	03:145,0,0,48	00:103,0,0,0	00:101,0,0,37	01:33,95,47,0	02:110,0,93,0	00:127,0,0,0	00:96,0,31,0	02:66,0,45,32	12:52,83,42,0	01:112,37,0,0	00:175,0,0,0	00:178,0,0,51	03:67,45,0,66	01:77,21,0,20	00:110,0,34,0	13:0,41,0,118	00:130,0,0,55	00:113,47,0,0	03:31,0,0,127	00:113,33,0,0	00:73,0,0,28	03:73,55,0,43	01:104,33,0,0	12:0,57,105,0	03:84,0,0,103	00:148,0,0,36	02:116,0,28,0	22:0,45,147,0	00:146,0,0,0	00:178,0,0,0	00:144,0,55,0	12:0,37,129,0	22:45,0,126,0	22:0,0,94,37	00:150,0,0,0	03:47,43,0,101	00:114,0,0,40	13:0,39,0,94	33:0,0,0,133	00:147,0,0,0	00:194,0,0,0	02:97,0,40,0	03:55,0,0,84	33:0,0,0,125	00:130,0,30,0	00:156,0,0,27	01:27,92,0,0	00:142,1,0,46	22:0,0,130,0	03:81,0,31,22	01:112,34,0,0	03:42,0,0,136	00:87,0,0,19	02:83,39,29,0	00:133,0,0,0	00:170,0,0,0	00:76,0,22,0	00:108,0,38,0	03:82,0,25,33	11:1,118,0,0	00:248,0,0,0	00:166,0,0,0	33:50,0,0,50	00:57,35,0,39	00:118,50,0,0	00:175,0,0,0	00:91,0,0,0	12:0,85,86,0	01:125,42,0,0	03:67,0,0,68	03:55,0,0,69	00:129,0,0,0	33:0,0,0,145	12:0,37,104,0	13:0,69,0,23	00:168,0,0,0	03:109,0,0,39	00:149,0,0,0	02:93,0,29,1	03:40,0,0,60	01:53,63,0,0	02:75,0,62,0	03:117,0,0,33	00:91,0,0,0	13:0,32,0,46	03:110,0,42,38	00:151,0,0,0	33:0,44,0,141	00:134,0,0,37	00:113,41,0,0	03:80,0,0,58	01:77,70,0,0	02:82,37,44,0	23:0,0,47,140	11:0,147,0,0	01:82,86,0,0	03:50,0,0,41	12:29,76,40,0	00:124,0,0,0	33:0,0,26,104	03:85,0,0,64	03:23,0,0,121	00:125,24,0,0	00:133,0,0,38	03:57,0,0,19	00:143,0,0,0	01:49,42,0,0	00:205,0,0,0	03:97,0,0,86	00:121,0,0,26	03:61,0,0,26	00:114,0,0,24	03:65,0,61,86	00:111,0,34,0	00:126,0,0,0	00:136,0,0,26	00:115,0,0,43	01:93,32,0,0	03:127,0,0,29	01:77,18,0,0	00:170,0,0,0	13:0,61,0,69	01:57,62,0,0	11:0,74,35,1	03:112,0,36,37	01:93,41,0,36	03:37,75,0,48	02:34,0,43,82	01:139,47,0,0	33:0,0,0,101	03:45,0,0,139
3_40	26	03:36,0,0,46	11:45,45,0,12	33:0,0,0,75	00:26,42,0,0	00:96,0,0,0	00:64,0,0,0	00:99,0,0,0	00:89,0,0,0	11:0,66,0,0	03:59,0,0,25	00:68,0,0,0	23:15,0,21,13	00:42,0,0,23	00:41,0,8,0	33:5,17,14,19	00:66,0,0,0	03:77,0,0,35	00:113,0,0,0	11:0,53,0,0	00:63,0,0,40	12:25,14,24,0	03:77,0,0,18	00:55,0,0,13	11:0,56,0,0	03:70,0,0,27	00:66,0,0,0	00:70,0,0,0	00:63,32,0,0	00:73,0,14,0	33:12,0,0,66	01:63,20,0,0	01:60,19,0,0	12:44,13,21,0	33:0,32,0,49	33:10,0,0,90	23:0,0,61,15	00:63,0,0,0	03:21,25,0,10	02:60,0,29,0	00:80,0,0,0	00:54,0,21,10	33:25,0,0,60	00:49,31,0,0	11:45,21,0,0	33:13,0,0,52	01:72,17,0,0	03:36,0,0,21	00:85,0,0,0	00:87,0,0,0	00:73,0,0,0	33:0,0,0,66	01:41,30,0,0	03:42,0,0,66	01:26,10,0,16	02:63,0,18,0	00:57,0,23,0	00:67,0,0,13	00:79,0,0,15	00:51,0,31,0	03:69,0,0,24	33:0,0,0,70	03:49,0,0,29	02:61,0,24,0	00:71,0,0,0	00:43,0,0,14	00:63,0,0,0	03:62,0,0,18	00:52,0,0,0	13:0,47,0,20	00:86,0,0,0	00:63,0,0,35	00:74,0,0,0	22:38,0,18,27	00:88,0,0,0	33:30,0,24,20	03:39,0,0,32	00:43,0,0,16	02:58,0,25,0	00:54,0,0,0	00:58,0,28,0	00:109,0,0,0	33:34,0,0,53	00:45,0,0,17	00:73,0,0,0	03:32,0,0,33	00:77,0,0,0	00:87,0,0,0	01:18,13,1,21	11:27,24,0,33	00:99,0,0,0	00:72,0,0,0	22:48,0,20,0	03:53,0,0,28	33:0,0,0,93	00:62,0,0,0	02:54,0,24,0	03:22,0,0,60	33:0,0,38,77	00:56,27,0,0	03:20,0,11,36	33:34,0,0,31	00:66,0,37,0	22:30,0,27,0	01:28,26,38,0	33:0,0,0,58	00:54,6,0,0	33:6,20,0,37	33:0,0,0,65	33:30,0,27,40	00:94,0,0,0	01:26,20,0,35	01:60,19,0,0	00:99,0,0,0	02:46,0,18,0	00:67,0,0,0	03:51,0,0,12	02:29,0,38,41	00:73,0,0,0	00:85,0,0,0	00:107,0,0,0	03:23,0,0,70	01:27,27,0,15	00:95,0,0,0	33:26,0,0,55	00:86,0,0,0	00:89,0,0,0	03:16,0,25,28	00:77,0,0,0	00:40,0,36,0	00:58,0,0,0	00:66,1,0,0	02:12,10,66,0	13:23,27,0,60	00:64,0,0,18	02:45,0,21,0	12:12,26,41,0	03:38,12,0,19	11:82,19,0,0	00:76,0,0,25	12:0,56,10,0	12:0,7,64,0	22:0,0,60,0	00:56,0,0,0	02:28,24,38,0	02:74,0,13,0	33:0,0,0,88	00:23,0,0,59	00:42,0,32,0	00:105,0,0,0	33:21,13,0,35	03:39,21,0,23	33:0,0,0,81	03:72,0,0,6	00:95,0,0,0	22:41,0,16,18	00:84,0,0,0	22:28,0,51,0	33:22,0,0,49	00:89,0,0,0	33:47,21,0,7	00:47,0,0,19	00:55,0,0,25	00:73,0,0,0	00:51,24,23,0	00:36,9,0,0	00:39,0,0,39	NA:71,0,0,16	01:12,38,0,0	00:78,0,0,22	33:50,0,0,16	03:24,0,0,24	00:70,0,0,0	00:63,0,0,0	00:68,0,0,0	00:49,0,11,0	22:0,0,84,0	01:41,41,0,0	33:22,0,0,49	03:63,0,0,22	00:75,0,0,0	33:13,0,0,50	02:42,0,41,0	13:0,33,0,41	01:61,16,0,0	00:72,0,0,0	00:29,0,25,0	11:37,36,0,0	00:83,0,0,0	11:31,13,0,13	00:67,0,0,0	00:95,0,0,0	00:48,0,0,9	11:0,65,0,0	03:62,0,0,21	00:69,0,0,0	33:0,0,0,90	03:55,0,0,41	00:64,0,18,0	03:17,13,19,20	01:39,21,14,0	00:33,0,31,0	03:33,0,0,88	13:0,59,0,20	13:21,51,0,28	03:61,0,0,20	03:54,0,0,25	01:21,17,0,31	00:74,0,0,0	03:25,0,0,41	02:37,0,16,13	00:96,0,0,0	03:70,0,0,27	00:37,0,0,24	22:20,0,32,9	00:38,19,0,0	00:84,0,0,0	01:44,7,0,20	02:52,0,14,10	33:34,0,0,39	00:52,0,0,6	33:0,0,0,90	02:31,0,26,33	00:51,0,0,30	00:74,0,0,0	33:39,0,0,43	00:44,9,0,0	03:57,0,0,20	00:73,0,0,0	00:112,0,0,0	13:0,38,0,33	01:69,21,0,0	11:13,48,0,0	00:115,0,0,0	00:97,0,0,0	00:82,17,0,0	02:47,0,63,0	01:54,15,0,23	33:8,0,0,41	NA:15,0,0,81
4_40	82	03:48,0,0,42	13:0,58,30,21	03:25,0,0,47	02:58,0,17,0	03:93,0,0,18	00:55,0,28,0	01:56,21,0,21	00:109,0,0,0	03:26,43,0,16	00:76,0,0,0	00:78,0,0,0	02:47,0,20,0	13:0,37,0,35	00:56,0,16,0	01:58,23,0,0	00:110,0,0,0	00:75,0,0,0	02:78,0,37,0	00:88,0,0,0	03:29,37,0,22	02:16,0,60,0	00:115,0,0,0	00:116,0,0,0	11:0,39,16,0	00:88,32,0,0	00:72,0,0,0	00:59,18,0,0	03:70,28,0,27	02:41,0,25,28	00:75,0,0,28	00:78,0,19,0	00:82,0,0,26	00:77,0,0,0	33:0,0,0,74	00:108,0,0,26	22:0,0,101,0	00:87,0,0,0	00:68,0,19,0	02:45,0,38,0	00:94,0,0,25	00:93,0,0,0	33:16,20,0,27	00:106,0,0,0	03:46,17,0,14	33:0,0,0,77	00:105,0,0,0	00:68,24,0,0	00:78,0,0,0	02:55,0,14,15	03:51,0,0,37	33:13,0,0,56	00:60,0,0,0	33:0,0,18,62	02:22,0,9,22	00:77,0,1,0	02:63,0,18,0	03:75,0,0,4	03:80,0,0,6	02:57,0,24,0	01:93,20,0,0	13:24,18,0,48	00:89,31,0,0	00:70,24,0,0	00:55,16,0,0	00:44,15,0,0	03:52,0,0,12	00:98,0,0,0	00:57,0,0,11	12:0,64,13,0	33:31,0,0,98	00:70,0,0,31	00:100,0,20,0	03:48,0,0,18	00:82,53,0,0	01:33,27,0,29	00:71,19,0,0	01:68,20,0,0	03:31,30,20,35	33:35,0,0,54	00:77,17,0,0	03:24,0,31,75	03:22,0,0,75	03:33,0,26,10	23:22,0,37,13	00:101,0,0,0	00:63,0,0,27	03:58,0,28,20	02:53,0,22,0	00:50,0,52,0	02:73,0,20,0	00:69,0,0,0	00:44,0,0,62	03:76,1,0,21	33:0,0,0,98	00:64,0,0,0	03:58,0,0,53	33:31,0,0,87	23:0,31,34,71	00:73,0,31,0	33:31,0,0,23	23:11,0,22,25	03:79,0,0,29	00:52,0,0,8	00:94,0,0,0	33:16,0,0,50	00:70,0,0,28	33:18,0,0,79	33:0,0,0,87	00:78,0,0,29	00:101,0,0,0	33:28,0,0,30	11:0,102,0,0	02:53,0,71,0	23:40,0,29,15	00:89,0,0,0	03:31,0,19,14	01:29,89,0,0	02:37,15,18,0	00:85,0,0,0	00:133,0,0,0	03:80,0,0,26	00:91,0,0,0	00:101,0,0,0	33:0,29,0,60	01:75,23,0,0	00:115,0,0,0	33:0,0,0,82	33:0,0,29,40	00:77,0,0,0	03:67,0,0,27	02:42,0,25,39	22:0,32,72,0	33:50,0,0,44	00:119,0,0,0	02:62,0,21,0	12:0,30,67,0	00:83,0,0,28	00:115,0,0,0	03:94,0,0,29	11:0,61,20,0	22:0,0,69,26	22:0,0,81,1	00:92,0,0,0	23:0,0,36,91	00:81,38,0,0	33:15,0,0,66	33:22,0,0,66	23:34,0,33,15	03:85,0,0,17	00:49,0,42,0	01:73,22,0,0	33:0,0,0,86	00:78,0,0,0	00:80,0,0,35	03:47,0,20,21	00:61,0,0,64	02:19,0,43,31	33:21,0,0,72	00:84,0,0,0	00:100,0,0,0	00:91,0,0,0	00:62,0,0,19	00:65,0,0,14	02:82,0,36,0	03:55,0,0,17	03:47,0,0,39	00:84,17,0,0	11:0,70,0,0	00:152,0,0,0	00:80,18,0,0	03:39,0,0,24	00:67,0,0,0	00:74,0,0,13	00:85,0,0,21	01:60,14,0,0	02:34,0,63,0	00:104,0,0,0	03:50,19,0,34	23:41,0,28,24	00:79,0,0,0	33:16,0,0,74	23:27,0,40,28	02:18,38,19,0	01:48,20,0,30	00:103,0,0,0	00:87,0,0,0	00:77,0,0,0	00:72,0,0,0	00:50,0,17,0	01:74,25,0,0	02:87,0,24,0	00:49,20,0,0	01:10,46,0,0	01:91,34,0,0	03:49,0,0,14	23:0,0,44,62	03:46,0,0,53	01:65,20,16,0	03:31,29,0,20	00:73,0,0,0	00:56,0,30,0	03:47,0,0,68	13:0,61,0,20	13:44,33,0,19	00:67,0,0,0	13:21,49,0,15	00:88,0,0,0	03:74,0,0,15	03:60,0,0,33	23:23,0,21,40	00:70,0,30,0	03:85,0,0,31	00:71,0,0,13	12:17,18,37,0	00:61,0,0,0	03:111,0,0,29	00:98,0,0,0	00:64,0,0,12	03:55,0,0,30	00:61,0,0,9	33:0,0,0,106	03:66,0,0,19	03:40,0,0,37	00:85,0,0,0	03:69,0,0,29	01:74,12,0,0	03:74,0,0,22	00:84,0,0,0	00:95,0,0,0	13:0,52,18,29	00:71,29,0,0	01:20,58,0,0	00:124,0,0,0	00:123,0,0,0	00:82,0,0,0	02:87,0,28,0	03:51,25,0,21	33:35,0,0,27	33:23,0,0,84
3_41	39	13:0,0,0,2	33:0,0,0,0	33:0,0,0,0	02:0,0,0,0	03:0,0,0,0	00:0,0,0,0	00:0,0,0,0	00:0,0,0,0	01:0,0,0,0	00:0,0,0,0	00:0,0,0,0	00:0,0,0,0	01:0,0,0,0	00:0,0,0,0	00:0,0,0,0	02:0,0,0,0	00:0,0,0,0	33:0,0,0,0	02:0,0,0,0	02:0,0,0,0	02:0,0,0,0	00:0,0,0,0	00:0,0,0,0	11:0,0,0,0	00:0,0,0,0	00:0,0,0,0	00:0,0,0,0	01:0,0,0,0	02:0,0,0,0	00:0,0,0,0	00:0,0,0,0	00:0,0,0,0	00:0,0,0,0	33:0,0,0,0	00:0,0,0,0	22:0,0,0,0	00:0,0,0,0	00:0,0,0,0	02:0,0,0,0	00:0,0,0,0	03:0,0,0,0	33:0,0,0,0	00:0,0,0,0	03:0,0,0,0	33:0,0,0,0	00:0,0,0,0	00:0,0,0,0	00:0,0,0,0	00:0,0,0,0	00:0,0,0,0	33:0,0,0,0	01:0,0,0,0	03:0,0,0,0	00:0,0,0,0	00:0,0,0,0	00:0,0,0,0	00:0,0,0,0	00:0,0,0,0	00:0,0,0,0	00:0,0,0,0	33:0,0,0,0	03:0,0,0,0	00:0,0,0,0	00:0,0,0,0	00:0,0,0,0	03:0,0,0,0	00:0,0,0,0	00:0,0,0,0	13:0,0,0,0	03:0,0,0,0	00:0,0,0,0	00:0,0,0,0	33:0,0,0,0	00:0,0,0,0	00:0,0,0,0	03:0,0,0,0	01:0,0,0,0	02:0,0,0,0	03:0,0,0,0	00:0,0,0,0	00:0,0,0,0	33:0,0,0,0	00:0,0,0,0	00:0,0,0,0	00:0,0,0,0	00:0,0,0,0	00:0,0,0,0	13:0,0,0,0	01:0,0,0,0	00:0,0,0,0	00:0,0,0,0	00:0,0,0,0	33:0,0,0,0	33:0,0,0,0	00:0,0,0,0	03:0,0,0,0	03:0,0,0,0	23:0,0,0,0	00:2,0,0,0	23:0,0,0,0	02:0,0,0,0	00:0,0,0,0	00:0,0,0,0	00:0,0,0,0	33:0,0,0,0	01:0,0,0,0	33:0,0,0,0	03:0,0,0,0	00:0,0,0,0	00:0,0,0,0	33:0,0,0,0	11:0,0,0,0	00:0,0,0,0	03:0,0,0,2	00:0,0,0,0	03:0,0,0,0	01:0,0,0,0	02:0,0,0,0	00:0,0,0,0	03:0,0,0,0	01:0,0,0,0	00:0,0,0,0	02:0,0,0,0	33:0,0,0,0	13:0,0,0,0	01:0,0,0,0	33:0,0,0,0	13:0,0,0,0	03:0,0,0,0	03:0,0,0,0	00:0,0,0,0	22:0,0,0,0	03:0,0,0,0	00:0,0,0,0	02:0,0,0,0	12:0,0,0,0	03:0,0,0,0	03:0,0,0,0	03:0,0,0,0	11:0,0,0,0	22:0,0,0,0	22:0,0,0,0	00:0,0,0,0	33:0,0,0,0	00:0,0,0,0	03:0,0,0,0	13:0,0,0,0	00:0,0,0,0	00:0,0,0,0	12:0,0,0,0	00:0,0,0,0	03:0,0,0,0	02:0,0,0,0	03:0,0,0,0	00:0,0,0,0	33:0,0,0,0	22:0,0,0,0	03:0,0,0,0	00:0,0,0,0	00:0,0,0,0	00:0,0,0,0	03:0,0,0,0	33:0,0,0,0	00:0,0,0,0	00:0,0,0,0	03:0,0,0,0	01:0,0,0,0	11:0,0,0,0	00:2,0,0,0	01:0,0,0,0	00:0,0,0,0	03:0,0,0,0	03:0,0,0,0	00:0,0,0,0	00:0,0,0,0	22:0,0,0,0	03:0,0,0,0	13:0,0,0,0	00:0,0,0,0	33:0,0,0,0	03:0,0,0,0	22:0,0,0,0	02:0,0,0,0	23:0,0,0,0	00:0,0,0,0	00:0,0,0,0	00:0,0,0,0	00:0,0,0,0	00:0,0,0,0	00:0,0,0,0	03:0,0,0,0	00:0,0,0,0	11:0,0,0,0	00:0,0,0,0	02:0,0,0,0	23:0,0,0,0	00:0,0,0,0	13:0,0,0,0	03:0,0,0,0	01:0,0,0,0	23:0,0,0,0	33:0,0,0,0	01:0,0,0,0	01:0,0,0,0	03:0,0,0,0	02:0,0,0,0	03:0,0,0,0	00:0,0,0,0	03:0,0,0,0	23:0,0,0,0	02:0,0,0,0	00:0,0,0,0	00:0,0,0,0	23:0,0,0,0	00:0,0,0,0	00:0,0,0,0	03:0,0,0,0	01:0,0,0,0	13:0,0,0,0	02:0,0,0,0	02:0,0,0,0	02:0,0,0,0	23:0,0,0,0	00:0,0,0,0	03:0,0,0,0	00:0,0,0,0	03:0,0,0,0	03:0,0,0,0	03:0,0,0,0	01:0,0,0,0	00:0,0,0,0	13:0,0,0,0	01:0,0,0,0	00:0,0,0,0	02:0,0,0,0	12:0,0,0,0	01:0,0,0,0	33:0,0,0,0	33:0,0,0,0
1_42	53	03:60,0,0,12	33:0,22,0,40	33:0,0,0,50	12:25,18,15,0	03:59,0,0,17	00:94,0,0,0	00:90,0,0,0	00:98,0,0,0	01:31,28,0,0	00:50,0,0,31	00:62,0,0,0	02:23,0,16,26	03:43,0,0,21	02:62,0,22,0	00:22,14,16,0	00:54,0,0,0	00:50,0,0,14	03:78,0,0,23	12:19,25,13,0	00:84,0,0,0	22:0,28,65,0	00:52,0,0,13	00:44,0,0,11	11:0,52,0,0	00:70,0,0,23	00:54,0,0,0	00:59,0,0,0	03:69,0,0,18	23:51,0,13,26	03:29,0,0,44	00:47,16,0,0	00:72,15,0,0	03:33,26,0,20	33:0,0,0,59	00:73,0,0,39	22:0,0,54,21	00:67,0,0,0	00:47,0,0,19	12:46,32,19,0	00:89,0,0,0	03:49,0,0,9	33:0,11,0,49	00:73,0,0,0	00:64,0,0,0	33:0,0,0,61	00:73,24,0,0	03:19,0,0,34	03:52,0,0,14	03:38,0,0,22	00:68,0,0,0	33:0,0,0,48	01:46,10,0,0	03:15,0,0,61	00:54,23,0,0	00:34,0,32,0	03:45,0,17,20	00:72,0,0,0	00:87,0,0,0	00:71,0,0,0	00:43,0,0,15	33:0,0,0,53	03:75,0,0,22	00:43,0,20,0	00:62,0,0,0	00:50,0,0,0	02:38,0,11,0	00:59,0,0,29	01:35,17,0,7	03:16,32,0,10	00:81,0,0,21	00:93,0,0,0	03:23,0,0,37	03:32,0,22,11	00:79,0,0,20	00:50,0,0,21	03:52,0,0,21	00:91,0,0,0	22:22,0,72,0	00:55,0,0,0	00:89,0,0,0	00:91,0,0,0	33:0,0,0,49	00:69,0,0,0	00:56,0,0,0	00:74,0,0,12	00:92,0,0,0	03:38,0,0,35	13:23,16,0,23	12:30,15,42,0	00:85,0,0,0	00:47,0,0,0	00:43,0,39,0	03:59,0,0,12	23:0,0,44,51	00:68,0,0,0	00:69,0,23,0	00:64,0,0,39	33:0,0,0,107	00:78,0,0,0	02:40,0,8,0	00:45,0,0,17	03:46,0,0,36	00:37,0,22,0	00:58,23,0,0	13:0,35,0,24	01:54,16,0,0	03:26,0,0,24	03:20,0,0,62	00:55,0,0,20	02:37,0,29,0	03:41,0,0,18	11:19,47,0,0	00:84,0,0,0	00:72,0,0,0	02:36,0,44,0	03:31,0,0,26	01:27,52,27,0	00:63,0,0,0	00:62,0,0,0	33:38,0,0,76	13:0,22,0,68	00:83,26,0,0	02:60,0,20,0	03:39,0,0,40	23:22,0,41,21	13:18,26,0,33	03:62,0,0,19	01:60,24,0,0	13:15,19,0,10	00:79,0,0,0	00:67,22,0,0	22:0,0,77,0	00:75,0,0,14	00:80,0,0,0	01:33,26,9,0	12:0,55,24,0	00:66,0,0,0	00:92,0,0,0	00:82,0,0,0	12:0,47,29,0	22:0,0,87,0	22:0,0,65,0	03:54,0,0,13	11:0,87,0,17	03:49,0,0,37	33:0,0,0,71	13:0,16,0,66	00:46,0,0,12	00:77,0,0,9	00:58,0,0,0	03:52,0,0,44	33:0,0,0,59	12:0,17,60,0	03:31,0,0,58	01:62,15,0,0	33:35,0,0,67	22:13,0,47,0	02:39,0,18,12	00:56,0,0,30	03:55,0,0,15	03:36,0,0,17	01:61,21,0,0	00:55,0,0,0	01:41,40,0,0	12:22,29,15,0	23:23,0,16,42	02:38,0,14,26	11:0,55,0,0	03:40,0,0,66	00:79,0,0,0	00:81,0,0,0	01:39,17,0,0	00:79,0,0,0	00:82,0,0,0	02:8,10,23,0	12:0,17,70,0	00:78,0,0,0	00:78,0,0,0	00:60,0,22,0	00:60,0,0,0	03:27,0,0,29	22:11,0,50,0	11:22,35,0,0	00:79,0,0,0	00:81,0,0,0	02:32,0,33,0	00:77,0,0,0	00:44,0,0,14	03:11,14,0,20	02:65,0,9,0	00:73,0,0,0	03:25,0,0,34	11:0,44,0,0	02:87,0,18,0	00:58,0,0,0	13:0,40,0,49	33:26,0,0,85	00:51,30,0,0	13:29,23,0,10	01:37,15,0,19	12:0,14,37,0	33:19,0,35,36	11:0,39,19,0	00:52,0,30,0	03:44,0,11,8	01:57,25,0,0	00:40,0,24,0	02:72,0,16,0	00:41,22,0,0	33:0,13,19,26	12:15,7,23,19	03:30,22,0,26	00:52,0,0,17	02:8,0,55,0	00:37,0,0,21	00:87,0,0,0	00:49,0,0,39	03:25,0,20,12	03:9,0,0,75	03:29,14,0,16	33:0,37,0,57	01:45,11,27,0	00:60,0,0,27	00:67,0,0,19	03:76,0,0,28	00:44,0,0,10	02:38,25,19,0	01:41,13,0,0	00:95,0,0,0	11:0,62,0,0	01:50,15,0,0	11:13,47,0,0	00:66,0,36,0	00:45,0,25,19	01:58,32,0,0	00:69,0,22,0	00:83,0,0,0	00:68,0,0,0	33:31,0,0,62
2_42	39	03:50,0,0,32	11:0,65,1,31	33:0,0,0,59	01:11,26,9,0	01:51,23,0,31	00:70,0,0,0	02:68,0,18,0	02:70,0,26,0	01:15,67,0,0	03:42,0,0,21	03:33,0,0,18	02:10,0,58,0	33:14,0,0,44	12:15,25,40,0	00:49,0,0,18	00:44,0,0,0	00:78,0,0,0	00:98,0,0,0	01:19,39,0,0	00:87,0,0,0	22:0,0,58,0	00:94,0,0,0	01:67,22,0,0	12:0,44,9,0	13:39,13,0,20	00:69,0,0,0	00:73,0,0,0	00:59,0,0,23	03:25,0,0,37	03:11,0,0,44	00:100,0,0,0	02:60,0,30,0	00:36,0,11,24	33:0,0,0,64	03:71,0,0,50	23:0,0,37,25	11:57,18,0,0	02:60,0,17,0	00:27,13,16,0	00:79,0,0,0	00:85,0,0,0	03:18,0,0,46	00:78,0,0,0	13:28,27,0,23	33:0,0,20,36	02:68,0,26,0	13:8,12,0,34	00:55,0,0,14	00:40,0,0,11	00:82,0,0,0	23:14,0,21,21	02:42,0,19,0	03:28,0,0,82	23:22,0,16,16	00:54,0,0,0	00:40,0,0,16	00:84,0,0,0	00:101,0,0,0	00:47,0,0,0	01:65,18,0,0	33:11,0,0,71	01:78,12,0,0	00:65,15,0,0	01:47,11,0,0	00:68,0,0,0	00:53,0,16,0	00:66,8,0,0	00:36,18,0,0	11:13,36,0,0	01:73,32,0,0	03:91,0,0,16	00:57,0,0,22	00:57,0,0,0	13:43,40,0,13	00:62,0,0,13	01:34,21,0,0	00:92,0,0,0	01:59,19,0,0	03:33,0,0,36	11:17,30,17,0	23:26,0,30,63	33:12,0,0,56	00:56,0,15,1	01:39,21,0,0	00:71,0,0,10	03:45,0,0,12	00:72,0,0,0	00:83,0,0,0	22:35,0,36,0	03:58,0,0,13	00:31,0,10,0	03:59,0,0,21	02:68,0,17,0	33:28,0,0,67	02:44,0,9,0	00:86,0,0,0	03:70,0,0,14	33:0,0,0,138	02:76,0,29,0	03:11,0,0,52	03:25,0,0,25	00:76,0,0,27	00:52,0,11,0	03:70,0,0,31	33:0,0,1,49	03:40,0,0,13	03:45,0,0,15	33:0,0,0,50	03:60,0,0,15	02:37,0,26,0	00:36,16,0,0	11:24,62,0,0	02:70,0,18,0	02:31,0,35,0	00:52,0,0,17	33:0,0,0,57	11:52,55,0,0	00:70,0,0,0	00:88,0,1,0	00:87,0,0,0	33:15,0,0,58	00:57,0,0,10	00:86,0,0,0	03:17,0,0,54	00:94,0,0,0	00:69,0,15,0	03:21,0,0,52	00:75,0,0,0	00:83,0,0,0	13:16,20,0,44	00:63,0,0,0	11:0,42,37,0	00:82,0,25,0	02:67,0,25,0	00:50,0,9,0	22:26,0,66,0	33:15,0,0,56	00:64,0,0,19	00:83,0,0,0	12:0,64,18,0	22:0,0,70,0	12:8,22,40,0	00:68,0,0,0	33:0,42,0,98	00:87,0,0,0	00:50,0,0,49	33:0,0,0,79	00:54,0,0,19	02:37,0,12,23	22:45,0,46,0	00:75,0,0,0	13:0,20,0,43	02:22,0,57,0	03:59,0,0,22	00:66,0,0,0	03:43,0,0,47	22:0,0,81,0	33:18,0,0,65	03:26,0,0,58	01:28,38,0,14	02:31,0,15,0	00:58,0,0,0	00:63,0,0,0	00:86,0,0,0	00:44,0,9,0	03:56,0,0,9	03:62,0,0,13	11:20,40,0,0	00:116,0,0,0	00:59,22,0,0	03:32,0,0,11	00:22,0,17,11	00:38,17,0,16	00:90,0,0,0	00:45,0,0,0	01:12,23,49,0	01:18,43,25,0	03:14,0,0,42	00:97,0,0,0	00:47,0,0,9	03:51,0,0,23	01:25,18,16,0	23:0,12,18,33	00:79,0,0,0	03:43,0,28,18	00:63,0,0,0	02:18,0,43,0	00:59,0,0,0	01:51,9,0,0	02:26,7,19,0	03:64,0,0,23	00:40,0,0,0	01:20,19,0,15	03:66,0,0,30	00:50,0,0,21	33:24,0,0,54	03:80,0,0,12	00:76,0,0,0	00:75,0,0,0	01:24,24,0,23	02:13,0,47,0	02:17,27,42,21	11:0,56,20,0	03:28,48,0,11	33:32,0,0,38	00:49,0,0,25	00:70,0,0,0	02:44,0,28,0	00:58,0,0,15	33:0,0,0,65	01:59,36,0,0	03:55,0,0,34	00:26,0,0,18	00:50,0,0,0	00:38,15,0,0	00:105,0,0,1	00:53,0,0,44	03:39,0,0,31	00:42,0,0,23	33:16,0,0,58	33:0,0,14,68	01:33,24,36,0	02:61,0,22,0	00:63,0,0,24	33:25,0,0,69	00:60,0,0,0	00:76,0,0,0	00:65,0,0,0	00:108,0,0,0	03:20,13,0,28	11:40,34,0,0	11:0,63,0,0	03:102,0,0,23	01:80,13,0,0	13:16,29,0,20	03:19,0,41,25	01:55,44,0,0	03:11,0,0,37	03:30,0,0,39
3_42	30	03:10,0,0,57	11:0,51,0,11	33:0,0,6,16	00:50,0,0,0	01:58,10,0,0	00:36,0,0,11	00:60,0,0,0	00:79,0,0,0	11:0,42,0,0	03:31,0,0,18	00:32,0,6,2	22:7,0,23,0	00:46,2,0,6	01:41,4,0,0	03:10,6,0,45	00:62,0,0,1	03:48,0,0,11	02:55,0,11,1	11:0,38,0,0	00:54,0,0,0	12:0,26,34,0	01:46,5,19,0	00:53,0,0,0	11:4,29,8,3	00:43,0,0,0	02:30,0,5,0	02:46,0,3,0	02:44,0,9,0	02:41,0,4,0	33:1,0,0,50	01:38,16,0,1	02:53,0,22,0	12:13,9,36,0	33:0,0,0,41	33:15,0,0,51	22:0,0,56,0	00:35,14,0,0	00:52,0,0,0	02:18,0,33,0	00:33,0,0,9	00:26,7,0,0	33:0,0,0,53	00:39,0,0,13	13:16,31,0,5	23:0,0,32,25	02:41,11,10,0	00:25,0,10,7	00:48,1,0,0	00:48,0,0,0	00:60,0,0,0	02:29,0,2,15	02:31,1,9,14	03:7,0,0,60	23:36,0,4,14	00:37,0,0,9	00:54,0,0,0	00:67,0,0,0	00:79,0,0,0	00:47,0,0,11	00:40,0,18,0	03:19,0,0,27	33:70,0,0,6	01:3,51,0,0	00:32,0,0,18	00:41,0,0,0	00:35,0,0,10	13:23,23,0,5	00:27,0,0,3	11:14,27,0,1	00:30,0,0,29	03:58,0,0,7	00:53,0,0,0	00:51,2,0,10	33:24,16,1,7	00:37,0,0,0	00:57,0,0,0	00:58,0,0,7	02:47,0,13,0	03:35,0,0,17	00:48,2,0,0	00:63,0,0,0	02:28,0,3,13	02:32,0,18,0	00:62,0,0,0	33:30,0,0,32	00:29,0,0,6	00:65,0,0,0	02:50,0,10,0	02:51,0,8,0	00:56,0,0,0	00:47,0,0,0	00:36,0,0,15	03:22,0,0,28	03:22,0,2,39	03:49,0,0,4	00:24,11,0,11	00:46,7,0,0	33:29,0,0,45	01:31,3,15,0	33:0,12,0,53	33:14,0,0,32	33:60,0,0,2	02:36,0,19,0	00:74,0,0,0	33:0,0,0,30	00:40,0,16,0	00:61,0,0,1	33:0,0,0,42	00:32,0,3,10	03:18,7,0,17	01:21,32,0,0	12:0,51,4,0	00:67,0,0,0	23:27,0,14,7	00:67,0,0,0	33:26,0,0,17	00:55,20,0,0	00:36,0,14,0	00:33,0,15,0	00:56,0,0,0	03:32,1,0,32	00:39,0,0,11	00:60,0,2,0	33:0,0,0,38	00:53,0,0,2	00:38,1,14,0	03:12,0,0,32	00:66,0,0,0	02:26,1,13,0	00:27,7,0,16	00:55,0,0,0	22:0,0,59,0	00:39,0,16,20	03:43,0,0,11	02:21,0,37,0	22:0,8,49,0	00:27,16,0,0	00:71,0,0,0	00:49,0,0,13	12:0,47,8,0	03:21,10,11,11	23:0,0,35,12	00:59,0,0,0	33:0,0,0,76	01:26,8,0,9	33:4,0,0,63	03:15,0,0,32	00:48,0,0,15	00:37,1,0,16	02:48,0,11,0	00:35,0,0,7	33:0,0,8,35	00:21,0,23,0	00:54,0,0,0	00:59,0,2,0	03:59,0,0,12	22:16,0,27,1	33:0,0,0,47	03:40,0,0,11	01:37,17,0,0	00:51,0,0,0	00:44,2,0,18	00:33,0,0,0	00:61,0,0,0	00:28,0,0,28	00:45,0,0,1	00:43,0,0,14	11:0,43,7,0	02:26,0,24,0	00:46,0,0,0	01:8,18,0,15	03:23,0,1,13	13:14,9,0,30	00:49,0,0,16	00:18,0,0,0	22:0,0,51,0	00:62,0,0,1	33:0,0,0,51	03:36,0,0,32	00:30,10,0,0	33:10,0,0,40	02:40,0,20,0	11:2,48,0,0	03:29,16,0,15	00:35,0,0,11	00:47,0,0,0	00:30,0,11,0	03:20,10,0,11	11:38,6,0,0	00:50,16,0,0	00:57,0,0,0	00:38,0,0,0	13:6,10,0,6	00:54,0,0,0	00:18,0,0,7	33:12,0,0,36	00:44,0,0,19	01:47,21,0,0	00:53,0,0,0	00:56,0,0,0	02:16,0,40,0	33:0,0,0,70	11:1,63,0,0	01:14,59,0,0	00:49,0,0,0	01:18,19,0,18	00:43,0,0,0	03:21,20,0,15	03:47,0,0,16	33:0,0,0,52	00:58,0,0,0	00:70,0,0,0	03:12,0,0,34	01:21,16,0,1	00:48,0,0,0	03:45,0,0,25	00:34,0,0,18	00:43,0,0,7	03:12,3,0,27	00:26,0,0,16	33:4,0,15,46	00:43,0,8,0	01:26,7,0,0	00:45,0,0,19	00:51,0,0,8	00:60,1,0,0	00:66,0,0,0	03:15,0,0,18	03:29,0,0,30	33:0,13,0,30	03:33,5,0,23	11:0,45,0,0	00:66,0,0,0	00:70,0,0,0	00:41,8,0,0	00:52,0,3,11	02:25,0,26,0	33:0,0,0,47	33:1,0,0,52
2_43	80	00:67,8,0,43	33:0,1,53,104	33:0,0,0,86	01:97,34,0,0	00:182,0,0,0	00:138,0,0,30	00:164,0,0,0	00:123,0,29,0	11:0,135,0,0	00:119,0,0,36	01:41,70,0,0	22:50,0,60,0	03:68,0,0,47	02:110,0,33,0	00:48,57,0,0	00:83,0,19,0	00:107,0,46,0	03:116,0,0,60	11:38,58,0,0	00:163,0,0,0	22:0,0,111,40	00:133,0,0,30	00:101,0,23,2	11:0,85,0,21	00:144,0,0,0	01:59,25,21,0	01:59,42,19,0	03:101,0,33,32	03:119,0,0,35	03:28,0,0,100	03:117,0,0,43	00:166,0,0,0	03:118,0,0,34	33:0,0,0,119	03:147,0,0,46	22:0,0,119,51	00:52,37,0,38	00:119,0,36,0	01:65,30,32,0	00:160,0,0,0	00:129,37,0,1	33:0,0,0,144	00:140,0,0,0	03:116,0,0,49	33:0,0,0,133	00:186,0,41,0	00:92,0,35,0	00:105,0,0,0	00:113,0,0,0	00:123,40,0,0	33:0,0,0,84	00:103,0,0,0	03:55,0,52,68	33:34,0,0,52	03:38,0,0,75	00:119,0,0,0	02:118,0,25,0	01:125,30,0,0	00:156,0,0,0	00:104,48,0,0	03:106,0,0,67	00:185,0,0,0	00:109,0,37,0	00:110,0,0,0	00:121,0,0,0	00:57,0,0,45	00:159,0,0,0	00:82,0,0,26	11:0,144,0,0	01:30,54,57,40	00:138,0,36,0	03:110,0,0,26	03:95,0,0,44	00:129,64,0,0	00:117,23,0,0	01:98,56,0,0	00:172,0,0,0	00:112,37,2,0	03:39,0,0,51	12:86,41,39,0	03:163,0,0,32	33:1,0,0,135	01:37,57,0,23	03:79,0,0,39	03:68,0,0,59	00:115,0,31,0	00:122,0,0,39	00:94,0,0,41	00:110,0,0,48	00:138,0,0,0	02:110,0,26,0	02:74,19,38,2	00:144,0,0,0	33:35,0,0,128	00:104,0,0,0	02:43,0,70,45	03:64,0,0,90	33:0,0,102,98	00:165,0,0,0	03:88,0,0,23	03:86,0,0,33	03:92,0,0,82	02:69,24,27,0	01:120,53,0,1	33:0,0,0,127	00:143,0,0,0	03:53,0,0,59	33:24,0,0,106	03:77,0,41,42	00:132,0,0,0	00:127,0,0,0	01:70,83,0,0	00:179,0,0,0	02:58,26,23,0	00:100,34,0,0	03:107,0,0,21	12:0,113,54,0	00:99,0,0,31	03:88,0,0,67	00:225,0,0,0	23:52,0,39,88	13:33,87,0,23	00:97,26,0,0	03:24,0,53,37	00:173,0,0,0	00:140,0,0,0	01:72,27,0,28	00:130,0,1,0	01:74,32,0,0	00:120,0,0,57	00:127,0,0,0	23:0,42,76,36	00:104,38,0,35	02:104,0,29,0	00:134,0,0,0	22:0,0,116,49	03:73,0,1,73	00:195,0,0,0	03:61,0,0,83	12:1,85,23,43	22:0,0,148,0	11:0,69,57,0	00:130,0,0,0	13:0,112,0,87	00:152,0,0,0	03:23,0,0,131	33:0,0,0,145	00:135,1,0,0	02:132,0,32,0	02:54,41,61,0	02:91,31,46,0	13:0,35,31,86	02:86,0,65,0	03:71,49,0,39	00:102,0,35,0	00:142,0,22,1	22:35,0,90,0	03:107,0,0,30	03:104,0,0,38	03:83,45,0,35	00:118,0,0,0	00:82,0,0,34	00:138,0,0,0	02:112,0,22,0	02:85,0,22,0	03:113,0,0,38	00:103,0,0,49	01:33,69,0,0	00:145,0,43,0	12:75,44,36,0	01:68,27,0,42	02:91,0,24,0	33:78,0,0,52	00:76,40,0,34	00:110,0,0,0	22:0,0,131,0	02:114,0,41,0	33:0,0,0,147	01:34,74,0,25	02:110,0,28,0	03:27,0,0,105	02:53,0,59,0	13:2,102,0,30	00:107,37,0,0	00:116,0,3,33	00:118,0,0,0	00:147,0,0,0	01:75,59,0,0	01:60,52,0,0	02:28,0,84,0	00:145,0,0,0	00:105,0,0,0	11:17,84,0,0	03:90,0,0,97	00:121,0,0,0	33:0,0,0,162	13:47,34,0,70	01:79,40,1,32	33:35,0,0,99	00:130,0,0,0	02:43,0,84,0	03:43,0,0,123	13:0,60,0,64	13:33,75,0,59	00:83,0,0,23	33:50,0,0,121	00:114,0,0,0	00:129,0,0,0	00:111,0,0,28	23:0,0,23,95	00:128,0,0,0	03:119,0,0,54	03:49,0,0,102	02:31,0,33,39	00:77,0,24,0	00:182,0,0,0	03:139,0,0,39	03:120,0,0,27	33:0,37,0,105	03:79,0,0,35	33:0,0,0,167	02:131,0,32,0	00:107,0,0,39	03:85,0,0,81	13:32,36,0,78	03:57,37,0,33	03:72,0,39,23	03:58,0,0,50	02:109,0,47,0	01:30,58,0,29	03:90,1,0,33	13:0,97,0,25	00:152,0,0,46	00:120,49,0,0	00:75,29,0,49	02:85,0,34,69	01:91,72,0,0	03:106,0,0,28	33:53,59,0,75
4_44	37	13:0,6,0,26	13:0,0,0,49	33:0,0,1,8	01:17,0,4,0	00:23,0,0,0	00:27,0,0,8	00:50,0,0,0	00:32,0,0,0	11:9,45,0,0	00:7,0,0,6	00:16,0,1,0	00:3,0,0,0	13:4,3,0,1	02:27,0,8,0	00:10,8,0,0	02:14,0,11,0	00:23,0,0,0	03:20,0,0,39	00:18,3,4,0	02:26,0,14,0	02:11,5,5,0	00:27,0,12,0	00:19,0,0,0	11:0,17,1,0	00:34,0,0,0	00:24,0,0,0	00:24,0,0,0	01:20,13,0,0	00:14,0,1,0	03:8,0,0,14	00:16,3,0,0	01:31,0,5,0	00:25,0,0,0	23:0,0,0,5	03:42,0,0,20	22:0,0,19,0	33:14,6,0,6	00:36,0,0,0	01:14,4,9,0	03:5,0,0,29	00:19,14,0,9	03:14,0,0,31	12:13,7,0,5	11:11,22,0,0	33:0,0,0,30	00:26,8,0,0	01:10,6,13,0	03:30,0,0,0	03:11,0,0,6	00:26,0,0,0	13:0,2,0,17	00:10,5,0,9	03:15,0,0,18	03:39,0,0,1	00:24,0,0,0	00:33,0,0,0	00:26,0,0,0	00:30,0,0,0	02:14,0,0,1	00:19,0,19,0	33:0,0,0,25	00:44,0,0,8	00:29,14,0,0	22:5,0,10,0	00:24,0,0,0	00:14,0,0,3	00:16,0,0,0	33:7,0,0,3	11:0,15,0,3	03:11,0,0,15	00:43,0,0,0	00:33,0,0,0	01:13,11,0,3	03:19,24,0,8	00:46,0,0,0	03:8,0,0,4	00:21,0,0,7	02:26,0,22,0	03:21,0,0,7	03:15,0,0,5	33:9,0,0,16	03:8,7,0,13	03:17,0,0,1	02:14,0,2,0	00:24,0,0,0	02:6,0,0,4	03:17,0,0,10	03:27,0,1,12	00:13,0,20,0	03:20,0,7,12	00:21,0,0,0	00:27,0,0,0	03:18,0,0,3	33:0,0,0,11	00:11,0,0,0	03:27,20,0,11	03:16,16,0,9	02:22,0,13,0	00:24,0,0,0	03:5,7,0,6	02:8,0,7,0	03:48,0,0,20	00:35,0,0,0	01:48,0,0,0	03:8,0,0,17	02:18,0,9,0	03:6,0,0,9	33:0,0,0,36	02:14,0,12,11	00:26,0,0,12	02:16,0,0,2	23:0,6,9,6	01:18,2,0,0	00:15,0,0,4	00:10,0,9,0	03:12,0,0,13	11:0,29,0,0	02:22,0,33,0	00:46,0,0,0	00:34,0,0,0	23:0,0,23,47	03:17,0,0,9	00:2,0,0,0	33:0,0,0,21	00:46,0,0,0	00:28,0,0,0	33:16,0,0,27	00:51,0,0,0	00:8,0,0,0	03:10,0,0,12	03:9,0,0,9	12:0,0,30,0	03:28,0,0,8	00:46,0,0,0	02:9,6,10,0	02:22,0,39,0	03:24,0,0,29	01:32,2,0,0	03:21,0,0,16	12:0,29,15,0	12:0,5,16,0	22:0,0,39,0	03:6,0,0,16	12:0,31,37,13	02:28,0,11,0	33:0,0,0,34	33:0,2,0,6	01:8,3,0,2	00:51,0,0,8	23:11,0,5,6	00:39,0,0,0	23:0,0,0,24	01:14,5,0,0	00:71,0,0,0	00:31,0,0,0	00:6,2,0,4	02:2,0,7,0	03:19,0,0,19	03:17,0,0,9	01:9,4,0,4	00:11,0,0,0	00:16,0,0,0	03:27,0,0,0	02:24,3,6,0	00:9,3,2,0	03:9,0,0,2	13:14,5,0,12	11:0,14,0,0	00:42,0,0,19	03:20,0,0,1	01:13,3,0,9	00:15,0,0,0	00:28,0,0,0	00:40,0,0,0	01:3,5,6,2	12:0,5,14,0	01:28,15,0,0	02:9,0,1,5	23:4,0,4,0	00:28,3,0,0	23:7,0,2,8	01:5,0,0,0	11:0,27,0,0	03:15,3,0,7	00:54,0,0,0	03:19,3,7,0	00:35,0,0,0	03:13,5,0,0	00:14,0,0,3	01:21,0,0,0	03:19,0,0,1	00:17,0,0,9	11:0,12,0,0	00:37,0,0,0	00:24,0,0,0	33:0,0,0,49	03:16,0,0,46	01:17,8,0,0	03:10,1,0,0	00:31,0,0,0	22:0,0,23,0	03:11,0,0,41	11:0,38,0,0	01:14,15,0,0	03:9,0,0,0	02:19,8,6,0	00:33,0,0,0	00:27,2,0,0	00:23,0,0,0	13:0,2,0,14	01:24,0,8,0	00:32,0,0,0	23:1,0,3,11	00:13,5,4,0	00:16,0,0,1	00:54,0,0,0	03:37,0,0,0	01:26,0,0,0	03:2,0,0,3	00:19,0,0,9	13:8,0,0,28	00:43,0,0,0	01:23,7,0,0	03:16,0,0,0	00:37,0,0,0	00:18,0,0,0	03:20,0,3,1	00:25,8,0,0	00:49,0,0,0	11:0,21,0,0	00:23,18,0,0	11:0,46,0,0	00:74,0,0,0	00:53,0,0,0	01:19,19,0,0	00:28,0,0,0	02:50,0,0,0	03:12,0,0,4	13:0,5,0,40
1_45	57	00:133,0,0,34	11:38,89,0,30	03:58,0,0,54	03:79,0,0,23	00:145,0,0,0	02:98,0,23,0	00:155,0,0,0	00:136,0,0,0	11:36,94,0,0	13:75,29,0,14	33:65,0,0,75	02:68,0,26,0	01:25,20,0,42	00:103,0,0,0	01:36,43,0,0	00:87,0,0,20	00:119,0,0,0	00:136,0,39,0	01:111,32,0,0	00:133,0,0,0	22:0,0,111,0	00:121,0,0,0	02:88,0,15,0	11:0,95,0,0	03:114,0,0,29	00:127,0,0,0	01:89,32,0,0	00:128,0,0,0	00:99,0,46,0	03:58,0,0,69	33:46,0,0,97	00:151,0,0,0	00:144,0,0,0	33:0,0,0,90	33:113,0,0,105	03:36,0,59,24	03:74,0,0,29	03:102,0,0,37	01:100,37,0,0	33:31,0,0,79	03:64,0,0,21	33:0,34,0,78	00:123,0,0,0	00:132,0,0,0	33:0,0,0,123	02:121,0,39,0	03:49,32,0,41	00:120,0,0,0	03:40,21,0,16	00:81,0,0,25	03:25,0,0,69	03:72,0,0,21	33:0,4,0,100	23:31,0,30,38	01:59,28,33,0	00:62,31,36,0	00:117,0,18,0	00:132,22,0,0	00:143,0,0,0	01:92,31,0,0	33:0,0,0,105	02:104,0,38,0	01:78,45,0,0	00:81,0,0,35	03:69,0,0,20	03:73,0,0,21	33:70,0,0,67	00:64,0,0,32	12:0,72,30,0	02:83,0,45,39	00:147,0,0,0	03:61,0,0,56	00:117,0,0,0	03:74,0,0,88	03:95,0,0,30	01:86,29,0,0	00:147,0,0,0	00:106,0,32,0	03:67,0,0,55	00:145,0,0,0	00:162,0,0,0	33:27,0,0,96	00:80,0,22,0	03:87,0,0,21	00:137,0,0,19	00:130,0,0,0	00:111,0,0,31	03:52,0,0,65	23:27,0,72,32	01:81,20,0,0	03:85,0,0,27	00:152,0,0,0	03:104,0,0,46	03:73,0,46,31	33:57,0,0,38	00:143,0,0,0	00:145,0,2,0	03:39,0,0,149	00:144,0,0,0	03:64,0,0,45	03:50,0,0,49	00:127,0,0,40	00:77,0,15,0	03:105,0,0,32	03:24,32,0,50	00:142,0,0,0	33:49,0,0,51	03:36,0,0,89	12:66,21,36,0	00:101,0,42,0	00:87,25,0,0	00:58,51,0,0	00:162,0,0,0	01:57,21,17,0	13:25,22,24,31	33:0,0,0,90	01:75,74,0,0	00:95,0,0,0	00:130,0,0,0	01:92,41,0,56	33:27,0,0,113	00:147,0,0,0	00:139,0,0,0	33:36,0,0,79	00:84,0,38,0	02:33,0,63,34	03:68,0,0,53	00:154,0,0,0	03:35,27,0,27	03:53,0,0,66	00:155,0,0,0	22:0,0,124,0	33:0,0,48,110	00:142,0,0,0	22:39,0,85,0	12:0,36,108,0	00:123,0,1,0	00:144,0,0,0	00:168,0,0,0	12:0,68,72,0	22:0,0,124,0	22:0,0,103,0	00:118,1,0,0	33:0,0,0,216	02:69,0,73,0	33:0,0,0,100	23:0,0,59,56	03:74,0,0,33	03:124,0,0,19	00:109,0,0,0	00:159,0,0,0	33:0,0,0,125	02:109,0,41,0	00:124,0,0,37	00:123,0,0,0	00:91,0,35,0	02:43,0,49,0	33:0,0,0,109	00:120,0,0,0	00:97,0,19,0	00:94,0,0,0	00:109,0,0,0	00:118,0,0,0	00:116,0,0,30	03:62,0,0,24	00:108,0,0,0	03:27,0,0,73	11:0,100,0,0	02:134,0,42,0	01:101,31,0,0	01:95,30,0,0	00:88,0,0,0	33:82,0,0,46	00:144,0,0,0	00:83,0,0,0	22:0,31,132,0	00:69,0,44,27	13:28,21,0,74	00:84,0,0,37	00:86,0,0,46	00:80,0,0,37	02:53,0,51,0	11:0,112,0,0	00:104,0,0,0	03:50,46,0,45	00:65,0,32,26	02:76,34,22,0	00:105,0,0,0	02:84,0,26,0	01:93,28,0,0	00:107,0,0,33	01:61,60,0,0	01:13,44,0,15	00:152,0,0,0	03:61,21,0,32	12:0,39,29,91	00:122,0,0,36	02:48,0,57,27	00:78,0,0,41	00:125,0,0,0	00:51,0,54,0	00:94,0,0,33	13:54,30,0,35	03:116,0,0,46	00:71,23,0,0	03:96,0,0,30	00:118,0,0,0	00:118,0,0,0	03:109,0,0,31	02:65,0,29,26	00:118,0,0,0	03:107,0,0,33	03:115,0,0,43	22:0,0,97,0	00:95,0,0,0	00:180,0,0,0	00:146,0,0,0	00:112,0,0,0	13:0,60,0,81	00:114,0,0,0	33:0,0,0,137	02:126,0,35,0	03:58,0,0,64	03:138,0,0,27	00:92,0,0,37	00:111,0,0,0	00:111,0,0,41	03:61,0,0,51	00:153,0,0,0	13:0,110,0,32	00:125,0,0,0	11:0,96,0,0	03:109,0,0,45	00:145,0,0,0	11:69,101,0,0	03:65,0,34,46	01:71,76,0,0	23:30,0,34,70	23:0,0,38,88
2_45	84	33:64,2,0,71	33:0,42,0,111	33:43,0,0,63	00:81,0,0,38	00:162,0,0,0	02:59,5,53,0	00:162,0,0,0	01:119,40,3,0	01:26,87,0,0	03:65,29,0,22	03:29,0,0,101	12:26,27,39,0	00:93,24,0,1	00:117,0,0,0	00:92,26,0,0	00:86,0,0,26	00:101,0,0,0	00:208,0,0,0	01:129,21,0,0	00:147,0,0,0	22:23,0,94,0	01:120,45,1,0	00:128,0,0,0	13:0,71,2,26	00:141,0,0,0	02:97,3,34,0	03:54,21,2,32	00:184,0,0,0	00:139,0,0,0	33:54,0,1,74	03:43,0,0,106	01:85,34,37,0	00:162,0,0,0	03:30,0,0,98	33:49,0,0,152	22:4,0,117,31	01:63,18,31,0	22:63,0,67,0	00:114,0,0,0	03:49,0,0,58	00:78,0,0,34	13:0,30,0,120	03:130,0,0,30	03:82,3,0,43	33:0,0,0,121	12:85,43,40,0	03:64,0,0,23	01:88,36,0,0	00:95,0,1,25	00:120,0,0,25	03:59,0,0,61	03:91,0,0,23	33:27,0,0,124	00:119,0,1,18	00:90,3,0,39	00:98,0,0,0	00:126,0,30,0	00:141,36,0,0	01:53,40,0,35	01:80,79,0,0	33:25,0,0,116	00:175,0,0,1	00:125,30,0,0	02:91,0,26,0	03:47,0,1,35	03:58,0,0,17	03:29,0,0,91	03:54,0,0,49	11:0,95,37,0	00:134,0,39,2	03:118,0,0,42	00:108,0,0,26	03:98,0,0,22	03:50,5,0,134	03:109,0,0,31	01:88,39,1,0	03:76,0,0,65	02:111,0,44,0	00:89,0,0,36	02:141,0,37,0	03:145,0,0,47	03:41,30,0,67	13:63,25,1,23	00:50,0,27,32	13:69,37,0,25	03:57,0,0,34	01:94,33,0,0	03:58,0,0,60	03:39,0,37,79	00:64,40,37,0	00:83,0,0,0	00:136,0,0,0	00:141,2,0,0	03:74,0,0,72	00:70,0,1,24	00:144,0,0,1	03:138,0,0,41	02:172,0,55,2	01:131,35,0,0	33:1,0,0,139	03:85,0,0,29	02:150,0,39,0	02:82,0,44,0	02:71,2,36,44	33:0,0,0,96	00:117,0,1,0	01:37,38,0,30	33:1,0,18,70	02:75,26,34,0	00:105,0,28,0	13:33,63,0,30	01:79,43,34,0	00:193,0,0,0	02:20,20,77,0	00:94,35,0,0	03:41,0,0,80	01:65,116,0,0	03:89,0,0,41	03:113,0,0,33	00:133,49,0,0	00:106,0,0,42	01:110,35,2,0	00:142,0,0,4	23:0,0,29,79	00:129,0,0,0	00:120,0,17,0	03:40,26,2,80	00:147,0,0,0	00:76,16,0,0	00:161,0,0,0	00:119,0,0,0	12:0,29,75,29	03:95,0,0,79	00:155,0,3,0	12:30,37,71,0	22:0,49,126,0	00:101,0,0,48	00:181,0,0,2	00:177,0,0,8	12:0,86,43,0	22:0,0,140,0	22:0,0,129,0	03:85,0,0,31	13:0,39,0,138	02:131,0,43,0	33:27,0,0,118	12:0,32,44,64	00:105,1,0,22	00:157,0,0,21	00:86,1,39,0	03:86,0,0,55	33:0,0,1,126	00:90,36,34,0	00:134,0,0,33	01:119,31,0,0	03:65,3,0,80	22:0,0,125,4	00:110,0,26,0	00:131,0,0,1	03:71,0,0,56	00:88,0,1,29	00:61,21,0,24	00:91,0,0,29	01:105,43,1,0	01:46,15,17,0	03:64,0,32,33	03:39,22,31,34	11:0,127,0,0	03:132,0,0,45	00:111,36,0,2	02:99,0,23,1	00:88,17,0,0	00:95,0,0,24	02:112,0,38,0	23:60,0,24,21	22:0,29,121,3	00:152,0,0,0	03:81,35,0,32	03:138,0,0,26	00:120,0,0,0	00:86,0,0,39	22:0,1,117,0	11:0,97,0,0	00:162,0,0,0	00:184,0,0,0	12:69,21,40,0	03:76,0,0,25	00:114,0,0,1	03:49,1,26,40	00:114,0,22,0	03:140,0,0,21	03:35,25,0,34	11:0,100,0,0	00:135,0,38,0	00:123,0,0,0	33:0,40,0,104	33:49,0,0,128	02:71,51,17,0	13:42,31,0,33	01:81,42,0,8	12:29,48,47,0	33:3,0,2,164	12:0,122,17,0	00:106,47,1,0	00:85,0,0,13	01:60,92,0,0	02:104,0,13,0	03:61,0,31,53	03:92,1,0,65	23:0,0,19,110	22:38,31,71,1	03:70,1,0,45	00:67,0,0,0	22:77,0,44,0	03:71,0,0,14	01:167,24,0,3	03:128,0,0,28	00:60,0,1,61	33:54,1,0,50	03:42,6,0,71	33:0,2,0,138	03:106,26,6,31	03:74,0,0,44	03:153,0,0,25	00:124,0,0,33	00:116,0,0,0	01:125,14,0,0	00:108,0,0,0	00:164,0,0,0	11:0,69,43,36	01:61,84,0,1	11:0,105,0,2	02:128,0,25,18	02:105,44,26,0	00:105,1,0,28	00:177,0,0,0	01:97,60,1,0	00:78,0,0,30	33:46,2,0,114
3_45	42	00:93,0,0,25	13:0,68,0,35	33:0,0,0,50	00:93,0,1,0	00:105,0,19,0	01:79,15,0,0	00:147,0,0,0	00:159,0,0,0	11:0,87,23,0	03:105,0,0,11	03:46,0,0,21	03:34,0,19,10	00:74,0,0,20	00:82,0,0,0	02:42,0,12,21	03:35,0,0,32	03:86,0,0,23	00:128,0,0,0	11:73,27,0,0	00:106,0,0,0	01:40,12,58,0	03:110,0,0,9	03:95,0,0,9	11:0,57,0,0	23:56,0,33,10	01:27,29,0,16	00:96,0,0,0	00:121,0,0,0	01:61,34,0,0	03:27,0,0,52	02:64,0,34,0	03:78,0,0,31	00:62,0,36,16	03:40,0,0,48	01:88,25,0,49	12:0,19,102,0	01:72,15,0,0	00:77,0,0,19	03:26,0,20,31	00:48,0,42,30	03:99,0,0,11	33:0,0,0,106	03:98,0,0,12	01:13,76,0,0	03:17,0,30,37	02:123,0,16,0	03:64,0,0,5	00:68,0,0,0	00:64,25,0,0	00:83,0,0,15	33:25,0,0,58	00:84,0,0,0	00:66,0,0,60	00:77,0,0,20	02:51,0,24,25	00:96,0,0,0	03:67,0,0,27	03:76,0,0,28	00:126,0,0,0	02:68,25,19,0	33:39,0,28,52	00:103,0,0,0	13:0,60,0,41	01:51,24,0,0	00:72,0,0,0	03:54,0,0,12	03:53,22,0,14	03:25,0,0,39	11:0,75,0,0	03:71,0,0,46	00:166,0,0,0	00:89,0,0,0	01:78,19,0,0	02:77,0,48,0	03:77,23,0,13	02:55,0,18,0	03:70,0,0,51	22:31,0,68,0	00:68,0,0,31	01:55,52,0,0	00:146,0,0,0	03:60,0,0,54	00:76,0,35,0	00:75,0,0,0	02:33,0,23,38	00:104,0,0,0	03:62,0,0,31	00:102,0,0,0	02:47,0,40,0	02:83,0,22,0	00:87,0,0,0	03:81,0,0,36	00:116,0,0,0	33:71,0,0,51	00:68,0,0,13	00:114,0,0,0	02:92,0,22,0	23:0,0,38,94	02:88,0,29,0	03:24,0,0,65	00:35,0,0,50	00:132,0,0,0	12:18,33,59,0	33:67,0,0,67	23:19,0,22,38	00:88,0,0,0	00:59,0,0,15	33:0,0,0,90	02:83,0,33,0	00:91,0,0,0	00:49,43,0,0	11:0,102,0,0	00:104,0,28,0	00:65,0,33,0	00:89,20,0,0	03:25,0,23,43	11:45,64,0,0	00:81,0,0,0	00:119,0,0,0	00:161,0,0,0	02:77,0,26,0	00:100,0,0,0	00:134,0,0,0	03:25,0,0,78	00:109,0,0,31	00:129,0,0,0	03:9,0,0,79	02:83,0,27,0	00:50,14,27,0	00:92,0,0,0	02:71,0,24,0	22:0,0,107,0	01:62,22,38,0	00:124,0,0,25	33:22,0,0,61	22:0,53,97,0	00:86,0,0,0	00:92,0,20,0	00:94,0,0,41	11:0,89,0,0	22:0,0,110,0	12:0,34,57,0	00:90,0,0,0	33:0,0,0,140	00:81,0,52,0	33:0,0,0,101	03:56,0,0,40	13:57,23,0,17	00:106,0,0,0	01:47,15,35,0	03:57,0,0,42	33:20,0,0,47	22:17,0,91,0	01:97,40,0,0	33:36,0,0,43	00:120,0,0,0	22:0,0,83,0	33:12,0,0,69	00:93,0,0,0	00:90,15,0,0	00:37,0,0,50	03:58,0,0,22	03:63,0,0,32	00:116,0,0,0	00:59,0,18,0	00:97,0,0,0	00:107,0,0,0	13:0,33,0,42	00:92,0,0,43	00:75,0,18,0	03:20,15,0,36	00:68,0,0,0	03:29,0,18,39	00:108,0,0,0	00:48,21,0,0	02:23,0,97,0	01:90,36,0,0	03:22,0,0,62	13:32,33,0,29	00:37,0,42,0	33:0,0,0,116	03:29,25,0,13	02:24,24,17,11	00:100,0,0,0	00:55,35,0,0	00:71,0,0,0	03:81,0,0,24	00:55,15,0,0	00:75,0,0,0	01:63,18,16,0	00:76,33,0,17	00:49,0,25,0	13:0,52,0,13	00:100,0,0,16	00:89,0,0,0	23:0,0,36,98	03:55,0,40,43	13:33,62,0,15	00:107,0,0,0	03:66,0,0,34	23:0,0,66,18	23:0,0,22,92	33:0,51,0,41	02:49,35,20,0	00:88,0,0,0	02:34,0,19,44	01:70,44,0,0	03:52,0,0,36	02:73,0,25,17	23:0,0,16,62	00:100,0,0,0	02:81,0,19,0	03:49,0,0,75	00:74,0,0,0	03:55,0,0,17	23:30,0,14,44	02:37,24,32,26	02:63,0,21,32	22:0,0,19,64	01:25,26,0,55	33:51,0,0,73	03:87,0,0,33	03:64,0,0,22	01:87,6,0,0	00:97,0,0,18	02:52,20,25,0	01:56,26,29,0	12:12,33,27,0	03:108,0,0,30	12:0,68,20,0	02:82,0,18,0	11:0,94,0,0	13:64,43,0,45	00:90,0,0,23	12:0,60,35,0	22:56,0,55,0	00:93,19,0,0	13:23,12,0,30	33:0,0,0,123
4_45	22	33:22,0,0,94	01:28,74,0,0	33:0,0,0,63	01:65,28,0,0	00:119,13,0,0	00:76,0,0,0	00:57,0,15,31	00:52,0,18,43	11:0,69,0,0	00:65,0,0,13	00:85,0,0,7	02:21,0,49,0	03:19,0,0,54	00:71,12,0,0	11:14,45,0,18	00:75,0,0,0	00:104,0,0,0	00:87,0,41,0	11:37,33,0,0	03:68,0,0,26	02:77,0,25,0	00:91,0,0,0	00:81,9,0,0	11:0,63,0,0	00:75,0,0,9	00:79,0,0,0	00:64,0,0,0	00:85,0,0,0	00:89,0,0,0	33:35,0,0,52	00:96,0,0,0	00:81,0,13,0	22:41,0,55,0	33:0,0,0,82	33:45,0,0,87	22:0,0,88,14	00:67,20,0,0	00:80,0,16,0	00:80,0,0,0	03:55,0,0,54	00:76,0,0,0	33:0,0,0,85	00:80,0,0,0	00:51,0,0,38	02:25,0,6,48	00:98,0,14,0	00:49,0,0,14	00:73,0,0,0	03:36,0,0,28	03:89,0,0,32	00:45,0,9,29	00:64,0,7,0	33:14,0,0,103	00:79,0,11,3	00:85,0,0,0	01:50,38,0,0	00:91,0,0,0	00:100,0,0,0	00:101,0,0,0	00:84,15,0,0	00:59,0,0,44	00:111,0,0,0	11:48,44,0,0	00:84,0,0,0	00:68,0,0,0	01:17,25,0,20	01:75,7,0,0	00:51,9,0,0	12:0,33,52,0	02:18,0,34,62	00:111,0,0,0	00:98,0,0,0	00:49,0,0,41	00:102,0,0,0	01:84,0,0,0	00:79,0,0,0	00:82,39,0,0	00:40,0,59,0	03:90,0,0,10	00:74,0,44,0	00:61,0,0,80	00:30,30,0,14	22:80,0,7,0	00:30,0,25,11	13:30,39,0,10	00:54,0,0,0	03:65,0,0,44	00:90,0,0,0	00:38,0,43,0	03:34,0,34,44	00:66,0,0,0	00:107,0,0,0	00:94,0,0,0	03:15,0,0,79	00:74,0,0,0	00:99,0,0,0	00:99,0,0,0	23:40,0,40,45	00:82,0,0,0	33:0,0,0,111	03:68,0,0,15	00:111,0,0,17	22:72,0,13,0	00:98,0,0,13	33:22,0,0,58	00:77,0,18,0	03:46,0,0,22	33:0,0,39,48	00:97,0,0,0	01:19,26,20,0	11:12,59,0,0	11:0,53,32,0	00:114,0,0,0	02:32,0,52,0	00:66,0,19,0	00:35,0,0,47	01:70,37,0,0	02:58,0,29,0	00:105,0,0,0	00:145,0,0,0	02:69,0,48,0	00:92,0,0,0	00:111,0,0,0	03:21,0,0,73	03:87,0,0,22	02:24,0,64,0	03:31,0,0,48	00:84,0,0,0	00:88,0,0,0	03:79,0,0,26	00:81,0,0,0	22:0,0,89,0	03:72,0,0,68	00:93,0,17,0	22:16,0,81,0	22:0,22,70,0	03:60,0,0,47	00:125,0,0,0	03:95,0,0,26	12:0,72,35,0	22:0,0,96,0	02:15,10,56,0	00:83,0,0,0	03:47,0,0,100	00:115,0,0,0	33:15,0,0,85	33:0,0,0,99	03:36,0,0,56	00:49,0,19,42	02:58,0,33,0	00:114,0,0,0	03:22,11,0,52	00:41,0,38,0	00:135,0,0,0	00:73,0,0,0	00:78,0,0,18	02:36,0,57,0	33:0,0,0,94	23:50,0,20,31	00:110,0,0,0	03:53,0,0,14	33:67,0,0,20	00:57,0,16,0	00:95,0,16,0	00:47,0,0,26	00:81,0,0,17	03:78,0,0,32	33:0,55,0,19	00:72,0,57,0	02:63,0,20,0	11:38,54,0,0	00:65,0,0,0	03:47,0,0,49	00:100,0,0,11	01:60,20,0,0	22:0,0,91,0	00:112,0,0,0	03:36,0,0,56	00:63,14,0,16	02:85,0,16,0	33:40,0,0,54	00:91,0,0,0	13:0,46,0,34	03:68,0,0,36	00:70,0,0,43	00:81,0,0,0	00:36,0,27,24	00:61,15,0,0	00:69,17,0,0	02:32,19,16,16	00:120,0,0,0	00:57,0,0,0	11:19,36,0,18	03:80,0,0,20	00:48,0,0,36	33:0,0,0,92	02:77,0,38,0	01:88,11,0,0	00:114,0,0,0	00:90,0,0,0	22:8,0,82,0	33:0,0,0,116	11:0,96,0,0	11:15,82,0,0	00:61,0,0,23	03:21,0,0,70	33:48,0,0,55	00:54,0,30,0	33:42,0,0,40	33:32,0,0,55	00:78,29,0,0	00:63,0,0,33	33:29,0,0,34	03:43,0,0,27	01:58,24,0,0	00:121,0,0,0	03:64,0,0,20	00:70,0,0,22	00:55,0,0,17	03:36,0,0,42	23:0,0,29,65	02:47,38,29,0	00:90,0,0,0	03:77,0,0,29	00:46,25,0,30	01:47,21,0,24	03:84,0,0,15	00:57,0,0,13	00:67,0,15,0	11:16,37,0,32	00:42,29,0,20	11:0,55,0,11	03:56,0,0,68	11:40,71,0,0	13:21,13,0,53	02:90,0,23,0	01:64,47,0,0	33:14,0,0,59	33:17,0,0,78
1_46	43	03:38,0,0,50	11:12,59,0,29	03:26,0,0,33	00:59,0,0,0	00:121,0,0,0	00:94,0,5,0	03:97,0,0,32	03:72,25,0,33	01:16,65,0,0	00:74,0,0,13	00:85,0,0,0	00:39,23,0,0	12:20,15,17,17	00:84,0,0,0	00:76,11,0,0	03:68,0,8,21	00:60,0,1,0	00:84,0,0,24	00:81,29,6,0	01:54,56,0,0	02:29,0,56,0	00:82,21,0,0	00:79,0,0,0	11:0,48,0,20	02:72,0,20,0	01:35,28,17,0	01:49,24,0,23	01:68,45,0,0	01:78,27,0,0	03:51,0,0,61	22:36,0,55,6	33:29,26,0,56	00:105,0,0,8	33:0,0,0,79	03:56,0,0,80	22:0,10,98,0	00:78,20,0,0	02:38,0,54,0	23:37,0,16,29	23:14,0,35,52	00:130,0,0,0	13:10,19,0,59	00:85,12,0,20	01:50,33,0,29	33:0,0,0,55	00:79,43,0,0	00:60,0,0,14	00:52,23,8,0	03:56,0,0,15	03:58,0,0,18	03:24,0,0,47	00:51,0,0,21	02:33,0,19,61	03:105,0,0,6	02:63,0,30,0	00:74,0,14,0	03:63,0,3,14	03:70,4,0,18	00:55,30,0,7	00:94,19,0,0	03:32,0,0,56	00:83,0,0,0	13:41,21,0,27	01:53,25,0,0	01:70,18,0,0	00:55,0,0,0	00:54,0,0,33	33:9,0,5,36	11:0,85,0,0	33:50,0,0,70	00:85,0,0,26	02:85,0,14,0	00:80,0,0,0	02:29,24,26,30	00:85,0,0,0	12:14,11,38,5	03:89,0,0,23	12:0,24,95,0	01:68,17,0,0	00:78,31,0,0	00:106,0,0,13	33:31,0,0,95	00:86,16,0,0	00:43,0,0,25	00:74,27,0,0	00:65,0,0,12	00:77,38,0,0	00:85,0,0,10	02:61,0,34,0	00:95,0,0,0	02:70,0,17,0	00:73,0,0,10	01:59,15,1,11	13:0,32,0,82	00:69,0,0,0	00:86,0,9,13	00:89,0,0,11	23:44,0,49,41	01:96,18,0,0	03:41,8,0,27	00:59,0,10,8	00:84,13,0,0	00:80,0,0,0	13:47,21,0,36	03:41,0,0,37	02:61,0,19,0	03:44,0,0,28	03:11,14,6,31	00:111,0,14,0	00:84,0,0,0	12:28,16,21,19	01:18,65,22,0	02:68,0,49,0	02:22,19,30,7	00:72,0,9,0	23:19,0,15,43	13:10,84,0,29	00:60,0,8,6	23:38,0,16,45	00:93,0,0,0	23:27,0,36,69	03:41,14,0,34	00:76,7,0,0	03:35,0,14,41	00:55,24,0,0	00:86,0,6,0	13:13,13,0,57	00:77,0,0,12	01:63,23,0,0	03:47,0,0,56	02:61,0,31,0	23:0,30,44,26	12:40,25,31,12	03:83,0,0,46	23:11,0,40,19	22:20,0,95,0	01:43,30,12,9	00:120,0,0,0	00:76,0,0,32	12:0,61,27,0	22:14,0,103,0	22:11,0,68,0	00:71,0,4,13	03:33,17,23,40	01:94,19,0,0	33:0,0,0,100	33:0,0,0,100	03:39,14,8,16	00:107,0,0,0	12:11,17,82,0	03:40,29,0,28	03:22,0,3,61	02:57,0,51,0	00:112,0,0,12	03:64,0,0,44	03:64,19,0,36	22:13,0,85,0	33:7,0,11,47	00:91,0,0,0	01:66,28,0,0	03:51,0,0,14	03:60,0,0,22	00:82,0,0,0	01:71,25,14,0	01:48,20,0,16	03:52,0,0,33	00:80,0,0,16	13:0,25,0,37	03:102,0,17,25	00:62,0,0,26	00:36,12,0,26	00:77,0,0,0	03:36,0,4,35	00:89,0,0,0	02:50,0,14,0	22:14,0,72,0	01:80,16,0,0	00:52,0,0,32	01:40,26,0,9	00:94,0,0,0	03:49,0,0,47	02:25,12,29,10	01:35,53,13,0	00:110,0,0,0	00:100,0,0,13	02:53,0,38,0	03:66,0,17,20	00:95,0,0,0	03:61,0,0,11	00:81,14,0,0	00:103,16,0,0	03:34,0,10,26	13:6,37,3,16	00:110,10,0,0	00:60,0,0,16	23:10,0,28,77	33:35,0,14,55	01:76,28,0,0	01:59,15,0,0	00:72,0,0,17	22:0,0,80,0	33:28,0,0,89	13:0,62,0,45	00:52,45,0,0	00:64,12,0,4	01:63,20,0,24	00:78,0,0,0	00:101,0,0,0	00:94,0,0,19	33:0,0,0,89	02:79,0,20,0	00:111,0,0,0	03:49,0,0,48	02:40,0,38,0	00:71,0,4,0	03:76,0,0,45	00:95,0,0,16	00:72,0,0,21	33:22,16,0,56	00:47,0,0,29	33:0,0,0,96	00:85,9,0,0	03:43,0,0,45	00:99,0,0,7	00:76,0,0,9	02:51,0,25,12	01:57,21,0,13	02:55,0,23,0	00:107,0,0,0	12:0,35,16,17	01:44,25,0,23	11:10,67,0,7	01:70,26,0,20	00:83,11,0,0	01:24,38,0,12	02:65,0,33,14	00:78,0,22,6	03:23,0,0,41	33:0,18,0,101
1_47	58	03:110,0,0,54	03:70,81,0,20	33:0,0,0,79	11:103,32,4,0	00:148,0,0,3	00:68,0,53,0	00:190,0,0,0	00:137,0,0,0	11:2,128,0,0	00:134,0,0,3	00:119,0,0,0	00:90,0,16,5	33:5,0,0,106	02:29,0,69,1	01:69,35,2,0	00:111,0,0,0	00:149,0,0,4	00:172,0,0,3	NA:52,56,1,0	03:68,0,0,47	22:0,3,135,0	00:143,0,0,3	00:113,0,0,6	11:0,52,51,0	00:88,84,0,11	11:67,27,0,0	01:65,32,0,0	03:107,0,0,31	03:63,0,3,90	03:106,0,0,27	00:149,3,0,0	00:147,3,0,0	33:104,3,0,14	33:1,0,0,111	03:120,1,0,85	22:0,0,128,2	03:84,0,0,42	02:81,0,50,6	01:117,21,6,0	00:148,0,0,0	00:114,0,0,1	33:52,0,0,74	00:130,0,0,0	01:23,113,0,0	33:1,0,0,116	00:171,12,0,0	03:60,55,0,42	33:67,0,0,58	22:62,0,48,24	00:143,0,0,0	33:0,0,0,99	00:93,2,0,0	33:1,8,0,113	00:71,5,0,30	03:76,0,7,50	03:115,0,0,24	00:158,0,0,0	00:176,0,0,0	00:158,0,1,0	00:144,0,1,5	33:0,0,0,140	00:144,0,0,2	01:76,36,1,0	03:64,0,0,38	00:88,0,0,0	02:72,0,18,0	00:80,0,0,69	01:33,23,0,41	00:55,48,0,2	03:51,0,73,45	00:94,0,0,0	03:117,0,0,22	03:67,0,1,31	00:161,0,0,0	00:132,0,0,4	00:126,0,0,0	00:190,0,0,0	00:71,0,78,0	00:82,0,62,0	00:134,0,31,0	03:153,0,0,34	03:93,0,0,40	00:138,0,0,0	00:147,0,0,0	03:42,0,0,102	00:74,0,0,59	00:71,47,0,0	33:88,2,0,43	03:43,3,69,53	00:168,0,0,0	02:47,0,79,0	00:125,0,6,1	00:160,0,0,3	03:46,0,0,99	00:113,0,0,0	03:44,0,7,112	03:96,0,0,66	23:0,0,62,130	03:113,0,0,44	33:3,52,2,44	00:58,54,0,2	03:67,0,0,104	00:114,0,6,0	01:28,44,0,68	03:76,0,0,31	02:35,4,103,0	00:86,0,49,9	33:0,0,0,127	00:70,0,1,72	01:35,20,0,49	00:48,0,0,50	00:120,4,0,0	00:81,0,0,58	02:89,0,23,0	00:67,0,45,0	33:7,0,0,109	03:111,4,0,48	02:86,0,42,0	00:86,0,68,0	00:121,0,90,0	03:98,0,0,44	00:193,0,0,3	00:142,0,0,0	33:0,0,0,120	00:150,0,0,0	02:111,0,55,0	33:58,0,0,63	00:168,0,1,0	00:118,0,0,0	03:91,4,0,34	00:155,0,0,0	22:4,0,156,0	33:89,0,0,105	00:142,0,0,0	02:53,0,32,24	22:0,10,159,0	00:108,0,0,39	00:171,0,0,0	03:123,0,0,28	12:0,101,28,0	22:0,0,125,0	22:0,29,80,0	00:124,0,0,0	23:0,13,44,138	02:107,0,38,12	33:29,0,0,101	23:21,0,35,64	00:64,28,50,0	00:182,0,0,0	00:122,0,34,0	01:115,47,0,3	33:0,0,0,150	00:87,0,36,0	00:89,43,0,48	03:54,7,0,34	00:117,0,0,48	00:62,0,39,0	33:26,0,0,73	00:106,0,26,0	00:142,0,0,2	00:118,0,0,0	00:148,0,0,0	00:100,0,0,21	00:123,0,31,0	00:109,0,0,3	03:63,0,0,48	03:79,31,0,34	11:0,122,0,0	00:180,0,4,0	00:170,0,0,0	03:76,31,0,36	00:145,0,0,0	00:144,0,0,4	00:114,31,0,0	00:112,0,0,0	01:31,77,40,0	00:130,2,0,0	33:0,0,22,102	33:9,28,0,92	03:113,0,0,29	33:8,35,0,102	23:30,0,60,26	02:43,38,39,21	00:135,0,0,0	02:108,0,32,9	00:72,0,5,47	03:95,0,0,19	00:110,0,27,0	00:108,0,4,3	12:70,41,27,0	02:86,0,29,34	00:79,38,0,5	01:26,64,0,0	02:102,0,32,0	03:79,0,0,25	13:0,30,40,86	03:112,0,0,49	12:3,32,79,34	00:126,7,0,0	33:71,0,1,53	12:29,24,34,22	23:32,0,70,46	12:0,72,30,37	12:49,50,89,0	02:92,0,30,0	00:92,2,24,0	22:53,51,31,3	00:97,0,0,24	13:5,27,25,48	23:31,0,42,36	03:88,0,4,30	01:106,37,31,0	03:67,0,0,77	02:80,1,33,0	00:62,4,0,44	00:138,0,49,0	03:85,0,56,33	02:38,0,63,19	03:99,0,31,31	01:32,57,0,26	13:0,51,3,120	02:76,0,40,36	03:74,0,0,60	00:122,20,0,0	00:157,0,0,1	00:137,0,0,0	00:122,34,0,0	00:86,20,0,0	00:124,0,0,33	13:0,78,20,38	00:93,7,31,0	11:0,140,2,0	02:101,0,49,38	02:128,0,34,2	00:94,0,28,0	02:89,0,71,4	00:113,36,1,0	00:103,25,0,0	03:79,0,0,76
3_47	84	00:0,0,0,0	13:0,0,0,0	33:0,0,0,0	00:0,0,0,0	00:0,0,0,0	00:0,0,0,0	00:0,0,0,0	00:0,0,0,0	13:0,0,0,0	02:0,0,0,0	02:0,0,0,0	22:0,0,0,0	03:0,0,0,0	03:0,0,0,0	03:0,0,0,0	00:0,0,0,0	01:0,0,0,0	01:0,0,0,0	11:0,0,0,0	00:0,0,0,0	22:0,0,0,0	00:0,0,0,0	00:0,0,0,0	11:0,0,0,0	00:0,0,0,0	01:0,0,0,0	01:0,0,0,0	00:0,0,0,0	02:0,0,0,0	23:0,0,0,0	00:0,0,0,0	01:0,0,0,0	12:0,0,0,0	33:0,0,0,0	33:0,0,0,0	02:0,0,0,0	00:0,0,0,0	02:0,0,0,0	02:0,0,0,0	03:0,0,0,0	00:0,0,0,0	23:0,0,0,0	03:0,0,0,0	01:0,0,0,0	33:0,0,0,0	00:0,0,0,0	01:0,0,0,0	00:0,0,0,0	00:0,0,0,0	00:0,0,0,0	33:0,0,0,0	03:0,0,0,0	03:0,0,0,0	13:0,0,0,0	00:0,0,0,0	00:0,0,0,0	00:0,0,0,0	00:0,0,0,0	02:0,0,0,0	00:0,0,0,0	33:0,0,0,0	02:0,0,0,0	01:0,0,0,0	00:0,0,0,0	02:0,0,0,0	00:0,0,0,0	00:0,0,0,0	03:0,0,0,0	11:0,0,0,0	00:0,0,0,0	03:0,0,0,0	00:0,0,0,0	00:0,0,0,0	13:0,0,0,0	00:0,0,0,0	00:0,0,0,0	00:0,0,0,0	22:0,0,0,0	33:0,0,0,0	00:0,0,0,0	00:0,0,0,0	33:0,0,0,0	02:0,0,0,0	23:0,0,0,0	00:0,0,0,0	23:0,0,0,0	03:0,0,0,0	00:0,0,0,0	02:0,0,0,0	03:0,0,0,0	03:0,0,0,0	00:0,0,0,0	11:0,0,0,0	13:0,0,0,0	00:0,0,0,0	00:0,0,0,0	03:0,0,0,0	23:0,0,0,0	00:0,0,0,0	01:0,0,0,0	00:0,0,0,0	03:0,0,0,0	02:0,0,0,0	33:0,0,0,0	33:0,0,0,0	00:0,0,0,0	03:0,0,0,0	33:0,0,0,0	00:0,0,0,0	00:0,0,0,0	12:0,0,0,0	11:0,0,0,0	00:0,0,0,0	02:0,0,0,0	00:0,0,0,0	33:0,0,0,0	01:0,0,0,0	00:0,0,0,0	23:0,0,0,0	03:0,0,0,0	23:0,0,0,0	03:0,0,0,0	00:0,0,0,0	03:0,0,0,0	00:0,0,0,0	00:0,0,0,0	13:0,0,0,0	00:0,0,0,0	01:0,0,0,0	00:0,0,0,0	00:0,0,0,0	13:0,0,0,0	00:0,0,0,0	00:0,0,0,0	01:0,0,0,0	22:0,0,0,0	00:0,0,0,0	00:0,0,0,0	00:0,0,0,0	12:0,0,0,0	23:0,0,0,0	22:0,0,0,0	03:0,0,0,0	13:0,0,0,0	01:0,0,0,0	33:0,0,0,0	01:0,0,0,0	00:0,0,0,0	00:0,0,0,0	02:0,0,0,0	00:0,0,0,0	33:0,0,0,0	01:0,0,0,0	00:0,0,0,0	02:0,0,0,0	33:0,0,0,0	23:0,0,0,0	03:0,0,0,0	00:0,0,0,0	00:0,0,0,0	00:0,0,0,0	00:0,0,0,0	00:0,0,0,0	01:0,0,0,0	01:0,0,0,0	33:0,0,0,0	00:0,0,0,0	11:0,0,0,0	03:0,0,0,0	00:0,0,0,0	03:0,0,0,0	00:0,0,0,0	00:0,0,0,0	03:0,0,0,0	02:0,0,0,0	22:0,0,0,0	00:0,0,0,0	00:0,0,0,0	00:0,0,0,0	00:0,0,0,0	03:0,0,0,0	02:0,0,0,0	11:0,0,0,0	03:0,0,0,0	00:0,0,0,0	22:0,0,0,0	00:0,0,0,0	00:0,0,0,0	03:0,0,0,0	00:0,0,0,0	00:0,0,0,0	03:0,0,0,0	11:0,0,0,0	00:0,0,0,0	00:0,0,0,0	33:0,0,0,0	03:0,0,0,0	00:0,0,0,0	01:0,0,0,0	00:0,0,0,0	22:0,0,0,0	33:0,0,0,0	11:0,0,0,0	01:0,0,0,0	00:0,0,0,0	13:0,0,0,0	00:0,0,0,0	00:0,0,0,0	00:0,0,0,0	33:0,0,0,0	02:0,0,0,0	00:0,0,0,0	03:0,0,0,0	22:0,0,0,0	00:0,0,0,0	00:0,0,0,0	00:0,0,0,0	00:0,0,0,0	03:0,0,0,0	03:0,0,0,0	33:0,0,0,0	00:0,0,0,0	02:0,0,0,0	00:0,0,0,0	00:0,0,0,0	03:0,0,0,0	00:0,0,0,0	00:0,0,0,0	00:0,0,0,0	11:0,0,0,0	01:0,0,0,0	11:0,0,0,0	00:0,0,0,0	00:0,0,0,0	00:0,0,0,0	00:0,0,0,0	00:0,0,0,0	03:0,0,0,0	33:0,0,0,0
4_47	92	02:88,0,24,0	13:0,105,0,20	33:0,0,0,100	02:109,0,0,0	00:138,0,0,0	00:83,28,0,0	00:141,0,0,0	01:101,33,0,0	01:25,73,0,0	03:50,0,0,57	00:90,0,0,0	01:47,14,0,12	03:54,0,0,24	00:129,0,0,0	01:48,15,26,0	00:60,0,0,22	00:63,0,0,29	03:214,0,0,0	01:47,76,0,0	00:117,0,0,0	22:0,35,83,0	01:79,25,0,28	00:89,0,0,26	13:0,61,0,21	03:62,0,0,54	01:43,53,0,0	03:48,0,25,20	00:146,0,0,0	00:142,0,0,0	33:17,0,0,87	00:81,0,0,17	02:132,0,22,0	00:148,0,0,0	33:64,0,0,63	03:59,55,0,80	23:0,39,62,40	01:59,56,0,0	00:130,0,0,0	01:54,21,0,0	03:62,26,0,20	00:94,0,0,35	33:0,0,0,112	03:64,0,0,60	00:107,0,0,0	33:30,0,0,63	03:88,0,44,41	03:39,0,0,43	00:105,0,0,0	00:60,26,0,0	00:92,0,24,0	23:0,0,21,77	01:80,20,0,0	03:59,0,0,50	00:143,0,0,0	02:127,0,0,0	00:83,0,0,0	02:132,0,0,0	01:149,0,0,0	01:88,12,0,0	01:67,35,47,0	33:0,0,0,93	03:106,0,0,35	03:67,40,0,32	00:95,0,0,0	00:83,0,0,0	00:77,0,0,24	03:49,0,0,57	00:79,0,0,0	13:0,80,0,32	00:136,0,0,0	03:74,0,27,30	00:111,0,0,0	03:48,0,0,32	03:111,0,0,27	00:89,0,0,23	03:72,0,0,30	00:77,0,0,21	02:68,0,55,0	00:96,0,0,0	02:100,34,0,0	03:121,0,0,35	03:60,0,0,48	01:72,28,0,0	02:38,0,12,0	00:88,0,32,0	03:48,0,0,19	03:20,0,0,74	03:84,0,0,39	02:100,0,0,0	00:89,0,51,0	03:69,0,0,21	03:24,0,0,74	03:72,0,31,20	03:27,0,0,94	00:71,0,0,0	03:92,0,0,25	03:77,0,0,34	02:73,0,114,1	01:49,59,0,0	03:80,0,0,19	02:54,0,13,0	03:131,0,0,56	00:82,0,23,0	00:62,0,0,78	33:15,0,35,42	03:86,0,0,0	03:56,0,0,25	03:23,0,0,51	00:150,0,0,0	00:89,20,0,0	03:69,0,0,22	11:0,116,0,0	00:149,0,0,0	03:84,0,0,25	00:110,0,0,0	03:64,0,0,26	01:100,59,0,0	02:78,0,20,0	03:91,0,1,33	00:172,0,0,0	03:55,0,0,60	00:111,0,0,0	00:121,0,0,0	33:31,0,0,99	00:130,0,0,0	01:85,32,0,0	03:32,0,31,47	00:94,34,0,0	00:34,0,20,16	03:102,0,0,28	33:57,0,0,63	22:0,34,87,0	03:110,0,0,32	00:103,0,0,33	12:25,72,25,0	12:0,58,92,0	03:102,0,0,0	00:170,0,0,0	00:121,0,0,33	11:0,95,32,0	22:0,0,87,0	NA:0,0,80,0	03:49,0,0,50	13:42,111,0,32	00:140,0,0,0	33:0,0,0,123	13:0,58,0,61	03:79,0,0,15	03:112,0,0,24	00:54,26,0,0	03:129,0,0,0	33:0,42,0,77	12:0,82,30,26	00:139,31,0,0	00:123,0,0,0	03:34,0,18,85	22:0,0,106,0	33:25,0,0,69	33:58,0,0,47	01:89,34,0,0	00:69,29,0,0	00:90,0,0,0	00:72,0,21,0	00:147,0,0,0	00:50,0,0,14	00:63,0,0,31	03:103,0,0,18	11:0,93,0,0	00:115,0,35,0	00:116,0,0,0	00:42,18,0,24	00:69,0,0,0	03:36,0,0,83	00:141,0,0,0	01:65,24,0,0	22:26,0,96,0	00:97,30,0,0	03:40,0,0,35	02:93,0,36,0	00:88,0,0,0	03:63,0,0,63	02:65,0,28,0	11:0,84,0,0	00:86,30,0,0	00:116,0,0,32	02:73,0,21,0	00:60,0,24,0	02:89,0,0,0	03:60,0,0,21	00:79,29,0,0	01:90,36,0,0	23:35,0,10,12	11:20,63,0,0	03:139,0,0,0	03:65,0,0,23	33:38,0,0,84	23:63,0,35,34	00:115,0,0,0	01:51,16,0,30	00:111,0,0,0	22:0,0,108,0	33:0,0,0,133	13:0,97,0,21	01:36,100,0,0	00:69,0,0,20	11:63,36,0,23	00:98,0,0,0	03:49,0,0,18	00:82,0,0,26	33:0,0,0,106	02:101,0,28,0	00:101,0,0,0	03:42,0,9,30	02:28,0,48,0	00:74,0,0,0	00:142,0,0,0	00:149,0,0,0	03:53,0,0,55	33:30,1,0,70	03:96,0,0,0	03:0,0,0,122	00:109,0,35,0	03:93,0,0,43	03:94,0,0,33	00:101,0,0,0	00:96,0,0,0	00:111,0,0,0	01:80,0,0,0	00:137,0,0,0	11:0,115,0,0	11:74,31,0,0	11:0,113,0,0	00:192,0,0,0	00:149,0,0,0	01:63,33,0,0	00:107,0,29,0	00:158,0,0,0	03:38,0,0,35	33:32,0,0,90
1_49	36	13:0,0,0,0	13:0,0,0,0	33:0,0,0,0	00:0,0,0,0	00:0,0,0,0	00:0,0,0,0	03:0,0,0,0	03:0,0,0,0	11:0,0,0,0	00:0,0,0,0	00:0,0,0,0	02:0,0,0,0	13:0,0,0,0	00:0,0,0,0	01:0,0,0,0	00:0,0,0,0	00:0,0,0,0	23:0,0,0,0	00:0,0,0,0	02:0,0,0,0	00:0,0,0,0	00:0,0,0,0	00:0,0,0,0	11:0,0,0,0	00:0,0,0,0	00:0,0,0,0	00:0,0,0,0	01:0,0,0,0	00:0,0,0,0	00:0,0,0,0	00:0,0,0,0	00:0,0,0,0	00:0,0,0,0	23:0,0,0,0	03:0,0,0,0	22:0,0,0,0	00:0,0,0,0	00:0,0,0,0	01:0,0,0,0	03:0,0,0,0	00:0,0,0,0	03:0,0,0,0	01:0,0,0,0	13:0,0,0,0	33:0,0,0,0	00:0,0,0,0	00:0,0,0,0	00:0,0,0,0	00:0,0,0,0	00:0,0,0,0	13:0,0,0,0	00:0,0,0,0	03:0,0,0,0	00:0,0,0,0	00:0,0,0,0	00:0,0,0,0	00:0,0,0,0	00:0,0,0,0	00:0,0,0,0	00:0,0,0,0	33:0,0,0,0	00:0,0,0,0	00:0,0,0,0	02:0,0,0,0	00:0,0,0,0	03:0,0,0,0	00:0,0,0,0	03:0,0,0,0	11:0,0,0,0	03:0,0,0,0	00:0,0,0,0	00:0,0,0,0	03:0,0,0,0	03:0,0,0,0	00:0,0,0,0	00:0,0,0,0	01:0,0,0,0	00:0,0,0,0	03:0,0,0,0	03:0,0,0,0	03:0,0,0,0	03:0,0,0,0	00:0,0,0,0	03:0,0,0,0	00:0,0,0,0	00:0,0,0,0	00:0,0,0,0	23:0,0,0,0	00:0,0,0,0	02:0,0,0,0	00:0,0,0,0	00:0,0,0,0	03:0,0,0,0	33:0,0,0,0	00:0,0,0,0	03:0,0,0,0	33:0,0,0,0	23:0,0,0,0	00:0,0,0,0	33:0,0,0,0	23:0,0,0,0	03:0,0,0,0	00:0,0,0,0	00:0,0,0,0	33:0,0,0,0	00:0,0,0,0	33:0,0,0,0	33:0,0,0,0	00:0,0,0,0	00:0,0,0,0	33:0,0,0,0	11:0,0,0,0	02:0,0,0,0	23:0,0,0,0	00:0,0,0,0	03:0,0,0,0	01:0,0,0,0	02:0,0,0,0	00:0,0,0,0	00:0,0,0,0	03:0,0,0,0	00:0,0,0,0	00:0,0,0,0	33:0,0,0,0	01:0,0,0,0	02:0,0,0,0	33:0,0,0,0	03:0,0,0,0	00:0,0,0,0	03:0,0,0,0	00:0,0,0,0	22:0,0,0,0	03:0,0,0,0	00:0,0,0,0	02:0,0,0,0	22:0,0,0,0	00:0,0,0,0	00:0,0,0,0	03:0,0,0,0	11:0,0,0,0	22:0,0,0,0	22:0,0,0,0	00:0,0,0,0	23:0,0,0,0	00:0,0,0,0	00:0,0,0,0	33:0,0,0,0	00:0,0,0,0	01:0,0,0,0	02:0,0,0,0	00:0,0,0,0	33:0,0,0,0	02:0,0,0,0	03:0,0,0,0	02:0,0,0,0	03:0,0,0,0	22:0,0,0,0	03:0,0,0,0	01:0,0,0,0	00:0,0,0,0	00:0,0,0,0	13:0,0,0,0	33:0,0,0,0	00:0,0,0,0	00:0,0,0,0	03:0,0,0,0	01:0,0,0,0	11:0,0,0,0	00:0,0,0,0	01:0,0,0,0	00:0,0,0,0	02:0,0,0,0	03:0,0,0,0	00:0,0,0,0	00:0,0,0,0	22:0,0,0,0	03:0,0,0,0	13:0,0,0,0	00:0,0,0,0	00:0,0,0,0	03:0,0,0,0	22:0,0,0,0	01:0,0,0,0	02:0,0,0,0	00:0,0,0,0	00:0,0,0,0	00:0,0,0,0	00:0,0,0,0	02:0,0,0,0	00:0,0,0,0	00:0,0,0,0	01:0,0,0,0	11:0,0,0,0	00:0,0,0,0	02:0,0,0,0	23:0,0,0,0	00:0,0,0,0	12:0,0,0,0	00:0,0,0,0	00:0,0,0,0	02:0,0,0,0	03:0,0,0,0	01:0,0,0,0	00:0,0,0,0	00:0,0,0,0	00:0,0,0,0	00:0,0,0,0	00:0,0,0,0	03:0,0,0,0	03:0,0,0,0	00:0,0,0,0	00:0,0,0,0	03:0,0,0,0	03:0,0,0,0	00:0,0,0,0	00:0,0,0,0	00:0,0,0,0	03:0,0,0,0	01:0,0,0,0	23:0,0,0,0	03:0,0,0,0	00:0,0,0,0	03:0,0,0,0	00:0,0,0,0	00:0,0,0,0	01:0,0,0,0	03:0,0,0,0	00:0,0,0,0	00:0,0,0,0	11:0,0,0,0	01:0,0,0,0	11:0,0,0,0	00:0,0,0,0	00:0,0,0,0	01:0,0,0,0	22:0,0,0,0	00:0,0,0,0	33:0,0,0,0	03:0,0,0,0
2_49	72	00:122,0,0,30	11:0,121,0,31	33:0,0,0,88	00:71,0,26,0	00:143,0,0,39	00:125,0,0,0	00:157,0,0,0	00:182,0,0,0	03:81,0,0,29	00:107,1,0,0	00:115,0,0,0	00:77,0,0,0	03:49,0,0,54	00:88,0,29,0	00:82,24,0,0	03:69,0,0,25	00:136,0,0,0	23:40,0,43,78	02:45,0,62,13	00:160,0,0,0	22:1,0,128,0	00:132,0,0,0	00:135,0,0,0	11:0,79,0,0	00:116,0,0,0	00:94,31,1,0	00:80,26,0,0	33:96,0,0,79	23:42,0,28,18	00:94,0,0,34	00:97,0,0,27	00:85,0,22,45	00:124,0,0,0	33:41,0,0,88	00:220,0,0,0	22:0,0,142,0	00:96,0,28,0	02:92,0,42,0	00:87,0,0,0	00:124,0,0,0	00:147,0,0,0	00:73,0,0,58	00:118,0,0,0	01:82,36,0,0	33:0,26,31,45	00:138,0,0,0	01:81,27,0,0	00:106,0,0,0	00:69,0,0,24	03:105,0,0,32	03:93,1,0,22	00:90,0,0,0	33:0,0,0,157	03:61,0,0,30	03:90,0,0,45	01:73,35,0,0	00:136,0,0,0	00:152,0,0,0	00:106,0,0,0	00:167,0,0,0	33:31,0,0,97	01:115,37,0,0	00:111,28,0,0	01:44,25,0,26	02:70,0,13,0	00:89,0,0,0	00:60,17,0,0	00:84,0,0,0	11:0,101,0,0	00:148,0,0,0	33:56,0,0,67	00:132,0,0,0	00:95,0,0,0	11:36,114,0,19	03:92,0,0,40	00:107,0,0,0	00:127,0,0,0	01:127,27,0,0	00:73,0,0,24	01:61,60,0,0	02:120,0,28,0	03:55,0,0,46	01:87,0,28,0	00:72,0,28,0	00:117,0,0,23	03:102,0,0,19	00:128,0,0,0	00:125,0,0,0	22:23,0,94,0	03:103,0,0,44	00:58,0,16,0	03:96,0,0,25	02:67,0,30,38	33:34,0,0,94	02:93,0,19,1	00:127,0,0,0	03:71,0,0,28	33:0,0,0,167	02:116,0,40,0	03:55,0,0,57	03:34,0,0,30	00:122,0,0,34	00:66,0,31,0	03:138,0,0,64	33:27,0,0,66	03:54,29,0,28	03:52,0,0,28	33:0,0,0,93	03:127,0,0,30	02:92,0,18,0	00:69,35,0,0	11:0,141,0,0	22:40,0,125,0	00:50,0,44,0	00:123,0,0,0	23:0,0,30,81	11:46,130,0,0	01:57,68,0,0	00:158,0,0,0	00:190,0,0,0	03:74,44,0,39	00:137,0,0,0	00:119,0,0,0	01:22,48,40,25	00:152,0,0,0	00:58,0,67,0	03:84,0,0,66	02:90,0,16,0	00:66,0,0,0	03:35,0,0,117	03:75,0,0,82	11:0,79,74,0	02:36,0,51,77	02:118,0,52,0	00:51,0,58,0	22:0,69,83,0	33:33,0,40,75	03:136,0,0,37	03:134,0,0,27	22:0,72,70,0	22:0,0,142,0	12:0,21,77,0	00:123,0,0,0	33:0,0,0,196	00:134,0,0,0	03:33,0,0,99	03:31,0,0,95	00:92,0,0,32	02:68,0,30,50	12:49,37,46,0	03:100,0,0,35	13:0,28,0,81	22:0,0,116,0	00:123,0,47,0	00:128,0,0,0	03:117,0,0,38	03:35,34,36,22	33:0,0,0,127	03:71,0,0,21	00:137,0,0,0	02:77,0,26,0	00:116,0,1,0	00:57,32,0,0	00:157,0,0,0	00:77,0,0,12	00:127,0,0,0	03:106,0,0,46	11:0,114,0,0	01:117,0,37,0	00:120,0,0,0	03:60,21,0,25	00:102,0,0,0	00:139,0,0,37	00:103,0,0,29	00:69,0,0,20	11:0,67,82,0	01:110,41,0,0	03:59,0,0,63	03:106,0,0,32	03:72,0,0,15	33:26,0,0,116	12:82,21,35,0	03:54,25,0,29	00:123,0,0,0	23:0,0,68,96	00:125,0,0,0	23:29,0,50,23	00:79,0,0,0	01:63,14,0,0	02:60,28,28,0	33:63,0,0,72	00:89,0,0,0	11:16,67,0,0	03:102,0,0,47	00:62,0,0,32	33:36,0,0,107	00:109,42,0,0	00:95,0,35,0	03:81,0,0,21	01:95,33,0,0	22:33,0,77,0	03:89,0,0,73	12:0,102,25,0	01:43,113,0,0	01:92,23,0,0	13:0,38,0,77	00:112,0,0,0	00:126,0,0,0	33:77,0,0,69	33:0,0,0,122	00:145,0,0,0	00:128,0,0,0	33:0,0,0,97	23:1,0,27,78	00:101,0,0,0	00:183,0,0,0	03:74,0,0,71	00:94,0,0,26	13:25,20,0,37	00:58,0,0,69	03:40,0,0,110	00:108,0,38,0	03:72,0,0,50	00:127,0,0,34	00:112,25,0,0	01:74,32,0,0	03:89,0,0,28	03:96,0,0,24	00:144,0,0,0	11:0,57,0,55	00:92,0,0,25	11:21,68,0,0	03:77,0,45,39	03:129,0,0,26	01:35,83,0,0	01:86,40,41,0	11:0,134,0,0	02:38,0,36,28	23:36,21,33,31
3_49	60	33:20,0,0,21	13:0,28,0,21	33:5,0,0,10	NA:21,0,6,8	00:49,0,0,14	00:36,0,0,0	00:36,0,0,0	00:32,0,0,0	01:19,40,0,0	00:38,0,0,0	00:21,0,0,13	00:35,0,0,0	01:8,4,0,9	02:22,0,13,0	11:14,8,0,0	00:31,6,0,0	00:29,0,0,0	00:67,0,0,0	00:42,1,0,4	00:49,0,0,0	22:0,0,52,0	00:53,0,0,0	00:51,0,0,0	12:0,14,7,8	01:23,4,0,0	00:24,10,0,0	00:36,0,0,1	01:24,19,0,12	03:26,0,10,13	00:25,0,0,8	03:34,0,0,15	00:50,1,0,0	03:27,0,0,13	33:0,0,0,50	00:60,0,0,25	22:0,0,45,0	00:18,0,0,16	00:42,0,1,0	00:16,0,3,0	03:28,0,0,7	00:38,0,0,0	03:8,0,0,22	00:31,0,0,0	01:27,2,0,1	03:6,0,0,17	00:57,18,0,0	13:7,12,0,6	00:15,0,0,0	01:28,11,0,0	03:29,0,0,5	33:11,0,0,9	00:35,0,0,0	03:7,1,0,18	00:38,0,0,0	00:25,0,0,14	03:14,0,0,12	NA:32,0,0,7	03:34,0,0,8	00:40,0,0,0	00:59,0,0,0	03:30,0,0,23	00:59,0,0,0	00:29,0,0,0	03:21,8,0,5	03:16,0,6,3	00:28,0,9,0	00:17,0,0,22	00:2,9,0,9	01:4,25,0,0	03:37,0,0,26	00:48,0,0,1	03:23,0,0,10	00:33,0,0,5	03:14,7,14,10	00:54,0,0,0	02:17,0,13,0	03:30,11,0,9	02:12,0,36,0	00:22,0,0,17	02:26,0,21,0	03:35,0,0,12	33:23,0,0,23	00:38,0,0,0	22:13,0,9,1	00:51,0,0,0	02:19,13,5,0	03:42,0,0,10	00:44,0,0,0	00:34,0,0,14	00:38,0,0,0	02:8,0,9,0	01:28,15,0,0	00:58,0,0,0	33:0,0,0,49	00:31,0,0,0	02:29,0,8,0	00:38,0,0,0	23:0,0,9,46	00:58,0,1,0	03:15,0,0,9	00:12,0,0,7	33:26,0,0,30	01:20,3,0,0	00:52,0,0,0	33:8,0,0,23	00:29,0,0,12	00:26,0,0,15	03:32,0,0,5	00:40,0,3,0	NA:28,0,0,0	00:25,0,0,0	01:5,27,0,0	00:22,0,0,25	02:10,0,15,0	01:36,5,0,0	03:11,0,0,27	11:15,31,0,0	00:33,0,0,2	00:30,0,13,0	00:45,21,7,0	03:11,0,5,36	00:28,0,9,1	01:23,9,0,5	23:0,0,26,26	00:32,0,0,9	02:24,13,10,0	33:0,0,0,44	00:51,0,0,0	00:39,0,0,0	03:20,0,0,9	00:52,0,0,0	12:0,17,25,0	03:21,0,0,24	00:46,0,0,0	12:0,12,26,0	12:0,14,33,0	00:26,0,0,11	00:55,0,0,0	00:27,0,0,15	12:0,23,11,0	22:12,0,29,1	22:0,0,34,0	00:40,0,0,8	33:0,0,0,79	02:37,1,14,0	33:0,4,0,35	23:0,0,10,20	03:18,0,0,20	00:38,0,0,13	00:38,0,0,0	00:42,0,0,0	33:0,0,0,21	02:27,0,15,0	00:66,0,0,0	00:29,0,0,0	00:30,0,0,10	02:20,0,6,7	33:0,0,1,38	03:21,0,0,9	00:38,0,0,13	03:28,0,0,3	00:33,0,8,0	00:21,0,12,8	00:44,0,0,0	33:11,0,0,15	00:29,0,0,0	00:34,0,0,7	11:11,26,0,0	22:13,0,40,0	00:46,0,0,0	11:22,15,0,0	00:29,0,0,0	NA:25,0,0,19	00:45,0,0,0	00:30,0,0,0	22:0,0,43,0	00:41,0,0,0	33:9,0,0,19	00:23,0,0,12	00:41,0,0,0	00:21,0,0,13	02:13,0,16,8	11:0,24,0,0	00:28,0,0,0	03:34,0,0,17	00:33,8,0,0	02:34,0,13,0	11:19,5,0,0	01:23,9,0,0	01:23,7,3,0	00:42,0,0,0	00:29,0,0,0	11:2,10,0,3	00:41,12,0,0	03:30,7,0,15	03:41,0,0,23	03:13,0,0,37	NA:34,0,8,0	03:24,0,0,24	00:28,4,0,0	02:6,0,29,0	03:28,0,0,23	11:0,7,0,34	03:21,8,0,9	00:18,0,0,5	13:20,10,0,12	00:43,0,0,0	00:21,0,0,10	00:33,0,0,0	23:0,0,13,26	02:35,0,9,0	03:45,0,0,16	00:38,0,0,4	22:17,0,15,0	00:38,0,0,0	00:49,0,0,0	00:41,0,0,13	00:29,0,0,5	33:12,0,0,36	00:21,0,0,8	03:31,0,0,27	00:47,0,0,0	01:25,10,0,0	00:39,0,5,0	00:35,0,0,0	00:23,0,0,7	00:24,0,10,12	00:14,15,0,9	00:59,0,0,0	11:0,25,0,7	01:17,17,0,9	11:0,30,0,0	03:29,0,11,19	00:41,0,0,0	01:26,27,0,0	00:37,0,7,0	01:33,13,0,0	22:23,0,4,0	22:0,0,10,39
2_50	74	03:73,0,0,22	13:0,65,0,23	33:0,0,0,62	02:61,0,13,0	03:94,0,0,36	03:36,0,19,11	00:115,0,0,0	00:113,0,0,0	01:25,62,0,0	03:58,0,0,31	00:101,0,0,0	02:41,0,34,0	03:27,0,0,55	01:38,18,22,0	00:54,16,0,0	00:27,26,23,0	03:85,0,0,34	23:24,0,17,55	12:18,48,15,0	00:69,26,0,0	12:0,21,76,0	01:86,19,1,0	00:66,0,0,0	13:0,35,0,13	00:111,0,0,0	02:21,12,10,0	02:57,0,26,0	02:65,21,31,0	22:40,0,51,0	03:66,0,0,15	01:66,23,0,0	02:74,0,23,0	01:76,22,0,0	33:23,0,0,61	03:98,1,0,27	22:0,15,52,0	00:84,0,0,0	00:77,0,0,0	02:63,0,23,0	03:59,0,0,24	03:41,0,0,21	33:46,0,0,38	00:62,0,30,0	00:48,0,26,0	33:22,0,0,52	02:84,0,30,0	03:49,0,0,28	00:53,0,21,0	00:65,0,0,0	00:62,0,0,7	33:15,0,0,56	01:56,21,0,0	03:21,0,0,66	02:77,0,21,0	00:49,0,0,16	00:66,0,15,0	00:91,0,0,0	00:110,0,0,0	00:84,0,0,18	00:114,0,0,0	33:20,0,0,55	33:41,0,0,51	00:90,0,0,0	00:59,0,0,0	02:26,0,14,13	00:86,0,0,0	03:26,0,0,76	03:14,0,14,42	13:0,49,0,24	03:40,0,0,78	00:85,1,0,32	00:85,0,0,0	03:42,0,0,42	00:104,0,0,0	00:90,0,0,0	03:14,18,0,43	03:41,0,22,15	02:23,0,72,0	00:71,0,0,0	02:85,0,62,0	00:56,0,0,46	03:18,0,0,71	02:52,14,19,0	03:60,0,0,18	00:97,0,0,0	00:76,0,0,0	00:77,0,0,0	01:74,15,0,0	01:61,32,27,0	00:74,0,16,0	02:49,0,27,0	00:89,0,0,0	13:48,31,0,23	33:18,0,0,68	00:67,0,0,0	00:92,0,0,0	00:64,0,0,31	03:62,36,0,34	01:46,41,0,0	33:21,0,0,74	00:62,0,0,0	00:155,0,0,0	00:61,0,0,0	01:80,23,0,0	03:24,0,0,52	02:58,0,28,0	23:49,0,15,26	03:24,0,16,36	03:70,0,0,24	00:45,16,16,0	01:30,41,0,0	01:20,45,19,0	00:70,0,17,0	02:53,0,21,0	03:39,33,0,24	03:38,0,0,22	00:93,27,0,0	00:82,0,0,0	00:62,0,25,0	00:158,0,0,0	03:73,0,1,15	12:53,22,33,0	03:58,0,0,28	33:25,0,0,63	00:79,0,0,0	00:90,0,0,0	03:31,0,0,27	00:116,0,0,0	00:49,0,13,0	03:50,0,0,46	00:53,0,0,21	22:0,0,99,0	33:0,0,36,89	00:100,0,0,0	22:0,0,57,10	11:0,46,48,0	00:50,0,0,23	00:96,0,0,0	00:109,0,0,0	11:0,32,37,0	22:0,0,84,0	22:0,14,50,0	00:71,0,0,0	33:0,0,25,90	00:71,22,0,0	33:23,0,0,72	33:0,0,0,78	33:20,9,0,49	33:58,0,0,53	00:49,0,47,0	00:104,0,0,0	33:24,0,0,56	02:59,0,42,0	00:109,0,0,0	00:91,0,0,0	00:80,0,0,33	02:17,0,54,0	33:0,0,0,82	00:58,0,29,0	00:85,0,0,0	00:56,0,0,15	00:37,15,0,22	00:43,0,16,0	00:103,0,0,0	03:53,0,0,14	00:76,0,0,24	03:39,0,0,42	11:0,53,1,17	02:84,0,31,0	00:58,0,21,0	01:45,18,0,15	00:67,0,0,0	03:23,0,0,62	00:113,0,0,0	00:49,0,0,20	22:0,0,96,0	00:54,19,0,0	33:0,0,0,78	03:53,29,0,22	00:37,0,28,20	03:18,0,0,61	01:63,21,0,0	11:0,64,0,12	00:96,0,0,0	03:50,22,0,21	00:91,0,0,0	02:64,0,20,0	00:76,0,0,0	00:80,0,0,0	01:39,16,19,0	00:95,0,0,0	00:72,0,0,0	01:9,48,0,0	00:87,0,0,21	03:51,0,0,9	02:17,0,30,54	00:91,0,0,24	01:51,55,0,0	03:64,0,0,25	00:86,0,0,0	22:0,17,54,0	33:0,0,1,114	11:31,66,0,0	01:28,83,0,0	00:81,0,0,0	03:39,18,0,20	00:60,0,0,25	01:77,20,0,0	00:88,0,0,0	33:0,0,0,76	00:102,0,0,0	00:107,0,0,0	23:27,0,30,37	00:19,0,16,0	00:63,0,0,0	00:117,0,0,0	03:51,0,0,51	03:47,0,0,29	03:30,0,0,75	03:45,0,0,37	03:28,0,0,70	02:30,0,48,0	00:86,0,0,0	03:50,0,0,54	01:66,25,0,0	00:55,0,0,14	00:125,0,0,0	01:43,50,0,0	00:106,0,0,0	13:0,33,0,43	02:63,0,18,0	11:1,71,0,0	00:115,0,0,0	00:88,0,0,0	01:41,43,0,0	23:26,0,21,50	00:80,21,0,0	33:16,0,0,61	33:0,0,0,99
3_50	117	23:15,0,9,29	13:0,67,0,12	33:8,0,0,9	02:12,0,9,0	03:29,0,9,23	00:38,0,0,0	00:49,0,0,23	00:35,0,0,0	01:10,26,14,0	00:19,0,0,0	03:17,3,0,6	00:17,0,0,0	03:3,0,0,11	00:39,0,0,0	00:29,0,0,0	00:16,0,0,7	00:51,0,0,0	33:19,0,0,33	02:22,6,2,0	00:19,0,0,27	22:0,0,38,0	00:49,0,0,0	02:22,0,9,0	11:0,24,0,0	03:27,0,0,14	03:10,9,0,5	01:18,24,0,0	00:42,0,0,0	03:8,0,6,6	03:23,0,0,6	03:25,0,0,22	02:31,0,15,0	03:28,0,0,6	33:0,0,4,21	03:77,0,0,15	22:0,0,30,0	00:25,0,0,0	00:54,0,0,0	12:5,2,10,0	00:35,0,0,0	00:43,0,0,10	33:0,0,0,45	00:19,7,0,0	01:13,12,0,0	33:0,0,8,24	00:59,0,0,0	03:27,0,0,7	03:17,0,0,4	03:22,0,1,7	00:23,0,0,0	33:3,0,0,13	01:23,7,0,0	03:14,0,0,31	00:26,0,0,7	03:22,0,0,11	03:18,0,7,7	02:27,0,7,0	01:31,8,0,0	03:11,0,0,9	01:38,16,0,0	03:30,0,0,12	00:63,0,0,0	01:29,29,0,0	00:14,0,0,5	00:26,0,0,0	02:25,0,5,0	03:9,8,0,7	13:6,4,0,8	01:2,33,0,0	00:34,0,0,0	00:32,0,0,0	03:49,0,0,5	00:17,0,0,0	03:16,0,0,7	00:44,14,0,0	00:34,0,0,0	03:19,0,0,12	00:31,10,0,0	00:25,0,0,7	02:39,0,17,0	03:35,0,0,13	13:15,6,10,9	00:19,0,9,0	02:13,0,4,2	00:22,0,0,10	00:13,9,0,0	00:38,0,0,0	00:28,0,0,0	02:23,0,6,0	02:37,0,12,0	02:17,0,6,0	00:31,0,0,0	00:25,0,0,0	33:7,0,0,25	00:17,0,0,0	00:47,0,0,0	00:46,0,10,0	03:15,0,0,51	00:40,0,0,0	03:12,0,0,25	00:32,0,0,3	00:51,0,0,0	01:24,13,12,0	00:48,0,0,12	33:0,0,0,25	00:23,0,0,0	00:15,0,0,3	23:0,0,6,25	02:30,0,18,0	02:37,0,5,0	01:21,13,0,0	22:0,16,23,0	02:24,0,11,0	02:13,0,7,0	03:21,0,0,8	03:5,0,0,21	01:23,20,0,0	00:40,0,0,0	00:38,0,0,0	33:11,0,0,26	13:10,18,0,35	01:33,6,0,0	02:8,0,2,0	03:5,0,0,20	03:38,0,0,11	01:20,7,11,0	23:13,0,11,33	12:18,16,7,0	03:8,0,0,2	03:1,0,0,18	00:24,0,0,0	22:0,0,45,0	33:17,0,0,31	00:44,0,0,8	00:26,0,2,0	22:0,10,44,0	00:43,0,0,13	00:51,0,0,0	33:16,0,0,36	11:0,29,18,0	22:0,0,30,0	22:0,0,47,0	00:50,0,0,0	22:22,0,45,10	00:51,0,0,0	03:14,11,0,13	33:0,0,0,23	02:9,0,13,0	01:19,11,0,0	00:12,0,11,0	01:22,19,0,0	33:0,0,11,16	22:19,0,23,0	00:41,0,0,13	00:35,0,0,0	33:0,0,0,41	22:0,0,16,0	33:12,0,0,45	33:17,0,9,16	11:10,30,0,0	00:26,0,0,0	00:23,0,0,5	00:28,0,0,0	00:51,0,0,0	00:16,0,1,0	00:18,0,0,0	00:15,0,0,15	11:0,32,0,0	00:68,0,0,0	00:38,0,0,0	00:15,0,0,12	33:4,0,0,9	01:14,22,6,0	00:29,0,0,13	00:27,0,0,0	22:0,0,43,0	01:39,16,0,0	33:4,0,0,23	03:12,9,0,4	00:31,0,0,0	33:0,0,0,23	02:5,0,13,0	13:0,10,0,11	00:32,0,0,12	00:35,0,0,19	00:28,0,0,0	01:24,9,12,0	03:14,0,0,10	01:14,3,0,0	00:17,0,9,0	00:22,0,0,8	00:16,0,0,0	13:0,12,0,0	00:33,0,0,15	00:20,0,0,0	33:0,0,0,41	00:72,0,0,0	01:33,9,0,0	02:6,0,3,2	02:14,9,7,0	02:2,0,27,0	33:0,0,16,48	13:0,33,0,7	11:19,29,0,0	03:12,0,0,5	01:25,13,16,0	00:30,0,0,0	03:7,0,0,13	33:17,0,0,20	33:12,0,0,27	01:32,10,0,0	03:27,0,0,10	00:13,0,0,9	13:11,7,0,9	00:28,0,0,0	13:34,14,0,14	01:40,13,0,0	00:40,0,0,0	03:5,0,0,15	00:43,0,0,0	03:31,0,0,27	03:32,0,0,9	03:35,0,0,10	00:50,0,0,0	00:35,0,0,0	11:6,16,0,0	00:17,0,0,14	00:32,0,0,0	00:34,0,0,0	13:0,33,0,11	01:33,12,0,0	01:7,22,0,0	00:69,0,0,0	00:41,0,0,18	01:31,9,0,0	02:12,8,7,0	03:11,12,0,8	33:4,0,0,20	03:11,0,0,42
2_51	32	03:32,7,0,57	NA:0,61,0,63	03:41,0,16,26	00:73,0,0,27	00:116,0,0,0	00:85,28,0,0	00:120,0,0,0	00:95,0,29,0	11:0,95,0,0	00:80,0,0,30	00:21,0,0,64	22:19,0,55,0	NA:32,0,0,40	00:91,0,0,0	00:44,0,0,29	00:63,23,0,0	00:85,0,0,0	03:137,0,0,0	11:65,29,0,0	00:101,0,0,0	22:0,0,89,0	00:56,0,26,0	00:99,0,0,0	13:0,20,25,19	00:70,0,0,32	01:38,49,0,0	00:64,0,25,0	03:83,0,0,49	02:108,0,0,0	00:23,0,0,70	03:70,0,0,26	00:123,0,0,0	22:65,0,43,0	NA:0,0,0,100	03:50,0,0,101	22:21,0,72,0	00:96,0,0,0	00:80,0,24,0	02:74,0,18,0	00:70,24,0,23	00:96,0,0,0	33:0,0,0,96	NA:97,0,0,0	01:40,20,0,44	23:0,0,23,71	00:62,35,26,0	NA:69,0,0,0	22:77,0,0,0	00:71,0,0,0	03:122,0,0,0	33:67,0,0,15	00:65,0,0,0	33:0,4,0,89	NA:43,0,34,16	03:33,21,0,22	02:109,0,0,0	00:129,0,0,0	00:144,0,0,0	03:97,0,0,0	01:65,71,0,0	00:83,0,0,12	00:140,0,0,0	01:50,39,0,25	01:55,0,0,12	NA:68,0,12,0	00:68,0,0,0	NA:17,0,0,85	33:45,0,0,35	11:0,104,0,0	00:140,0,0,0	00:99,0,0,33	00:106,0,0,0	00:80,13,0,0	33:0,0,24,80	00:94,0,0,0	NA:84,0,0,0	03:79,0,0,31	02:36,0,78,0	00:79,0,0,26	02:88,0,22,0	00:148,0,0,0	01:21,26,31,22	00:118,0,0,0	02:49,0,25,0	00:79,0,0,19	11:60,22,0,0	00:126,0,0,0	03:71,14,23,0	NA:0,26,50,34	02:71,0,31,0	00:96,0,0,0	00:95,0,0,0	00:74,0,0,24	33:18,0,0,102	00:65,0,0,23	00:88,0,27,0	00:93,0,0,30	03:25,0,0,141	00:39,33,37,0	33:49,0,0,36	NA:14,0,0,70	00:78,0,0,37	01:75,0,24,0	00:94,28,0,0	33:0,0,0,90	00:64,0,0,39	33:61,0,0,19	22:0,0,19,72	00:37,0,0,63	02:73,0,18,18	01:65,9,0,0	12:25,49,40,0	02:92,0,49,0	00:69,0,0,20	00:76,0,0,0	02:29,0,35,28	01:73,40,24,0	11:48,27,0,0	00:133,0,0,0	00:146,0,0,0	03:58,0,0,52	00:86,17,0,0	00:100,0,0,0	13:0,25,0,79	00:130,0,0,0	02:96,0,26,0	33:19,0,30,35	01:81,0,42,0	00:81,0,0,0	00:92,0,0,0	03:13,24,0,65	12:0,32,73,0	03:99,0,0,25	00:130,0,0,0	01:26,38,31,0	22:0,0,117,0	00:109,0,0,0	00:84,50,0,0	03:69,0,1,57	11:0,69,40,0	22:36,0,64,0	22:0,0,84,0	03:52,0,0,35	13:0,62,0,99	01:81,0,49,0	33:0,44,0,69	13:0,25,39,31	00:91,0,0,0	00:120,0,0,0	00:49,0,42,0	00:123,0,0,0	33:0,32,0,61	01:21,36,17,32	00:134,0,0,0	NA:59,0,0,17	33:0,11,0,116	23:0,0,89,0	00:23,0,0,52	03:74,0,0,20	NA:91,18,0,12	00:83,0,0,0	00:76,0,19,0	00:50,0,0,36	00:27,37,51,0	00:62,31,0,0	33:81,0,0,43	03:69,39,0,10	11:0,52,0,29	03:75,0,19,48	00:84,0,0,0	00:82,13,0,0	03:24,0,0,38	01:35,24,21,19	03:106,0,0,0	22:62,0,27,0	22:0,0,109,0	00:54,44,0,0	33:20,0,0,63	02:48,0,0,48	00:52,0,45,0	03:34,0,0,67	22:16,26,48,0	11:0,88,0,0	00:100,0,0,0	00:87,0,0,14	00:63,0,25,0	00:81,0,12,0	03:64,0,0,15	NA:48,17,0,25	00:63,14,0,0	00:100,0,0,0	03:51,0,0,34	13:14,53,0,7	00:67,0,0,55	NA:86,0,0,19	33:15,0,0,107	00:32,0,0,82	11:51,30,53,0	01:59,29,0,0	00:82,0,0,0	02:18,0,63,0	33:0,0,0,131	11:0,99,0,0	01:17,102,0,0	00:56,0,36,0	11:39,62,0,14	00:111,0,0,0	03:66,0,0,27	03:26,0,0,63	33:0,0,0,111	NA:78,0,18,0	00:107,0,0,0	NA:56,0,0,70	02:39,0,22,10	00:75,0,0,0	00:130,0,0,0	03:121,0,0,11	03:94,0,0,10	13:40,37,0,27	02:58,0,9,11	03:51,0,0,87	00:119,0,0,0	00:89,0,0,0	00:122,0,0,0	00:110,0,0,0	NA:60,18,0,0	00:91,0,14,0	NA:67,8,0,0	00:98,0,0,0	NA:0,54,0,37	00:47,45,0,0	11:0,77,0,0	00:123,0,0,0	00:108,0,0,0	01:79,39,0,0	02:53,0,58,0	00:117,0,0,0	03:63,0,0,13	03:20,0,0,101
2_52	107	13:47,36,0,73	13:0,100,0,60	13:0,30,0,62	00:69,0,18,0	00:69,33,0,29	00:145,0,0,0	00:140,0,39,0	02:80,1,74,0	11:27,91,0,0	03:70,0,0,51	03:59,0,0,55	02:61,0,52,0	13:26,22,0,50	01:69,55,0,0	00:93,2,0,0	00:108,1,0,0	01:93,23,0,0	13:61,31,0,128	01:41,52,22,0	02:117,0,35,0	02:38,0,100,4	00:163,0,0,0	00:87,39,0,0	11:0,88,0,1	00:119,0,0,21	01:80,30,1,0	03:61,33,0,36	11:85,79,0,0	00:132,0,1,0	01:50,29,0,31	01:76,35,0,32	01:40,36,57,1	00:129,0,0,0	23:0,0,27,100	03:111,0,0,101	12:0,38,68,39	02:41,24,48,0	00:93,0,29,0	01:72,14,0,0	33:72,0,0,62	00:150,0,0,0	02:39,0,39,60	13:78,27,0,35	01:92,35,0,33	33:0,2,0,103	02:92,0,87,2	00:56,0,0,19	00:134,0,0,0	00:122,0,0,0	00:96,0,0,22	11:1,31,15,33	00:66,0,26,0	03:105,0,0,40	00:118,5,33,0	00:101,0,0,24	01:76,21,0,0	00:113,0,18,0	00:139,21,0,0	00:67,2,0,31	01:32,106,6,0	33:46,1,0,82	00:185,0,0,0	00:109,22,0,0	02:72,0,23,0	03:75,0,0,21	00:78,0,0,0	02:66,0,31,27	03:23,27,0,50	11:0,75,23,0	00:125,0,0,42	00:162,0,0,0	00:128,0,0,0	03:75,0,0,34	03:82,0,0,80	00:174,0,0,0	00:89,0,0,0	02:121,0,27,0	02:95,0,85,0	00:81,0,0,20	00:76,26,0,35	03:50,0,0,129	33:0,0,0,113	02:96,0,24,0	02:62,0,21,0	00:139,0,0,0	03:75,0,0,22	02:111,0,25,0	00:93,0,0,33	02:116,0,26,0	00:115,0,0,36	00:66,0,0,14	03:99,0,0,19	00:111,0,0,33	33:1,0,0,139	00:97,0,0,0	13:39,38,0,61	01:66,46,0,31	12:1,56,97,91	02:119,0,21,0	00:77,0,0,14	00:65,0,15,0	00:125,0,0,43	03:73,22,0,20	00:175,0,0,0	03:63,0,0,55	00:82,1,23,0	00:88,0,0,21	03:32,0,0,94	00:127,0,0,43	00:83,0,0,33	00:95,0,0,28	03:19,62,0,58	12:90,41,33,0	00:49,0,1,55	02:90,0,13,0	03:37,0,0,64	00:33,79,0,0	00:44,1,72,0	03:126,0,0,26	00:200,0,0,0	33:43,0,0,121	00:106,1,0,0	00:128,0,0,0	33:0,0,0,159	02:80,23,28,0	00:106,0,0,0	33:0,0,0,146	00:120,0,0,44	02:109,0,23,0	03:31,0,0,114	03:60,0,0,62	22:0,28,87,0	00:169,0,0,0	00:96,0,0,30	01:31,27,56,0	22:3,52,108,0	00:99,0,0,31	00:185,0,0,0	00:117,0,0,56	12:0,60,86,2	23:0,0,98,32	22:0,0,105,0	03:90,0,0,32	13:0,69,0,147	01:106,45,2,0	33:0,0,0,143	01:15,40,0,46	00:109,0,0,4	00:172,7,0,0	02:77,0,72,0	00:97,31,0,2	33:0,0,0,124	01:65,41,32,0	00:185,0,0,1	02:102,0,29,0	33:2,1,0,164	23:0,0,100,21	03:49,0,0,85	00:64,0,38,24	00:129,26,0,0	00:104,0,0,0	00:116,0,0,0	00:134,0,0,0	01:103,45,0,0	01:32,36,28,0	33:61,0,0,73	00:150,0,0,0	11:0,95,0,0	03:113,0,0,60	00:127,0,0,2	03:59,0,0,37	00:64,0,0,24	00:139,32,0,10	03:124,0,0,27	02:42,0,29,22	22:0,0,110,0	00:101,41,0,6	00:51,0,0,64	00:74,2,0,56	00:70,21,0,0	03:35,0,0,96	02:47,0,35,23	11:3,65,16,0	03:86,25,0,31	00:171,0,0,0	00:136,0,0,0	00:125,2,0,0	00:54,20,0,0	01:71,20,0,0	00:109,14,0,0	02:69,0,70,0	00:85,1,0,0	11:27,57,0,0	00:172,3,0,0	00:107,0,0,26	33:0,0,39,156	00:77,0,0,78	00:103,0,0,2	00:110,23,1,4	00:95,23,0,0	22:1,0,123,0	33:4,0,0,180	11:0,97,0,36	01:42,131,0,3	03:50,0,0,56	00:123,0,0,0	00:123,0,0,1	00:80,21,0,3	03:71,0,0,63	03:25,0,0,104	01:94,58,0,0	00:114,0,0,26	23:33,0,23,46	00:62,0,0,54	00:93,0,0,0	00:139,37,0,0	00:88,46,0,43	00:114,0,0,2	03:34,0,0,97	00:142,0,0,0	33:0,0,0,125	00:123,0,0,26	00:91,0,0,28	00:161,0,0,2	00:162,0,0,1	03:65,23,0,20	00:99,0,0,5	01:47,55,0,0	00:158,0,0,0	11:0,96,0,29	00:148,1,0,0	11:23,117,0,0	00:160,0,1,0	00:127,0,0,44	02:78,32,24,0	00:147,0,3,0	00:124,0,0,45	33:17,0,0,67	33:0,0,0,202
3_52	32	03:53,0,0,90	33:0,46,0,71	03:35,40,0,28	02:66,0,23,0	03:97,0,1,32	00:60,0,0,0	00:137,0,0,0	00:87,0,51,0	01:21,87,0,0	00:62,0,0,31	00:69,0,0,22	00:57,0,30,0	03:33,1,0,34	00:56,16,0,0	01:36,22,0,0	13:31,11,0,22	03:30,33,15,20	00:86,45,0,0	01:63,54,0,0	13:28,20,0,58	22:0,0,121,0	00:135,0,0,0	00:82,0,0,0	01:12,39,0,0	00:70,0,0,0	03:13,37,0,40	01:54,22,0,37	00:89,54,0,0	00:87,0,0,0	00:49,31,0,0	03:43,43,0,47	00:87,32,0,0	03:85,0,0,44	03:30,0,0,61	00:147,0,0,19	22:0,37,56,0	00:57,0,26,0	02:113,0,21,0	00:61,0,0,0	03:23,0,0,39	00:89,0,0,0	33:0,15,39,44	01:29,29,0,24	00:63,10,0,0	33:0,0,0,83	00:58,0,43,0	00:78,0,0,0	00:68,0,0,0	00:86,0,0,0	13:37,14,0,63	33:0,0,0,68	00:64,0,0,0	33:0,0,0,161	00:121,0,0,0	33:33,0,0,56	00:66,39,0,0	00:89,0,12,0	00:101,13,0,0	03:49,0,0,24	01:121,71,0,0	33:0,0,0,103	00:146,0,0,0	00:74,0,0,13	03:47,0,0,24	03:18,0,0,24	13:60,12,0,31	00:53,0,19,0	01:33,22,0,16	11:0,55,0,0	33:62,0,0,46	00:83,0,0,0	00:94,0,0,0	01:26,5,0,28	00:88,0,0,0	00:119,0,0,0	00:91,0,0,0	00:63,0,29,0	00:54,37,11,0	03:22,33,15,14	01:56,31,0,0	01:64,18,0,16	33:9,0,0,40	01:106,13,0,0	00:92,0,0,0	00:70,0,0,31	01:43,25,0,0	00:131,0,0,0	00:98,0,0,0	23:0,0,82,29	00:115,0,0,0	03:40,0,26,11	03:30,13,0,22	00:50,0,0,51	33:37,0,0,64	03:76,0,0,23	00:111,0,0,0	00:81,0,0,40	33:20,1,0,115	00:38,0,47,0	33:48,0,0,58	03:37,0,0,52	00:128,0,0,0	11:27,24,0,0	00:89,0,0,0	33:0,0,0,92	13:19,37,0,50	33:45,0,0,70	00:46,0,23,35	03:77,0,0,65	00:73,0,0,0	03:80,0,0,28	11:0,65,20,0	00:72,0,49,17	01:80,12,1,0	01:38,53,0,0	00:51,0,23,7	00:163,1,0,0	00:82,0,0,0	00:123,0,1,0	03:106,0,0,50	13:75,40,0,29	02:117,0,22,0	02:61,0,51,0	33:0,0,0,129	03:58,0,0,105	12:24,24,21,0	33:20,0,0,83	01:64,44,0,0	03:35,0,0,43	03:46,0,39,47	00:121,0,0,0	12:0,20,99,0	03:61,0,0,52	00:134,0,0,0	12:23,42,70,0	11:0,105,30,0	00:76,0,0,44	00:185,0,0,0	00:72,0,0,28	11:1,104,33,0	22:29,0,59,0	22:0,0,61,0	00:69,0,0,0	33:0,46,0,134	00:51,35,0,27	33:0,0,0,67	33:0,0,0,75	33:54,0,0,49	33:72,0,0,66	00:79,0,26,0	00:72,52,0,36	33:0,0,0,101	02:17,0,43,0	00:111,0,0,48	00:71,21,0,0	01:74,39,0,36	02:20,0,53,0	33:0,0,16,59	00:137,0,0,0	03:46,0,0,41	00:77,0,0,23	02:43,33,31,0	00:80,0,0,0	02:94,0,40,0	00:25,0,39,0	03:39,0,27,30	00:61,0,16,0	01:31,102,0,0	00:79,0,0,0	00:131,0,0,0	23:23,0,19,35	00:65,11,0,0	00:108,0,0,0	02:83,0,30,0	03:49,0,0,15	02:24,18,54,0	00:50,19,0,0	03:58,0,0,54	33:29,0,0,62	01:45,29,0,0	33:0,0,0,96	23:0,0,30,50	12:0,48,24,0	00:59,0,0,23	00:118,0,0,0	02:44,23,31,0	00:101,0,0,0	00:90,0,0,0	03:65,0,0,29	00:73,0,22,0	00:98,0,0,0	03:58,0,0,22	11:0,47,0,0	00:74,0,28,0	00:45,0,0,0	33:0,11,0,62	13:0,18,0,82	01:68,46,0,0	11:0,26,0,75	00:59,55,0,0	12:0,55,69,0	33:0,0,0,144	13:28,38,0,34	11:25,89,0,0	03:14,16,0,38	01:80,8,0,0	00:100,0,0,0	00:58,0,23,0	03:44,0,0,43	33:0,0,0,70	12:27,57,23,0	03:68,0,0,68	00:58,0,26,0	13:26,17,15,27	03:67,0,0,9	01:120,56,0,0	01:92,41,0,0	00:80,0,0,23	33:22,0,0,31	03:67,0,0,43	03:70,0,0,92	03:54,26,0,42	03:61,0,0,37	00:76,0,17,0	00:94,0,0,28	00:46,42,0,22	02:83,32,31,0	01:72,9,0,0	00:129,0,0,0	13:0,32,0,61	00:50,60,0,0	01:13,18,18,0	00:112,0,0,28	00:68,31,0,37	01:51,20,0,25	00:109,0,0,0	03:36,31,0,27	03:19,0,0,65	33:33,0,0,85
2_53	75	00:86,0,0,5	13:6,65,0,35	03:17,0,1,38	00:61,14,0,0	01:58,42,0,0	00:103,0,0,0	02:81,0,27,0	02:60,0,23,0	11:0,73,0,0	03:38,0,0,29	03:41,0,0,47	02:22,0,23,0	03:35,0,0,36	01:45,18,12,0	00:64,8,0,0	03:50,0,0,8	00:103,0,0,0	00:130,0,0,0	11:0,56,0,0	00:80,0,0,6	22:11,0,82,0	00:95,0,0,0	01:32,25,4,0	11:0,42,0,0	03:52,0,0,34	01:71,16,0,0	02:42,15,19,0	00:78,12,0,20	00:59,0,0,6	03:40,0,0,52	03:57,0,0,46	22:36,0,35,11	00:63,0,0,12	03:20,8,0,30	33:3,0,0,121	23:17,0,47,24	01:39,21,0,13	02:30,19,34,23	00:37,28,0,0	01:43,23,0,16	00:117,0,12,0	33:11,0,0,47	00:60,16,0,0	03:51,0,0,27	33:0,0,0,67	02:36,16,47,0	03:37,0,0,30	00:63,0,0,3	01:61,14,0,5	00:96,0,0,0	23:0,0,13,47	02:42,0,13,6	00:40,1,0,35	02:17,0,63,3	00:86,25,0,0	00:58,0,11,4	00:57,0,0,6	00:79,0,0,7	00:72,0,6,0	01:53,38,0,0	33:0,0,0,81	00:105,0,20,0	00:48,44,0,0	03:47,0,0,12	03:38,0,0,12	00:46,0,3,8	03:56,0,0,5	13:32,43,0,14	12:2,42,24,0	03:60,0,0,44	00:85,0,0,5	00:93,0,0,10	00:57,0,0,14	01:95,31,0,0	00:76,0,11,16	00:49,14,0,0	03:36,9,0,18	00:70,0,18,0	03:36,0,11,12	00:63,6,3,0	00:79,0,0,8	33:26,0,0,62	00:58,4,0,0	00:39,0,15,0	00:68,0,0,27	03:46,0,0,41	00:75,7,0,0	03:70,0,0,21	02:35,0,31,14	00:68,0,0,0	02:31,0,33,0	03:56,0,0,23	01:41,22,0,16	33:12,0,0,74	00:74,0,0,0	01:32,19,0,25	01:35,34,0,9	03:64,0,10,51	00:82,0,0,0	01:22,40,0,17	00:54,4,0,0	03:46,0,0,48	00:78,0,0,0	00:71,0,0,18	33:10,0,0,56	02:41,0,37,0	03:48,0,8,6	03:25,0,0,61	03:53,0,6,43	03:70,0,0,30	00:49,0,0,7	11:30,76,0,0	03:51,0,0,34	03:63,1,0,28	00:60,0,15,0	33:4,5,0,40	01:91,36,0,0	02:60,0,20,10	00:82,0,19,14	02:42,0,41,0	23:37,0,38,40	02:40,2,13,14	03:28,0,0,7	13:0,0,13,67	00:107,0,0,0	00:77,0,0,0	03:45,0,0,42	00:87,0,0,0	00:59,0,3,0	03:67,0,0,44	00:89,0,0,12	22:0,10,82,0	03:43,0,22,28	03:83,0,0,36	02:5,0,37,31	12:0,92,16,0	03:52,0,13,48	00:112,0,0,0	03:20,0,0,86	12:0,69,21,0	22:0,0,86,0	22:0,0,97,0	00:73,0,0,0	23:0,0,26,98	00:91,0,24,0	33:0,0,0,73	33:29,0,0,65	02:47,0,7,6	00:85,0,0,8	02:31,0,53,0	01:43,43,0,0	33:23,0,0,39	02:32,0,54,0	00:74,0,20,0	00:68,0,0,0	33:64,0,0,57	22:3,6,44,0	03:0,0,0,66	23:33,0,17,25	01:60,7,0,0	00:49,0,0,0	00:75,0,0,0	00:39,9,0,17	02:60,0,12,0	00:52,0,0,6	03:61,0,0,20	00:114,0,0,4	13:19,42,0,17	00:143,0,4,0	00:92,0,0,0	00:47,5,4,0	03:21,0,0,36	01:81,27,1,7	03:65,0,0,28	00:26,0,0,18	22:0,19,63,0	00:80,24,0,0	33:10,0,14,52	33:38,0,0,37	01:68,0,0,0	03:15,10,0,34	02:28,19,10,0	13:19,21,0,10	00:88,0,0,0	00:118,1,0,11	00:47,0,0,12	13:41,16,8,22	01:35,19,2,0	01:43,26,0,0	03:48,7,0,20	00:80,0,0,3	00:58,0,0,0	13:7,29,0,11	00:110,0,0,0	00:62,0,0,4	23:7,11,26,42	00:72,0,0,18	02:56,0,32,1	02:36,5,13,0	03:55,12,0,23	01:28,12,22,6	33:26,0,12,83	11:0,49,0,23	11:5,76,8,0	00:50,0,0,16	01:44,26,8,14	00:73,7,0,0	13:27,39,0,19	03:52,0,3,26	33:40,0,3,29	00:94,15,0,0	00:88,0,12,0	03:47,0,0,57	13:27,19,8,16	00:70,0,0,6	03:82,0,4,20	03:42,2,9,38	00:63,15,4,6	03:18,0,4,16	00:55,4,0,16	33:0,10,0,74	00:74,0,26,2	01:48,12,9,0	00:41,0,0,31	00:58,0,0,0	00:59,0,8,0	00:79,0,0,0	33:19,2,0,64	33:30,0,0,78	33:0,39,0,47	13:8,14,5,32	11:15,35,0,5	00:69,0,38,2	00:94,0,0,0	00:37,14,9,0	00:54,7,11,10	22:34,33,72,0	13:10,6,0,45	33:0,0,0,100
4_53	31	00:75,0,0,0	13:0,35,0,45	33:17,0,0,27	00:34,15,0,8	00:78,0,0,0	00:70,0,0,0	03:64,0,0,27	00:96,0,0,0	11:0,44,0,0	00:58,0,0,0	00:48,0,0,0	02:11,0,27,0	33:0,7,0,33	00:49,0,30,0	01:41,21,0,0	00:42,23,0,0	03:46,0,0,27	00:63,0,21,25	00:37,15,0,11	01:46,25,0,0	22:0,0,64,0	00:93,0,0,0	00:86,0,0,0	01:16,28,0,0	00:60,0,0,0	00:57,0,0,0	01:44,23,0,0	03:62,0,0,18	00:40,0,0,0	00:37,0,6,27	00:82,0,0,0	00:80,0,0,0	03:65,0,0,13	23:0,0,11,62	00:68,0,0,21	22:0,0,87,0	00:59,0,0,0	02:63,0,26,0	00:33,0,4,0	03:39,0,0,14	00:41,0,0,13	33:0,0,0,68	00:84,0,0,0	00:53,0,0,0	03:17,0,0,30	00:71,0,0,0	00:20,0,0,11	00:27,0,0,9	03:29,0,0,19	03:74,0,0,10	00:28,0,0,19	00:47,6,0,0	33:14,0,0,83	00:72,0,0,0	00:52,0,0,0	02:26,0,19,15	00:75,0,0,0	00:85,0,0,0	00:51,0,0,0	01:35,54,0,0	03:27,0,0,36	02:53,0,38,0	13:22,37,0,27	02:30,0,11,0	00:36,0,0,0	00:39,0,19,0	13:12,9,0,27	00:21,12,0,13	11:18,44,0,0	00:77,0,0,0	00:63,0,0,0	00:67,0,0,30	01:26,18,0,0	33:22,0,0,15	03:50,0,0,18	00:69,0,0,0	00:54,0,0,12	00:93,0,0,0	03:65,0,0,15	00:58,0,18,0	00:70,0,0,27	02:35,19,0,14	02:71,0,14,0	02:40,0,28,0	13:42,29,0,9	00:37,0,0,0	00:65,0,0,0	03:45,0,0,29	02:34,0,24,0	00:64,0,15,0	00:34,0,14,0	00:69,0,0,0	00:88,0,0,0	03:14,0,0,59	03:48,0,1,14	00:84,0,0,0	03:37,0,0,20	33:25,0,0,66	00:60,0,0,0	13:0,16,0,37	13:25,13,0,10	03:29,0,0,39	02:47,0,10,0	03:50,0,0,30	13:0,11,0,52	00:61,0,0,0	02:45,0,20,0	33:0,0,14,26	00:92,0,0,0	03:31,0,7,13	33:13,15,0,34	01:46,13,16,0	00:70,0,0,27	00:44,0,0,0	00:59,0,0,0	03:41,0,0,17	01:60,19,0,0	02:45,0,10,0	00:103,0,0,0	02:47,0,23,18	22:19,27,36,0	00:73,0,0,0	01:22,12,12,0	03:12,0,0,60	33:18,0,0,52	00:44,15,0,0	03:9,0,0,60	00:70,0,0,0	00:16,0,10,5	00:80,0,0,0	00:73,0,0,0	22:0,25,59,0	01:29,32,0,23	00:77,0,0,0	02:16,9,42,0	22:0,20,51,0	00:83,0,0,0	03:66,0,0,23	03:70,0,0,19	11:0,94,0,0	02:27,0,55,0	22:27,0,30,0	00:51,0,0,13	33:0,40,0,50	00:98,0,0,0	23:0,0,26,52	33:0,0,0,90	33:27,0,0,27	00:81,0,0,0	02:34,0,27,0	03:34,0,0,54	33:15,0,0,49	03:30,0,0,35	00:124,0,0,0	00:67,0,0,0	33:27,0,0,70	02:17,0,36,0	33:0,0,0,75	00:66,0,6,0	01:58,16,0,0	03:16,0,0,32	00:52,0,0,11	00:19,0,8,0	00:95,0,0,0	00:39,0,0,0	00:69,0,0,0	00:88,0,0,0	13:0,11,1,54	03:39,0,0,56	00:66,0,19,0	03:27,0,0,27	00:39,0,0,0	02:12,0,25,7	00:74,0,0,0	01:4,19,0,3	22:0,0,67,0	01:39,27,0,0	03:13,0,0,43	03:48,0,0,15	03:20,0,11,13	00:44,0,0,41	00:42,20,0,0	11:13,36,0,0	00:69,12,0,0	33:14,31,0,34	03:43,0,0,14	02:53,0,12,0	00:35,10,0,0	00:37,0,0,0	01:52,13,0,0	00:61,0,0,8	00:37,0,0,0	11:0,52,0,0	01:61,29,0,0	00:28,0,7,0	33:0,0,0,64	23:52,0,15,24	00:48,25,0,0	00:63,0,0,0	00:63,0,0,0	11:0,25,40,0	33:0,0,0,94	22:33,17,29,0	01:51,26,0,0	03:40,0,0,7	02:60,0,6,9	00:61,0,0,0	00:32,0,0,10	03:61,0,0,29	33:0,0,0,48	00:80,0,0,0	00:71,0,0,0	03:35,0,0,18	23:1,0,19,23	00:48,0,0,0	00:112,0,0,0	03:43,0,0,40	00:65,0,0,9	33:0,12,0,26	03:23,0,28,40	33:41,0,0,41	23:52,0,18,22	03:44,0,0,15	03:29,0,0,41	00:66,0,0,0	03:22,15,0,19	22:17,0,40,0	11:17,31,0,0	00:70,0,0,0	11:0,63,0,0	00:76,0,0,0	11:0,39,0,0	00:94,0,0,0	00:56,31,0,0	11:0,62,0,20	00:94,0,0,0	00:53,0,0,0	00:34,0,0,11	33:0,0,0,72
2_54	41	03:26,27,0,34	13:0,41,0,39	33:0,0,0,71	02:30,0,12,0	03:45,0,11,32	01:47,40,0,0	00:77,0,24,0	00:67,0,29,0	01:17,28,16,0	03:58,0,0,49	00:69,0,0,21	03:32,0,24,9	00:38,0,0,37	00:52,18,0,0	02:36,23,6,0	00:34,17,0,21	03:77,0,0,14	03:77,0,0,35	12:19,26,24,0	00:87,0,0,0	12:0,14,83,0	03:76,0,0,11	03:40,0,18,10	11:0,41,23,0	03:78,0,0,21	00:63,0,0,12	01:31,50,0,0	00:105,0,0,0	00:101,0,0,0	03:21,0,0,59	03:72,0,0,25	02:60,0,16,0	00:72,0,0,26	03:35,0,0,38	13:39,20,0,82	12:0,18,56,29	01:67,12,0,0	00:50,0,0,43	02:48,0,17,0	00:49,0,26,15	03:69,0,0,13	33:0,0,24,49	03:72,1,0,38	01:18,40,0,14	02:8,0,29,46	02:72,0,57,0	03:55,0,0,11	00:77,0,0,0	00:55,16,0,0	00:52,0,0,21	03:13,0,0,49	00:70,0,0,0	03:19,0,0,101	03:53,0,36,15	00:64,0,0,22	00:79,1,0,0	00:94,0,0,0	00:106,0,0,0	00:100,0,0,0	02:63,34,12,0	03:29,0,14,37	00:101,0,0,29	11:22,73,0,0	00:65,0,0,0	00:42,0,9,0	03:44,0,0,9	13:19,32,0,18	00:35,0,0,35	11:0,81,0,0	00:97,0,0,37	00:136,0,0,0	00:106,0,0,0	00:47,28,0,0	00:117,0,0,0	03:55,22,0,13	00:64,32,0,0	00:53,0,0,51	02:60,0,32,0	03:52,0,0,26	01:58,35,0,0	00:94,0,0,0	00:42,0,0,75	02:66,0,40,0	00:80,0,0,0	00:80,0,0,15	00:63,0,0,27	01:60,7,0,20	00:90,0,0,0	02:81,0,36,0	00:85,0,0,0	12:38,8,23,0	03:62,0,0,11	00:85,0,0,0	33:26,0,0,91	00:50,0,1,10	00:92,22,0,0	03:29,28,22,17	23:39,0,17,73	01:108,12,0,0	33:0,17,0,61	00:62,0,0,22	23:56,0,16,44	00:80,0,0,0	02:87,0,13,0	33:24,0,0,42	00:68,0,22,0	01:41,5,0,10	33:0,0,0,94	02:68,0,7,22	00:44,0,0,27	03:42,23,0,14	00:44,50,0,0	00:91,0,19,0	00:56,0,0,0	00:63,10,0,0	00:55,0,14,0	03:55,34,0,21	00:43,0,18,0	00:91,0,0,0	00:134,0,0,0	33:19,0,0,83	03:79,0,0,10	00:106,0,0,0	03:18,0,0,85	00:80,0,0,26	00:68,0,0,0	23:20,0,8,55	03:48,0,0,27	00:59,16,0,0	03:67,0,0,24	00:68,0,0,0	22:0,26,63,0	03:62,0,0,44	03:30,0,0,63	02:67,0,10,0	22:0,0,123,0	03:60,0,0,13	00:75,0,32,0	03:80,0,0,21	11:0,78,15,0	22:0,0,112,0	22:0,0,77,0	00:93,0,0,0	33:28,0,0,85	00:97,0,0,0	33:0,20,2,85	33:0,0,0,73	03:58,0,0,9	00:99,0,0,0	00:79,0,16,0	00:48,0,0,59	33:0,0,0,70	02:50,0,26,0	00:114,0,0,0	00:103,0,0,0	03:73,0,0,24	02:17,0,61,0	33:26,0,0,43	33:26,0,0,53	01:46,57,0,0	00:43,0,20,28	00:57,0,0,0	00:86,0,0,0	00:97,0,0,0	00:44,0,21,0	00:86,0,0,0	03:82,0,0,28	11:0,83,0,0	00:97,0,0,0	00:58,0,21,0	00:38,34,0,16	03:45,0,0,12	01:40,19,0,27	00:103,0,0,0	01:60,16,0,0	22:0,18,78,0	00:77,16,0,0	03:36,0,0,49	23:18,45,21,21	00:52,0,29,0	33:0,0,0,103	02:46,8,20,0	11:0,49,0,36	00:83,0,0,0	00:67,0,0,19	00:71,0,0,0	00:67,0,19,0	03:50,0,0,12	01:55,15,0,0	00:44,0,29,0	01:59,26,0,16	02:47,0,23,0	13:0,46,0,16	00:57,0,0,39	00:78,0,0,0	13:0,22,0,73	23:47,0,20,23	00:71,37,0,0	03:59,0,0,10	01:50,30,0,0	12:0,8,77,0	33:0,0,27,100	11:0,86,0,0	01:37,77,0,0	03:33,0,0,21	03:49,0,17,31	00:57,0,0,29	03:64,0,0,28	03:40,0,0,31	33:5,0,0,66	00:82,0,0,0	00:111,0,0,0	03:17,0,0,87	01:5,36,0,19	00:69,0,0,0	03:73,0,0,41	03:56,0,0,32	03:45,0,0,32	03:40,0,0,47	03:25,0,0,53	03:43,0,0,58	00:97,0,0,0	01:44,39,0,0	00:110,0,0,0	00:108,0,0,0	00:75,0,0,0	02:73,0,28,0	13:26,16,0,30	03:65,0,0,35	13:0,57,0,25	03:47,0,0,31	11:0,96,0,0	00:118,0,0,0	00:83,0,0,0	01:26,58,0,0	00:113,0,0,0	02:67,0,17,17	03:17,0,0,39	33:0,0,0,93
4_54	44	03:56,0,0,40	11:0,70,0,32	33:0,0,0,68	02:56,0,20,0	03:77,0,0,46	01:92,33,0,0	11:79,52,0,0	00:91,0,0,0	13:0,61,0,45	03:47,0,0,34	00:109,0,0,0	03:46,0,0,26	01:20,29,0,20	00:88,0,0,0	00:39,0,20,0	00:78,0,0,0	03:55,0,0,30	00:130,0,0,0	11:77,15,0,0	00:70,0,0,50	12:0,28,53,41	00:75,0,0,29	03:60,0,0,20	11:0,66,0,0	33:33,0,27,34	00:54,22,0,0	00:70,0,0,31	00:119,0,0,0	00:102,0,0,0	00:73,0,0,32	03:58,0,0,37	00:91,0,0,0	03:49,0,0,33	00:46,0,0,54	13:0,46,0,91	12:0,26,80,0	01:34,17,0,26	02:73,0,31,0	00:60,19,0,0	00:71,0,0,37	33:37,24,0,22	33:0,0,0,89	11:31,35,0,24	00:101,0,0,0	00:18,0,0,68	02:85,0,59,0	03:47,0,0,24	00:66,0,0,0	33:33,0,0,31	00:86,0,0,0	33:0,0,0,72	00:80,0,0,0	03:31,0,0,40	00:115,0,0,0	00:88,0,0,0	33:40,0,0,37	00:121,0,0,0	00:135,0,0,0	00:99,0,0,0	22:77,0,51,0	33:0,0,0,78	00:131,0,0,0	01:84,35,0,0	00:51,0,0,17	00:40,0,0,12	23:12,0,28,15	33:63,0,0,37	01:21,23,0,19	01:41,44,0,0	00:86,0,0,35	00:132,0,0,0	03:58,0,0,28	00:66,0,0,0	00:120,0,0,0	03:69,0,0,26	00:68,0,0,0	00:102,0,0,0	02:64,0,39,0	00:69,0,0,27	22:35,16,40,0	03:99,0,0,45	03:32,0,0,76	00:87,0,0,0	00:65,0,0,0	02:68,0,34,0	00:77,0,0,0	03:62,0,0,31	00:61,0,0,28	00:62,0,44,0	02:71,0,28,0	02:34,0,49,0	33:0,0,0,80	00:62,26,0,0	33:0,0,0,123	00:56,0,0,0	02:68,0,35,0	03:78,0,0,14	23:0,0,48,84	00:122,0,0,0	01:62,24,0,0	03:56,0,0,22	01:55,27,0,43	00:59,0,17,0	33:61,0,0,45	33:0,0,16,45	00:111,0,0,0	33:29,0,0,20	23:28,0,26,38	22:47,0,64,0	00:73,0,0,0	03:47,0,0,25	11:0,86,0,0	02:81,0,21,0	11:27,50,0,0	00:81,0,0,0	03:64,0,0,23	13:0,76,0,34	02:32,0,25,23	00:60,0,0,35	00:126,0,0,0	33:64,0,0,58	33:68,34,0,20	00:91,0,0,0	33:0,0,37,54	00:118,0,0,0	00:101,0,0,0	33:30,0,0,71	00:76,0,23,0	NA:62,0,0,0	01:46,16,0,46	00:91,0,0,0	22:0,44,68,0	03:92,0,0,37	00:81,47,0,0	22:29,10,36,0	22:0,38,91,0	00:74,0,24,0	00:95,35,0,0	00:121,0,0,0	12:0,44,60,0	22:0,0,107,0	02:41,0,32,0	00:83,0,0,28	00:36,29,0,67	00:96,0,26,0	33:0,0,0,97	33:44,17,0,35	00:52,0,0,21	00:60,0,0,28	NA:81,0,17,0	00:109,0,0,0	33:26,0,0,63	00:48,17,33,0	03:55,33,0,30	00:67,0,0,22	33:45,0,0,81	22:0,0,88,0	00:69,0,0,26	00:68,0,34,0	11:91,31,0,0	00:37,0,1,23	03:19,0,0,42	33:54,0,32,21	00:88,25,0,0	02:47,10,13,0	NA:66,0,0,14	01:77,40,0,0	11:0,59,0,24	00:121,0,0,0	12:0,61,39,0	22:41,19,22,0	NA:29,0,16,37	00:29,0,0,61	00:104,0,0,0	NA:34,0,0,39	12:0,37,67,0	01:23,63,17,0	23:0,0,22,66	01:91,19,0,0	00:69,0,21,0	13:18,35,0,55	01:36,28,17,0	03:65,16,0,15	00:70,26,0,0	00:120,0,0,0	00:61,0,22,0	00:129,0,0,0	00:68,17,0,0	00:39,26,0,19	02:70,0,20,0	00:100,0,0,0	00:56,0,0,28	NA:0,52,0,0	03:115,0,0,30	00:102,0,0,0	11:0,42,0,68	03:59,0,0,59	01:90,32,0,0	00:51,0,0,19	00:57,0,0,20	00:35,0,40,0	03:44,40,0,40	13:0,19,30,46	11:41,63,0,19	03:61,0,0,8	03:53,0,0,36	00:81,0,0,0	03:72,0,0,21	03:39,0,0,61	00:36,0,14,51	00:91,0,0,0	00:100,0,0,25	03:54,32,0,20	00:62,0,25,0	00:70,0,0,0	03:74,0,0,34	01:76,37,0,0	00:102,0,0,0	33:0,0,0,79	03:64,0,0,25	33:30,0,0,73	00:98,0,0,0	00:61,16,0,0	03:77,0,0,20	03:83,0,0,27	12:10,50,20,0	00:77,0,0,0	00:84,0,0,0	00:105,0,0,0	11:0,97,0,0	01:52,41,0,0	00:17,67,0,0	02:110,0,20,0	03:35,0,0,59	12:24,17,54,0	00:122,0,0,0	11:34,116,0,0	03:29,0,0,36	33:0,0,0,127
2_55	66	03:0,0,0,81	13:0,72,0,22	03:47,0,0,29	00:61,0,0,0	00:116,0,0,0	00:70,0,0,0	03:75,0,0,63	01:66,41,0,0	13:0,66,15,23	00:82,0,0,0	00:71,22,0,0	02:24,1,38,0	01:46,12,0,18	00:109,0,0,0	03:41,0,0,26	00:70,0,0,10	00:105,0,0,0	00:134,0,0,1	01:36,42,0,0	00:80,0,1,36	22:0,0,91,0	00:122,1,0,0	00:114,0,0,0	11:0,68,0,0	00:105,0,0,0	00:63,21,1,0	00:48,22,0,3	00:118,0,0,0	02:77,0,23,0	33:27,0,0,59	00:109,0,0,0	00:129,0,0,0	02:51,0,63,0	33:0,0,0,99	03:24,0,0,135	22:0,0,112,0	01:63,1,0,18	00:76,0,28,0	22:18,2,41,0	00:89,0,0,3	00:113,0,0,0	33:3,0,0,97	00:104,0,0,0	01:27,83,0,0	23:0,0,36,36	03:128,2,0,0	01:32,15,0,1	03:55,0,0,16	00:54,0,22,0	00:112,0,0,0	00:45,0,0,13	00:62,0,0,0	03:36,2,0,52	00:93,0,0,16	03:46,0,0,54	00:94,0,0,0	23:58,0,12,15	13:71,17,0,20	03:67,0,0,18	01:87,17,0,0	33:27,0,0,70	00:111,0,0,0	00:49,76,0,0	01:35,17,2,19	02:72,0,0,0	00:53,0,0,0	33:22,26,0,42	33:28,0,0,19	11:18,53,0,0	03:71,0,0,65	00:107,0,0,2	00:97,1,0,0	03:36,0,0,47	11:78,82,0,2	00:102,0,0,0	22:21,0,21,0	01:70,26,0,0	02:54,0,57,0	03:43,0,0,44	00:108,1,0,0	00:138,0,0,0	01:86,25,0,0	00:73,2,26,0	22:36,0,34,1	00:76,1,0,28	00:71,0,0,0	00:89,2,0,0	00:116,0,0,0	02:70,0,34,0	02:71,0,35,0	02:44,0,16,0	00:89,0,0,0	00:70,0,0,23	33:33,0,0,87	01:55,15,0,0	03:63,0,0,44	03:57,19,0,33	02:106,0,43,37	00:121,0,0,0	33:18,0,0,55	00:49,0,0,18	00:122,0,0,29	01:14,47,16,0	00:143,0,0,0	33:1,0,0,68	00:70,0,0,0	00:62,0,0,0	23:23,0,29,28	00:123,0,0,0	00:46,0,22,0	01:53,47,0,0	12:0,94,30,4	00:111,0,0,0	22:16,1,40,0	00:62,24,0,0	03:31,0,0,31	00:85,39,0,0	00:94,0,0,1	00:147,0,0,3	00:165,0,0,0	03:75,0,0,31	02:67,0,20,0	03:44,18,0,26	33:0,0,25,84	00:96,0,0,0	02:76,0,21,0	33:2,0,0,111	00:116,0,0,0	00:56,0,27,0	03:69,0,0,42	00:83,0,0,1	22:0,3,103,0	03:40,25,0,74	00:143,0,0,0	02:45,0,41,0	23:0,80,66,0	03:57,18,0,26	00:153,0,0,0	33:62,0,0,62	11:0,128,0,0	22:0,0,93,0	22:0,0,69,0	00:100,0,0,0	23:0,0,58,102	02:99,0,42,0	33:0,0,0,96	03:34,0,0,69	03:39,0,0,43	00:89,0,0,23	00:74,12,0,0	03:21,0,0,67	03:0,17,0,67	02:81,0,1,29	00:73,0,37,20	00:87,0,0,0	00:70,0,0,34	02:22,0,89,0	03:30,0,0,75	03:51,0,31,23	00:92,17,0,0	00:25,0,1,26	00:51,0,0,15	00:53,0,0,36	00:108,0,0,0	02:53,0,11,0	00:101,0,0,0	03:31,15,0,52	01:24,63,0,0	00:135,0,0,0	01:79,34,0,0	03:46,0,0,5	02:44,0,13,13	03:51,0,11,28	00:122,0,0,0	01:55,15,0,1	22:28,33,49,0	02:84,0,29,0	03:30,0,0,45	02:60,0,21,14	00:78,0,0,0	03:66,0,0,27	02:36,11,14,0	11:0,48,0,14	00:119,3,0,0	03:81,0,0,32	00:63,0,0,12	00:74,0,30,0	01:26,18,0,0	01:43,25,0,0	00:61,35,23,0	00:108,0,0,0	00:55,0,0,0	11:23,32,0,0	00:166,0,0,0	00:80,0,0,44	33:0,0,0,140	03:38,32,0,58	01:47,60,0,0	03:20,0,0,61	02:40,22,12,0	02:49,0,29,0	03:48,0,0,84	13:3,45,13,34	03:78,5,0,35	03:59,4,0,0	03:64,0,0,28	03:52,15,0,17	00:70,0,0,2	03:49,0,0,32	02:20,0,26,25	02:53,37,23,0	03:56,0,20,37	02:19,0,0,41	02:60,0,23,0	01:42,15,1,13	03:151,0,0,0	03:83,0,0,55	00:73,0,12,1	33:36,0,12,25	00:109,0,0,0	23:0,0,30,95	00:83,0,18,0	00:98,0,0,1	00:102,0,0,3	03:97,0,0,28	00:91,0,0,0	01:52,11,26,0	03:29,21,0,15	33:51,0,0,63	13:0,40,0,35	33:45,0,0,45	11:0,100,0,0	00:128,0,17,0	00:132,0,0,0	01:55,43,0,0	02:107,0,0,0	22:57,0,62,0	33:34,0,0,31	33:24,0,0,102
4_55	43	03:20,0,0,33	33:0,25,0,51	33:0,0,0,43	00:34,0,16,0	03:39,0,0,20	00:56,0,0,0	00:74,0,0,0	00:59,0,0,0	00:25,27,0,0	00:49,0,0,0	00:30,0,0,0	00:36,0,11,0	00:35,0,0,11	00:61,1,0,0	01:17,8,0,12	00:43,0,0,0	00:73,0,0,0	03:57,0,0,31	00:23,9,27,0	00:58,0,0,0	22:0,0,54,0	00:75,0,0,0	00:59,0,0,0	11:0,38,0,0	00:61,0,0,0	00:56,0,0,0	01:28,14,0,0	00:80,0,0,0	00:36,0,1,0	00:45,0,0,9	03:35,0,0,20	02:63,0,12,0	00:51,0,29,0	33:0,17,0,48	03:40,0,0,41	22:0,0,67,0	02:44,0,20,0	11:37,35,0,0	00:19,0,10,0	00:53,0,0,0	22:36,0,19,0	03:22,0,0,32	00:34,17,0,0	00:30,14,0,0	33:0,0,12,41	00:78,0,0,0	00:29,0,0,0	00:48,0,0,0	00:45,0,0,0	33:49,0,0,9	33:9,0,0,22	00:35,0,0,0	03:15,0,0,53	03:17,0,0,28	33:43,0,0,18	02:32,0,22,0	33:25,0,12,13	13:29,17,0,15	33:12,0,12,13	01:45,25,0,0	03:16,0,0,27	00:83,0,0,0	01:47,13,0,0	00:52,0,0,0	03:8,0,0,17	00:43,0,0,0	03:31,0,0,23	00:26,0,0,12	11:0,30,18,0	00:44,0,22,0	00:52,0,0,31	00:38,0,0,13	00:43,0,0,0	03:32,0,0,63	02:59,0,30,0	00:34,0,0,0	33:33,0,0,20	00:35,0,37,0	00:50,0,0,16	01:30,7,19,0	00:78,0,0,0	01:20,18,0,12	01:53,9,0,0	33:15,0,13,10	01:57,9,0,0	03:27,25,0,7	01:42,8,0,0	00:42,10,0,0	00:34,8,0,25	00:61,0,0,0	00:19,0,6,0	00:47,0,0,0	00:42,0,0,12	33:0,0,0,69	00:72,0,0,0	00:78,0,0,0	00:79,0,0,0	33:0,0,0,111	22:53,0,13,0	33:0,0,17,52	00:46,0,0,15	03:52,0,0,31	01:41,8,0,0	00:65,0,0,17	33:19,0,0,36	00:17,3,0,12	00:20,0,0,21	33:16,0,0,24	02:61,0,13,0	00:46,0,0,0	00:45,0,0,7	01:25,41,0,0	00:50,0,0,32	00:41,0,20,0	00:59,0,0,0	03:27,0,0,22	01:38,37,0,0	00:76,0,0,0	00:46,0,29,0	00:64,39,0,15	23:0,15,10,49	00:54,0,0,0	00:49,0,11,0	00:26,0,25,11	02:9,0,22,25	03:8,30,0,13	00:31,0,0,34	00:87,0,0,0	00:28,17,0,0	00:32,0,0,33	00:66,0,0,0	12:0,56,34,0	00:69,0,0,0	00:56,0,0,0	00:37,0,30,0	22:22,0,57,0	00:43,0,0,21	00:54,21,0,0	00:45,0,0,43	22:0,21,43,0	23:13,0,44,12	22:0,0,41,0	02:31,0,22,14	33:0,28,0,73	01:36,24,15,0	33:0,22,0,33	00:8,0,21,35	00:37,15,0,0	00:65,0,0,0	22:0,0,29,0	00:63,0,0,0	23:0,12,15,20	00:64,1,0,21	03:77,0,0,26	02:27,0,14,9	33:21,0,0,64	23:13,0,34,6	22:0,0,34,31	00:45,0,0,14	13:33,21,0,21	33:31,0,0,14	11:38,13,0,0	00:27,0,0,9	00:53,0,8,0	02:23,0,1,0	02:44,0,12,0	02:18,21,20,18	13:0,24,0,22	00:115,0,0,0	00:36,0,0,8	00:30,0,0,0	11:18,20,0,4	02:36,0,16,0	00:64,0,0,0	00:30,13,0,0	12:0,11,34,0	00:31,15,0,0	33:28,0,0,23	00:27,0,13,11	00:32,0,6,0	33:0,0,0,68	00:26,6,10,0	13:0,19,0,2	00:46,14,0,0	00:74,0,0,0	00:64,0,0,0	00:46,0,0,0	00:29,0,0,0	00:39,0,0,0	22:34,0,26,0	00:50,18,0,0	00:26,0,6,0	01:9,23,0,0	23:23,0,20,39	00:56,0,0,0	13:0,14,0,42	03:21,0,18,44	00:40,0,13,0	03:50,0,0,9	01:47,11,0,0	22:0,16,35,0	33:19,0,0,65	11:0,67,0,0	01:30,34,0,0	03:30,0,0,8	00:41,0,14,0	00:44,0,0,8	NA:29,0,15,9	03:25,0,0,17	33:0,15,0,30	01:41,15,0,0	33:37,0,0,26	01:17,9,5,0	02:21,5,7,0	00:53,0,0,0	00:72,0,0,11	33:45,0,0,21	00:60,0,0,0	03:40,0,0,7	00:55,0,0,0	23:0,0,25,68	00:68,0,0,0	00:42,25,0,0	00:78,0,0,0	23:25,0,15,19	01:40,10,0,0	00:55,0,0,18	22:30,0,22,13	00:44,0,0,12	13:0,28,0,29	01:48,14,0,0	11:0,40,0,0	00:85,0,0,0	00:89,0,0,0	00:52,14,0,0	00:53,0,14,0	01:53,16,0,0	03:28,0,0,3	00:33,45,0,24
1_56	17	00:11,0,0,14	NA:0,6,0,18	NA:14,0,0,15	00:7,0,2,0	00:22,0,0,4	01:8,3,0,0	00:17,0,0,5	00:15,12,0,0	33:2,0,0,18	02:13,0,3,0	03:18,0,0,3	22:4,0,2,0	33:2,2,0,8	03:15,0,0,5	01:10,4,0,0	01:15,4,0,0	NA:14,0,1,0	00:22,0,0,5	11:8,2,2,4	00:15,6,0,0	23:0,0,8,9	NA:24,4,0,0	00:15,0,0,0	NA:0,14,0,2	00:22,0,10,0	02:13,5,5,0	03:6,2,0,3	00:22,0,0,0	00:24,0,0,0	NA:8,0,0,17	00:24,0,0,4	00:14,0,3,0	00:16,0,0,0	03:6,0,0,5	33:15,0,0,21	11:0,7,22,0	11:6,4,7,0	00:8,0,0,18	00:14,3,0,0	33:6,0,0,20	00:17,0,0,0	12:0,3,0,8	33:24,0,0,5	13:4,19,0,3	33:0,0,0,15	22:18,0,2,0	00:15,0,6,0	00:11,0,0,0	00:9,2,0,0	00:4,0,0,14	NA:4,0,4,11	33:5,0,0,4	03:7,0,0,17	02:23,0,5,0	00:5,0,0,7	02:13,0,7,0	33:12,0,3,0	33:14,5,0,0	12:9,8,7,2	11:0,20,3,0	11:3,1,5,3	03:27,0,0,4	00:13,15,0,0	NA:10,0,0,0	00:14,0,0,0	00:14,0,0,0	00:15,0,0,5	00:7,0,0,4	02:1,13,3,0	03:19,0,0,7	00:24,0,0,0	00:22,0,0,0	02:9,6,7,0	00:24,0,0,2	11:6,16,0,0	00:19,0,0,0	00:13,0,0,10	33:3,0,10,13	03:11,0,0,6	00:23,3,0,0	03:21,0,0,16	33:0,3,0,11	03:10,0,0,2	00:3,0,4,0	00:16,0,0,8	NA:14,0,0,0	00:6,0,0,16	33:12,0,0,5	22:8,0,15,0	00:14,0,1,0	03:15,0,0,2	00:17,0,0,0	02:15,0,4,0	33:6,0,0,19	03:10,0,0,14	33:13,0,0,8	03:13,0,13,9	33:0,0,15,17	00:13,0,0,9	33:0,0,0,17	00:8,0,0,5	00:22,0,0,0	00:2,2,0,2	NA:10,2,0,13	03:6,0,0,10	22:11,0,6,0	11:12,1,0,0	33:0,0,0,18	00:23,0,7,0	11:11,5,0,0	01:13,9,0,0	00:6,10,0,0	33:17,0,0,4	00:18,0,0,0	00:17,0,0,0	33:1,0,0,16	03:14,5,0,8	02:13,0,3,0	00:25,0,0,0	00:31,0,0,0	00:9,0,5,8	00:23,0,0,8	00:20,0,0,0	33:5,0,0,10	00:22,0,0,0	00:17,0,5,0	33:8,4,0,14	00:24,0,0,0	00:10,4,5,0	33:24,0,0,2	00:20,0,0,0	22:0,3,9,5	03:7,0,11,7	01:15,10,0,0	NA:4,1,4,3	22:9,5,20,0	00:15,0,0,11	00:13,0,0,3	00:18,0,0,0	22:0,17,7,0	22:0,0,13,0	22:4,0,14,0	33:16,0,0,3	13:0,3,0,26	01:15,11,0,0	33:0,0,0,25	NA:7,2,0,13	00:17,0,0,3	00:8,0,0,3	02:3,5,7,0	00:28,0,0,3	33:0,0,0,16	02:6,0,22,0	00:18,0,0,2	00:10,7,0,0	01:3,4,0,11	22:0,0,12,3	33:0,0,8,9	00:33,0,0,0	03:8,0,0,10	00:4,1,0,5	12:6,13,4,0	00:15,0,0,0	00:18,0,7,0	00:12,0,0,0	33:4,0,0,15	00:14,4,0,5	11:0,18,0,0	03:30,0,0,11	00:5,0,0,5	00:9,7,7,0	00:6,0,2,0	00:18,0,0,4	00:25,0,0,0	22:10,0,4,0	22:6,7,9,0	00:20,0,0,0	03:4,0,6,13	03:11,0,0,8	03:14,0,0,5	03:4,0,6,9	22:0,11,8,0	11:0,13,0,0	00:23,1,0,0	00:17,0,0,0	00:11,3,4,0	00:16,0,0,0	00:9,0,0,0	33:19,0,0,3	00:22,0,0,0	00:26,0,0,1	03:15,0,0,1	11:0,8,0,0	00:12,0,0,0	00:20,0,0,0	33:0,0,5,19	33:3,0,0,21	00:14,7,0,0	01:13,4,0,0	00:15,0,0,6	12:0,9,10,0	33:1,0,0,22	01:11,13,0,0	01:11,21,0,0	03:5,0,0,4	01:21,2,6,0	00:14,0,0,0	33:20,0,0,2	00:9,0,0,7	33:13,4,0,1	00:27,0,0,0	00:33,0,0,0	00:3,0,5,11	11:12,15,0,0	00:17,0,0,0	03:25,0,0,8	03:21,0,0,7	01:5,4,0,0	NA:8,15,0,0	33:15,0,0,12	33:0,0,3,14	00:19,6,0,0	00:14,0,4,0	03:27,0,0,6	00:15,0,0,8	00:14,0,0,0	02:18,0,6,0	11:8,5,0,0	00:23,0,0,0	11:6,9,0,4	00:15,3,0,0	11:0,14,0,0	00:20,0,0,8	00:11,0,0,0	01:12,10,0,0	00:11,0,4,10	00:14,15,0,0	NA:1,0,0,17	33:6,0,0,23
3_56	39	00:129,0,0,35	12:0,100,54,41	33:2,31,0,92	00:122,0,3,0	02:122,0,23,0	02:93,0,37,0	00:160,0,0,0	00:108,0,34,1	12:0,90,39,1	00:151,0,0,24	00:59,0,0,58	00:86,0,25,0	33:28,0,0,87	02:70,19,29,0	00:106,0,0,0	03:45,0,0,38	00:94,26,0,0	00:145,24,11,0	00:122,16,0,0	00:119,0,0,0	22:35,0,101,0	00:137,0,0,0	00:138,0,0,0	12:0,58,13,0	01:77,31,43,0	03:30,57,0,18	00:84,0,0,17	00:131,35,0,2	00:97,44,0,0	33:36,22,0,52	00:104,14,30,0	00:71,24,0,33	23:61,0,36,26	03:41,0,1,80	00:194,0,0,0	22:0,21,113,0	00:101,0,10,0	03:72,0,0,47	02:61,0,37,31	03:28,0,28,76	03:96,0,0,23	33:0,0,32,90	00:102,0,0,15	01:59,76,0,2	33:1,0,0,111	00:137,0,25,0	00:99,0,0,0	00:130,0,0,0	01:95,27,0,5	33:65,0,0,46	33:4,0,0,102	00:103,0,0,0	03:28,0,0,108	00:120,0,0,12	33:57,0,0,53	00:78,30,0,0	02:112,0,16,0	01:124,22,0,0	03:102,0,0,30	11:42,98,0,0	02:99,0,35,24	00:147,0,0,0	11:30,118,0,0	00:107,0,0,2	00:79,0,0,13	00:100,0,0,2	03:37,30,30,29	33:42,0,0,57	11:0,114,0,0	00:162,0,0,5	00:163,0,0,0	00:120,0,0,0	01:69,41,0,33	03:120,0,0,34	01:109,28,0,0	00:126,0,0,0	33:41,0,25,54	02:92,25,40,0	00:46,12,0,40	01:101,28,0,0	00:174,0,0,3	13:48,36,0,64	00:89,0,38,0	02:74,0,16,0	03:28,0,0,76	00:104,0,0,0	03:82,0,0,36	00:126,0,0,1	22:3,0,129,0	02:65,0,63,0	00:77,0,15,0	00:103,26,0,2	00:107,2,0,12	03:65,0,0,83	03:65,0,0,19	00:136,0,0,5	02:122,0,47,0	03:102,0,47,49	00:141,0,0,0	33:1,0,20,80	03:78,1,0,34	00:178,0,0,2	00:113,0,0,0	00:153,0,0,0	03:23,0,0,86	00:118,27,0,0	03:55,0,0,48	23:28,1,82,34	00:134,0,0,0	02:57,0,55,0	11:2,92,0,20	12:0,64,90,0	02:118,0,30,2	00:120,0,0,0	01:109,30,0,0	22:49,0,61,4	01:117,44,0,0	01:105,40,0,0	00:129,0,0,0	00:150,0,5,34	00:131,18,3,0	00:148,0,3,0	00:87,0,25,0	13:0,32,0,93	03:95,0,0,50	00:111,26,0,0	33:0,0,0,126	02:74,33,37,0	01:23,20,24,19	00:164,0,0,0	03:76,0,0,44	12:0,38,115,0	03:51,0,0,88	03:128,7,0,29	22:6,0,105,0	12:0,57,110,0	02:95,0,33,0	00:140,17,0,4	00:148,0,0,1	11:0,72,54,0	02:38,0,109,0	02:78,0,42,0	00:118,0,0,0	33:73,0,0,102	00:135,0,12,0	33:0,0,0,145	33:13,0,0,125	03:88,0,0,47	03:108,0,0,37	02:34,0,101,0	01:77,51,0,10	33:0,1,15,128	02:94,0,36,2	00:168,0,0,0	02:69,0,49,6	03:82,0,0,67	23:0,0,64,37	33:48,0,0,71	00:124,0,0,4	00:103,43,0,0	00:60,0,0,42	00:120,0,0,0	00:110,0,0,0	00:143,0,18,0	03:51,0,36,12	03:77,0,0,51	00:132,0,0,6	11:2,88,2,3	00:160,0,0,5	00:93,0,45,0	03:32,44,0,48	00:102,0,0,0	02:62,0,13,42	03:99,0,0,51	00:80,2,0,0	22:0,0,138,0	03:106,0,0,22	03:49,0,0,82	00:94,56,0,0	00:80,0,50,0	33:0,0,0,138	03:102,2,0,20	12:0,43,23,41	33:65,0,0,74	00:138,9,0,0	00:131,0,0,0	00:111,0,0,0	00:116,2,0,0	01:75,25,0,0	00:68,0,51,0	02:115,0,23,0	00:117,0,0,0	11:0,77,0,5	00:105,0,0,48	00:93,3,0,0	33:0,2,1,186	00:171,0,0,0	00:88,39,0,0	00:112,0,0,0	00:122,0,0,0	22:0,0,114,0	33:0,0,0,175	11:0,136,0,0	01:61,88,0,0	00:90,0,0,0	03:87,1,0,30	00:67,0,0,36	00:121,2,0,0	00:97,0,0,44	33:0,0,0,135	02:104,0,38,0	00:150,0,0,0	03:33,0,0,122	02:49,0,33,53	00:91,0,0,0	00:163,0,0,0	00:145,0,0,4	00:124,0,1,0	33:0,0,0,108	00:110,0,0,0	33:0,0,0,130	00:135,0,0,0	00:134,0,0,0	00:127,0,0,0	00:136,3,0,0	00:123,0,0,0	00:114,0,0,8	00:106,0,0,0	00:149,0,0,0	13:0,112,0,30	00:65,49,0,0	11:1,97,0,0	00:184,0,1,6	00:148,0,0,0	02:90,6,40,0	00:164,0,3,0	00:122,7,0,0	33:46,0,0,61	33:0,0,0,120
4_56	55	03:26,0,0,35	11:10,53,0,17	33:0,0,0,33	00:47,11,0,0	00:72,0,0,0	00:43,0,0,0	00:66,0,0,0	00:59,0,0,0	11:0,64,0,0	03:42,0,0,7	00:57,0,0,0	23:19,0,11,11	00:28,0,0,20	00:40,0,0,0	23:0,16,12,11	00:34,0,10,0	03:46,0,0,16	00:60,0,0,19	11:27,29,0,0	00:31,18,0,12	12:0,14,51,0	03:43,0,0,8	03:49,0,0,8	11:0,34,0,0	03:54,0,0,13	00:35,13,0,0	00:73,0,0,0	00:40,17,0,18	00:56,0,14,0	33:33,0,0,24	01:53,12,0,0	01:62,11,0,0	12:39,16,23,0	33:0,0,0,66	33:49,0,0,48	23:0,18,25,8	00:42,0,0,0	03:47,0,0,20	02:21,0,24,0	00:82,0,0,0	00:49,0,0,0	33:7,0,0,51	00:71,0,0,0	01:45,18,0,0	23:0,0,20,37	01:83,16,0,0	03:24,0,0,7	00:29,0,15,0	00:43,0,10,0	00:27,0,0,16	03:24,0,0,24	00:42,0,0,0	33:0,0,0,67	13:15,5,14,3	02:35,0,7,0	03:16,0,36,11	01:29,26,0,10	02:34,0,30,11	00:37,0,15,24	13:23,36,0,13	33:15,12,0,22	02:44,0,11,0	12:19,17,14,0	00:44,0,0,0	00:33,0,0,0	02:19,0,16,0	33:11,0,0,48	00:30,0,20,0	11:0,54,13,0	03:13,0,0,60	01:45,24,0,0	01:44,18,0,0	00:41,0,6,0	00:67,0,0,0	03:34,18,0,9	00:31,0,0,21	03:46,0,0,17	03:13,0,32,35	00:39,0,0,9	00:60,0,0,22	00:39,0,0,59	33:0,0,0,54	00:53,0,0,7	00:28,0,15,0	00:73,0,0,0	00:61,0,0,0	00:55,0,0,8	03:25,0,0,31	22:17,0,39,0	00:63,0,0,0	33:16,0,15,5	03:45,0,0,20	13:0,22,0,35	33:0,0,0,63	03:30,0,0,8	00:43,0,0,18	00:53,0,1,18	33:0,0,17,58	00:79,0,0,0	03:11,0,11,38	33:7,0,11,31	00:82,0,0,0	02:19,0,8,0	00:75,1,0,0	03:10,0,0,31	00:43,11,0,0	03:9,0,0,39	03:35,0,0,19	02:41,0,12,0	00:58,0,0,0	00:38,0,0,20	00:21,19,13,0	00:42,0,12,0	00:42,0,0,9	00:33,0,9,0	00:20,0,0,23	12:0,63,27,0	00:24,0,16,0	00:65,0,0,0	00:99,0,0,0	03:38,0,0,18	11:30,11,0,13	00:74,0,0,0	33:0,0,0,63	00:36,11,0,0	00:68,0,0,0	03:14,0,0,52	02:17,0,22,24	00:40,0,0,0	00:21,17,0,15	01:52,19,0,0	22:0,0,68,0	03:48,0,0,35	03:52,0,0,14	02:46,0,6,0	22:0,0,64,0	00:46,0,0,0	01:51,9,0,0	00:51,0,0,14	12:0,26,25,0	12:0,16,37,17	22:0,0,35,0	00:50,0,0,0	23:0,0,36,63	02:37,15,18,0	33:15,0,0,44	13:17,12,0,21	00:51,0,0,0	00:46,18,0,0	03:19,0,14,14	00:56,0,0,0	33:0,0,0,51	12:18,15,29,0	01:61,18,0,0	03:12,0,24,10	23:17,0,11,32	22:0,0,33,11	03:12,0,0,27	33:15,11,0,28	13:34,20,0,27	00:55,0,0,0	00:34,5,0,0	00:35,0,0,7	00:60,0,0,0	02:33,0,7,0	00:25,0,0,23	00:59,0,0,0	01:24,42,0,0	00:85,0,0,0	01:53,14,0,0	00:43,0,0,10	23:15,0,24,7	13:29,20,0,7	00:44,0,0,10	00:43,0,0,0	22:0,0,59,0	02:43,0,17,12	33:10,0,0,49	03:42,0,0,10	00:41,0,0,0	03:10,0,0,40	22:18,0,33,0	11:14,39,0,0	00:42,0,15,16	00:56,0,0,0	00:54,0,0,0	00:58,0,0,0	13:29,18,0,6	11:28,22,0,0	00:55,0,0,0	00:63,0,0,0	00:39,0,0,0	11:0,20,0,0	00:87,0,0,0	00:40,0,7,0	33:0,12,0,46	03:34,0,0,39	00:61,0,0,0	03:30,10,0,19	00:50,0,12,0	00:29,0,29,0	33:0,0,0,69	11:0,71,0,0	00:78,0,0,0	00:38,0,0,0	01:44,14,0,0	00:48,0,0,15	03:28,0,0,17	00:55,0,0,16	33:0,0,0,65	02:47,0,24,0	00:64,0,0,0	00:39,0,0,17	02:36,0,16,0	00:53,0,0,0	00:75,0,0,0	00:58,0,0,9	00:47,0,8,8	33:0,0,0,51	00:49,0,0,11	03:31,0,0,29	00:76,0,0,0	00:50,0,0,0	00:69,0,0,0	03:58,0,0,11	00:55,0,0,0	03:38,0,11,16	00:38,7,0,0	00:73,0,0,0	12:0,53,12,0	00:54,0,0,0	11:0,61,0,0	00:77,0,0,0	00:64,0,0,0	00:52,20,0,0	02:67,0,22,0	01:37,16,0,0	03:22,0,0,19	03:20,0,0,44
2_57	115	03:111,0,0,103	11:0,201,0,6	33:31,0,0,84	02:118,0,0,18	00:210,0,0,0	00:201,0,0,0	00:140,0,0,68	00:259,0,0,0	11:0,154,0,0	00:167,0,0,0	00:146,0,0,0	00:132,0,2,0	01:40,106,0,3	00:167,0,0,0	02:150,0,0,4	01:115,39,10,1	00:187,0,0,0	00:140,0,32,13	02:109,0,42,16	00:136,55,0,0	22:0,0,160,0	00:212,0,0,0	00:178,0,0,0	11:0,119,7,0	00:219,0,0,0	03:112,0,0,48	00:98,40,0,0	00:155,47,0,0	00:162,0,0,10	00:90,0,33,50	01:85,39,62,0	03:98,0,0,88	00:159,0,0,0	13:0,33,0,118	33:15,0,0,234	12:35,0,142,2	01:162,0,0,0	00:128,0,56,0	00:90,30,48,0	13:48,51,0,96	00:179,0,0,0	33:0,40,0,138	01:133,42,0,0	11:52,145,0,0	33:0,2,0,148	00:230,0,5,0	00:123,0,0,26	01:119,42,0,7	02:63,3,62,37	01:52,52,0,61	03:51,0,0,71	00:152,0,0,0	13:46,7,41,73	00:107,0,0,49	03:119,0,3,31	02:103,0,36,0	00:184,1,0,0	00:216,0,2,0	00:189,0,0,0	00:170,8,0,0	33:49,0,0,112	00:204,4,0,0	00:99,44,0,29	00:147,0,0,0	00:88,37,20,0	01:103,27,0,0	00:135,0,0,30	03:35,0,0,114	02:23,68,34,0	00:163,1,0,65	00:201,0,0,43	00:126,0,53,10	33:48,38,0,73	00:204,0,0,0	03:178,0,0,4	00:107,41,7,0	00:224,1,0,0	22:0,0,184,0	03:119,0,0,36	01:135,48,1,0	00:104,0,0,118	03:40,0,0,148	00:152,0,49,0	02:67,0,94,0	03:126,5,0,32	03:133,0,0,31	13:67,89,0,63	00:169,0,0,0	02:56,0,139,0	00:200,0,0,0	02:62,22,70,0	00:101,40,0,38	00:121,4,9,50	03:126,0,0,88	00:139,0,0,0	03:150,0,0,36	03:89,0,0,94	03:70,0,123,77	00:134,33,0,0	13:30,34,0,68	01:86,31,0,5	33:11,0,22,169	01:103,39,0,1	33:62,0,39,106	03:85,1,0,59	00:163,0,0,0	02:61,25,17,41	33:0,0,0,159	00:155,0,40,4	03:108,9,0,40	03:72,0,0,61	01:84,95,0,0	13:55,57,0,98	02:76,3,82,0	02:118,0,33,0	03:111,0,0,30	00:169,7,0,37	00:104,3,37,0	00:122,0,0,53	02:183,0,50,0	23:0,0,30,150	01:119,63,0,27	03:216,5,0,0	33:27,0,12,136	00:187,0,0,0	00:184,0,0,0	00:72,0,29,42	03:155,0,0,39	03:105,0,8,43	00:133,0,0,58	03:118,0,9,43	02:53,48,115,0	00:219,0,0,14	01:118,39,0,48	00:138,0,43,0	22:0,37,160,6	02:88,0,37,35	00:221,0,0,4	03:141,0,0,68	11:0,114,73,0	22:0,0,123,43	12:0,36,101,0	00:160,0,0,0	11:7,121,0,108	01:119,80,0,0	03:3,10,0,157	03:86,0,0,80	00:164,0,0,3	01:133,66,0,7	02:84,2,89,0	13:113,59,0,25	22:4,24,90,32	00:139,0,29,6	00:226,0,0,5	00:140,0,36,0	03:81,0,0,108	22:0,2,82,39	33:0,0,0,136	03:163,0,0,0	01:163,36,0,0	00:145,0,0,0	23:86,0,40,33	00:147,0,0,0	02:112,0,77,0	00:163,0,0,0	03:50,0,0,132	13:103,48,0,57	13:1,92,1,60	00:242,0,0,12	00:199,0,4,0	03:97,0,5,83	00:152,0,0,0	00:172,0,0,3	00:117,0,0,77	00:156,0,0,0	22:0,0,175,0	02:122,0,46,5	33:38,0,0,157	00:152,0,0,44	00:160,0,0,0	33:51,0,0,142	02:130,0,61,0	11:0,147,2,39	01:84,46,0,42	00:203,0,0,5	00:173,0,0,0	00:143,0,0,28	00:129,40,0,0	00:123,36,0,0	02:73,0,48,36	00:198,0,0,0	00:132,0,0,0	13:2,56,8,68	00:219,0,0,0	00:137,0,0,0	33:0,0,0,172	03:139,0,0,65	00:203,0,0,0	02:133,0,24,0	01:131,37,13,0	22:33,0,124,0	03:107,0,0,108	01:0,181,0,0	13:92,37,0,57	03:85,0,0,62	03:119,0,0,43	01:121,38,0,0	00:197,0,0,1	03:125,0,0,65	02:103,0,0,88	00:182,3,0,0	03:179,0,0,7	03:63,0,0,125	02:77,0,76,0	02:97,0,31,0	00:240,0,0,0	03:155,1,0,50	03:120,0,0,36	03:51,46,0,88	00:168,0,0,0	33:0,0,0,229	00:194,0,0,0	33:49,0,0,138	02:152,0,45,0	01:136,53,0,3	00:122,0,0,3	00:192,0,0,0	01:79,47,0,40	02:161,0,57,0	01:39,111,0,4	00:174,0,0,0	01:34,112,0,0	00:239,0,0,6	03:133,0,0,49	01:126,54,0,0	00:178,0,5,0	11:56,147,0,9	03:76,0,0,69	33:0,7,0,213
1_58	38	03:57,30,0,42	13:0,41,0,115	03:36,0,0,90	00:74,42,0,0	00:153,0,0,0	00:141,0,0,0	01:113,39,0,0	00:160,0,0,0	13:0,100,0,20	00:139,0,0,0	00:126,0,0,0	00:70,0,28,0	01:33,37,0,29	00:109,0,26,0	00:95,0,0,0	NA:74,0,0,23	00:142,0,0,0	00:131,0,0,46	00:72,40,0,0	33:84,0,34,49	22:42,0,109,0	00:164,0,0,0	00:143,0,0,0	11:0,132,0,0	00:135,0,0,0	01:80,25,0,0	00:96,0,28,0	03:56,49,0,86	02:82,0,45,47	00:111,0,0,33	03:101,0,0,33	00:130,0,29,0	00:103,0,0,36	03:21,0,36,45	03:84,0,0,102	22:0,0,125,0	00:119,0,0,0	00:124,0,0,0	00:39,63,26,0	01:70,35,0,33	00:155,0,0,0	33:41,0,0,86	00:107,29,0,0	00:86,34,0,0	33:0,0,0,121	00:183,0,0,0	00:86,0,0,21	00:82,1,0,29	11:19,35,25,27	NA:60,0,34,21	33:0,15,0,68	00:102,0,0,0	33:39,0,0,118	23:59,0,30,16	00:125,0,0,0	02:87,0,28,29	03:133,0,0,13	03:152,0,0,16	02:123,0,23,0	11:123,32,0,0	13:0,39,0,92	00:149,0,0,0	00:131,0,0,0	02:52,0,47,0	00:97,0,0,0	00:66,0,20,0	00:132,0,0,0	33:16,22,0,53	22:30,47,32,0	33:89,0,0,73	NA:169,0,0,0	00:95,0,0,37	11:72,19,0,0	00:109,0,0,55	00:133,38,0,0	03:101,0,0,37	00:146,0,0,0	03:116,0,0,31	33:59,0,0,57	00:118,0,36,0	33:48,0,0,160	03:40,0,0,104	33:58,0,0,49	02:90,0,27,0	00:155,0,0,0	00:112,0,0,33	33:78,0,0,54	00:137,0,0,0	22:96,0,68,0	03:95,0,0,43	00:101,0,25,0	00:105,0,0,0	00:160,0,0,0	33:0,0,0,155	33:79,0,0,26	03:86,31,0,40	03:87,33,0,46	02:62,0,83,44	03:91,0,36,35	00:45,0,0,60	00:128,0,0,0	03:71,0,0,81	00:116,0,0,0	01:126,39,0,0	00:96,0,0,28	02:103,0,49,0	00:107,0,0,0	33:40,0,0,81	02:112,0,31,0	01:86,35,0,0	00:124,0,0,0	02:78,0,33,34	00:122,36,0,0	00:110,0,0,0	02:118,0,24,0	33:69,0,29,22	11:26,91,0,0	01:78,16,0,0	00:164,0,0,0	00:173,0,0,0	03:73,0,0,77	02:127,0,42,0	00:131,0,0,0	13:0,22,0,102	00:167,0,0,0	00:137,0,0,0	03:21,0,0,87	00:143,0,42,0	00:62,0,30,22	00:75,0,26,51	23:42,0,21,78	12:0,77,65,0	33:0,0,0,196	03:104,0,0,68	00:108,0,0,0	22:0,0,97,84	00:88,0,60,0	00:194,0,0,0	23:0,0,84,90	12:0,96,69,0	02:79,0,89,0	23:0,0,66,50	00:82,57,0,0	33:0,0,40,183	00:181,0,0,0	33:0,0,0,148	33:0,0,0,107	02:43,0,19,43	00:163,0,0,0	00:89,0,61,0	01:57,31,0,61	33:0,0,0,128	00:138,0,0,0	00:113,0,0,44	11:55,56,0,37	00:90,0,77,0	02:34,0,86,0	33:16,0,0,99	03:115,0,0,36	01:43,53,45,17	00:89,0,0,0	00:119,0,0,0	00:122,0,0,0	02:40,0,31,55	00:100,0,0,0	03:92,0,0,39	00:75,0,0,70	11:0,110,0,0	00:181,0,0,0	00:136,0,0,0	03:85,0,0,50	03:105,0,0,24	01:96,33,0,0	00:143,0,0,0	00:88,0,0,0	02:36,0,88,0	00:68,15,48,0	33:0,0,0,138	33:0,0,0,130	00:75,0,0,53	33:0,0,0,114	33:0,0,84,32	22:0,69,50,0	00:141,0,0,0	00:90,66,0,0	00:83,0,47,0	00:140,0,0,0	00:84,0,0,34	11:80,27,0,0	11:84,38,0,0	02:42,0,37,37	00:100,0,0,0	03:30,27,0,27	00:159,0,0,0	03:74,0,0,28	23:0,0,46,106	03:150,0,0,52	00:113,23,0,0	01:87,41,0,0	01:32,82,0,0	22:24,0,100,0	33:59,0,0,97	03:23,16,57,48	01:22,153,0,0	03:63,0,0,37	00:127,15,0,0	00:117,0,0,0	00:109,0,0,8	NA:98,0,0,63	33:0,0,0,153	NA:106,45,0,0	00:100,0,0,46	00:155,0,0,0	33:32,16,0,64	00:97,0,0,0	01:95,47,0,29	01:106,49,0,0	00:138,0,0,0	13:22,29,0,77	02:121,0,23,0	03:32,0,0,129	03:102,0,0,48	03:50,11,0,57	00:104,0,0,59	00:136,0,0,0	01:13,47,0,53	00:91,33,0,0	01:106,17,0,0	00:184,0,0,0	33:58,23,0,65	00:141,14,0,0	11:38,70,0,0	00:211,0,0,0	00:138,0,0,0	00:82,79,0,0	02:57,0,90,0	13:86,32,0,43	33:36,0,0,72	03:53,0,0,131
2_58	86	00:88,0,0,19	13:0,57,0,58	33:28,0,0,57	01:35,31,27,0	00:109,0,0,28	00:106,0,0,0	00:95,24,0,0	00:119,0,0,0	11:20,57,0,19	03:77,0,0,20	00:113,0,0,0	23:24,0,29,17	03:37,11,0,17	02:68,0,46,0	02:62,0,17,0	00:98,0,0,0	03:101,0,0,32	00:110,0,0,53	11:24,43,13,0	00:69,0,2,24	12:2,23,80,0	03:109,0,0,18	03:92,0,0,23	11:0,70,0,0	03:85,0,0,16	00:106,0,0,0	00:93,0,0,0	03:49,5,0,76	00:67,0,47,0	03:80,0,0,15	01:101,20,0,0	01:106,24,0,0	01:104,22,0,0	33:0,0,1,98	33:75,0,0,96	23:0,0,92,27	00:89,0,0,0	03:91,0,0,33	00:36,1,39,0	03:65,0,0,29	00:83,0,0,22	33:3,0,0,110	00:115,1,0,0	00:98,2,0,0	33:0,0,0,91	13:70,28,0,48	03:57,0,0,11	00:92,0,0,0	00:47,0,24,1	00:95,0,0,16	33:1,2,0,92	00:77,23,0,0	33:37,0,0,83	01:73,17,30,0	22:58,0,50,0	02:43,0,37,0	00:80,0,0,11	00:91,0,0,13	00:77,0,20,0	03:57,30,0,27	33:0,20,0,86	00:87,0,0,35	02:86,0,31,0	00:82,0,2,0	00:66,0,0,0	00:91,0,0,0	03:55,0,0,8	03:55,0,0,19	11:0,35,22,20	03:64,0,1,61	00:110,0,0,0	03:57,0,0,26	02:44,0,23,12	03:64,0,0,23	03:72,26,0,26	00:61,0,0,24	00:102,0,0,0	02:32,0,77,34	00:73,0,0,23	00:128,0,0,0	00:137,0,0,26	33:0,0,0,124	00:91,0,0,19	00:71,0,17,0	00:125,0,0,0	01:64,14,0,0	03:56,0,0,57	03:50,22,0,31	02:29,22,44,0	00:121,0,0,0	00:65,0,0,0	00:121,0,0,0	00:94,0,0,27	23:0,0,43,70	02:44,0,15,18	00:83,3,0,34	00:90,4,0,21	03:30,1,50,81	00:88,0,3,20	00:45,0,15,19	00:78,0,0,1	03:100,0,0,38	01:72,22,0,0	00:113,36,0,0	13:23,23,0,38	00:43,24,27,0	03:41,0,1,23	33:19,0,0,49	00:122,0,2,0	02:54,13,29,0	00:68,0,0,30	01:62,55,0,3	00:132,2,0,0	00:69,0,0,0	02:82,0,23,0	03:31,0,0,47	12:36,37,41,28	00:80,0,25,0	00:109,0,0,0	03:64,0,0,65	33:0,49,0,84	01:92,26,0,0	00:96,0,0,0	03:33,0,0,80	02:106,0,35,0	03:66,0,23,39	00:63,0,0,63	00:84,0,0,0	01:43,25,0,0	00:97,0,0,38	01:73,42,0,3	22:0,0,139,0	02:79,0,27,40	03:46,0,19,68	02:82,0,20,0	22:0,0,148,0	03:59,0,0,57	00:143,0,0,0	03:62,0,35,37	12:0,28,81,0	22:23,0,63,1	23:0,27,15,40	03:71,0,0,32	13:0,30,2,124	00:127,4,0,0	23:0,0,25,87	23:1,0,32,73	03:70,0,0,20	00:143,0,0,0	02:59,0,56,0	03:55,19,0,34	33:0,0,0,93	02:78,0,23,0	00:171,0,0,0	00:95,16,2,1	00:108,0,0,1	02:20,0,75,1	33:27,0,0,77	03:55,22,0,15	03:62,0,0,64	01:54,29,0,0	03:43,19,0,33	00:62,0,0,17	00:132,0,1,0	02:71,0,23,0	00:71,0,0,28	33:50,0,0,82	11:0,107,0,0	00:163,0,0,0	00:118,0,0,0	00:57,0,0,24	01:52,7,15,0	00:135,0,0,0	00:127,0,0,3	00:52,0,0,0	11:1,55,52,0	00:46,27,0,25	03:27,0,0,76	03:47,0,0,65	00:47,0,0,0	03:22,0,0,81	23:5,0,72,29	11:20,57,0,0	00:103,0,26,0	00:143,0,0,0	01:96,26,0,0	01:66,28,0,0	00:51,0,0,14	00:53,20,0,0	00:105,2,0,0	00:127,0,2,0	00:81,0,0,0	11:1,50,0,14	01:114,52,0,0	00:62,0,23,2	22:0,0,71,60	03:80,23,0,32	01:30,88,1,0	01:56,21,0,18	11:54,40,0,0	02:58,18,33,0	33:1,0,0,125	11:0,102,0,1	01:39,88,0,0	13:36,17,0,22	00:80,65,0,1	00:108,0,0,0	02:45,2,37,23	00:92,0,0,15	33:0,0,0,102	01:59,36,19,0	03:94,1,0,37	00:75,0,0,2	00:53,49,1,0	00:54,0,0,17	00:121,0,0,35	00:147,0,0,6	03:80,0,0,24	03:32,0,0,48	03:52,0,0,51	33:33,0,23,73	01:75,35,0,0	00:111,0,0,0	00:117,0,0,0	03:85,0,0,22	00:91,1,0,0	00:65,0,24,0	00:50,50,0,0	03:84,0,0,29	13:0,49,0,36	01:85,31,0,0	11:0,71,0,0	03:123,0,0,30	01:94,34,0,3	03:65,34,0,35	00:94,0,24,0	00:106,24,0,1	23:27,0,22,38	33:24,0,0,96
2_59	76	01:16,13,0,1	33:0,0,0,49	23:1,0,0,21	00:33,6,0,0	00:45,11,0,0	01:29,14,8,0	00:36,0,0,8	02:32,0,16,0	11:7,39,0,1	03:26,0,0,9	03:10,0,0,26	02:20,1,9,0	33:0,0,0,38	00:51,0,0,0	01:24,8,0,0	02:27,0,12,0	00:22,0,14,0	03:68,0,0,15	00:34,0,9,0	01:24,16,0,1	22:0,0,40,0	02:43,1,18,0	00:41,0,0,0	12:0,18,9,0	03:38,0,0,10	11:11,10,1,0	02:29,0,11,0	01:38,10,0,1	00:31,0,1,13	03:33,0,0,13	00:21,0,0,15	00:44,0,0,16	00:48,0,0,0	33:0,0,0,55	01:44,0,0,35	01:9,15,11,0	00:48,1,0,0	02:29,0,13,0	00:27,5,0,0	03:22,0,0,23	00:28,0,0,0	03:16,12,0,7	00:59,0,0,1	03:16,11,0,22	33:0,0,0,31	02:44,0,12,0	00:39,0,0,1	02:25,0,4,0	00:30,0,7,0	03:20,0,0,20	03:14,0,0,3	00:33,0,0,0	33:0,0,0,36	02:19,0,18,10	01:25,12,0,0	02:33,0,10,0	00:45,0,0,0	00:56,0,0,0	03:31,1,0,9	00:43,1,0,0	00:21,0,0,20	00:51,0,0,0	00:17,21,0,0	00:38,0,0,0	00:35,0,0,11	00:30,11,0,0	33:10,0,0,25	02:11,0,9,19	11:0,40,0,0	03:64,0,0,5	03:49,0,0,17	00:34,0,0,0	00:16,0,0,14	03:33,0,12,5	00:44,1,0,0	03:39,0,0,5	00:41,0,0,12	22:11,0,35,0	00:36,0,0,0	00:55,1,0,0	03:37,0,0,18	23:0,0,9,28	00:42,0,0,0	00:37,0,0,0	03:40,0,0,7	01:50,17,0,0	00:58,0,0,0	00:30,0,0,0	02:16,0,33,0	00:51,0,0,16	02:25,0,8,0	00:58,0,0,0	01:32,15,0,13	33:0,0,0,57	00:34,0,0,0	00:33,0,0,5	00:31,9,0,0	03:18,0,34,35	01:32,20,9,1	33:0,0,0,41	00:23,0,0,9	00:52,0,0,0	00:47,0,0,0	01:43,12,0,0	03:22,0,0,16	02:22,0,7,10	03:16,0,0,27	03:29,0,0,23	00:54,0,0,0	00:19,12,0,9	01:7,27,0,2	03:8,22,0,21	01:24,21,4,0	02:25,0,10,0	00:44,0,1,0	00:34,0,0,0	00:28,17,0,0	00:50,0,0,0	00:40,0,0,0	00:52,0,0,13	03:15,0,0,35	02:43,0,12,0	03:19,10,0,18	33:1,0,17,36	00:43,0,0,0	00:25,0,15,0	33:9,0,0,27	00:42,0,0,9	00:27,0,0,0	03:30,0,0,14	03:26,0,0,14	22:0,0,44,0	00:59,0,0,16	00:55,0,0,2	00:50,0,0,0	12:0,8,50,0	00:40,11,0,0	01:52,0,0,0	03:62,0,2,0	22:0,6,25,0	23:15,0,11,26	12:0,0,34,1	03:25,0,9,7	03:17,0,0,57	01:38,12,0,0	33:10,0,0,37	03:39,0,0,7	03:21,0,0,7	00:61,0,1,0	02:16,0,18,0	01:33,12,0,0	33:0,0,0,30	00:27,0,15,0	00:67,0,0,0	02:24,0,18,0	03:12,0,0,43	03:14,0,19,17	33:0,0,0,40	00:65,0,0,0	00:32,0,0,0	00:33,0,0,0	00:34,0,0,0	00:43,0,0,0	00:57,0,0,0	00:30,0,6,0	03:28,0,0,12	03:27,0,0,24	11:0,29,0,10	00:48,0,0,20	00:25,0,0,9	03:19,0,0,23	01:24,0,7,2	00:30,0,0,9	33:33,0,0,17	00:25,0,8,0	12:12,9,28,0	03:33,0,0,10	03:21,0,0,18	00:30,0,0,19	03:22,0,0,21	23:0,0,14,21	01:19,8,9,0	11:0,24,0,7	03:40,0,0,8	00:42,0,0,0	03:32,0,0,13	00:56,0,0,0	02:33,0,0,0	00:33,0,0,0	00:41,0,0,0	03:43,0,0,11	00:39,0,0,0	11:0,17,0,4	00:59,0,0,0	00:38,0,0,0	33:14,0,0,43	02:27,0,10,0	00:32,0,0,11	03:34,0,0,12	00:36,0,0,11	22:9,0,34,0	03:11,0,0,31	01:26,34,0,0	03:21,18,0,0	01:24,3,0,0	00:39,1,0,0	00:53,0,0,0	00:26,11,0,1	00:28,0,0,7	33:7,0,0,31	00:50,0,0,0	00:47,0,0,12	03:9,0,0,43	02:11,8,11,0	00:21,2,6,0	00:58,0,0,0	03:19,0,0,26	03:29,0,0,4	23:12,0,0,32	03:15,0,0,18	03:13,0,1,49	00:49,0,0,0	00:29,0,0,0	00:42,0,0,14	00:40,0,0,10	00:34,10,0,0	02:14,10,12,12	01:22,12,0,0	00:43,0,0,10	11:8,25,0,0	00:41,1,0,0	11:8,39,0,0	00:52,0,1,0	00:33,0,0,8	01:27,27,0,0	00:27,9,13,0	00:39,11,0,0	03:16,0,0,12	33:0,0,0,59
4_59	53	03:32,0,0,36	23:0,22,21,32	33:15,0,0,32	02:29,0,10,20	03:69,0,0,18	02:40,0,29,0	03:50,0,0,17	00:44,25,0,0	11:1,72,0,0	00:24,13,0,23	03:32,0,0,39	03:32,20,14,0	03:33,12,0,7	02:61,0,23,0	33:25,11,0,18	00:61,0,0,0	00:48,0,0,0	00:126,0,0,0	00:58,14,0,0	00:61,0,0,0	02:27,0,48,0	00:55,27,0,0	00:71,0,0,0	12:0,27,10,15	01:69,28,0,0	00:48,0,15,0	03:25,0,0,37	00:97,0,0,0	33:47,0,0,36	00:56,0,0,23	00:63,0,0,18	03:46,19,0,12	00:86,0,0,0	33:0,0,0,52	03:25,0,0,88	12:0,0,43,20	01:49,19,0,0	00:36,0,18,0	00:64,0,0,0	00:40,0,0,36	00:60,0,0,14	03:13,0,0,54	01:47,31,0,16	01:33,12,0,7	33:0,0,0,54	00:84,33,0,0	13:10,15,0,11	03:40,15,0,10	03:29,0,0,12	00:67,0,0,0	33:21,0,0,24	00:48,0,0,14	33:0,0,0,75	03:44,0,0,21	00:58,0,0,0	03:51,0,0,17	01:66,27,0,0	02:74,0,30,0	00:61,29,0,0	01:36,33,0,0	33:0,0,0,58	12:33,24,15,0	01:48,17,0,0	01:37,10,0,0	00:40,0,0,8	00:33,0,11,0	03:17,0,0,59	00:46,0,0,0	11:0,46,15,0	03:49,0,22,17	13:23,20,0,45	01:41,13,0,18	00:75,0,0,0	01:24,49,0,51	03:52,0,0,24	00:73,0,0,0	03:60,0,0,17	13:22,15,27,25	00:46,0,0,15	01:37,41,0,1	02:78,0,30,0	33:18,0,0,62	00:53,15,0,0	00:33,0,0,21	00:37,22,0,16	03:55,0,0,51	03:56,25,0,0	00:49,0,0,0	02:28,0,51,0	00:72,0,0,0	03:23,0,14,17	03:32,22,0,16	03:45,0,0,39	33:17,0,0,61	03:30,0,0,20	00:85,0,0,0	03:86,0,0,20	33:25,0,28,51	02:84,0,14,0	00:55,0,0,0	33:37,0,0,36	00:79,0,0,33	00:47,0,0,0	00:97,0,0,0	03:49,0,0,7	03:63,0,0,17	03:28,0,0,33	03:15,22,0,27	23:44,0,36,13	00:83,0,0,0	00:52,0,0,0	01:26,28,21,0	03:30,0,14,35	00:50,0,16,0	03:14,0,19,42	33:22,0,0,32	00:78,16,0,0	00:37,0,18,0	00:46,0,0,14	00:134,0,0,0	33:0,0,0,91	01:44,19,0,19	00:75,0,0,0	33:0,0,0,67	00:70,0,0,0	00:66,0,0,0	00:32,0,0,46	00:91,0,0,0	03:40,0,0,18	33:0,14,0,55	00:74,0,0,0	12:0,0,83,0	03:47,0,0,46	02:40,18,16,0	02:34,0,44,0	22:0,30,58,29	33:56,0,0,16	00:91,0,0,0	03:83,0,0,0	22:0,32,40,0	22:0,0,91,0	12:0,10,48,0	00:58,0,0,0	33:0,0,0,122	02:70,0,35,0	03:14,0,0,64	23:0,0,22,54	00:45,0,0,20	02:56,0,23,24	02:30,0,36,0	00:76,0,0,0	13:0,18,0,60	02:48,0,33,0	00:94,0,0,0	00:78,0,0,0	00:48,0,0,21	22:0,0,34,20	13:0,17,0,51	00:57,0,0,17	00:103,0,0,0	00:42,0,0,0	00:67,0,0,0	00:65,1,0,0	03:40,0,21,19	00:30,0,0,12	00:79,0,0,0	03:27,0,0,45	13:0,45,0,27	01:55,10,19,0	02:65,0,8,0	01:34,27,0,0	00:58,0,0,0	03:23,0,16,36	00:75,0,0,0	00:65,0,0,0	02:0,11,65,0	13:17,36,0,27	03:30,0,0,29	00:94,0,0,0	00:45,0,0,0	03:27,0,23,13	12:30,7,21,0	11:0,72,0,0	00:51,13,0,0	00:69,0,0,14	00:72,0,0,0	00:29,42,11,0	03:49,0,0,16	01:29,29,0,0	00:52,20,0,0	03:63,0,0,25	00:53,0,0,0	13:10,24,0,12	00:68,0,0,20	03:31,0,0,37	13:20,21,0,38	00:69,0,0,0	01:51,0,16,0	00:71,0,0,0	03:41,0,0,17	00:38,0,31,0	03:46,0,0,26	11:0,72,0,17	01:51,41,0,0	00:71,0,0,0	00:47,0,0,15	00:25,17,0,25	03:51,0,0,14	03:22,0,0,37	33:0,0,0,82	01:40,34,0,0	00:82,0,0,0	03:15,0,0,79	00:26,0,19,0	00:64,0,0,0	00:96,0,0,0	00:89,0,0,20	02:22,0,4,33	03:10,0,0,63	00:33,0,0,36	33:0,0,0,91	00:44,0,33,16	01:76,0,0,0	00:66,0,0,26	01:70,25,0,0	00:47,0,0,20	00:98,0,0,0	03:28,16,0,10	12:48,19,20,0	23:16,0,30,48	33:44,0,0,29	13:0,49,0,12	00:121,0,0,0	00:87,0,0,0	01:40,48,0,0	00:51,0,35,18	13:20,46,0,19	02:8,0,11,25	03:46,0,0,55
3_60	15	03:47,0,0,75	11:0,40,0,61	33:0,0,0,71	02:21,0,52,0	03:52,0,0,93	00:144,0,0,0	00:117,0,0,24	00:144,0,0,0	01:50,40,0,0	03:76,0,0,18	00:59,0,0,9	03:63,0,0,15	00:91,0,0,0	00:125,0,0,0	02:66,0,19,12	00:92,0,0,0	33:100,0,0,23	03:51,0,0,93	NA:24,17,62,0	00:140,0,0,0	12:0,17,105,0	03:118,0,0,19	03:88,0,0,8	11:0,60,0,0	03:77,0,0,47	00:116,0,0,0	00:103,0,0,0	00:149,0,0,0	NA:90,0,27,0	03:91,0,10,22	00:52,19,0,35	01:75,12,30,0	01:93,22,0,0	33:0,0,0,87	03:120,0,0,54	23:21,0,95,29	00:79,0,36,0	00:91,0,0,20	02:67,0,40,0	00:121,0,0,0	33:98,0,0,25	33:0,0,0,103	00:120,0,0,0	00:91,27,0,0	33:0,0,0,82	01:117,20,0,0	03:77,0,0,19	00:102,0,0,0	00:107,0,0,0	00:79,0,0,27	33:21,0,0,67	01:50,33,0,0	03:110,0,0,32	01:76,29,0,16	NA:60,0,15,45	00:93,0,0,0	00:62,0,20,0	00:75,26,0,0	00:69,0,0,44	03:75,42,0,25	33:39,0,0,81	03:71,25,0,36	00:72,39,24,0	00:91,0,0,0	00:59,0,16,0	00:83,0,0,4	33:41,0,1,46	00:33,0,0,37	11:17,36,0,30	00:142,0,0,0	00:135,0,0,0	00:124,0,0,0	23:34,26,16,27	00:100,18,0,54	03:92,0,0,29	03:55,0,0,32	33:44,0,0,52	22:49,0,68,0	03:71,0,0,27	01:97,17,0,0	00:144,0,0,0	33:0,38,0,84	00:81,0,0,9	00:47,0,26,0	00:129,0,0,0	00:65,0,0,0	00:113,0,0,0	01:72,39,0,0	01:36,33,53,0	00:65,0,36,0	00:47,0,21,11	00:113,0,0,0	03:74,0,0,41	33:0,0,0,114	00:75,0,0,13	00:142,0,0,0	00:130,0,0,0	33:72,0,0,107	00:118,0,0,0	23:12,0,19,69	03:53,0,0,27	03:125,0,0,25	00:120,0,0,0	00:112,0,0,0	33:14,0,0,71	01:68,40,0,0	33:33,0,0,59	00:52,0,38,14	00:96,0,15,0	00:71,0,50,0	33:18,28,0,40	11:21,82,37,0	02:97,0,18,0	22:36,0,47,0	00:80,17,0,0	NA:75,0,0,30	00:127,29,0,0	00:119,0,0,0	00:128,0,0,0	03:121,0,0,40	13:49,36,0,38	00:113,0,0,0	00:76,10,35,0	33:0,0,13,85	03:81,0,0,27	01:44,31,41,0	33:0,0,0,110	13:74,36,0,18	03:73,0,0,34	00:79,0,0,47	00:114,0,0,0	22:0,0,117,0	22:52,42,38,0	00:87,0,0,43	02:15,20,43,0	12:0,94,30,0	11:78,33,0,0	00:162,0,0,0	33:58,0,0,73	13:0,102,0,38	22:0,54,85,0	12:0,16,50,0	00:91,0,0,0	12:0,46,40,79	00:64,0,0,48	33:0,0,0,100	03:70,0,0,28	03:61,0,0,38	00:118,0,0,12	02:98,0,31,0	02:78,0,36,0	33:38,0,0,69	00:52,0,60,0	33:106,0,0,22	00:112,0,0,0	00:115,0,0,0	22:0,0,65,40	33:0,0,0,100	00:90,0,0,0	00:81,0,0,44	00:56,38,0,0	01:28,26,0,43	00:110,0,0,0	00:157,0,0,0	00:53,0,16,7	33:57,0,1,55	NA:54,0,0,81	11:0,89,0,0	00:143,0,14,0	00:91,0,0,0	33:56,7,0,22	33:75,0,0,22	33:44,0,0,51	00:108,0,0,0	00:93,0,0,0	22:0,38,71,0	03:105,0,0,35	33:0,0,0,120	01:34,35,0,53	03:81,0,0,11	33:53,0,0,45	02:20,0,63,21	11:40,50,0,0	01:74,34,0,0	01:115,17,0,0	00:60,36,15,0	00:97,0,0,0	00:89,0,0,0	00:64,0,0,15	00:108,0,0,0	00:108,0,0,0	00:74,0,0,9	11:0,66,0,0	01:50,99,0,0	00:103,0,0,0	33:0,0,41,81	33:55,0,0,89	00:76,41,0,0	01:44,48,0,0	00:134,0,0,0	22:54,10,44,0	33:0,0,0,150	01:16,86,0,0	01:51,89,0,0	03:35,36,0,14	00:61,47,0,0	00:86,0,0,0	00:116,0,0,0	NA:160,0,0,0	03:15,0,0,92	02:68,0,44,0	00:149,0,0,0	00:97,0,0,0	12:44,16,39,0	00:82,0,0,10	00:167,0,1,0	00:135,0,0,0	11:74,27,0,0	33:0,0,0,85	00:82,0,0,12	33:24,0,0,106	00:102,0,0,0	00:106,0,0,0	00:122,0,0,0	00:130,0,0,0	03:89,0,0,24	00:128,0,0,0	11:85,29,0,0	00:122,0,0,0	13:0,28,32,36	00:61,0,0,49	12:0,70,16,0	00:189,0,0,0	00:123,0,0,0	01:14,90,0,0	00:90,0,0,8	01:57,60,0,51	03:22,0,27,32	33:0,0,0,129
4_60	36	03:33,0,0,125	11:0,131,0,34	13:64,44,0,42	02:135,0,0,0	00:208,0,0,0	00:154,0,0,0	00:100,0,0,46	02:102,33,43,0	01:0,116,40,0	03:76,0,0,65	03:71,0,0,55	02:60,0,44,0	13:23,19,0,60	01:86,45,0,0	00:83,39,0,0	00:135,0,0,0	01:102,33,0,0	13:46,40,53,46	01:104,58,0,0	02:111,0,46,0	02:32,29,76,0	00:131,0,0,28	00:99,0,24,0	11:0,80,0,18	00:116,0,0,27	01:34,72,26,0	03:103,0,0,26	01:89,108,0,0	00:190,0,0,0	01:84,34,0,40	11:104,41,0,0	01:50,62,0,52	00:151,0,0,0	23:0,0,32,84	03:118,0,0,112	12:32,31,74,0	02:70,0,18,22	03:114,0,21,0	01:37,29,55,0	03:73,0,0,70	00:132,0,0,0	02:38,0,33,62	13:47,30,0,75	01:72,38,0,22	13:0,0,0,140	22:109,0,47,31	00:98,0,23,0	00:102,0,0,0	00:123,0,0,0	03:153,0,0,0	13:0,36,26,36	00:68,0,0,28	03:66,0,0,68	00:134,0,0,16	00:52,27,0,34	01:93,31,0,0	02:155,0,0,0	01:180,0,0,0	00:132,0,0,39	01:85,87,0,0	33:0,1,0,157	00:146,0,36,0	00:71,77,0,0	02:38,0,36,32	03:76,0,0,37	00:91,0,0,22	02:72,0,37,30	03:96,0,0,24	11:0,123,0,0	03:105,0,0,65	00:143,27,0,0	00:136,2,0,0	03:48,0,0,56	03:80,0,39,46	00:186,0,0,0	00:113,34,0,0	02:139,0,50,0	02:142,0,38,0	00:105,0,0,43	00:164,0,0,0	03:63,60,0,81	03:0,0,0,156	02:132,0,32,0	02:101,0,27,0	00:170,0,0,0	03:83,0,0,50	02:131,0,30,0	00:118,0,0,55	02:136,0,22,0	03:166,0,0,0	03:70,0,39,0	03:139,0,0,18	00:193,0,0,0	33:0,0,0,173	00:89,0,0,30	01:24,59,41,32	13:72,72,0,23	23:76,0,137,33	22:103,0,76,0	00:81,0,0,20	03:70,0,0,41	00:172,0,0,0	01:130,0,0,0	00:148,0,0,37	03:63,0,0,43	03:53,0,33,80	00:111,31,0,0	03:53,0,0,86	03:109,0,0,22	00:86,0,25,0	00:85,0,0,44	13:52,45,0,36	23:82,0,62,0	02:101,0,30,0	00:141,0,0,0	02:93,0,52,0	01:78,79,0,0	01:121,18,0,0	00:152,0,0,28	00:223,0,0,0	03:35,0,0,123	00:177,0,0,0	00:147,0,0,25	13:47,29,0,106	00:195,0,0,0	00:137,0,60,0	33:42,0,33,82	23:48,28,36,60	00:113,0,0,0	03:156,0,0,0	03:140,0,0,28	12:0,69,88,0	33:59,43,0,81	03:181,0,0,0	02:48,0,82,0	22:0,48,127,0	03:134,0,0,21	03:150,0,0,38	03:130,0,0,45	22:0,0,140,0	22:0,0,136,0	12:0,21,103,0	00:138,0,0,0	23:115,0,38,56	02:135,0,57,0	03:64,0,0,98	23:0,0,41,88	01:116,13,0,0	01:165,0,0,0	02:118,0,21,0	00:102,0,0,36	33:27,0,0,102	00:115,0,19,0	00:200,0,0,0	00:117,0,0,31	00:62,27,0,48	02:53,0,21,63	13:0,14,0,110	00:137,0,0,0	00:153,0,0,0	00:126,0,0,0	00:119,0,0,0	00:134,0,0,0	03:129,0,0,22	02:127,0,0,0	03:51,0,0,102	03:69,0,0,98	11:0,137,0,0	01:154,27,0,0	02:145,0,18,0	03:88,0,0,45	02:131,0,0,0	00:67,0,0,62	03:107,0,0,63	00:74,0,26,0	22:0,27,150,0	03:97,0,0,64	02:74,0,0,58	00:146,0,0,0	00:159,0,0,0	33:23,0,0,126	01:68,29,0,17	01:0,95,0,0	03:109,0,0,46	02:103,0,34,0	01:75,0,0,25	00:89,57,0,0	03:107,0,0,19	00:62,69,0,0	00:130,0,0,0	00:109,0,0,25	00:130,0,0,0	13:0,26,0,76	00:145,0,0,0	00:100,0,0,0	33:0,33,0,134	03:85,0,44,52	01:136,37,0,0	00:112,29,0,0	03:89,0,0,50	02:40,32,45,0	03:59,0,0,122	11:0,133,0,43	00:100,104,0,0	01:127,0,0,0	00:155,0,0,0	03:78,0,0,39	00:73,39,0,34	03:67,0,0,56	33:0,0,0,119	01:100,49,0,0	00:153,0,0,0	03:47,0,0,107	00:91,40,0,0	00:91,0,0,0	00:166,0,0,0	03:110,0,0,70	03:89,0,0,20	33:0,0,0,131	03:107,0,0,32	33:0,0,0,214	00:116,0,52,0	00:120,0,47,0	00:162,0,0,0	01:137,47,0,0	03:90,0,0,41	02:166,0,0,0	03:46,34,0,25	02:111,0,71,0	01:65,87,0,0	03:38,71,0,27	13:0,115,0,19	02:126,0,49,0	00:146,46,0,0	00:200,0,1,0	02:155,0,47,0	01:52,108,0,43	03:73,0,0,62	03:32,0,0,118
1_61	44	03:67,0,0,21	02:18,23,18,19	33:0,0,0,65	01:28,40,0,0	00:106,0,0,0	02:77,0,9,0	00:119,1,0,0	00:103,0,0,0	11:0,76,0,0	00:66,0,0,11	00:61,6,0,0	00:23,0,16,9	33:17,0,0,38	02:40,0,24,0	01:42,21,12,0	00:80,0,3,0	00:66,0,2,16	00:88,0,0,1	01:20,52,0,0	03:64,0,0,28	02:27,15,41,0	00:66,0,0,14	00:51,0,0,16	12:0,49,8,0	01:54,16,0,21	00:36,2,0,0	00:43,4,0,0	01:56,40,0,17	03:46,0,0,33	03:14,0,0,45	00:52,6,0,12	00:72,26,0,0	00:47,16,0,14	13:0,15,0,51	03:56,0,0,57	22:0,0,56,17	00:74,0,0,0	01:40,15,0,23	00:61,11,1,0	00:87,0,0,0	02:51,0,22,0	00:39,0,0,28	01:76,25,0,0	01:41,16,0,4	33:0,0,0,55	00:89,19,0,0	01:21,18,4,25	00:51,0,0,17	00:45,0,0,9	00:86,0,0,0	33:0,0,0,59	00:62,0,0,0	33:16,0,2,104	33:11,21,0,25	00:43,0,9,6	02:43,0,29,18	03:48,0,1,13	03:56,3,0,16	02:70,0,23,0	00:63,1,0,12	33:4,0,0,67	01:82,16,0,0	00:66,0,14,0	01:44,16,0,0	03:37,0,0,14	00:29,0,11,0	00:59,0,0,17	00:34,11,0,0	11:16,45,0,0	00:75,5,3,0	33:42,0,0,54	00:64,0,0,21	00:48,0,13,5	01:79,39,0,0	23:33,0,21,39	00:70,1,0,0	03:47,0,0,23	01:43,19,15,0	00:53,0,0,20	12:0,38,30,0	02:53,0,19,22	03:25,0,0,76	03:54,6,0,11	00:51,0,0,5	03:44,0,0,33	03:50,0,0,13	00:80,1,0,0	03:32,0,10,24	23:29,0,16,14	00:53,0,15,0	00:48,0,15,0	03:62,0,2,15	00:74,0,0,0	03:28,0,0,62	00:65,0,0,0	03:47,0,7,26	33:20,0,0,57	03:34,0,1,83	02:58,0,19,0	00:37,0,0,35	03:25,0,0,26	00:50,0,0,40	00:68,0,1,0	00:109,6,0,0	03:21,0,0,33	03:66,0,0,12	00:28,0,0,18	13:0,20,0,44	03:59,0,0,27	00:78,0,0,0	00:70,0,0,18	12:22,33,25,0	22:32,0,65,0	00:62,0,13,0	00:68,0,0,0	02:67,0,15,0	01:60,13,4,0	01:47,14,0,0	00:90,0,0,0	00:138,0,0,0	00:70,0,0,31	00:67,4,4,0	00:85,0,0,0	13:0,10,0,66	00:91,0,0,0	00:76,0,0,0	33:3,0,0,56	02:48,0,25,38	02:43,0,29,0	00:98,0,0,2	03:57,0,0,17	12:0,36,44,0	00:99,0,0,7	02:29,0,24,39	00:36,0,22,0	22:0,0,86,2	33:22,0,24,34	00:108,0,0,0	00:105,0,0,3	12:0,56,28,0	22:21,0,71,0	12:16,23,40,0	00:76,2,0,0	33:0,0,0,99	00:82,0,3,0	00:46,0,0,59	33:18,0,0,55	00:69,0,0,4	02:65,0,25,0	22:26,0,82,0	00:44,19,0,38	13:0,25,0,61	02:18,0,67,0	03:55,18,0,22	00:35,0,0,23	03:39,3,29,40	22:20,0,64,0	03:23,0,0,54	03:40,0,0,27	00:84,0,8,0	00:64,0,0,0	03:25,6,0,22	03:31,0,0,28	00:75,0,0,7	00:61,0,0,0	00:63,12,0,0	13:0,47,0,40	11:0,62,0,0	00:121,0,0,0	01:29,15,0,18	00:52,0,3,0	00:60,0,0,0	03:45,0,0,28	00:81,0,1,0	01:31,20,0,4	22:0,0,75,0	00:61,0,6,0	01:35,24,0,21	02:20,0,25,15	00:71,0,0,4	03:20,0,0,60	02:43,0,15,0	11:0,70,0,0	00:87,0,0,0	00:83,3,0,0	00:64,0,2,0	00:69,0,0,0	00:63,0,0,0	02:35,18,10,0	00:71,0,0,0	01:19,38,17,6	12:18,14,37,0	11:0,47,0,0	00:101,0,0,0	00:70,0,0,0	23:0,0,26,59	02:30,1,35,16	02:72,1,16,0	00:68,0,0,15	00:69,3,0,0	22:0,0,42,0	33:18,0,0,45	11:20,65,4,2	11:0,76,0,19	00:34,0,0,15	33:20,0,0,44	00:69,0,0,0	00:74,0,0,2	00:82,0,0,0	33:0,0,9,45	00:75,0,0,0	00:66,0,0,19	33:26,0,0,54	00:15,0,38,0	00:64,0,0,0	00:95,0,0,0	03:74,0,0,26	03:56,0,0,18	33:0,0,0,74	03:58,0,0,22	00:49,0,0,20	00:95,0,1,0	01:37,34,0,1	00:90,0,0,8	00:85,0,0,17	00:81,0,0,2	02:25,1,26,27	01:44,20,0,0	00:92,0,1,0	01:17,42,0,0	00:90,0,0,0	11:0,80,0,0	03:64,0,0,25	03:72,0,0,21	11:28,58,0,0	00:42,0,40,0	00:106,0,0,0	00:33,0,0,25	13:0,29,0,60
3_61	19	00:33,7,0,17	12:0,35,28,31	03:9,5,0,20	03:31,0,0,7	00:74,0,0,0	02:28,0,22,0	00:71,2,0,0	00:67,3,10,0	11:0,59,0,1	00:27,0,0,11	00:46,0,0,2	00:22,0,2,0	13:6,10,0,11	02:36,10,16,0	00:28,4,0,0	00:29,0,0,0	01:34,15,8,0	22:29,12,42,14	03:31,5,0,7	03:44,0,10,14	02:18,0,37,0	00:76,2,0,0	00:51,0,0,0	11:0,39,0,1	00:48,0,0,0	00:33,17,2,0	00:40,0,0,5	00:54,18,0,2	00:52,0,2,0	02:23,4,18,0	00:46,8,0,0	00:65,7,0,0	00:57,0,0,0	33:0,0,4,24	03:40,0,0,63	02:16,7,35,0	00:31,1,3,0	00:80,0,1,0	01:22,5,1,0	00:41,0,0,18	00:69,0,0,0	33:7,11,5,27	00:42,5,0,0	13:6,33,0,21	33:0,0,0,53	00:48,3,28,0	03:27,0,0,18	00:61,1,0,0	00:36,0,11,0	03:29,0,0,12	33:3,4,0,37	00:57,0,0,3	03:17,0,0,31	03:54,0,0,3	00:33,0,0,10	00:48,10,0,0	00:56,0,5,0	00:64,7,0,0	00:38,0,0,3	00:45,15,0,0	33:0,0,0,67	00:106,0,0,0	03:34,0,0,34	00:27,0,3,0	02:22,0,7,6	03:29,0,0,12	03:26,0,5,13	03:9,0,0,10	11:0,34,0,0	03:55,0,1,26	03:48,0,0,13	00:55,0,0,0	13:8,20,0,18	00:57,0,0,13	00:64,0,0,0	00:25,0,0,0	01:34,25,4,0	02:34,10,30,0	03:22,6,13,12	00:45,10,0,0	03:51,0,0,15	03:30,0,0,41	00:52,3,0,0	03:16,0,0,5	00:32,2,0,3	00:34,0,0,8	01:45,17,0,0	02:40,0,11,0	02:24,0,20,8	02:45,0,15,0	01:27,10,3,0	03:33,8,0,15	03:24,11,0,5	33:10,0,0,48	00:21,0,0,1	00:66,14,0,0	33:22,7,0,29	23:15,0,45,35	12:22,8,20,0	03:10,0,0,11	03:39,0,0,16	02:33,0,17,25	00:61,0,0,0	02:58,0,24,1	33:23,0,0,18	03:47,0,0,15	01:14,5,0,8	33:22,0,0,34	23:48,1,20,30	00:66,0,0,0	03:25,0,0,18	01:12,21,0,2	02:17,5,23,9	00:27,0,8,0	00:45,1,3,0	02:23,0,13,8	13:19,34,0,18	01:47,13,11,0	00:57,0,0,15	03:72,1,0,0	03:20,0,0,59	03:35,0,12,6	00:23,0,0,0	03:7,9,0,19	03:56,0,0,18	00:52,0,1,0	23:17,0,18,33	00:80,0,0,0	01:26,2,3,0	00:40,4,6,9	00:37,0,0,0	22:0,17,41,0	00:57,0,4,13	03:46,0,12,22	00:41,0,15,0	12:2,13,49,0	00:53,0,0,9	02:58,0,17,0	03:66,0,0,0	12:0,20,53,0	22:0,0,40,0	22:0,7,50,0	00:40,0,0,0	13:4,29,0,63	03:32,0,12,26	33:7,0,2,53	33:0,0,10,19	00:38,0,0,0	03:63,0,3,0	00:32,0,16,0	33:14,0,0,31	33:0,0,0,42	02:24,0,27,0	03:61,0,0,17	01:17,5,5,0	03:13,0,0,32	22:0,0,29,12	02:25,0,20,20	00:64,0,0,0	03:29,0,0,13	03:11,0,0,2	01:16,13,0,1	00:51,0,0,4	01:45,18,0,0	12:12,7,4,0	23:6,0,14,24	02:46,2,16,0	11:0,23,0,0	03:70,0,0,24	00:62,5,0,0	00:12,0,0,19	01:27,3,0,0	00:47,0,0,3	02:34,0,0,15	02:24,0,14,0	12:0,8,48,0	00:54,11,0,0	00:32,1,0,2	03:31,0,0,4	00:40,5,0,0	03:17,0,0,36	22:11,0,17,1	11:0,49,0,1	00:35,0,0,22	00:96,0,0,0	02:41,10,10,3	00:88,4,0,0	00:47,0,0,0	03:25,0,0,8	02:42,0,8,0	00:43,0,0,0	03:36,1,0,12	11:0,36,0,0	02:56,0,22,1	00:63,2,0,0	13:0,12,2,51	33:20,0,0,51	00:46,7,0,1	13:11,13,1,8	01:16,16,2,0	12:0,11,31,0	33:0,0,0,85	11:4,44,0,0	00:44,3,0,0	03:15,1,0,7	01:53,16,0,0	00:42,0,0,2	02:29,0,18,0	00:55,0,0,3	33:0,0,0,46	12:36,23,21,0	03:42,0,0,15	00:34,0,8,17	02:30,0,13,0	00:30,2,0,0	00:100,0,0,0	00:66,0,0,6	03:37,0,0,15	03:15,2,0,20	03:28,0,0,22	33:0,0,1,52	01:33,19,0,0	00:72,0,6,0	02:62,0,0,1	03:35,0,0,12	00:37,0,0,3	00:44,0,0,0	00:44,0,0,2	00:41,0,5,0	13:9,14,3,9	11:30,28,0,8	11:1,55,0,4	03:60,0,0,17	01:50,14,0,0	03:39,0,0,13	00:69,0,0,0	00:64,8,0,0	03:7,0,0,18	33:11,0,0,58
4_61	10	03:44,0,0,6	13:0,33,0,9	33:7,0,0,37	02:30,0,7,7	03:25,14,0,7	01:35,11,0,0	00:41,0,7,0	00:57,0,23,0	01:12,36,0,0	03:18,0,0,16	00:46,0,0,10	03:8,0,6,16	00:23,9,0,8	00:25,14,0,0	02:31,0,7,0	00:29,0,0,0	03:38,0,0,11	03:30,0,8,11	12:0,24,7,2	00:39,0,0,0	12:11,16,19,0	03:27,0,0,9	03:11,15,0,9	11:0,28,0,0	03:11,0,8,20	00:29,4,0,0	00:45,0,0,0	00:52,0,0,0	02:39,5,20,0	03:11,0,0,23	00:39,0,7,0	00:21,0,15,6	00:37,0,0,0	03:9,0,0,27	01:31,14,0,19	12:0,14,13,9	01:8,31,0,0	00:37,0,12,0	02:23,0,13,7	00:42,0,6,0	33:22,0,0,19	33:0,0,0,48	03:33,0,0,13	00:11,13,0,10	03:22,0,0,29	02:18,0,29,0	03:22,0,0,35	00:35,0,0,0	00:34,0,0,0	00:39,0,0,0	33:0,0,8,18	00:26,0,13,0	03:53,0,0,0	00:43,0,21,0	02:30,0,22,0	00:46,1,0,0	03:18,0,0,9	03:20,0,0,10	00:61,0,0,0	02:26,10,7,0	33:0,0,0,39	00:37,0,0,0	13:11,13,0,11	01:28,6,0,0	00:33,0,0,0	03:19,0,0,5	03:45,0,0,16	03:31,3,0,14	11:0,35,11,0	03:28,0,0,38	00:60,0,0,11	00:48,0,0,0	00:41,0,0,0	02:28,13,8,0	03:36,0,0,10	02:34,0,15,0	00:28,0,0,0	22:14,0,23,0	00:20,0,0,23	01:26,17,0,0	03:26,0,0,38	03:9,0,0,52	02:31,0,16,0	02:20,0,14,5	02:43,0,0,0	00:34,0,9,0	23:16,0,17,11	00:51,0,0,0	02:22,0,15,0	02:14,0,2,12	00:35,0,0,19	33:27,0,0,10	00:48,14,0,0	33:0,8,0,25	00:34,0,0,0	03:40,0,0,17	00:46,0,0,0	12:0,20,19,28	00:36,5,0,0	00:39,0,0,8	00:19,0,0,0	00:20,0,9,17	23:3,13,4,14	03:23,0,9,8	02:19,0,2,5	00:23,0,4,0	03:19,9,0,9	33:0,0,0,54	00:25,0,10,9	00:23,0,0,11	00:29,0,0,11	11:3,45,0,0	03:24,0,0,20	02:18,0,9,10	00:33,0,0,0	00:22,0,0,8	01:10,39,0,6	02:16,0,15,0	03:35,0,0,11	00:60,0,0,0	03:14,0,0,28	00:25,0,0,7	00:46,0,0,0	33:7,0,0,40	00:35,0,0,0	00:38,0,0,0	33:5,0,0,26	02:45,0,10,0	03:25,0,0,5	00:19,0,0,8	00:16,0,0,14	12:0,43,10,0	33:6,0,0,35	00:54,0,0,0	22:11,12,13,0	22:0,0,64,0	00:46,0,0,0	00:61,0,0,0	00:37,0,0,24	22:0,18,27,0	12:0,15,27,0	02:6,0,37,0	00:41,0,0,3	02:7,10,36,2	00:39,0,0,0	13:0,14,0,23	33:0,6,0,35	00:36,0,0,0	00:42,0,0,0	12:21,13,4,0	03:22,0,0,9	03:1,0,0,37	02:3,12,38,0	02:38,0,23,0	00:31,0,0,0	03:28,0,0,26	22:0,0,30,0	33:9,0,0,29	02:29,0,1,7	00:31,9,0,0	03:32,0,0,1	03:51,0,0,3	00:34,0,0,4	00:55,0,0,0	02:27,0,8,0	01:36,17,0,0	03:37,0,0,5	13:0,33,0,7	00:48,0,0,0	02:34,0,5,0	01:31,8,0,0	00:19,0,0,10	03:30,13,0,6	00:36,11,0,0	00:30,0,0,0	02:8,13,33,0	01:33,10,0,0	33:0,0,8,36	11:0,17,0,18	02:26,0,6,0	33:0,0,0,59	03:9,0,27,14	33:0,12,0,24	00:54,0,0,0	00:48,0,0,0	00:38,0,0,3	00:19,8,0,0	00:22,0,8,0	00:41,0,0,0	12:18,4,21,0	00:49,0,0,9	00:53,0,0,0	13:0,18,0,8	03:36,0,0,14	00:28,0,0,0	33:0,0,0,43	00:49,0,0,0	11:7,21,0,6	03:28,0,7,4	03:26,0,0,12	22:9,0,7,8	33:0,0,5,42	12:0,33,4,7	01:9,46,9,0	00:33,0,0,0	00:16,20,5,0	23:9,9,4,10	03:17,0,0,17	33:0,0,9,39	23:0,0,8,49	03:48,0,0,9	00:48,0,12,0	33:18,0,0,26	23:11,12,3,20	23:20,0,2,14	03:19,0,11,28	02:36,0,16,0	02:26,0,16,0	23:13,0,11,13	01:27,13,0,0	13:0,8,0,38	02:46,0,6,3	00:26,17,0,0	00:41,6,0,0	03:24,0,0,28	00:17,18,0,0	00:31,0,0,0	00:31,0,0,0	00:44,0,0,0	33:0,8,0,32	00:62,0,0,0	11:16,19,0,0	00:42,0,0,0	03:24,0,0,16	00:39,0,7,0	01:29,12,0,0	11:0,40,0,4	00:19,0,0,12	13:0,6,0,36
1_63	77	00:113,0,0,47	11:0,146,0,27	33:0,0,0,120	00:100,25,0,0	00:160,0,0,0	01:112,31,0,0	00:157,0,0,0	00:163,0,0,0	11:0,125,0,0	33:66,0,0,75	03:83,0,0,24	03:47,0,22,29	00:49,20,0,22	00:114,0,40,0	02:90,0,18,0	00:113,0,0,0	03:93,0,0,30	00:141,0,0,52	11:32,66,0,0	00:116,0,52,0	12:33,35,67,0	03:115,0,0,24	23:59,0,10,17	11:0,108,0,0	33:62,0,0,74	00:114,0,0,0	01:103,40,0,0	00:70,61,0,31	00:97,0,1,39	33:31,0,0,103	03:129,0,0,46	00:159,0,0,0	00:117,0,0,23	03:33,0,42,50	13:30,52,0,116	01:53,28,68,0	13:57,30,0,34	03:138,0,0,35	01:28,64,0,0	03:52,0,0,75	03:110,0,0,24	33:33,0,0,87	03:59,19,0,30	00:111,45,0,0	03:41,0,0,87	22:84,0,94,0	33:39,0,0,79	00:92,0,0,25	00:100,0,0,23	00:135,0,0,0	33:0,38,0,58	03:83,0,0,32	03:73,0,0,73	02:125,0,29,0	01:78,33,0,0	00:88,0,0,32	00:135,0,0,0	00:162,0,0,0	00:143,0,0,0	12:75,42,31,0	33:31,0,0,102	02:131,0,58,0	11:37,94,0,0	00:73,0,36,0	00:109,0,0,0	33:46,0,0,54	33:29,34,0,70	00:79,0,0,31	11:0,133,0,0	00:195,0,0,0	00:187,0,0,0	00:133,0,0,0	00:119,0,0,0	00:108,0,0,41	33:69,0,0,66	01:83,34,0,0	00:146,0,0,0	02:135,0,29,0	00:87,0,0,19	11:67,72,0,0	00:218,0,0,0	03:61,0,0,102	01:70,22,41,0	02:66,0,27,0	02:45,0,36,70	00:105,0,0,0	03:118,0,0,40	00:145,0,0,0	00:164,0,0,0	02:115,0,30,0	00:81,0,0,0	03:102,0,0,26	03:107,0,0,42	33:74,0,0,68	00:99,0,0,0	03:119,1,0,49	01:88,53,0,0	02:47,0,38,86	00:163,0,0,0	03:20,0,0,111	00:33,0,0,41	01:117,42,0,0	23:0,0,98,38	33:81,0,0,88	12:0,44,30,39	03:98,0,0,31	00:124,0,0,0	03:28,0,0,75	00:162,0,0,0	03:78,0,0,27	00:60,60,0,0	11:0,135,0,0	03:99,0,0,36	01:38,25,45,0	03:113,0,0,24	12:0,29,31,44	03:126,0,0,49	00:116,0,0,0	23:60,0,36,55	00:181,0,0,0	33:67,0,0,63	00:126,0,0,0	00:140,0,0,0	03:31,0,0,92	00:184,0,0,0	02:28,0,115,0	33:0,0,0,136	00:132,0,0,0	00:132,0,0,0	03:35,0,0,125	23:68,0,49,34	22:0,0,150,0	03:70,0,39,92	01:92,35,29,0	03:48,0,38,23	12:0,82,75,0	00:112,0,0,33	00:169,0,0,0	00:144,0,0,0	22:0,46,119,0	22:0,0,114,0	22:0,20,112,0	00:138,0,0,0	13:0,57,0,139	13:90,38,0,37	33:22,0,0,97	33:0,0,0,126	00:87,0,0,30	00:74,0,23,41	02:83,0,44,0	03:95,0,0,34	33:0,28,0,88	02:54,0,77,0	00:175,0,0,0	00:147,0,0,0	00:153,0,0,0	22:0,0,120,0	33:0,0,0,117	01:63,27,24,0	00:172,0,0,0	00:108,0,0,0	02:91,0,41,0	00:128,0,0,0	00:161,0,0,0	00:97,0,0,0	00:115,0,0,26	00:131,29,0,0	11:33,90,0,0	00:124,0,62,0	00:153,0,0,0	00:61,64,0,0	03:84,0,0,38	03:61,0,0,99	00:167,0,0,0	03:68,0,0,17	12:0,36,127,0	00:165,0,0,0	33:0,0,0,133	01:105,45,0,0	00:136,0,0,0	33:31,33,0,64	12:52,19,32,0	12:0,94,34,0	00:148,0,0,0	02:70,0,31,52	00:101,0,0,14	03:60,1,34,27	00:131,0,0,0	00:104,0,0,0	02:60,35,31,0	03:114,0,0,37	00:87,0,0,0	11:25,57,0,0	02:136,0,57,0	00:80,0,0,46	13:55,56,0,61	33:59,0,0,91	00:138,0,0,0	03:84,0,0,25	01:52,88,0,0	01:43,46,44,0	33:77,0,0,90	11:0,79,43,0	00:65,48,0,21	33:26,0,0,66	03:112,0,0,43	02:78,0,29,0	02:95,0,35,0	00:151,0,0,0	33:0,0,0,126	01:123,48,0,0	03:108,0,0,43	00:95,0,0,0	00:136,0,0,0	00:95,0,0,0	00:183,0,0,0	00:136,0,0,0	03:93,0,0,39	03:62,0,0,69	03:84,0,0,54	33:0,0,0,166	01:123,38,0,0	00:89,0,22,0	00:106,0,0,65	03:110,0,0,41	00:74,0,0,45	03:53,40,0,25	00:92,0,0,27	00:141,0,37,0	13:48,39,0,30	00:84,0,0,22	11:0,92,0,21	00:181,0,0,0	00:168,0,0,0	11:29,134,0,0	03:80,0,52,54	00:115,21,0,0	03:92,0,0,12	13:25,46,0,66
4_63	59	33:15,0,0,75	11:0,44,0,42	13:0,24,0,49	00:44,0,0,0	00:83,0,0,0	00:35,0,18,0	00:94,0,0,0	02:56,0,17,0	11:26,57,0,0	03:55,0,0,15	03:19,0,0,59	22:5,0,36,0	03:40,0,0,14	01:46,14,0,0	03:46,0,0,12	00:60,6,0,0	01:35,21,11,0	01:82,25,0,0	11:41,26,0,0	00:88,0,0,0	22:0,0,71,0	00:94,0,0,0	00:68,0,11,0	11:0,49,0,0	00:75,0,0,0	01:45,18,0,0	33:61,0,0,10	01:71,19,0,0	03:48,0,0,0	13:9,21,0,32	01:28,16,0,25	01:88,18,0,0	02:57,0,25,0	33:16,0,0,51	03:25,0,0,92	12:0,20,49,0	02:65,0,4,0	00:64,0,49,0	02:51,0,20,0	03:40,0,0,16	00:59,0,0,0	23:0,29,16,27	03:39,9,0,8	01:21,22,0,0	23:0,0,11,38	02:40,0,54,0	00:46,0,0,0	00:48,0,0,0	00:35,0,0,5	00:72,0,0,6	03:20,0,0,17	00:35,8,0,0	33:0,0,0,94	03:48,0,0,12	00:60,0,0,0	01:42,21,0,0	00:80,0,0,0	00:94,0,0,0	00:64,0,0,0	01:71,18,0,0	03:15,0,0,38	00:80,0,12,0	01:40,21,0,0	00:38,0,14,0	03:12,0,0,16	00:29,0,0,16	12:26,9,9,0	00:29,0,0,11	11:0,60,0,0	00:77,0,0,0	00:49,0,0,0	03:70,0,0,0	03:8,10,0,21	00:47,18,0,0	00:51,0,0,22	00:23,27,0,0	02:57,0,13,9	01:23,33,34,0	13:40,16,0,19	00:74,0,0,0	00:64,0,0,49	03:30,0,0,54	02:28,24,27,0	00:58,0,0,0	33:38,0,0,26	00:56,0,0,0	03:33,1,0,16	00:52,0,0,0	22:27,0,27,0	02:73,0,0,0	02:20,0,9,0	01:36,18,0,0	03:75,0,0,14	00:39,0,0,32	03:42,0,0,10	00:80,0,0,0	02:46,0,7,0	23:0,0,35,72	00:72,0,16,0	00:47,0,0,12	03:36,0,0,11	03:77,0,0,25	01:11,31,0,0	00:74,0,0,16	03:39,0,0,26	00:61,0,0,0	03:42,0,0,8	33:0,0,0,36	00:88,0,12,0	00:58,0,0,0	00:58,0,0,0	11:0,88,0,0	03:39,0,23,35	12:24,15,31,0	01:20,50,0,0	00:64,0,0,9	00:65,5,0,0	00:60,0,0,0	02:22,0,25,36	00:124,0,0,0	03:26,0,9,53	02:30,0,19,12	03:54,0,0,12	03:31,0,0,46	03:36,0,17,14	00:60,0,0,0	03:18,15,0,60	00:56,0,0,0	00:20,5,15,0	03:58,0,0,15	00:75,0,0,0	22:0,0,66,14	03:36,0,0,52	03:62,0,0,24	02:32,0,25,0	22:0,18,77,0	02:15,10,20,22	03:75,0,0,20	13:26,23,0,46	01:30,34,13,0	12:8,29,27,0	22:0,0,63,0	00:65,0,0,0	12:38,24,37,42	01:66,23,0,0	13:0,20,0,42	33:13,0,0,64	00:35,0,0,21	00:93,0,0,0	00:43,14,0,0	00:56,0,0,0	23:0,0,12,45	02:51,0,17,0	02:87,0,32,0	00:49,0,0,0	00:50,0,0,18	13:13,26,8,13	33:12,0,0,58	00:49,0,0,27	00:108,0,0,0	00:37,0,0,13	00:63,0,0,0	01:31,20,0,0	00:77,0,0,0	00:37,0,0,0	00:80,0,0,0	03:44,0,0,39	11:1,63,7,0	00:119,0,0,0	03:73,0,0,17	00:51,0,0,0	00:52,0,0,0	02:99,0,8,0	03:48,0,0,33	03:21,15,0,14	22:0,0,82,0	00:71,0,0,12	00:48,0,0,12	00:33,12,20,0	00:42,0,0,7	13:0,14,0,59	01:58,10,0,0	00:23,16,0,0	00:54,0,0,0	02:63,0,20,0	00:57,0,12,0	00:34,0,0,0	00:40,0,0,0	00:48,0,0,0	00:65,0,0,0	00:41,32,0,0	00:28,0,15,0	11:0,28,9,0	00:100,0,0,0	00:44,0,0,0	13:0,21,0,57	13:13,19,35,22	02:66,0,18,0	00:70,0,0,0	00:36,0,0,16	02:20,0,59,0	03:28,0,0,94	11:0,74,0,0	01:23,47,0,0	00:49,0,0,0	13:0,29,0,52	00:43,0,0,0	00:43,0,0,16	00:60,0,0,5	33:0,0,0,73	02:51,0,16,0	00:53,11,0,0	03:9,0,0,25	23:13,0,12,8	03:31,0,0,9	00:95,0,0,0	00:32,0,0,38	00:58,0,0,16	13:0,17,0,31	03:30,0,0,35	03:62,0,0,25	00:56,0,19,0	03:42,0,0,12	00:79,0,0,0	00:70,0,0,0	00:54,5,0,0	00:61,0,0,0	03:32,0,0,6	00:88,0,0,0	13:9,35,0,18	00:75,0,0,0	11:0,50,0,0	03:65,0,0,25	00:68,0,12,0	01:26,67,0,0	03:32,0,20,22	01:45,26,0,0	23:0,0,9,23	23:0,0,11,61
1_64	29	03:80,0,0,34	13:0,54,0,32	33:0,0,0,84	02:56,0,31,0	03:80,0,0,44	01:46,21,0,22	00:86,0,0,0	00:87,0,37,0	11:0,70,0,0	03:48,0,0,45	00:45,0,9,11	23:11,0,46,15	00:54,0,0,15	00:65,0,0,24	23:30,21,25,19	00:97,0,0,0	03:54,25,0,19	00:115,0,0,0	11:1,53,0,6	00:71,3,0,27	12:17,21,46,0	03:60,0,35,10	03:79,0,0,24	11:0,63,30,0	03:61,0,0,61	00:50,39,0,0	00:59,0,15,0	00:118,1,0,0	00:58,0,0,14	33:21,0,0,83	00:71,0,0,19	00:84,0,0,0	02:63,0,34,0	03:18,0,0,72	13:56,23,0,34	12:32,24,70,0	01:66,11,0,0	00:110,0,0,0	02:15,13,58,0	00:82,0,24,0	03:43,24,0,18	33:1,0,0,86	03:39,0,14,11	01:55,44,0,0	02:43,0,25,17	02:53,0,59,0	03:61,0,0,21	00:77,0,1,0	00:99,0,0,18	00:85,16,0,1	03:19,0,0,57	00:81,0,0,0	03:38,0,0,95	03:56,0,31,12	00:50,25,0,15	00:102,0,2,0	00:107,0,0,0	00:121,0,0,0	00:76,0,0,23	12:2,41,52,0	03:32,0,0,63	00:79,0,0,36	11:50,59,0,0	00:66,0,0,0	00:62,0,18,0	03:52,11,0,16	33:14,0,0,67	03:28,0,3,39	11:0,80,0,0	00:41,0,0,44	00:131,0,0,0	00:94,0,0,0	00:66,24,0,0	03:78,0,0,31	03:71,0,0,12	00:80,0,0,1	00:114,0,0,0	02:77,0,20,0	00:41,0,0,37	01:88,21,0,0	01:68,65,0,0	03:35,0,0,50	00:49,10,22,0	00:64,0,0,0	23:15,0,15,44	00:85,0,0,0	03:72,0,0,31	02:64,0,23,0	02:49,0,24,25	02:87,0,19,0	00:46,0,0,7	03:84,0,0,15	03:78,0,0,31	33:24,0,0,65	01:55,20,0,0	00:91,0,0,0	00:101,0,1,0	23:3,0,37,90	00:98,0,0,0	03:18,0,0,58	00:52,0,0,34	00:123,0,0,0	02:27,0,59,0	03:80,0,0,25	23:0,0,17,55	00:90,0,0,0	00:81,0,0,3	23:19,0,22,29	00:97,0,0,0	02:73,0,18,0	01:17,72,0,0	12:28,39,28,1	00:107,0,0,0	00:49,0,37,0	00:97,0,0,0	00:61,0,0,14	01:102,40,0,0	00:91,0,0,0	00:120,0,0,0	00:117,0,0,0	00:98,0,0,0	00:63,0,25,0	00:76,0,0,15	33:0,0,0,81	00:112,0,0,0	00:76,0,22,0	23:0,0,24,53	02:73,0,20,0	00:83,0,0,0	00:101,0,0,21	03:59,0,0,27	22:0,0,85,0	00:107,0,0,17	00:65,0,41,1	02:56,0,25,0	12:0,37,82,0	03:90,0,0,28	00:77,0,0,44	03:25,0,0,86	12:0,45,60,0	22:1,0,83,0	22:0,0,65,0	00:64,0,0,35	13:0,38,16,83	03:75,0,0,18	33:0,0,0,85	13:30,25,0,36	00:60,0,11,0	00:111,0,0,0	02:70,33,0,0	03:52,13,0,26	33:0,0,0,99	12:53,18,33,0	03:51,49,0,30	01:66,21,0,14	33:23,0,0,86	22:5,0,31,28	02:54,0,25,10	03:33,0,2,55	03:64,0,0,19	03:61,0,0,15	01:61,26,0,0	00:70,0,0,0	02:27,0,90,1	02:62,0,28,0	02:73,0,24,9	02:98,0,24,0	11:0,77,0,0	03:47,0,0,86	00:90,0,0,0	00:75,0,0,7	01:71,19,0,0	00:114,0,0,0	00:89,0,0,0	02:33,0,37,2	13:8,31,0,52	00:96,0,0,0	03:22,0,0,65	03:17,0,0,85	00:87,1,0,0	03:54,0,0,48	02:61,0,23,11	01:63,19,12,0	00:104,0,0,0	00:111,0,0,0	00:85,0,0,0	00:96,1,0,0	03:21,2,0,33	01:45,45,0,0	02:52,17,10,0	00:118,0,19,0	00:59,0,0,0	11:14,62,0,0	02:87,0,21,0	00:61,0,0,12	11:0,70,17,2	03:56,0,0,48	01:40,69,0,0	03:59,12,0,13	13:2,33,0,68	11:0,79,10,0	23:0,0,80,44	12:0,20,55,14	02:26,19,69,0	03:48,0,0,17	00:96,0,0,0	02:52,0,57,0	02:79,3,21,0	01:34,54,0,10	23:0,0,63,32	13:1,40,0,56	13:0,75,0,43	00:93,0,0,1	02:24,0,44,18	03:37,0,0,35	00:71,21,0,0	33:29,15,0,72	23:14,0,61,15	03:23,0,0,56	13:14,51,0,21	13:0,84,0,37	12:3,29,62,12	03:15,0,0,71	00:95,0,0,0	03:88,0,0,18	00:72,17,0,0	01:43,49,0,0	00:80,2,0,0	00:121,0,0,0	13:0,54,0,32	01:82,20,0,0	11:8,79,0,0	23:29,0,67,23	12:11,16,87,1	03:58,1,0,24	00:117,0,0,0	00:125,0,0,5	03:58,0,0,39	03:51,0,0,38
2_64	90	03:169,0,0,52	13:0,172,0,26	13:0,44,0,111	00:107,27,0,0	00:146,52,0,0	01:138,45,0,0	02:89,0,130,0	02:42,0,185,0	11:0,202,0,0	33:27,0,0,135	33:32,0,0,104	22:0,0,129,0	03:0,0,0,135	11:0,138,29,0	01:73,31,0,0	01:114,39,0,0	01:150,32,0,0	01:207,47,0,0	11:0,143,0,0	00:199,0,0,0	22:0,0,158,0	00:243,0,0,0	02:87,61,43,0	12:0,85,32,0	00:146,0,0,66	01:120,47,0,0	13:83,41,0,29	01:117,51,0,38	00:159,0,0,42	13:0,34,0,153	01:147,37,0,0	01:95,49,62,0	00:141,0,0,34	33:0,0,0,182	03:114,0,0,159	13:0,43,43,109	02:73,57,28,0	03:79,0,53,45	00:98,21,0,0	23:113,0,47,35	00:200,0,0,0	22:0,0,86,94	33:87,0,0,73	03:83,0,0,95	33:0,0,0,178	22:37,0,215,0	03:40,0,0,102	00:123,0,0,29	00:119,0,0,18	00:190,0,0,0	33:0,0,48,83	03:87,0,55,0	03:115,0,0,86	02:151,0,50,0	00:177,0,0,0	01:78,39,0,29	00:197,0,0,0	00:221,0,0,0	00:161,0,0,0	01:89,96,0,0	33:0,0,0,160	03:159,0,0,68	00:205,0,0,0	00:162,0,0,0	23:73,0,34,26	03:96,0,17,0	23:105,0,30,55	03:38,55,0,25	11:28,81,63,0	03:101,0,0,114	00:236,0,0,0	00:173,0,0,25	03:119,0,0,41	00:201,0,0,0	03:187,0,0,0	01:106,54,0,0	02:155,0,45,0	01:187,38,0,0	13:36,26,0,86	01:37,97,36,0	03:35,0,0,224	33:0,0,0,192	00:205,0,0,0	00:104,54,0,0	03:160,0,0,20	00:154,0,0,0	00:189,0,0,0	00:182,0,0,0	22:95,0,102,0	03:79,0,0,107	02:33,0,61,41	01:133,32,0,0	23:104,0,46,52	03:39,0,0,159	02:111,0,33,0	03:143,0,0,37	00:201,0,0,0	13:0,56,0,293	00:186,0,0,0	03:79,0,0,65	00:132,0,0,0	03:101,0,0,122	03:102,59,0,37	03:180,0,0,68	13:52,0,0,106	00:95,0,49,0	03:103,0,0,52	33:0,0,0,178	02:164,0,0,67	02:63,0,21,39	00:140,0,0,0	01:88,119,0,0	22:110,0,103,0	00:111,0,0,47	02:142,0,36,0	33:23,0,0,99	11:35,171,0,0	03:69,0,59,42	03:152,0,1,43	00:254,0,0,0	03:47,0,0,170	02:128,0,42,0	03:144,0,0,33	03:52,0,0,160	00:216,0,0,0	00:201,0,0,0	03:41,0,0,143	00:210,0,0,0	00:147,0,23,0	33:23,0,0,192	00:126,0,0,46	12:1,198,0,0	00:150,0,65,0	02:102,0,95,0	02:135,0,44,0	22:0,0,175,0	03:37,0,0,143	00:153,0,0,37	00:177,0,0,44	12:0,51,163,0	22:0,0,180,0	12:0,105,78,0	00:170,0,0,0	33:0,0,0,248	00:233,0,0,0	03:90,0,0,81	33:34,0,0,177	00:182,0,0,0	02:88,0,98,0	02:23,44,102,0	00:144,0,0,36	13:0,97,0,79	02:59,0,127,0	00:203,0,0,0	01:157,52,0,0	03:151,0,0,36	22:0,0,119,35	03:51,0,0,119	01:46,28,52,41	00:198,1,0,0	00:104,0,31,0	01:108,39,0,0	03:64,0,0,98	02:172,0,70,0	00:119,0,0,0	33:42,59,0,92	00:136,65,0,0	13:0,102,0,34	02:204,0,0,54	00:125,0,0,33	00:150,0,0,0	02:134,0,42,0	03:111,0,0,84	03:163,0,0,49	00:101,0,22,0	22:0,0,187,0	02:144,0,48,0	03:44,0,0,136	03:109,0,0,96	01:149,47,0,0	03:70,0,0,105	02:131,0,28,0	11:0,140,0,0	01:139,39,0,0	00:155,0,0,41	01:170,0,0,0	00:136,0,36,0	00:107,52,0,0	00:116,55,0,0	00:122,45,0,0	00:160,0,60,0	00:117,0,1,0	11:24,94,0,0	00:236,0,0,0	02:82,0,46,21	33:37,0,0,179	03:98,0,0,110	00:186,0,0,0	00:117,0,0,35	00:148,0,0,0	22:0,0,184,0	33:56,0,0,156	11:55,144,0,0	01:58,105,0,62	00:109,0,0,49	00:143,0,0,57	00:189,0,0,0	01:121,56,0,0	00:188,0,0,0	33:0,0,0,179	00:183,0,0,0	00:199,0,0,0	33:0,0,0,175	03:53,0,38,27	00:103,0,0,35	00:256,0,0,0	03:170,0,0,45	00:148,0,0,0	33:0,0,0,181	00:142,0,0,32	33:52,0,0,165	02:221,0,0,0	00:185,0,0,0	00:143,0,0,68	03:131,0,0,67	00:85,0,44,0	03:133,0,0,41	01:104,32,0,0	00:215,0,0,0	13:0,121,0,41	00:131,49,0,0	11:52,109,0,0	00:166,0,62,0	03:152,0,0,34	01:47,133,0,0	02:166,0,53,0	00:163,65,0,0	03:90,0,0,21	33:0,0,0,226
3_64	80	03:0,0,0,0	01:0,0,0,0	33:0,0,0,0	00:0,0,0,0	12:0,0,0,0	00:0,0,0,0	02:0,0,0,0	02:0,0,0,0	11:0,0,0,0	03:0,0,0,0	03:0,0,0,0	00:0,0,0,0	33:0,0,0,0	01:0,0,0,0	00:0,0,0,0	00:0,0,0,0	00:0,0,0,0	03:0,0,0,0	11:0,0,0,0	00:0,0,0,0	02:0,0,0,0	00:0,0,0,0	01:0,0,0,0	01:0,0,0,0	03:0,0,0,0	00:0,0,0,0	00:0,0,0,0	00:0,0,0,0	00:0,0,0,0	03:0,0,0,0	00:0,0,0,0	00:0,0,0,0	02:0,0,0,0	00:0,0,0,0	03:0,0,0,0	23:0,0,0,0	01:0,0,0,0	02:0,0,0,0	00:0,0,0,0	00:0,0,0,0	00:0,0,0,0	33:0,0,0,0	00:0,0,0,0	03:0,0,0,0	13:0,0,0,0	02:0,0,0,0	03:0,0,0,0	00:0,0,0,0	00:0,0,0,0	00:0,0,0,0	23:0,0,0,0	02:0,0,0,0	00:0,0,0,0	02:0,0,0,0	00:0,0,0,0	00:0,0,0,0	01:0,0,0,0	02:0,0,0,0	00:0,0,0,0	11:0,0,0,0	03:0,0,0,0	00:0,0,0,0	00:0,0,0,0	00:0,0,0,0	00:0,0,0,0	00:0,0,0,0	00:0,0,0,0	13:0,0,0,0	12:0,0,0,0	33:0,0,0,0	03:0,0,0,0	00:0,0,0,0	00:0,0,0,0	02:0,0,0,0	00:0,0,0,0	00:0,0,0,0	03:0,0,0,0	02:0,0,0,0	23:0,0,0,0	01:0,0,0,0	33:0,0,0,0	03:0,0,0,0	00:0,0,0,0	00:0,0,0,0	00:0,0,0,0	00:0,0,0,0	00:0,0,0,0	00:0,0,0,0	00:0,0,0,0	03:0,0,0,0	03:0,0,0,0	00:0,0,0,0	00:0,0,0,0	33:0,0,0,0	00:0,0,0,0	00:0,0,0,0	00:0,0,0,0	23:0,0,0,0	00:0,0,0,0	03:0,0,0,0	03:0,0,0,0	03:0,0,0,0	01:0,0,0,0	00:0,0,0,0	03:0,0,0,0	23:0,0,0,0	00:0,0,0,0	33:0,0,0,0	03:0,0,0,0	03:0,0,0,0	33:0,0,0,0	11:0,0,0,0	02:0,0,0,0	03:0,0,0,0	00:0,0,0,0	33:0,0,0,0	01:0,0,0,0	02:0,0,0,0	00:0,0,0,0	00:0,0,0,0	33:0,0,0,0	01:0,0,0,0	00:0,0,0,0	23:0,0,0,0	00:0,0,0,0	00:0,0,0,0	03:0,0,0,0	01:0,0,0,0	00:0,0,0,0	03:0,0,0,0	03:0,0,0,0	12:0,0,0,0	00:0,0,0,0	03:0,0,0,0	02:0,0,0,0	12:0,0,0,0	00:0,0,0,0	00:0,0,0,0	03:0,0,0,0	12:0,0,0,0	22:0,0,0,0	22:0,0,0,0	00:0,0,0,0	03:0,0,0,0	00:0,0,0,0	33:0,0,0,0	33:0,0,0,0	00:0,0,0,0	00:0,0,0,0	00:0,0,0,0	00:0,0,0,0	33:0,0,0,0	22:0,0,0,0	00:0,0,0,0	00:0,0,0,0	33:0,0,0,0	22:0,0,0,0	33:0,0,0,0	03:0,0,0,0	01:0,0,0,0	03:0,0,0,0	00:0,0,0,0	02:0,0,0,0	00:0,0,0,0	00:0,0,0,0	00:0,0,0,0	00:0,0,0,0	00:0,0,0,0	03:0,0,0,0	00:0,0,0,0	03:0,0,0,0	03:0,0,0,0	01:0,0,0,0	00:0,0,0,0	00:0,0,0,0	22:0,0,0,0	01:0,0,0,0	03:0,0,0,0	03:0,0,0,0	03:0,0,0,0	33:0,0,0,0	23:0,0,0,0	13:0,0,0,0	00:0,0,0,0	00:0,0,0,0	00:0,0,0,0	00:0,0,0,0	13:0,0,0,0	01:0,0,0,0	00:0,0,0,0	00:0,0,0,0	00:0,0,0,0	13:0,0,0,0	00:0,0,0,0	00:0,0,0,0	13:0,0,0,0	03:0,0,0,0	00:0,0,0,0	03:0,0,0,0	00:0,0,0,0	02:0,0,0,0	33:0,0,0,0	01:0,0,0,0	11:0,0,0,0	03:0,0,0,0	01:0,0,0,0	00:0,0,0,0	00:0,0,0,0	03:0,0,0,0	33:0,0,0,0	00:0,0,0,0	00:0,0,0,0	02:0,0,0,0	03:0,0,0,0	00:0,0,0,0	03:0,0,0,0	00:0,0,0,0	00:0,0,0,0	33:0,0,0,0	00:0,0,0,0	33:0,0,0,0	03:0,0,0,0	00:0,0,0,0	33:0,0,0,0	00:0,0,0,0	00:0,0,0,0	00:0,0,0,0	00:0,0,0,0	01:0,0,0,0	12:0,0,0,0	03:0,0,0,0	11:0,0,0,0	00:0,0,0,0	00:0,0,0,0	11:0,0,0,0	02:0,0,0,0	03:0,0,0,0	23:0,0,0,0	03:0,0,0,0
1_65	22	33:43,0,0,71	11:0,70,0,31	33:3,0,0,76	11:25,28,23,0	00:91,0,0,40	00:103,0,0,0	00:104,4,0,0	00:136,0,0,0	01:62,18,0,1	00:73,0,0,11	00:79,0,0,0	00:53,0,0,13	33:55,3,0,17	00:71,0,0,0	01:61,15,12,0	00:100,0,0,0	02:58,0,20,14	03:31,0,1,66	00:49,5,30,0	33:99,0,0,31	22:0,16,91,0	00:113,0,0,4	00:89,0,0,5	11:0,81,0,0	00:87,0,0,6	01:74,15,0,0	00:55,25,0,0	00:107,0,0,4	00:99,0,4,0	00:93,0,0,14	33:24,17,0,69	00:65,11,19,0	00:81,9,0,0	33:0,0,0,77	23:43,0,44,47	22:0,0,106,9	00:56,0,32,0	00:120,0,0,13	00:73,0,4,0	00:104,0,0,0	00:114,0,0,0	01:31,18,0,36	01:48,38,0,0	01:73,13,0,0	13:0,31,0,51	02:83,10,9,0	00:87,0,0,6	00:114,0,0,0	00:81,0,4,0	03:52,0,0,34	33:18,0,0,63	00:86,0,0,0	33:46,2,0,35	00:74,14,1,0	03:28,0,8,38	01:51,24,7,0	02:40,0,28,3	01:46,36,0,3	03:63,0,6,53	00:74,37,0,16	33:29,5,0,57	00:106,0,0,0	03:43,40,15,18	00:69,0,0,0	00:71,25,0,0	00:95,0,0,0	00:58,0,0,41	03:37,0,0,47	11:0,70,4,0	03:57,0,0,40	00:129,0,0,0	03:61,0,0,35	03:68,0,9,20	01:33,76,0,34	00:90,14,0,0	00:87,0,0,0	00:55,0,0,30	00:73,17,18,6	00:61,0,15,11	00:101,0,0,0	33:62,0,0,64	00:43,40,0,19	00:81,0,0,6	00:43,0,40,0	00:100,0,0,0	03:27,10,0,33	00:52,0,0,54	00:115,0,0,0	22:54,0,54,0	00:65,0,0,34	00:52,0,0,20	03:46,0,0,47	03:93,0,0,12	33:0,0,0,98	00:67,0,4,8	00:97,0,0,2	03:72,0,0,34	03:36,0,40,50	22:40,0,47,4	00:58,32,0,2	NA:59,23,0,0	00:105,0,0,0	00:54,9,0,33	00:117,7,0,0	03:66,0,0,40	00:106,0,4,0	00:78,0,0,16	12:0,30,24,34	00:112,0,0,0	00:90,2,0,0	00:79,0,0,0	22:11,30,52,0	23:22,0,27,51	00:67,0,0,0	22:36,0,26,26	33:16,0,0,57	00:78,38,13,7	00:95,0,0,8	00:102,0,0,8	00:138,0,0,0	03:29,0,0,85	33:0,57,0,21	00:93,0,0,0	23:0,0,28,65	00:98,0,0,0	01:60,36,0,0	33:43,0,0,48	00:110,0,0,0	01:60,30,0,0	12:9,15,35,34	03:42,11,0,49	22:0,2,89,0	03:59,0,46,34	00:61,0,0,54	01:40,19,10,0	12:13,37,61,0	03:59,0,0,53	00:137,0,0,0	33:34,0,0,76	11:0,62,34,0	22:0,0,107,0	22:0,0,66,32	00:52,0,0,38	23:0,54,30,47	00:109,0,0,0	03:20,0,29,44	33:0,0,49,74	03:56,18,0,23	01:87,40,0,0	00:54,0,58,0	00:72,2,0,40	33:0,0,0,87	02:38,0,58,0	00:122,0,0,0	02:71,0,33,0	00:135,0,0,6	22:31,0,72,0	33:12,0,0,59	13:37,23,5,15	00:57,16,0,22	00:50,32,0,0	01:51,38,0,20	03:66,0,0,25	00:105,0,17,0	00:56,0,35,0	03:57,0,0,34	33:44,14,0,38	11:0,70,0,0	00:132,0,0,0	00:106,0,0,14	00:69,16,0,5	02:54,0,27,0	00:92,0,0,0	00:117,0,0,0	00:52,15,0,3	22:0,55,53,0	03:57,3,0,35	03:20,0,23,61	02:26,0,23,43	00:73,3,0,0	33:22,0,15,49	02:29,23,24,28	NA:27,72,0,0	02:69,3,21,0	00:115,0,0,0	00:52,37,0,0	00:75,0,0,0	00:73,11,0,0	00:75,0,0,0	00:90,0,0,0	01:63,24,0,10	02:72,0,13,0	11:0,62,0,0	00:87,33,0,0	02:43,0,15,0	33:0,0,26,76	02:61,0,31,25	01:31,91,0,0	00:102,0,0,0	00:94,0,0,0	22:25,0,63,0	33:0,0,16,83	01:24,83,0,0	01:48,56,0,0	00:43,23,0,11	03:66,0,20,34	00:82,0,0,0	00:78,0,0,10	00:126,0,0,0	NA:14,0,0,63	00:102,0,0,0	00:114,0,0,0	33:70,0,0,45	33:48,0,0,28	00:69,0,0,0	00:131,0,0,0	33:71,0,0,27	00:66,0,0,18	33:0,22,0,43	23:42,0,26,17	00:82,0,0,58	00:91,0,0,0	00:82,0,0,17	00:118,0,0,0	00:88,0,0,0	01:55,24,14,0	02:57,0,41,0	01:43,36,0,0	00:82,0,0,42	11:15,75,0,0	00:52,18,16,0	11:0,75,0,7	00:128,0,0,0	00:121,0,0,0	NA:54,44,0,0	02:91,0,24,0	00:137,4,0,0	03:43,0,24,18	03:34,0,0,67
3_65	31	00:114,0,0,57	13:0,86,0,48	33:0,0,0,83	01:73,15,42,0	01:96,0,0,32	00:99,20,0,0	03:126,0,19,0	02:84,0,83,0	11:34,73,0,0	03:57,0,0,60	02:43,0,9,19	02:25,0,70,0	33:39,0,0,72	23:25,31,28,29	01:51,52,0,0	00:76,14,0,0	00:120,0,0,0	03:102,0,0,40	01:0,68,43,0	00:114,0,0,0	12:0,43,82,0	03:90,0,0,27	00:110,0,16,0	11:0,67,22,0	03:72,0,0,45	02:51,0,28,0	02:54,24,44,0	03:141,0,0,26	03:50,0,37,23	33:34,0,0,88	00:131,0,0,0	00:131,0,0,0	03:91,0,0,21	03:36,0,0,73	03:69,0,0,79	23:0,31,58,52	01:113,22,0,0	02:139,0,0,0	01:52,19,21,0	03:99,0,0,37	01:21,37,0,68	33:0,0,0,119	03:42,0,0,55	00:101,0,0,0	33:25,0,0,93	02:54,0,64,0	23:26,0,31,44	03:79,0,0,14	03:84,0,0,17	00:140,0,0,0	33:0,0,0,102	00:81,28,0,0	33:69,0,0,73	00:149,0,0,0	00:110,0,0,0	03:86,0,0,22	00:153,0,0,0	00:169,0,0,0	00:134,0,0,0	01:129,0,0,0	33:0,0,0,137	01:27,45,0,69	02:90,0,46,0	00:86,0,0,0	00:67,0,16,0	23:52,0,14,33	03:49,0,0,42	00:50,15,0,11	01:14,65,0,39	03:78,0,0,64	00:129,0,0,0	33:135,0,0,22	00:74,0,0,32	00:97,0,0,0	00:91,0,0,19	03:44,0,0,76	03:87,0,0,24	00:61,0,73,0	03:130,0,0,0	02:106,28,21,0	03:161,0,0,40	33:0,0,0,112	02:83,0,40,0	02:46,23,27,0	00:142,0,0,0	00:49,0,0,0	03:79,0,0,52	00:98,34,0,0	00:66,36,25,0	03:69,0,0,71	23:53,0,20,20	00:124,0,0,0	00:65,0,29,32	33:0,0,0,138	00:65,0,8,0	00:116,0,0,0	00:122,0,0,0	23:0,0,51,93	00:116,0,0,0	33:0,0,30,84	00:97,0,0,0	13:59,54,0,21	00:129,0,0,0	00:103,0,0,21	03:44,0,0,62	01:94,26,0,0	03:62,0,0,58	33:25,0,0,61	00:109,0,0,0	00:109,0,12,0	00:38,0,0,64	01:21,114,0,0	02:138,0,35,0	00:106,0,0,0	00:117,0,0,0	03:60,0,0,46	01:68,83,0,0	00:109,0,0,0	00:131,0,0,0	00:114,0,0,44	03:17,41,0,93	00:130,0,0,0	00:95,0,37,0	33:18,0,0,89	03:122,0,0,35	00:95,32,0,0	33:25,0,0,69	00:94,32,0,0	02:51,0,22,21	03:82,0,0,67	00:130,0,0,0	22:0,0,130,0	03:155,0,0,0	00:102,0,0,48	02:73,0,21,0	12:0,55,64,0	03:113,0,0,0	13:40,44,41,26	23:62,0,33,46	22:0,37,91,0	03:52,0,57,33	12:0,15,73,0	00:89,0,0,0	33:0,34,0,128	02:59,0,44,36	13:0,44,0,80	23:0,0,23,75	00:113,0,0,0	00:131,0,0,0	22:68,0,84,0	00:67,0,0,60	12:0,32,22,60	03:58,0,37,42	03:99,0,0,69	03:56,33,0,37	33:36,0,0,100	22:0,0,110,0	03:54,0,28,49	00:115,0,0,0	00:54,28,0,28	00:59,0,0,60	00:107,34,0,0	03:50,0,0,36	12:73,25,41,0	01:34,10,41,0	03:78,0,33,11	01:55,52,32,0	13:0,71,0,51	03:104,0,0,16	00:88,0,32,0	00:116,32,0,0	03:37,24,0,38	02:56,0,27,29	00:135,0,0,0	02:50,0,17,0	22:0,13,86,0	01:72,40,0,0	03:37,0,0,64	03:48,37,0,47	02:38,0,61,0	03:21,0,0,115	12:34,40,47,0	11:0,81,0,33	00:131,0,0,0	01:126,0,0,0	02:128,0,0,0	00:99,0,0,0	01:111,0,0,0	00:82,0,0,0	00:57,0,57,0	03:146,0,0,0	00:96,0,0,0	12:0,51,14,0	03:19,0,34,74	00:76,0,0,0	33:0,32,0,105	03:57,0,0,91	02:60,40,57,0	00:91,0,0,28	03:111,20,0,0	02:0,24,106,0	03:0,0,0,150	11:0,152,0,0	11:35,109,0,0	22:40,0,27,21	03:151,0,0,0	00:76,0,0,22	00:115,0,32,0	00:117,0,0,26	03:31,0,0,66	00:127,25,0,0	00:129,0,0,32	00:84,0,0,20	02:21,0,66,24	03:74,0,0,18	00:166,0,0,0	00:144,0,0,0	00:91,0,0,26	03:52,0,0,60	00:52,0,0,59	33:0,0,0,152	00:96,24,0,0	01:78,28,0,0	00:124,0,0,0	03:70,0,0,66	00:104,0,0,0	00:80,0,0,29	03:61,0,0,54	03:112,0,0,38	03:17,15,0,44	00:118,33,0,0	01:18,57,0,0	00:121,0,0,38	00:99,33,0,0	01:61,37,0,31	02:106,0,34,0	03:87,35,0,35	03:61,0,1,58	33:0,0,0,141
4_65	137	13:59,36,0,35	33:0,37,0,66	33:0,0,0,45	02:91,0,22,0	03:47,0,9,12	00:127,0,0,0	00:133,0,0,0	00:126,0,0,0	11:54,59,0,0	00:116,0,0,0	00:77,0,0,0	02:35,0,25,0	01:23,19,0,33	00:114,0,0,0	03:46,20,0,19	00:78,0,0,0	00:119,0,0,0	03:82,0,0,44	01:78,13,0,0	02:101,0,41,0	02:34,0,77,0	00:150,0,0,0	00:99,0,0,0	11:0,75,0,0	00:117,0,0,0	00:120,0,0,0	01:68,28,0,0	01:113,41,0,0	00:87,0,29,0	00:118,0,0,38	03:48,0,0,53	02:89,0,15,0	00:118,0,0,0	23:0,0,12,30	03:134,0,0,59	22:0,0,102,0	02:69,0,23,0	00:87,0,0,0	01:66,20,0,0	03:64,0,0,58	00:137,0,0,0	03:20,36,0,52	01:88,23,0,0	01:114,29,0,0	33:0,0,0,109	00:118,0,0,0	00:82,17,0,0	00:113,0,0,0	00:68,32,0,0	03:50,0,0,40	13:0,33,0,45	01:70,36,0,0	03:32,5,0,74	00:113,0,0,16	00:98,0,19,0	00:46,23,17,0	00:88,0,10,0	00:102,16,0,0	00:82,0,0,0	00:89,0,0,0	33:0,0,0,96	00:138,0,0,0	01:116,36,0,0	23:24,0,30,41	03:59,0,0,14	00:69,0,0,0	03:73,0,0,15	33:28,0,0,68	11:0,76,0,0	03:79,0,0,57	00:188,0,0,0	00:108,0,0,20	03:88,0,0,33	13:36,39,0,97	00:86,0,0,0	00:121,0,0,0	00:128,0,0,0	02:89,0,42,0	00:74,0,0,17	00:127,0,0,0	00:112,0,0,38	33:0,41,0,76	00:115,0,0,0	00:67,0,17,0	00:118,0,0,0	00:150,0,0,0	00:99,40,0,0	33:27,26,0,62	00:50,0,44,0	00:135,0,0,0	00:60,20,0,0	00:42,0,0,59	03:90,0,0,33	33:0,0,0,127	00:64,0,0,11	03:127,0,0,32	03:57,0,0,68	03:80,0,51,38	00:101,17,0,0	33:0,0,0,79	00:87,0,0,0	03:66,0,30,27	00:105,0,0,0	00:120,0,36,0	33:0,0,0,84	00:129,0,0,0	03:24,29,0,53	33:0,0,0,116	00:89,0,25,0	01:88,15,0,0	03:48,0,0,45	13:29,62,0,28	01:71,28,0,0	02:53,0,29,0	00:109,0,0,0	00:70,0,0,0	00:32,33,0,35	03:100,0,0,21	00:92,0,0,33	00:129,0,0,0	33:54,0,0,122	00:55,0,29,5	03:38,0,0,20	03:35,0,0,58	00:139,2,0,0	01:78,18,38,0	33:0,0,26,82	00:94,0,0,0	03:40,0,19,20	03:100,0,0,36	33:49,0,0,82	12:30,49,54,0	00:120,0,32,0	23:88,0,27,27	00:86,0,0,0	22:0,37,116,0	03:76,0,0,36	02:114,0,23,0	00:130,0,0,0	12:0,56,64,0	22:0,0,121,0	12:0,23,73,0	00:117,0,0,0	33:0,21,0,104	00:114,0,0,24	03:22,0,0,84	33:0,0,0,120	00:97,0,0,0	02:91,0,38,0	02:93,0,32,0	03:58,0,0,51	13:0,25,0,62	02:32,0,100,0	00:108,0,0,21	02:69,23,22,0	03:31,44,0,61	23:0,0,62,20	33:0,0,22,73	00:80,0,0,0	00:56,34,0,24	00:63,0,0,19	00:70,19,0,0	00:88,0,0,0	02:94,0,23,0	02:47,0,37,0	03:23,33,27,23	00:94,0,27,0	11:0,83,0,0	00:178,0,0,0	00:128,0,0,0	33:34,0,0,52	00:69,21,0,0	00:117,0,0,0	03:97,0,0,25	03:80,0,0,21	22:0,48,74,0	01:77,55,0,0	03:53,0,0,65	03:115,0,0,26	01:86,27,0,0	33:0,0,0,98	00:79,0,20,0	11:0,77,0,34	13:20,38,0,36	00:142,0,0,0	00:117,0,0,0	00:127,0,0,0	01:46,19,0,0	00:73,0,0,0	00:67,0,49,0	00:110,0,0,0	00:85,0,0,0	11:13,44,0,0	00:60,0,32,42	00:81,0,0,0	33:0,36,0,96	03:62,0,0,48	00:81,0,0,0	00:97,0,0,10	00:94,33,0,0	22:21,13,49,0	33:0,0,0,106	11:0,104,34,0	00:119,0,0,0	00:76,0,0,12	00:135,0,0,0	00:101,0,0,0	00:102,0,0,0	00:85,0,0,31	33:0,0,24,79	00:128,0,0,0	00:147,0,0,0	33:25,0,0,107	00:92,0,0,27	00:88,0,0,0	00:145,0,0,0	00:120,0,0,0	00:129,0,0,0	33:0,12,0,19	00:85,0,17,0	33:33,0,0,90	00:122,0,0,0	00:91,0,0,0	00:121,0,0,0	01:90,27,0,0	03:67,16,0,13	00:101,0,0,0	03:25,0,0,49	02:97,0,37,0	01:71,48,0,0	03:41,24,0,30	13:0,79,0,29	00:173,0,0,0	00:119,0,0,0	01:40,41,23,0	00:106,0,36,0	01:89,66,0,0	03:31,0,38,53	03:93,0,0,41
2_66	90	03:87,0,0,43	13:0,78,0,46	NA:0,0,0,64	02:73,0,27,0	23:52,0,15,25	00:119,0,0,0	00:120,0,0,0	00:157,0,0,0	12:0,56,24,0	00:85,0,0,11	00:90,0,0,20	00:64,0,0,0	13:17,20,0,43	00:95,0,0,0	00:51,28,0,0	03:38,0,22,18	00:120,0,0,0	02:67,0,41,41	00:71,14,0,11	00:91,39,0,0	22:0,0,74,0	00:130,0,0,0	00:77,0,6,0	11:0,76,0,0	00:100,0,0,18	03:40,30,0,36	00:88,23,0,0	00:87,45,0,0	00:98,0,0,0	23:28,0,37,65	00:90,0,0,22	00:132,0,0,0	00:93,0,0,49	33:23,0,0,18	03:77,0,0,60	22:34,26,64,0	00:79,0,0,8	03:63,0,0,69	11:47,56,0,0	03:62,0,0,44	00:171,0,0,0	33:38,0,0,88	00:95,0,0,0	01:78,41,0,0	33:0,0,0,88	00:96,0,19,0	03:45,0,0,40	03:35,0,32,22	13:46,31,0,17	33:58,0,0,47	33:24,0,0,58	00:69,0,0,21	33:0,0,0,130	00:116,0,20,0	03:64,23,0,18	03:46,0,24,16	00:110,0,0,0	00:132,0,0,0	00:78,0,0,27	01:66,48,0,0	23:39,0,29,67	00:97,0,29,0	01:65,58,0,0	00:76,0,0,0	00:80,0,0,0	02:42,0,7,21	00:47,0,0,50	13:21,18,29,24	00:19,90,0,0	00:101,0,0,50	00:150,0,0,0	03:112,0,0,38	01:86,33,0,0	00:149,0,0,0	01:42,21,0,25	00:45,12,0,18	00:80,0,0,28	02:107,0,22,0	00:76,0,0,0	12:29,32,36,0	03:99,0,0,34	33:0,0,0,145	00:95,13,0,0	00:66,0,20,0	03:89,0,0,23	00:68,0,0,30	03:106,0,0,24	00:82,0,0,0	22:75,0,24,0	00:106,0,0,0	02:65,0,22,0	00:107,0,0,0	00:76,0,0,27	03:29,0,0,92	03:67,0,0,16	00:51,39,0,30	02:24,56,31,0	33:33,0,54,76	00:88,0,36,0	33:31,0,0,64	00:56,0,0,18	03:106,0,0,33	00:117,0,0,0	00:161,0,1,0	03:46,0,0,39	00:93,0,0,0	03:68,0,0,19	33:22,0,0,64	00:170,0,0,0	00:98,0,0,0	01:53,12,0,19	01:36,47,0,37	02:26,23,32,0	00:47,0,16,0	01:64,28,0,0	02:65,0,22,0	00:109,0,0,0	00:87,0,0,0	00:161,0,0,0	00:104,0,0,0	00:75,0,0,86	00:121,0,0,0	00:71,0,0,0	33:0,0,0,94	03:95,0,0,32	00:107,0,0,0	33:0,0,0,127	00:101,0,0,22	01:54,17,0,0	03:72,0,0,79	00:71,0,0,41	22:0,0,135,0	02:76,0,37,39	00:135,0,0,0	02:91,0,29,0	22:45,0,122,0	03:84,0,0,51	03:64,34,0,38	00:134,0,0,0	12:0,31,64,0	02:22,34,65,0	03:23,0,49,19	00:75,0,16,0	33:0,48,34,77	00:109,0,26,0	33:0,0,0,101	33:0,0,0,118	00:79,0,0,0	00:128,0,0,0	00:63,0,17,15	33:78,0,0,20	33:0,0,25,81	03:59,0,29,29	00:63,41,0,28	01:50,21,0,18	03:40,0,32,71	22:0,0,61,0	33:52,0,21,32	02:42,0,29,24	33:0,44,0,39	00:73,0,0,0	03:79,0,0,10	13:42,23,0,24	00:113,0,0,0	00:46,0,43,0	03:86,0,0,23	00:115,0,0,0	13:16,24,0,45	00:188,0,0,0	00:57,49,0,21	00:128,0,0,0	02:49,0,63,0	03:22,0,13,48	00:106,0,0,0	03:58,0,0,25	22:0,0,121,0	33:28,0,22,57	33:18,0,0,64	12:20,8,31,23	00:87,0,0,17	03:29,0,0,54	02:46,34,30,0	11:0,82,0,0	00:124,0,0,15	00:144,0,0,0	00:93,0,0,0	00:67,0,27,0	01:46,24,16,0	00:98,0,0,0	00:98,0,0,0	01:89,36,0,0	02:58,0,22,0	01:14,36,0,20	00:134,0,0,0	00:75,0,0,30	33:0,48,0,76	23:75,0,24,32	00:128,0,0,0	00:110,0,0,0	00:115,0,0,0	02:46,0,44,0	03:32,0,0,130	11:0,106,0,0	00:112,0,0,0	00:75,0,0,0	11:66,56,0,0	03:81,0,0,28	01:118,31,0,0	00:119,0,0,0	33:30,0,0,68	00:84,0,26,0	00:86,0,0,0	00:39,0,0,39	23:55,0,38,25	00:90,0,0,0	03:140,0,0,39	00:135,0,0,0	00:100,0,0,0	33:0,0,0,35	03:88,0,0,26	33:0,0,0,108	00:102,0,0,0	00:97,0,0,0	03:74,0,0,61	00:98,0,0,27	01:62,53,0,0	00:77,0,0,35	00:71,0,16,0	00:162,0,0,0	11:0,98,0,0	01:58,35,0,0	11:0,105,0,0	00:163,0,0,0	01:117,31,0,0	00:85,0,0,31	00:102,0,35,0	00:180,0,0,0	03:36,0,0,50	33:0,39,0,110
4_66	25	03:45,0,0,31	13:0,49,0,24	13:0,15,0,40	00:32,0,0,0	00:65,0,0,0	00:41,0,15,0	00:77,0,0,0	02:53,0,21,0	11:4,47,0,0	03:21,0,0,25	03:41,0,0,19	02:9,0,16,11	33:22,0,0,15	01:53,9,0,0	01:14,15,10,0	02:42,0,19,0	01:23,23,0,17	13:23,13,0,11	01:34,25,0,0	01:59,16,0,0	22:0,15,40,0	00:52,0,0,18	00:46,0,0,12	11:0,46,0,0	00:45,0,0,23	11:27,28,0,0	03:38,0,0,19	11:39,34,0,0	00:58,0,0,0	01:8,18,0,28	01:11,42,0,14	01:43,21,0,0	00:44,12,0,0	33:11,0,0,57	00:53,0,0,42	11:0,19,10,25	02:26,0,5,0	00:41,0,18,24	00:33,0,0,0	03:44,0,0,15	00:69,0,0,0	02:11,12,22,30	03:49,0,0,16	00:60,0,0,0	33:0,0,0,49	02:45,33,27,0	00:38,0,0,12	02:43,0,17,0	00:60,0,0,0	03:40,0,0,13	03:2,0,0,28	00:32,8,0,0	33:0,0,0,88	00:54,20,0,0	00:47,0,20,0	12:29,14,7,0	00:78,0,0,0	00:90,0,0,0	03:34,0,0,12	01:28,25,0,33	03:10,0,0,41	00:94,0,0,0	00:44,16,18,0	00:40,0,0,4	03:20,0,0,13	00:31,0,0,0	23:0,0,5,29	02:33,0,4,4	11:0,40,0,0	03:54,0,0,29	00:76,0,0,0	00:58,0,0,0	03:12,0,14,30	00:53,25,0,0	00:50,0,0,16	03:32,0,0,11	00:65,0,0,0	02:25,0,32,0	03:45,0,0,6	03:52,0,0,21	03:61,0,0,31	03:11,0,0,54	02:49,0,9,0	00:40,0,0,0	03:42,0,0,6	00:33,14,0,0	00:51,0,0,0	03:22,0,0,19	00:59,0,0,0	00:76,0,0,0	00:42,0,0,0	00:49,0,0,0	03:39,0,0,21	03:13,0,0,60	00:34,0,13,0	03:47,0,0,26	03:47,0,0,19	23:37,0,37,39	00:64,0,0,0	33:16,0,0,33	23:21,0,20,0	00:44,0,0,9	02:40,19,5,0	00:77,0,0,0	33:0,0,0,49	00:40,0,0,0	03:15,0,0,24	33:0,0,0,41	00:67,0,0,0	00:47,14,0,0	13:19,4,0,38	11:28,33,0,0	00:69,0,0,0	23:17,0,13,15	00:38,0,0,19	33:6,0,0,44	01:50,24,0,0	02:29,0,20,9	00:62,0,0,0	00:106,0,0,0	00:40,0,0,32	00:59,0,0,0	00:49,0,0,10	33:16,0,0,55	01:55,32,0,0	02:46,9,7,0	33:28,0,0,38	03:45,0,0,20	00:15,0,0,31	33:17,0,0,60	00:42,0,0,7	22:0,13,57,0	00:86,0,0,19	00:79,20,0,0	23:11,0,28,19	22:0,0,67,0	03:47,0,0,21	03:66,14,0,19	03:44,0,0,15	12:0,51,20,0	22:14,0,50,0	12:0,10,50,0	00:55,0,6,0	13:17,31,0,65	01:51,12,0,0	03:12,0,10,40	03:23,0,0,49	00:38,0,0,0	02:51,0,16,0	12:24,26,10,0	00:51,0,0,0	13:0,12,0,42	02:36,0,49,0	01:68,23,0,0	00:70,0,0,0	03:16,0,0,45	23:0,0,32,24	23:0,0,14,51	00:36,0,0,11	03:25,21,0,20	03:24,8,0,20	01:43,11,0,0	00:48,0,0,0	02:43,0,22,0	02:18,0,13,0	23:26,0,27,24	02:41,8,16,0	13:0,25,0,15	00:94,0,0,0	00:43,0,11,0	00:35,0,0,6	01:23,8,0,6	00:42,14,0,0	03:46,0,0,32	00:45,0,0,0	12:12,10,35,0	00:64,0,0,0	03:6,0,0,49	03:10,0,0,34	00:61,0,0,0	03:28,0,0,22	02:17,0,28,0	13:0,14,0,29	00:61,0,0,0	00:74,0,0,0	00:45,11,0,0	03:12,10,0,25	01:21,7,0,0	01:34,16,0,0	23:34,0,22,12	00:53,0,0,8	00:28,0,0,0	13:0,36,0,12	02:66,0,17,0	00:60,0,0,0	13:0,16,0,70	03:33,0,0,35	03:35,0,6,10	03:17,0,20,22	13:0,27,16,14	13:0,37,18,2	23:0,0,12,64	13:0,60,7,18	02:51,0,12,0	03:33,0,0,13	02:60,0,7,0	01:19,20,14,13	23:10,0,25,18	02:19,0,6,18	23:17,0,15,6	01:42,15,11,0	23:19,0,17,26	00:31,0,0,0	00:41,0,8,0	03:13,14,0,12	02:47,17,20,0	02:28,0,14,42	23:26,0,10,7	02:22,0,6,5	13:16,17,0,20	33:0,0,20,46	13:20,13,0,25	00:52,0,0,4	01:50,2,0,13	03:22,0,0,32	00:45,0,0,0	00:35,16,0,0	01:43,13,0,0	03:39,0,0,17	13:0,24,0,11	12:7,35,7,0	11:0,32,17,0	33:0,0,39,53	01:19,23,18,28	23:9,16,15,15	02:40,0,12,31	00:52,15,0,0	13:4,9,0,32	33:0,0,0,88
1_67	23	03:83,0,0,22	11:0,82,23,0	03:22,0,0,36	00:57,0,0,0	00:82,25,0,0	00:99,0,0,0	01:20,40,28,20	00:87,0,40,0	13:0,53,0,17	00:54,0,0,20	00:61,0,0,15	02:37,0,36,0	13:16,16,0,36	02:41,21,18,0	00:46,22,0,0	00:67,0,0,0	00:97,0,0,0	00:96,0,0,24	01:51,36,0,0	00:90,0,0,0	22:0,21,68,0	00:119,0,0,0	00:66,25,0,0	11:0,51,0,0	00:70,0,0,32	00:68,0,1,0	01:48,26,0,0	03:79,0,0,37	03:77,0,0,10	03:45,0,0,38	03:48,0,0,44	02:46,0,41,0	03:47,0,0,11	33:0,0,0,41	03:19,0,0,95	22:0,0,61,24	00:71,23,0,0	00:58,0,26,0	12:41,10,17,0	00:82,0,0,0	00:77,22,0,0	33:0,0,0,83	00:51,11,0,0	01:14,35,0,17	23:0,0,18,41	00:91,0,24,0	03:21,0,20,15	03:79,0,0,9	03:68,0,0,13	00:46,0,0,15	03:22,18,21,10	00:58,0,8,0	33:28,2,0,55	03:25,0,17,27	00:78,0,0,0	03:73,0,0,9	00:68,26,0,0	00:77,0,26,0	02:45,0,13,0	01:19,65,0,0	13:0,25,0,52	00:122,1,0,0	00:73,0,18,0	00:72,0,0,0	00:65,0,0,0	02:40,0,14,21	00:84,0,0,0	01:20,28,0,0	02:10,14,40,0	03:53,0,0,52	00:82,0,0,31	03:78,0,0,11	00:91,0,0,0	00:74,0,0,19	01:69,32,0,0	00:64,0,0,0	00:65,0,0,15	03:34,0,30,28	03:42,0,0,19	02:75,0,19,0	03:58,0,0,72	03:31,0,0,49	23:45,0,22,5	02:13,0,28,10	00:69,0,0,15	03:45,0,0,17	03:39,0,0,38	00:81,0,0,0	02:39,0,23,11	00:81,0,0,0	00:77,0,0,0	00:70,0,0,0	00:73,0,0,20	03:43,0,0,31	00:62,0,0,0	01:69,28,0,0	01:64,19,0,0	23:27,0,34,81	02:61,0,46,0	03:17,0,0,63	03:32,0,0,40	00:119,0,0,0	02:51,0,32,0	00:124,0,0,0	03:16,0,0,46	00:50,0,11,0	00:55,0,0,0	03:12,0,12,39	00:100,0,0,0	00:100,0,0,0	01:38,34,0,0	13:0,58,0,20	01:54,23,0,22	02:32,0,30,0	00:67,21,0,0	03:37,0,0,28	00:72,0,0,0	00:89,0,0,0	00:95,0,0,0	00:139,0,0,0	03:40,0,0,59	00:88,0,0,0	00:79,0,0,0	33:0,0,25,73	00:111,0,0,0	02:35,0,59,0	33:21,0,0,59	00:95,0,0,0	00:54,0,0,0	33:16,0,0,59	03:50,0,0,33	22:0,0,86,0	00:77,0,0,38	00:109,0,0,0	00:58,0,19,0	22:0,0,92,0	00:70,0,0,18	03:99,0,0,20	02:39,0,17,49	22:0,28,46,23	23:0,0,61,27	22:0,0,72,0	01:75,10,0,0	13:0,64,0,53	01:81,40,0,0	33:0,0,0,82	03:48,0,0,36	00:27,0,0,31	00:69,23,0,0	02:53,17,24,0	00:85,0,0,0	33:0,0,0,75	02:66,0,21,0	00:120,0,0,0	02:75,0,27,0	33:20,0,0,66	23:15,25,4,19	33:0,0,0,109	02:45,0,21,14	00:66,27,0,0	00:57,0,0,0	00:71,0,0,0	00:74,0,17,0	00:99,0,0,0	00:67,0,0,0	33:31,0,0,35	01:26,27,0,39	11:19,51,0,0	00:127,0,0,0	02:43,0,22,18	33:32,0,0,27	00:60,0,0,0	00:61,0,15,0	33:39,0,0,40	00:46,8,0,0	02:22,0,72,0	00:84,0,0,0	03:28,0,0,36	03:28,0,37,22	00:52,0,0,14	03:53,0,0,28	02:40,0,22,18	11:0,73,0,0	03:85,0,0,25	00:101,0,0,0	01:54,17,0,0	03:51,0,0,21	00:56,0,0,0	00:76,0,0,0	00:67,0,0,0	00:77,20,0,0	00:32,0,7,16	12:0,48,18,0	03:83,0,0,28	00:66,0,0,0	33:0,0,0,97	03:16,0,11,64	03:48,28,0,24	00:74,0,0,0	00:91,0,0,0	02:35,0,39,0	33:0,0,0,102	11:0,77,0,0	01:20,75,0,0	03:45,0,0,19	00:73,0,0,20	00:72,0,0,0	00:62,0,0,17	03:46,0,0,47	03:43,0,0,33	00:92,0,0,0	00:73,0,0,0	03:41,0,0,53	03:28,0,18,9	00:61,0,0,0	00:101,0,0,35	00:49,28,0,31	00:72,0,0,16	03:34,0,0,24	00:69,0,0,18	33:21,0,0,70	00:110,0,0,0	00:60,0,0,20	00:96,0,0,0	00:59,23,0,0	00:67,0,0,11	00:87,0,0,0	01:18,12,32,17	00:71,0,22,0	12:24,29,18,0	13:30,21,0,35	11:0,53,0,20	00:87,0,0,0	00:102,0,0,0	00:94,0,0,0	00:121,0,0,0	00:77,15,0,0	03:59,0,0,14	33:62,0,0,56
3_67	12	33:38,0,0,79	03:49,58,0,31	33:0,0,0,41	01:78,33,0,0	00:106,0,0,0	00:79,0,26,0	00:115,0,0,0	01:74,32,0,0	11:0,94,0,0	03:61,0,0,22	00:73,0,0,0	01:32,18,22,0	03:25,0,0,44	00:66,0,24,0	01:55,21,0,0	00:50,22,0,0	00:61,0,0,0	00:123,0,0,0	11:0,63,0,0	03:37,0,0,35	02:36,0,59,0	01:74,25,0,0	00:75,0,0,0	13:0,52,0,16	00:108,0,0,0	02:47,0,31,0	03:82,0,0,20	01:68,59,0,0	00:90,0,0,0	33:34,0,0,64	00:103,0,0,0	01:67,30,0,0	03:83,0,0,25	33:31,19,0,27	03:73,0,0,59	22:0,0,112,0	01:79,34,0,0	02:51,20,22,0	01:79,21,0,0	03:77,0,0,30	00:83,0,17,0	33:49,0,0,45	03:19,11,47,23	03:36,0,35,31	33:30,0,0,59	01:88,20,0,0	33:16,0,0,54	13:47,27,0,18	03:56,0,0,21	00:104,0,0,0	33:0,0,0,91	33:51,0,0,37	33:0,0,0,142	00:57,0,0,16	00:101,0,0,0	03:46,0,13,17	00:116,0,0,9	00:130,0,0,11	01:52,37,17,0	01:94,50,0,0	33:0,0,0,96	00:141,0,1,0	00:116,0,0,0	00:76,0,0,0	00:83,0,0,10	02:50,0,17,0	03:74,0,0,33	01:47,17,0,0	11:17,72,0,0	00:101,0,0,0	03:20,0,0,104	00:79,0,0,16	00:92,0,0,0	03:40,50,0,31	00:97,0,21,0	00:126,0,0,0	00:95,0,0,15	03:50,0,31,24	33:22,0,0,76	01:51,28,17,0	33:67,0,0,50	33:14,0,0,112	03:77,0,0,23	12:13,17,14,26	00:83,0,0,14	00:76,0,34,0	03:53,0,0,77	00:92,0,0,18	22:26,0,52,17	03:46,0,0,43	00:63,0,0,27	00:92,0,0,0	02:52,31,20,0	33:25,47,0,54	23:35,0,11,17	03:60,0,0,33	03:60,0,0,53	23:0,0,102,33	03:62,0,0,29	33:36,0,0,35	00:81,0,0,0	00:122,0,0,0	00:99,0,0,0	13:21,25,0,71	03:48,0,0,41	02:82,0,36,0	03:61,0,0,12	33:0,17,0,81	00:124,0,0,0	12:46,33,18,0	00:71,0,43,0	01:35,72,13,0	02:66,0,44,0	01:66,15,0,0	00:68,0,19,0	03:19,0,0,67	13:0,36,0,66	23:20,0,49,14	03:66,0,0,22	00:137,0,0,0	03:14,0,0,94	01:79,16,0,11	00:83,0,0,0	23:0,0,14,72	00:114,0,0,0	00:85,0,0,0	03:23,0,0,70	00:110,0,0,0	00:96,0,0,0	03:48,23,0,41	00:100,0,0,0	12:0,48,62,0	00:54,0,0,50	00:103,0,0,22	12:21,11,44,0	22:0,33,87,0	00:105,0,0,0	00:132,0,0,0	00:98,0,18,0	11:0,86,20,0	22:33,0,79,0	22:0,0,81,14	33:99,0,0,4	13:0,11,0,105	00:108,0,0,0	33:0,0,0,93	13:0,12,0,108	00:80,0,0,28	00:61,0,0,27	00:96,0,0,0	00:93,0,0,0	23:0,0,50,45	13:27,8,28,38	00:131,0,0,0	03:51,21,0,29	03:64,0,0,46	23:0,0,40,27	33:24,0,0,69	00:87,0,0,0	00:79,0,0,17	00:73,0,0,0	00:97,0,0,0	03:38,0,0,39	00:119,0,0,0	03:62,0,0,38	03:65,0,0,33	03:41,0,0,65	11:0,92,0,0	02:76,0,75,0	00:94,0,0,0	11:0,74,0,12	00:66,0,0,0	03:67,0,0,39	00:114,0,0,0	00:75,0,0,0	22:0,0,100,0	00:89,20,0,0	33:0,0,0,109	00:104,0,0,0	00:74,0,0,0	33:71,0,0,47	00:82,0,19,0	11:0,94,0,0	00:90,0,0,0	03:42,0,0,60	03:71,0,0,33	02:40,0,52,0	00:52,0,0,13	00:66,23,0,0	01:38,55,0,0	00:95,0,0,0	00:76,0,0,0	03:32,0,0,28	00:105,0,0,0	03:43,0,0,41	33:28,0,0,83	01:84,23,0,0	01:68,48,0,0	13:44,18,0,9	01:91,24,0,0	12:7,19,46,0	33:0,0,0,128	13:0,87,0,30	01:26,81,0,0	03:72,0,0,12	12:0,65,32,30	00:83,0,0,0	01:45,23,0,21	03:58,0,0,52	03:28,0,0,68	12:65,38,27,0	00:109,0,0,0	03:53,0,0,71	12:5,38,42,0	03:46,0,0,19	00:119,0,0,25	03:66,0,0,79	01:30,18,0,16	23:22,0,24,37	33:23,0,0,101	01:24,24,0,45	02:39,0,59,0	02:52,26,29,0	00:70,0,0,42	00:114,0,0,0	00:84,0,0,0	02:78,0,16,0	13:21,16,0,32	03:58,0,0,47	11:0,38,0,38	00:83,0,0,20	13:0,48,0,23	02:107,0,38,0	00:112,0,0,0	12:28,54,23,0	01:51,25,0,56	00:124,0,33,0	03:21,0,0,76	33:0,0,0,109
4_67	80	03:107,0,0,62	13:0,66,50,45	33:0,0,0,90	00:83,0,32,0	00:117,0,0,22	00:127,0,30,0	00:209,0,0,0	00:154,0,0,0	11:25,110,0,0	03:94,0,0,18	00:115,0,0,0	03:56,0,0,23	03:58,0,0,37	02:78,0,97,0	02:82,0,26,0	02:80,0,37,0	03:115,0,0,38	03:94,0,0,100	01:75,24,19,0	00:112,0,1,0	12:0,36,87,0	03:139,0,0,22	03:109,0,0,14	11:0,57,21,0	03:79,57,0,26	00:133,0,0,0	00:140,25,0,0	00:195,0,0,0	00:83,0,0,35	33:74,0,0,81	00:106,0,0,26	00:117,0,25,0	00:140,0,0,0	03:23,0,0,30	01:179,62,0,0	12:0,34,130,0	13:40,37,37,31	00:168,0,0,0	00:98,0,0,0	03:109,0,0,43	03:151,0,0,41	33:37,0,0,114	13:82,24,0,26	01:56,84,0,0	33:0,0,32,73	01:109,37,0,0	13:21,71,0,34	00:101,0,0,0	03:86,0,0,26	00:158,0,0,0	33:36,0,0,84	00:116,0,0,0	33:0,0,0,199	13:0,28,0,51	00:172,0,0,0	00:129,0,0,0	00:142,0,0,0	00:159,0,0,0	00:98,0,0,0	02:127,0,58,0	33:35,2,0,110	00:167,42,0,0	01:89,78,0,0	02:42,15,25,0	00:105,0,0,0	03:55,0,0,33	03:83,26,0,25	03:91,0,0,37	11:0,124,0,0	03:117,0,0,40	00:161,0,0,38	00:209,0,0,0	01:106,48,0,0	00:135,99,0,0	03:74,0,0,61	03:111,0,0,24	00:181,0,0,0	02:93,37,45,0	03:65,0,0,41	01:84,45,0,0	03:70,0,39,34	00:123,0,0,35	03:75,0,33,4	00:118,0,0,0	02:100,0,30,32	00:114,0,0,34	33:74,0,0,48	00:133,0,0,0	02:54,0,63,0	23:84,0,31,34	00:95,0,0,0	03:59,0,0,58	00:166,0,0,0	33:19,0,0,101	00:102,0,0,0	00:224,0,0,0	00:113,0,0,48	02:67,0,49,156	00:127,0,26,0	00:79,0,0,33	00:57,0,0,46	03:143,0,0,44	02:84,0,89,0	03:137,0,0,40	02:27,0,31,45	00:102,0,0,39	03:82,0,0,19	33:0,0,0,122	23:46,0,60,107	00:131,0,0,0	00:91,37,0,0	02:38,75,49,0	00:135,0,43,0	00:145,0,0,0	02:93,0,31,0	03:31,0,26,55	01:53,152,0,0	00:102,27,0,0	00:132,0,0,30	00:180,0,0,0	02:110,0,34,47	03:131,0,0,49	00:72,0,0,0	33:0,45,0,102	00:194,0,0,0	00:125,0,0,0	33:0,0,38,107	00:112,0,25,0	02:59,0,20,0	00:151,0,0,0	00:53,0,0,73	22:0,40,126,0	03:54,0,0,143	00:238,0,0,0	02:77,0,57,0	01:95,36,53,0	33:82,0,0,90	00:178,0,0,0	33:48,0,0,133	12:0,93,68,0	22:34,0,126,0	22:0,0,127,0	03:100,0,0,35	13:0,47,49,82	00:161,0,0,0	33:85,0,0,74	33:47,0,0,109	01:96,23,0,0	00:132,46,0,0	22:30,0,73,0	01:113,27,0,0	33:0,0,0,85	00:77,0,48,43	00:174,0,0,0	00:95,0,51,0	03:73,0,0,70	22:0,37,82,0	03:23,0,0,119	02:55,39,34,0	01:102,17,0,0	00:122,0,0,0	00:67,24,0,0	00:105,0,0,46	02:108,0,71,0	02:72,0,28,0	03:34,0,0,114	01:146,31,0,0	11:0,91,0,26	00:243,0,0,0	03:147,0,0,23	13:44,40,0,30	00:75,0,24,0	00:162,0,0,0	03:90,0,0,85	00:95,0,0,0	12:0,22,108,0	00:120,0,0,40	02:41,0,34,77	03:101,0,0,67	00:90,0,0,0	23:33,0,27,79	01:58,20,36,0	11:33,55,0,23	03:62,0,40,41	00:187,0,0,0	01:91,36,0,0	00:77,0,0,23	00:93,28,0,0	00:74,15,0,0	00:87,0,0,40	03:129,0,0,39	00:83,0,0,0	11:0,81,0,20	00:199,0,0,0	00:96,0,38,0	33:0,0,38,155	03:135,0,0,54	01:29,77,29,0	00:120,0,0,0	00:122,0,0,32	22:0,27,90,2	03:110,0,0,110	11:43,138,0,0	01:46,79,0,41	00:67,0,0,36	02:147,0,32,0	00:111,1,0,0	00:150,0,0,0	00:119,0,0,23	13:0,27,0,88	00:175,0,0,0	00:179,0,0,0	23:0,0,21,76	00:147,0,0,1	00:95,0,0,0	00:215,0,0,0	00:184,0,0,0	00:136,0,0,0	03:14,0,0,28	01:152,0,0,0	33:50,0,0,119	00:174,0,0,0	01:104,21,0,0	00:151,0,0,0	03:133,0,0,28	00:68,29,0,0	33:81,0,0,64	00:126,0,0,0	00:166,0,0,0	11:0,121,0,0	00:109,36,0,0	11:0,124,0,0	00:225,0,0,0	00:193,0,0,0	01:33,93,0,0	02:68,0,90,0	00:145,47,0,0	03:45,0,0,53	13:79,39,0,34
2_68	59	00:155,0,0,5	13:0,124,0,29	33:30,0,0,87	00:147,0,0,0	00:192,0,0,0	00:108,40,0,0	03:104,0,0,69	00:116,0,1,30	11:28,116,0,0	00:92,3,0,33	33:63,0,0,82	00:75,0,3,28	00:83,4,21,0	00:141,0,0,0	03:41,0,34,31	03:92,0,1,20	00:122,0,0,18	00:142,0,0,43	00:125,24,1,0	00:132,0,0,31	00:81,19,33,0	00:139,0,0,32	00:115,0,0,22	11:0,94,0,0	02:91,0,29,38	01:103,17,0,0	03:80,0,0,40	00:124,41,0,0	03:143,0,0,58	03:49,0,0,96	00:180,0,0,0	03:98,0,0,44	02:114,0,28,0	33:37,28,0,81	33:3,40,9,171	22:0,30,99,0	00:109,26,0,0	00:113,31,3,0	02:118,0,19,0	00:159,0,0,0	00:54,0,38,27	33:41,0,0,99	01:42,79,0,36	01:107,28,0,0	23:30,0,28,97	00:150,0,50,0	01:58,37,0,26	03:85,0,4,42	03:77,0,0,23	00:132,2,0,0	00:55,0,0,61	00:110,0,0,0	33:40,0,7,126	03:100,0,0,34	00:120,0,0,0	03:61,5,27,34	01:72,41,0,22	02:84,2,44,27	00:139,0,29,0	01:85,54,37,0	03:29,0,0,92	02:116,0,48,0	11:38,81,0,5	00:106,0,0,5	00:102,0,0,17	02:33,0,36,23	13:61,40,0,73	00:86,0,0,0	11:0,128,0,0	03:123,0,0,48	01:95,51,0,36	01:123,39,0,0	00:140,0,0,0	00:180,0,0,0	00:81,0,42,28	00:157,0,0,0	03:83,0,0,69	03:77,0,45,39	03:95,0,0,34	00:135,0,42,0	00:207,0,0,0	03:56,0,0,88	02:73,0,38,27	00:113,0,3,0	03:87,0,0,70	03:119,1,0,51	01:126,28,0,0	00:71,27,0,24	22:9,28,75,33	02:132,2,37,0	00:104,0,0,0	03:98,0,0,32	00:124,0,2,41	33:33,0,0,120	03:84,0,1,24	00:122,0,0,36	00:146,0,5,50	03:45,0,55,105	00:190,8,0,0	33:23,0,35,80	03:91,0,3,33	03:143,6,0,48	00:107,0,0,0	00:141,0,0,32	03:38,0,28,50	02:111,0,41,0	03:51,0,0,60	23:0,0,29,124	00:122,0,24,0	02:125,0,29,0	01:91,30,0,6	12:0,108,32,0	02:119,0,61,0	00:95,29,0,4	00:117,0,0,0	13:54,32,0,23	01:49,115,0,0	00:73,0,2,19	00:114,0,0,26	00:234,0,0,0	23:69,0,23,63	03:80,41,0,41	00:171,0,0,0	03:15,0,33,87	00:149,2,0,0	00:162,0,0,0	00:88,0,0,40	00:129,0,36,4	03:88,1,0,38	03:54,0,0,93	00:150,0,0,0	12:0,66,81,0	00:83,0,7,81	00:122,0,0,37	01:107,27,0,0	12:0,46,135,8	00:151,0,0,0	03:167,1,0,53	02:55,0,80,33	12:0,68,63,0	23:49,0,66,32	12:6,23,51,34	03:98,0,0,46	13:0,46,39,110	00:162,0,0,0	33:35,0,0,102	13:37,30,0,85	00:113,20,0,0	00:143,33,0,0	02:102,0,36,0	00:136,0,0,0	23:0,0,32,99	12:7,34,117,0	00:146,30,0,0	00:80,0,35,27	33:62,0,0,98	02:33,0,94,0	33:0,0,0,146	00:112,39,0,0	01:111,54,0,0	03:87,0,0,37	03:73,30,2,29	03:77,0,1,54	00:165,0,0,2	02:59,0,43,0	00:129,0,0,0	03:118,0,0,24	11:0,135,0,0	00:183,0,0,3	23:50,0,75,33	13:34,82,0,30	00:89,0,0,0	03:84,0,0,72	00:133,29,0,0	02:87,0,12,1	22:1,45,99,0	02:134,9,21,5	33:10,0,43,107	01:30,79,0,44	02:66,0,65,0	03:11,0,0,119	00:101,6,23,0	33:0,3,0,116	00:152,0,0,0	00:163,0,0,5	00:93,0,0,30	00:186,0,7,0	00:103,0,30,0	01:108,17,0,0	02:42,0,71,0	00:144,0,0,34	00:126,0,0,0	01:10,74,0,0	03:66,0,0,95	00:150,0,0,0	33:0,0,0,169	00:168,0,0,16	01:27,98,0,43	01:124,16,0,0	00:106,0,0,23	22:0,7,137,0	33:14,0,0,157	13:4,82,36,28	01:77,110,0,0	00:107,0,0,0	00:131,0,0,0	03:29,0,39,83	00:129,1,0,21	33:7,0,0,128	33:0,0,34,99	00:111,0,0,41	03:126,0,0,44	33:4,0,0,156	23:9,0,51,66	02:68,0,35,0	00:116,0,0,29	00:145,0,47,0	00:106,0,31,0	03:48,0,37,89	03:36,36,0,66	33:0,61,0,169	00:142,0,28,0	00:158,0,0,0	03:134,0,0,24	00:187,0,0,0	03:83,0,0,28	00:166,0,0,0	00:87,29,0,0	00:143,0,0,34	11:0,148,0,0	00:97,0,25,0	01:38,94,0,0	00:126,0,0,43	00:175,0,0,3	11:37,81,36,0	00:111,0,33,0	00:149,0,38,0	03:29,34,0,89	33:0,0,0,168
4_68	31	03:50,0,0,10	01:15,50,0,17	33:13,0,0,33	00:42,0,0,6	00:58,0,10,0	01:30,17,0,0	01:51,13,0,0	00:75,0,0,0	11:12,29,0,7	03:37,0,0,6	00:48,0,0,0	03:22,0,0,12	00:11,15,0,0	00:63,0,0,0	12:18,8,14,0	00:31,6,0,0	03:35,0,0,13	03:68,0,0,18	11:9,21,16,0	00:52,0,0,12	01:11,19,21,0	03:43,0,0,16	03:36,0,0,16	01:20,15,0,0	03:25,16,0,13	00:41,0,0,13	00:48,0,0,0	00:50,0,0,21	00:36,0,6,0	03:42,0,0,12	00:68,0,0,0	00:59,0,0,0	02:34,0,7,0	00:41,0,0,26	01:34,19,0,19	12:0,21,30,0	01:14,9,0,11	00:53,0,17,0	00:28,0,14,0	00:41,0,0,0	03:45,0,0,22	33:0,0,0,45	03:46,0,0,15	00:37,9,0,0	01:11,5,0,20	02:41,0,18,0	03:27,0,0,8	00:39,0,0,10	00:28,0,15,0	00:45,0,0,17	33:0,0,0,48	00:48,0,0,0	00:37,2,0,10	00:43,0,15,0	00:25,0,0,16	00:39,0,10,0	01:36,14,0,11	02:40,0,15,12	00:33,0,13,0	02:39,17,28,0	03:8,18,0,39	00:87,0,0,0	01:25,32,0,0	00:19,0,0,13	00:36,0,0,0	03:23,0,0,14	03:26,0,0,7	03:24,0,0,8	11:12,33,9,0	03:17,0,0,59	03:35,0,0,10	00:58,0,0,0	00:32,0,0,13	02:48,0,7,0	00:44,10,0,0	00:30,0,0,0	00:62,0,0,0	22:17,0,30,10	00:46,0,0,12	00:77,0,0,0	33:24,0,0,58	03:24,0,0,23	00:33,0,0,6	03:16,0,8,12	00:37,0,0,10	01:27,13,0,0	03:41,0,0,11	00:35,0,0,14	02:18,0,21,7	00:56,0,0,0	03:31,0,0,0	00:42,0,0,14	00:39,0,0,11	33:12,0,0,41	02:30,0,10,0	00:27,0,0,33	00:45,0,0,11	33:0,0,17,62	00:33,0,12,0	33:7,0,0,42	03:37,0,0,9	03:47,0,0,20	02:53,0,8,0	03:58,0,0,25	03:18,0,0,30	02:46,0,14,0	03:30,0,0,26	33:0,0,0,33	00:56,0,14,0	01:13,31,0,0	01:20,18,0,0	11:0,63,0,0	00:72,0,0,0	02:28,11,8,0	02:24,0,11,0	03:39,0,0,8	01:31,38,0,0	00:32,0,13,0	00:56,0,28,0	00:63,0,1,0	02:5,0,17,48	00:55,0,0,0	00:30,0,0,0	33:16,0,0,36	00:51,0,0,16	00:50,0,0,0	03:39,0,0,18	00:43,0,0,0	02:28,0,2,0	00:47,0,0,15	00:56,0,0,0	22:0,0,64,0	03:30,0,0,36	02:34,0,24,11	00:33,0,26,0	22:0,20,51,0	03:27,19,0,20	00:82,0,0,0	03:31,0,0,35	12:16,42,13,0	22:0,0,63,0	12:0,26,32,0	00:47,0,0,0	23:20,0,26,29	00:76,0,0,0	00:35,0,0,11	33:0,0,0,43	00:31,0,0,8	12:0,13,18,37	02:26,0,21,0	00:39,0,20,0	13:0,7,14,32	02:16,0,24,16	00:89,0,0,0	02:18,0,23,14	03:29,0,0,37	23:0,0,13,30	33:0,0,0,51	00:38,0,0,0	03:73,0,0,0	00:30,0,0,0	00:52,0,0,0	00:44,0,0,0	02:45,0,30,0	00:30,0,0,4	33:23,0,0,27	03:62,0,0,12	13:0,31,0,16	00:67,0,21,0	00:56,0,0,0	00:10,17,0,0	00:28,0,0,0	00:29,0,0,23	00:65,0,0,0	03:21,0,0,9	02:6,0,43,0	01:40,13,0,0	33:10,0,0,36	03:26,14,0,5	01:29,8,0,0	03:32,0,0,32	00:41,0,0,0	12:14,14,7,0	00:56,0,0,0	00:54,0,0,14	03:32,0,0,8	00:18,0,8,12	02:31,0,11,0	01:32,10,0,0	00:39,13,0,0	03:43,0,0,12	00:27,0,0,0	01:10,9,0,12	00:87,0,0,0	00:38,0,0,17	33:13,0,14,31	00:49,0,0,27	03:26,18,0,15	01:40,6,0,0	03:46,0,0,11	23:0,0,42,15	23:0,0,11,64	33:0,14,0,54	02:25,15,13,0	03:27,0,0,8	02:40,0,8,14	01:36,21,0,0	03:43,0,0,8	02:43,0,10,0	23:0,0,8,48	00:56,0,0,0	02:46,0,14,0	03:24,0,0,20	03:14,0,10,21	03:17,0,0,4	02:63,0,15,0	02:22,0,14,33	02:28,0,11,13	23:0,0,5,25	01:23,14,0,15	33:0,0,0,69	03:40,0,14,10	00:40,0,0,0	01:38,6,0,9	01:30,15,0,0	03:23,0,0,15	00:37,0,0,7	13:23,6,0,9	23:33,0,16,12	01:26,14,0,31	23:15,15,9,16	13:0,22,0,8	03:63,0,0,16	00:66,0,0,0	02:39,18,6,0	02:34,0,14,17	01:22,30,0,0	01:23,12,0,12	03:37,0,0,32
1_69	49	33:0,0,0,92	11:0,73,0,21	33:39,30,0,36	00:63,0,18,0	00:99,0,0,0	00:106,0,0,0	03:78,0,0,29	03:73,0,28,28	11:0,83,0,0	03:63,0,0,25	00:50,0,0,20	22:19,0,51,0	03:23,15,0,27	00:81,17,0,0	13:15,35,0,15	02:70,0,0,20	00:96,23,0,0	02:25,21,29,33	01:35,49,0,1	00:115,0,0,5	02:25,0,73,0	01:120,0,0,0	00:103,0,0,0	11:0,64,0,0	00:108,0,0,0	00:65,20,0,0	00:55,0,15,19	01:103,18,0,0	00:100,0,0,2	03:45,13,0,33	00:77,18,0,1	00:60,17,0,37	02:58,0,29,24	33:22,0,0,70	03:68,0,0,67	22:0,22,82,0	00:77,0,15,0	00:95,0,0,0	02:44,19,17,0	00:77,0,0,18	00:105,0,0,0	33:0,0,28,68	00:56,17,2,25	13:46,34,0,32	23:0,0,17,50	00:72,33,23,0	00:84,0,0,0	00:106,0,0,0	00:91,0,0,0	00:89,0,0,0	03:14,0,0,57	00:80,0,0,0	33:0,1,0,76	00:67,0,30,17	00:79,0,0,0	00:62,14,1,0	00:130,0,0,0	00:146,0,0,0	02:102,0,0,0	00:74,25,0,0	03:30,0,0,85	00:117,0,1,0	01:43,50,0,4	00:86,0,1,0	00:62,0,0,13	03:54,0,0,16	00:86,0,20,1	01:51,15,0,0	01:16,63,0,0	03:96,0,0,23	03:117,0,0,0	03:63,0,0,19	03:25,0,0,62	00:116,0,0,0	00:99,0,0,5	00:93,0,0,0	01:26,62,12,0	00:67,32,29,0	03:25,18,22,20	02:91,0,33,0	03:90,0,0,40	03:52,0,0,39	00:106,0,0,0	03:61,0,3,16	00:46,2,0,37	03:57,0,0,24	00:62,31,0,0	00:98,0,0,4	00:55,0,51,0	00:100,0,0,0	22:1,0,71,0	00:72,22,0,0	00:94,0,0,15	33:23,0,0,95	00:73,0,0,1	03:54,0,0,22	03:94,0,0,4	33:0,0,36,110	00:113,0,0,0	33:10,24,0,53	00:42,12,0,0	33:37,0,0,88	00:62,0,0,16	00:111,0,0,32	33:18,3,0,50	00:85,0,24,0	03:60,0,16,0	33:0,0,0,79	00:75,0,0,29	00:80,0,0,19	03:66,0,0,22	01:112,0,0,0	02:47,0,28,36	00:90,0,0,0	00:53,0,64,0	00:34,0,0,42	01:101,22,0,0	00:67,0,0,15	00:60,0,36,24	00:94,0,45,0	00:75,0,0,30	00:87,0,20,0	00:75,2,0,17	33:0,0,0,110	00:102,0,0,5	02:91,0,20,0	33:43,0,0,68	03:129,0,0,0	02:58,0,32,0	03:55,0,0,53	00:101,0,0,0	12:0,47,53,0	03:60,0,0,50	00:141,0,0,0	01:21,20,27,0	22:0,26,85,0	00:79,0,24,0	00:126,0,0,0	03:98,0,0,24	11:0,56,24,0	23:0,0,91,0	12:0,27,57,0	03:47,0,0,21	11:0,57,0,59	01:82,0,20,0	33:0,0,0,96	13:0,20,25,45	00:82,0,0,0	00:108,0,0,0	00:100,0,0,0	02:66,0,38,0	33:0,0,0,95	01:70,24,20,0	03:53,0,21,43	00:94,0,0,0	23:59,0,23,31	22:16,28,45,0	33:0,0,0,65	00:85,0,0,0	02:89,0,24,0	00:71,0,0,0	00:90,0,0,0	00:83,19,0,0	03:102,0,0,18	03:57,0,0,22	03:81,0,0,0	03:45,0,0,47	11:0,80,0,0	02:88,0,47,0	00:98,0,0,0	01:61,22,0,0	00:84,0,0,0	03:60,0,0,22	00:94,0,0,19	00:60,0,0,12	22:0,32,80,0	02:85,0,22,0	33:31,0,0,73	03:39,0,0,29	03:54,0,0,39	03:33,0,0,72	02:35,0,34,0	11:19,51,0,0	00:88,0,0,0	13:24,11,21,38	02:46,0,10,22	02:36,4,29,26	00:80,0,0,0	00:61,19,0,0	01:77,28,0,0	03:54,0,0,48	00:71,0,0,0	01:28,32,0,14	00:108,0,0,0	03:59,0,0,31	33:0,0,0,118	03:71,0,0,37	00:110,0,0,0	01:21,57,0,0	01:44,39,0,0	22:0,0,112,0	03:28,0,0,90	11:0,55,21,13	01:80,42,0,0	00:33,18,0,15	13:0,50,25,28	00:85,0,0,0	00:78,25,0,0	00:67,0,0,35	23:17,0,0,59	22:25,18,71,0	00:99,0,0,0	03:62,0,0,39	23:1,0,81,0	00:84,0,0,1	00:131,0,1,0	00:99,0,0,26	00:51,12,0,0	33:0,28,15,43	00:74,0,0,17	33:0,27,0,78	00:65,0,28,0	00:47,0,22,22	00:99,0,0,0	03:101,0,0,23	00:74,0,0,0	03:77,0,0,23	00:41,0,0,30	00:95,0,0,27	13:0,53,0,23	01:93,0,0,0	11:0,67,0,23	02:93,0,30,0	00:100,0,0,0	01:48,35,16,0	23:29,20,27,32	00:88,36,0,0	33:20,0,0,54	33:1,0,0,109
2_69	52	00:57,33,0,20	13:0,49,31,45	03:26,0,0,55	00:91,19,0,0	00:119,0,0,0	00:108,0,0,0	00:146,0,0,0	03:104,0,0,23	01:36,74,0,0	00:96,0,0,0	00:85,30,0,0	03:69,0,0,0	23:3,0,27,64	00:101,0,0,0	01:25,61,0,0	02:51,0,43,0	00:93,0,26,0	33:77,0,0,75	01:58,30,4,0	01:41,35,0,29	22:32,0,94,0	00:130,0,0,0	00:133,0,0,0	11:0,81,0,0	00:126,0,0,0	01:84,22,0,0	00:103,0,0,0	01:68,68,0,0	00:147,0,0,0	03:44,0,0,84	00:120,0,0,2	00:131,0,1,0	00:122,0,0,0	33:0,27,0,68	03:94,0,0,91	12:0,18,71,0	01:74,0,4,23	00:82,33,0,0	00:78,0,20,0	00:147,0,0,0	00:73,0,23,0	03:54,0,0,59	00:99,17,0,0	00:135,0,0,0	33:0,0,0,99	02:158,0,0,0	00:72,0,18,0	02:55,0,22,0	00:78,0,0,0	03:46,18,0,16	03:17,0,0,46	00:73,0,0,0	33:1,0,17,105	03:28,0,0,50	00:64,0,0,18	02:82,0,24,0	00:122,0,0,0	00:139,1,0,0	03:107,0,0,22	02:94,20,0,0	03:77,0,0,26	00:135,0,0,0	01:59,32,0,0	00:96,0,0,0	00:74,0,0,0	00:55,0,0,8	03:92,0,0,31	02:32,0,17,12	01:0,109,0,0	03:92,0,44,32	03:65,0,0,61	00:103,0,0,0	00:113,0,0,0	01:69,83,0,3	00:107,0,34,0	03:70,0,0,26	00:99,0,0,43	22:55,0,70,0	00:78,0,0,0	00:87,0,31,0	03:122,0,0,32	33:37,0,0,82	00:72,16,0,22	00:84,0,1,0	00:103,0,0,32	01:107,28,0,0	00:137,0,0,0	00:79,0,0,18	22:0,0,101,38	00:148,0,0,0	00:95,0,0,0	00:109,0,0,0	00:104,0,0,0	33:37,0,0,106	00:92,0,0,0	00:87,0,0,36	00:82,0,0,40	03:87,0,67,60	02:94,0,42,0	03:16,0,0,76	00:81,0,0,0	00:119,0,0,30	01:60,24,0,0	03:70,32,0,54	33:0,0,0,97	00:134,0,0,0	03:51,0,0,40	33:16,0,2,101	02:27,25,69,1	00:100,0,5,0	00:71,12,0,0	11:0,72,1,22	01:68,21,25,0	02:60,31,1,0	00:98,0,0,0	03:82,0,0,34	11:20,92,0,0	00:64,0,0,25	00:90,0,38,0	00:168,31,0,0	23:31,0,41,52	00:81,0,15,23	00:134,0,0,0	03:33,0,0,80	00:135,0,0,0	01:149,0,2,0	03:43,0,0,87	02:139,0,25,0	00:86,0,0,0	03:34,32,0,48	03:74,0,0,26	12:0,26,90,0	00:154,0,0,0	02:55,0,17,40	00:104,0,0,0	22:0,25,126,0	00:100,0,0,4	03:71,0,38,39	03:114,0,0,39	12:0,59,46,0	23:0,0,104,38	22:0,0,84,0	03:81,0,0,31	13:0,0,0,180	13:106,28,0,0	33:1,0,0,116	03:57,0,0,51	00:87,0,0,18	00:113,0,0,28	12:60,31,17,0	03:95,0,0,38	33:0,0,0,112	00:92,0,26,0	03:118,0,0,4	02:76,0,33,0	03:73,0,0,33	33:0,0,31,51	03:77,0,0,45	03:85,0,0,31	00:93,33,0,0	00:55,0,0,28	00:115,0,0,1	00:86,0,0,1	03:67,0,20,35	00:63,0,20,0	03:80,0,0,45	00:130,4,0,0	11:0,66,0,14	03:103,0,0,36	00:90,0,29,0	03:47,36,0,24	03:71,0,0,0	00:85,0,0,34	03:71,0,0,41	02:36,0,21,0	22:0,0,122,0	00:130,0,0,0	00:51,2,0,56	00:102,0,0,0	00:89,0,0,0	03:32,0,0,89	02:42,0,75,0	11:34,73,0,0	03:44,0,33,48	01:125,0,0,0	02:59,0,36,0	00:122,0,0,0	00:97,0,0,0	03:66,0,2,23	00:111,0,1,0	01:143,0,0,0	03:85,0,0,20	11:0,75,0,0	00:151,0,0,0	00:77,0,40,0	33:0,0,3,124	03:110,0,0,55	00:81,46,3,0	01:67,39,0,0	00:91,0,0,0	22:0,0,104,0	33:2,0,0,136	11:38,87,0,0	00:145,0,0,0	00:96,0,0,0	01:81,21,0,0	00:117,0,0,0	00:84,0,0,0	00:118,0,0,0	33:2,0,0,96	02:68,0,34,0	00:151,0,0,0	03:87,0,0,28	02:17,18,26,26	00:82,0,0,0	00:129,0,0,29	00:125,0,0,0	00:106,0,0,3	33:15,47,0,77	00:64,0,40,4	33:49,0,0,96	00:120,0,0,0	00:85,20,0,5	03:137,0,0,0	03:148,0,0,0	02:82,35,0,0	00:143,0,0,0	00:84,0,0,29	00:108,0,5,32	11:2,85,0,30	01:17,53,0,22	11:0,97,0,0	02:133,0,0,0	00:148,0,0,0	00:82,36,0,0	00:140,0,0,0	00:115,5,22,0	03:28,0,0,69	33:2,0,0,152
4_69	63	03:96,0,0,21	13:0,73,0,36	33:0,0,0,54	00:69,0,0,0	00:87,0,19,0	00:62,25,0,0	00:119,0,0,0	00:84,26,0,0	11:0,92,21,0	00:62,0,0,23	00:83,0,0,0	02:31,21,13,0	03:37,0,0,31	00:76,0,0,0	13:40,20,0,13	02:32,0,19,16	00:61,0,0,0	03:62,0,0,59	01:32,45,0,0	01:72,39,0,0	22:0,0,94,0	00:101,29,0,0	00:92,0,0,0	11:0,35,0,16	00:108,0,0,0	11:29,19,29,0	00:77,0,0,24	01:79,34,0,0	00:89,0,0,0	03:25,0,0,63	00:84,0,0,0	00:101,0,0,0	02:70,0,15,0	33:22,0,0,63	03:51,40,0,69	12:0,52,47,0	00:56,27,0,0	00:90,0,0,0	02:48,0,12,0	00:97,0,0,0	00:76,0,0,25	03:19,0,0,95	00:72,0,0,16	01:87,44,0,0	23:15,0,16,28	00:97,0,33,0	00:31,0,0,13	02:63,0,19,0	00:72,0,0,0	03:62,0,0,12	00:34,0,0,32	00:77,0,0,0	33:20,0,0,85	03:55,0,0,30	00:80,0,0,0	02:67,0,11,0	00:101,0,0,0	00:114,0,0,0	03:41,17,0,11	00:51,53,0,0	00:39,0,26,13	00:127,0,0,0	01:31,96,0,0	00:62,0,0,0	00:66,0,0,0	00:33,0,0,15	13:18,26,0,32	02:30,0,22,14	11:0,88,0,0	03:84,0,0,23	00:107,0,0,0	00:107,0,0,0	00:50,21,0,0	00:129,0,0,0	00:54,20,0,34	03:51,0,0,22	00:84,0,0,15	02:21,0,80,0	03:60,0,0,11	00:84,30,0,0	03:108,0,0,35	03:64,0,0,41	02:68,0,23,0	00:41,0,0,10	03:44,0,34,16	01:57,29,13,0	00:41,0,0,53	00:92,0,0,0	02:102,0,19,0	00:49,0,22,29	00:47,0,0,13	00:61,0,0,21	00:81,24,0,0	03:31,27,0,58	00:74,0,0,0	00:83,0,0,0	00:79,0,0,0	03:38,0,67,29	00:142,0,0,0	33:43,0,0,37	03:51,0,0,23	00:131,0,0,0	02:40,0,43,0	00:66,0,0,65	33:0,0,28,49	00:80,0,0,0	03:41,0,0,17	33:0,0,0,74	00:106,0,0,0	00:106,0,0,0	01:28,12,13,0	13:0,66,0,20	01:58,18,0,0	02:26,0,26,0	00:86,0,0,0	03:30,0,0,34	00:34,54,0,0	00:60,0,0,0	00:101,0,0,30	00:140,0,0,0	03:60,0,27,22	00:54,0,0,12	00:91,0,0,0	33:17,0,0,73	00:92,0,0,0	00:102,0,0,0	33:0,29,0,66	00:126,0,0,0	02:48,0,20,0	03:67,28,0,29	03:71,0,0,14	22:0,0,72,0	03:56,0,0,66	00:73,0,0,35	02:14,0,63,0	22:0,27,84,0	33:0,0,0,90	03:87,0,0,22	03:63,0,0,58	22:0,17,64,0	22:0,0,96,0	12:0,17,55,0	00:75,0,25,0	23:31,0,35,70	00:107,0,0,0	03:30,0,0,34	03:18,0,0,70	01:55,17,0,0	00:113,0,0,0	12:24,26,35,0	03:46,27,0,26	33:0,0,28,58	02:77,0,32,0	00:126,0,0,0	00:112,0,0,0	03:62,0,0,49	23:0,0,44,17	13:0,24,0,56	03:39,0,23,18	00:107,0,0,0	02:41,0,21,0	00:78,0,0,0	00:63,0,40,0	03:40,0,0,56	00:37,0,17,0	00:83,0,0,0	00:91,0,0,35	11:0,79,0,0	01:73,29,0,36	02:63,0,12,0	03:15,0,0,57	00:72,0,0,0	00:92,0,0,0	00:111,0,0,0	00:41,0,0,31	12:37,24,44,0	13:0,48,0,38	00:36,0,0,48	00:54,0,0,40	00:70,21,0,0	33:0,0,0,73	11:43,29,0,0	13:0,65,0,23	00:63,23,0,0	03:42,0,0,58	00:74,0,0,0	12:59,11,34,0	03:36,19,0,9	00:61,0,0,0	02:57,0,34,0	03:56,0,0,42	00:57,0,0,0	13:0,34,0,11	03:108,0,0,44	00:96,0,0,0	33:0,0,33,108	00:73,0,33,0	00:83,23,0,0	03:25,0,0,42	13:38,20,0,19	02:18,0,76,0	03:61,0,0,70	11:0,83,0,0	00:85,25,0,0	00:53,0,11,0	01:74,24,0,0	03:90,0,0,17	00:66,0,0,14	03:46,0,0,36	03:20,23,0,45	00:86,0,0,0	00:83,0,0,27	33:47,0,0,67	03:34,0,17,26	00:65,0,0,0	00:140,0,0,0	03:60,0,0,58	02:69,0,19,0	03:59,0,0,52	00:79,0,0,0	03:27,0,0,75	00:90,0,0,0	00:72,0,0,0	00:74,0,0,29	00:62,26,0,0	01:19,24,0,32	00:92,0,0,0	00:50,0,0,23	01:57,29,30,0	02:39,20,12,0	23:15,0,20,32	11:24,48,0,20	00:105,0,0,0	00:94,0,0,21	01:47,53,0,0	00:81,0,26,0	03:63,23,0,27	02:56,0,16,0	03:57,0,0,57
1_70	21	03:30,0,0,52	13:0,27,0,36	03:22,0,0,56	23:17,0,38,18	03:33,0,0,48	00:65,3,12,0	00:122,0,0,0	00:97,0,0,0	01:56,30,0,0	00:71,0,3,5	00:50,0,0,13	00:52,0,10,3	01:41,18,0,2	00:81,0,0,0	00:58,0,3,0	00:69,0,0,0	00:75,0,0,2	23:18,0,18,65	23:9,3,28,9	00:72,0,0,0	22:0,1,71,0	00:98,0,0,2	00:73,0,0,0	11:0,68,0,0	00:102,0,0,2	00:63,0,0,0	00:42,18,0,0	00:79,0,0,0	02:61,0,12,0	02:38,0,22,14	00:42,0,0,35	00:61,0,17,0	00:58,0,0,0	33:19,0,0,55	03:54,3,0,36	02:25,4,52,0	00:54,2,24,0	00:77,0,19,0	12:38,19,15,0	00:92,0,0,0	03:77,0,0,19	33:0,9,0,64	00:74,0,0,1	01:54,41,0,0	33:7,0,0,53	00:99,0,14,0	03:49,0,0,15	00:71,0,0,0	02:31,0,25,21	03:66,0,0,13	33:7,0,0,51	01:60,10,0,0	00:52,0,0,37	03:73,0,0,10	00:79,0,0,0	00:58,0,1,23	00:89,0,0,0	00:103,0,0,0	00:92,0,0,0	00:89,0,8,0	33:0,0,0,83	03:79,0,0,11	03:44,0,0,29	00:53,0,7,2	02:37,0,15,10	00:30,0,11,8	03:41,0,0,23	03:14,18,0,24	13:25,38,0,16	00:95,0,0,0	03:63,0,0,34	00:67,0,0,16	13:30,22,0,17	00:90,0,0,0	00:53,1,0,23	03:51,11,0,8	00:71,0,0,1	22:24,0,61,0	00:75,0,0,0	00:60,6,25,0	03:36,0,0,72	13:9,0,2,78	00:63,11,0,0	00:41,0,0,3	00:74,8,6,0	00:57,2,0,0	01:55,25,0,4	01:38,14,0,13	12:30,8,20,17	00:78,0,0,0	01:22,22,19,0	03:55,0,0,37	03:66,0,0,16	33:15,0,0,63	00:67,0,0,0	00:70,0,0,5	03:42,0,4,47	23:0,0,82,41	01:45,31,0,0	23:10,0,6,50	00:61,0,0,0	02:60,0,34,0	00:72,0,4,0	02:39,0,24,4	33:0,0,1,64	01:63,8,0,0	13:20,35,0,30	03:8,0,16,56	00:62,0,13,0	02:27,0,70,0	03:34,15,0,5	11:0,67,23,0	00:85,0,0,0	00:29,13,15,0	02:41,0,30,0	03:20,0,0,46	01:53,65,0,0	00:37,0,0,7	00:76,0,0,14	33:48,0,0,53	13:26,15,0,44	00:61,0,0,13	02:62,0,9,0	03:24,0,0,62	23:54,0,33,14	13:26,19,14,36	03:24,0,0,54	01:75,22,2,0	13:41,14,0,8	00:49,13,0,26	00:68,0,0,3	22:0,0,85,0	03:33,0,0,62	00:81,21,0,0	22:13,0,43,0	12:0,45,43,0	00:72,0,2,0	00:91,15,0,2	00:75,0,3,0	11:0,65,5,0	22:14,0,56,5	22:3,0,64,0	00:65,0,9,0	33:15,0,5,78	00:71,0,3,0	33:0,0,11,56	33:26,0,0,52	03:36,0,0,27	00:53,0,0,39	00:75,15,6,0	00:70,0,0,3	33:0,0,3,78	22:17,0,58,0	00:95,0,0,0	00:80,0,0,2	03:59,0,0,32	22:17,0,43,0	33:0,0,0,77	03:42,0,0,40	01:53,25,0,0	00:54,0,0,0	00:73,0,0,0	00:76,0,0,0	00:91,0,0,0	03:36,0,0,26	00:76,0,0,0	00:59,0,0,20	11:0,51,0,0	02:68,0,31,0	00:59,0,0,0	01:41,35,0,0	03:43,0,0,28	13:25,20,0,24	00:77,0,0,0	00:51,17,0,0	22:0,3,91,0	00:84,0,0,0	33:15,0,0,38	03:41,0,21,23	00:73,5,0,3	03:26,0,0,43	02:49,0,25,1	11:10,76,0,0	00:65,0,0,1	03:69,0,0,18	00:80,0,0,0	02:35,0,35,3	00:53,0,0,14	01:46,24,0,0	01:48,26,0,0	00:61,25,0,4	00:35,0,10,0	03:16,16,0,7	00:106,0,0,0	03:56,0,0,19	03:17,0,0,78	00:58,0,11,1	01:38,54,0,0	00:44,0,0,26	00:68,0,0,13	02:20,0,30,12	33:18,7,0,72	11:1,73,1,17	11:17,72,0,0	00:55,2,0,0	13:11,21,0,38	00:70,11,0,0	03:63,0,0,36	03:51,8,0,23	33:0,0,17,49	00:60,0,22,0	00:95,0,9,0	03:41,2,0,36	11:7,21,13,0	00:68,0,0,0	03:68,0,0,26	03:24,0,12,26	03:28,0,15,28	03:31,0,20,26	03:20,0,0,57	33:36,0,0,55	02:49,0,37,0	01:64,21,0,0	03:67,0,0,17	00:107,0,0,0	00:48,0,0,0	00:33,0,23,0	03:27,19,0,18	03:65,1,0,24	33:0,17,2,41	03:55,0,0,29	11:0,61,0,0	00:106,0,0,0	00:80,0,0,0	01:18,50,0,0	03:38,0,12,10	02:59,4,29,4	33:16,0,1,37	33:4,0,0,97
2_70	31	00:97,4,0,25	13:0,103,0,35	03:33,0,0,59	00:96,0,0,0	00:106,25,0,0	00:106,0,0,0	01:42,39,25,37	00:66,0,37,39	01:35,79,0,0	01:73,25,0,28	03:54,0,0,49	02:26,0,55,0	13:0,20,0,65	00:82,31,0,0	11:33,78,0,0	00:102,0,1,0	00:124,0,0,0	00:119,0,27,5	00:93,16,0,0	00:141,0,4,0	22:26,0,96,0	00:155,0,0,0	00:79,25,0,0	11:0,97,0,0	00:87,0,0,25	00:97,0,0,0	00:91,0,0,0	00:137,7,0,0	00:140,0,0,0	00:74,0,0,22	03:99,0,0,27	00:118,0,28,0	00:123,0,0,0	13:0,36,5,81	33:40,0,0,124	23:0,0,56,60	00:91,27,0,0	01:43,37,27,0	00:122,0,4,0	03:103,0,1,28	23:50,0,36,31	03:20,0,0,89	01:129,18,0,0	00:63,2,0,64	33:0,0,1,114	00:125,0,29,0	00:73,0,0,27	00:118,0,0,0	03:70,0,0,23	00:119,0,0,0	03:27,0,23,34	00:58,0,31,0	33:42,0,0,112	33:22,0,32,40	00:101,0,0,0	02:92,0,21,0	03:110,0,0,21	03:131,0,0,24	02:104,0,29,0	00:94,52,0,0	33:6,0,0,123	00:140,0,0,0	00:128,3,0,0	00:86,0,0,0	33:59,0,0,42	00:73,0,0,23	03:89,5,0,35	00:62,31,0,0	12:0,54,42,0	02:35,0,51,81	03:112,0,0,39	03:82,0,0,35	00:100,0,0,21	03:91,0,0,51	02:90,0,39,0	00:106,0,0,0	03:72,26,0,30	00:94,0,36,0	03:56,0,0,53	01:92,26,0,0	00:100,0,0,33	03:93,0,0,34	01:109,23,1,0	33:6,0,0,95	01:79,28,0,3	03:115,0,0,41	01:51,32,0,37	03:63,0,27,28	03:67,0,20,38	01:66,22,31,0	00:98,0,0,0	00:122,0,0,0	00:121,0,0,0	03:30,0,0,87	03:68,0,0,21	00:149,0,0,0	00:95,0,0,34	00:92,0,4,102	00:115,0,4,0	03:25,0,0,65	00:72,0,0,32	00:49,0,0,56	00:102,0,0,0	03:63,0,0,58	03:54,0,0,50	00:110,0,28,0	03:30,0,0,74	13:4,30,2,68	00:128,0,0,0	00:96,25,0,0	00:69,0,0,21	12:0,99,25,1	23:27,2,57,30	02:59,0,57,0	02:45,0,41,0	02:45,0,21,13	01:62,70,0,0	12:62,34,39,0	03:103,0,0,31	00:157,0,0,0	03:25,0,27,68	00:114,0,0,25	00:117,0,0,0	13:0,32,0,69	00:117,0,0,0	00:113,0,0,0	33:0,0,0,99	02:53,0,36,26	00:97,0,0,0	00:128,0,0,2	03:74,0,0,32	11:0,68,63,0	03:145,0,0,20	00:91,0,0,63	02:33,0,63,0	22:0,0,118,0	00:56,0,33,36	00:160,0,0,0	00:94,0,0,34	22:0,77,68,0	23:34,0,29,65	22:35,0,59,0	00:116,0,0,0	33:0,1,0,165	12:69,50,25,0	33:0,0,0,123	02:38,0,25,53	00:108,0,0,1	00:139,0,0,0	02:21,35,63,0	03:47,27,0,65	33:0,0,0,124	00:99,0,31,0	00:102,36,0,0	02:56,0,19,21	03:61,0,0,75	23:2,0,50,59	03:17,0,0,107	00:117,0,0,4	01:95,34,0,0	03:75,0,0,15	00:92,30,0,0	00:84,0,0,27	00:152,0,0,0	02:71,0,30,0	03:19,37,0,72	00:85,40,0,1	11:0,83,0,0	00:132,0,0,0	02:66,0,17,34	03:59,0,0,62	02:74,0,24,0	00:85,0,0,28	03:61,0,0,64	00:100,3,0,0	22:0,0,145,0	03:100,0,0,24	03:60,0,0,54	00:113,0,0,0	00:74,0,0,0	33:0,34,0,78	02:37,40,28,0	01:54,61,0,0	23:53,0,34,61	00:143,0,0,0	00:108,0,0,0	00:112,1,0,0	00:95,0,0,6	00:112,0,0,0	00:123,0,0,0	00:153,0,0,0	00:79,0,0,0	11:0,83,0,2	00:159,0,0,0	02:68,0,28,0	33:0,29,0,76	00:59,0,0,71	01:90,25,0,0	00:118,1,0,0	00:110,0,0,0	22:36,0,83,0	33:59,0,0,76	01:39,66,0,35	00:101,35,0,0	00:46,0,25,19	00:128,2,0,0	00:112,0,0,0	00:133,0,0,0	00:140,0,0,0	33:20,33,0,55	00:111,0,5,0	00:105,0,0,21	03:37,0,0,106	03:54,3,33,18	00:84,0,0,0	00:151,0,0,9	00:120,0,0,16	00:87,0,0,0	13:3,17,0,98	02:78,0,12,0	03:27,0,0,119	00:145,0,0,0	00:134,4,0,0	00:70,0,0,54	00:100,0,0,0	01:38,21,20,22	00:136,0,0,0	00:105,1,0,2	00:115,0,4,0	11:2,124,0,0	01:72,50,0,0	11:37,48,0,0	00:101,0,33,0	00:104,0,0,22	01:43,83,0,0	02:79,0,57,0	00:108,36,0,3	33:43,0,0,53	03:28,0,0,114
3_70	70	13:16,0,0,0	03:0,20,0,4	33:0,0,0,0	11:8,0,0,0	00:6,0,0,0	00:6,1,0,2	00:10,0,0,0	00:5,0,6,0	11:0,8,0,0	00:0,0,0,2	00:7,0,0,0	00:0,0,1,0	11:2,0,0,0	00:5,3,0,4	00:0,0,3,0	00:6,0,0,0	00:12,0,0,11	03:6,0,3,3	01:3,0,0,0	23:7,10,0,0	00:0,13,1,0	00:2,2,0,9	00:5,0,0,1	11:0,7,0,0	00:1,0,0,5	00:3,2,2,0	00:5,0,1,0	11:5,0,8,0	01:3,0,4,0	03:1,0,0,9	00:1,2,0,0	00:9,0,1,0	00:8,3,0,0	22:6,0,0,2	33:1,3,0,7	22:0,4,4,2	00:6,0,0,0	01:13,0,0,0	11:9,0,0,0	33:6,0,0,6	02:12,3,0,1	00:1,0,0,9	11:2,0,0,0	01:10,0,0,0	NA:5,0,0,8	00:3,0,2,0	00:0,0,2,1	00:7,0,1,0	00:8,0,0,0	00:2,0,0,1	13:2,0,0,5	NA:7,0,0,0	03:0,0,0,14	03:8,0,0,0	00:7,1,0,0	02:7,0,3,0	00:6,0,0,0	00:8,0,0,0	00:6,0,0,1	00:5,0,5,0	00:5,0,0,0	02:13,9,0,0	33:5,6,13,0	00:7,0,0,0	00:7,0,0,0	00:0,0,0,1	00:2,0,0,6	03:3,0,2,0	11:0,6,0,0	03:3,0,0,14	03:12,0,0,0	00:23,0,0,0	01:4,0,0,2	00:10,2,0,0	00:9,0,0,1	00:6,0,0,3	00:15,0,0,0	02:4,0,7,0	00:2,0,0,0	12:4,2,0,0	00:1,2,0,3	NA:5,0,0,13	00:7,0,0,0	00:5,0,0,0	00:6,0,4,0	01:9,0,0,0	03:9,0,0,0	00:5,0,3,0	02:4,0,3,0	00:8,0,2,0	00:7,0,0,0	00:6,0,0,2	11:6,0,0,12	33:6,0,0,6	03:4,0,0,0	00:25,0,0,0	00:9,0,0,0	03:8,0,5,12	22:6,0,0,0	00:0,0,1,2	00:2,0,0,0	33:15,0,0,6	00:18,0,0,0	00:22,0,0,0	00:5,0,0,9	02:5,2,0,0	00:1,0,4,2	33:0,0,0,4	02:11,0,0,5	NA:17,0,0,0	00:6,0,0,7	00:2,5,0,0	02:10,0,0,0	00:6,0,0,0	00:2,4,0,2	13:5,0,0,4	00:6,2,0,0	00:13,0,0,0	00:13,0,0,0	00:11,0,0,1	33:7,7,0,12	33:8,2,0,0	00:1,0,0,0	03:0,0,0,4	00:2,0,0,2	00:11,1,0,0	23:6,0,0,7	00:8,1,0,0	00:5,0,3,0	03:8,0,0,3	03:12,0,0,0	22:0,2,3,0	33:9,0,0,2	00:18,0,0,0	22:4,0,4,0	12:0,11,20,0	00:15,0,0,2	00:14,0,0,0	02:9,0,6,0	12:0,7,7,0	22:0,0,7,2	22:0,2,5,0	02:9,0,3,0	33:0,6,4,15	02:5,7,0,1	33:0,0,0,0	33:2,0,0,0	00:8,0,0,0	03:12,0,0,0	02:2,7,6,0	00:2,0,0,1	33:0,0,0,6	00:9,0,2,0	00:14,0,0,2	02:0,0,3,0	13:3,0,0,2	33:0,0,0,0	33:0,0,4,9	00:4,0,0,0	00:5,0,0,0	00:5,0,0,1	NA:8,1,0,0	00:11,0,0,0	00:9,0,8,0	00:8,0,2,0	33:0,0,1,4	00:19,0,0,0	11:0,2,0,2	00:5,0,0,0	00:8,0,0,0	33:0,0,0,2	00:0,0,0,0	03:8,0,0,0	03:1,0,0,9	00:3,0,0,0	22:4,4,1,0	03:14,0,0,0	00:5,0,0,0	01:2,0,0,4	00:4,0,0,0	33:3,0,0,5	00:3,0,0,0	11:0,15,0,6	11:0,0,0,2	00:36,0,0,0	00:8,0,0,0	00:4,0,0,3	00:7,1,0,0	00:1,2,0,0	00:0,0,3,1	00:0,0,0,0	00:1,0,4,0	11:0,6,0,0	01:21,0,0,0	00:7,0,0,0	33:0,11,1,10	03:17,0,6,0	00:9,0,0,0	33:4,0,0,0	00:4,8,0,2	00:0,11,0,0	03:0,0,0,27	11:0,7,0,0	33:2,4,0,0	00:0,0,0,0	03:5,0,0,2	00:7,0,0,0	00:8,0,2,0	03:6,0,0,0	33:0,0,0,10	00:11,4,0,0	00:6,0,0,2	33:2,0,0,4	00:7,0,0,0	02:3,0,0,0	00:20,0,0,0	00:14,0,0,0	00:10,0,0,3	NA:0,0,0,0	00:3,0,0,2	33:3,0,0,8	00:6,0,0,0	00:10,0,0,0	00:8,0,0,0	00:8,0,0,1	03:7,0,0,0	02:12,0,4,0	33:5,3,0,0	00:16,0,0,0	11:0,12,0,0	00:10,7,0,0	11:0,9,0,0	00:17,0,0,3	00:12,5,0,0	01:5,14,0,7	00:12,0,0,0	00:12,6,0,0	03:5,0,0,9	33:0,0,0,12
4_70	40	33:21,0,0,104	03:0,0,30,85	03:72,0,0,29	00:95,0,0,0	00:133,0,0,0	00:127,0,0,0	03:124,0,0,32	12:75,82,0,0	13:20,66,0,25	03:64,0,0,23	00:78,19,0,0	01:51,20,0,0	01:30,23,0,47	00:116,0,0,0	00:76,0,0,25	00:43,23,0,18	00:95,0,0,0	00:113,0,0,54	01:56,22,31,0	00:60,24,0,0	22:0,0,130,0	01:113,25,0,0	00:118,0,0,0	13:0,51,0,17	00:141,0,0,0	02:89,0,31,0	03:82,0,0,25	00:150,0,0,0	02:26,0,61,27	33:30,0,0,69	00:137,0,0,0	01:55,37,17,0	00:136,0,0,0	33:38,0,0,93	03:158,0,0,42	22:0,0,80,38	01:85,34,0,0	02:101,0,21,0	02:67,0,21,0	03:58,0,0,75	00:151,0,0,0	33:0,0,0,122	03:95,0,0,20	03:56,0,0,23	33:0,0,0,103	01:86,69,0,0	13:35,14,0,20	01:82,20,0,0	00:101,0,0,0	00:119,0,0,0	03:40,0,0,32	03:58,0,0,34	33:0,0,0,172	00:136,0,0,0	00:100,0,0,0	00:101,0,0,0	03:27,44,15,19	03:32,23,49,20	01:47,30,0,25	01:84,54,0,0	33:0,0,0,112	00:181,0,0,0	00:133,0,0,27	01:46,17,0,0	00:77,0,0,5	00:36,35,0,0	33:58,0,0,42	03:16,0,0,60	11:0,99,0,0	03:107,0,0,72	03:127,0,0,39	00:153,0,0,0	03:29,61,0,22	13:37,85,0,38	00:137,0,0,0	02:46,0,20,0	01:37,68,0,36	22:76,0,62,0	03:60,0,0,44	01:85,38,0,0	00:134,0,0,40	00:103,0,0,23	01:78,27,0,0	23:41,0,24,26	01:63,56,0,0	00:70,0,0,20	00:149,0,0,0	03:14,0,0,127	03:35,0,31,32	00:153,0,0,0	02:49,0,42,0	00:100,0,0,0	00:135,0,0,0	03:35,0,0,77	01:66,23,0,11	33:74,0,0,58	33:67,0,0,63	02:75,0,56,51	00:125,0,0,0	03:30,0,0,69	00:44,0,0,57	00:112,0,0,52	01:81,18,0,0	00:165,0,0,0	33:0,0,0,87	00:72,0,24,0	03:65,0,0,16	33:0,0,28,64	02:98,0,48,0	00:79,0,16,0	00:95,0,0,0	11:0,139,0,0	00:136,0,22,0	12:39,34,19,0	00:86,0,0,0	00:44,0,24,19	01:115,44,0,0	03:91,0,0,48	03:117,0,0,43	00:109,0,66,28	03:33,0,0,120	23:53,0,17,21	03:64,0,45,16	33:0,0,0,131	00:100,0,35,0	02:95,0,41,0	33:84,0,0,64	00:129,0,0,0	00:84,0,1,16	00:83,0,0,39	03:26,0,27,55	22:0,0,128,0	00:94,0,0,40	00:175,0,0,0	11:0,16,74,0	22:0,34,114,0	03:99,0,0,30	03:112,0,0,51	03:62,0,0,116	12:0,130,19,0	22:36,0,92,0	22:22,0,72,0	03:81,0,0,9	33:58,0,0,112	00:117,0,40,0	33:0,0,0,131	03:23,0,0,114	03:63,0,0,28	00:133,0,0,0	01:85,18,0,0	00:123,0,0,0	33:0,0,0,103	00:75,0,0,80	01:181,17,0,0	01:86,19,0,0	03:77,0,0,72	23:0,0,72,64	00:90,0,0,38	03:104,0,0,23	03:23,25,0,65	03:58,0,0,35	02:64,0,10,0	00:117,0,0,0	03:98,0,35,37	00:101,0,0,0	00:130,0,0,0	03:69,0,0,74	11:39,80,0,0	03:162,0,0,37	00:111,1,0,0	03:68,0,0,25	00:78,0,0,0	00:132,0,0,0	00:123,0,0,0	02:70,0,20,0	23:0,0,66,27	01:61,63,0,0	03:23,31,33,28	00:51,33,0,20	00:105,0,0,0	33:0,0,20,91	02:47,14,27,0	13:0,73,0,16	00:127,0,0,0	00:141,0,0,0	00:55,27,0,23	01:78,19,0,0	03:55,0,0,11	01:68,41,0,0	00:113,0,0,0	00:106,0,37,0	00:48,15,0,0	11:0,69,0,0	00:116,37,0,0	00:117,0,0,0	13:0,35,0,85	03:102,0,0,50	00:94,0,0,18	23:0,0,24,86	12:37,51,34,0	12:0,27,66,18	33:0,27,0,144	11:0,55,0,65	00:132,0,0,0	03:49,0,0,46	00:116,0,0,0	03:64,26,0,39	02:50,0,26,25	03:54,0,30,34	03:51,0,17,36	00:117,30,0,0	03:65,0,32,36	00:55,0,29,0	00:32,0,42,0	01:47,25,0,22	00:141,37,0,0	03:38,0,34,85	03:67,0,24,20	00:43,0,0,26	03:116,0,0,31	23:0,0,28,104	01:33,26,48,29	00:106,0,41,0	03:127,16,0,0	33:63,0,0,62	00:119,0,0,0	00:83,0,0,28	03:72,0,0,26	03:92,0,0,38	33:20,0,24,58	13:50,14,0,37	11:0,110,0,0	03:139,0,0,24	01:75,36,0,31	03:51,24,35,23	00:115,0,37,0	02:20,29,33,34	33:14,0,0,36	03:116,0,0,61
1_71	30	01:35,30,0,46	33:0,64,0,92	22:0,0,28,37	00:120,0,13,0	00:142,0,0,11	01:83,31,9,0	02:81,0,38,17	02:96,0,35,0	NA:16,86,0,0	33:36,0,0,82	NA:66,0,21,0	23:19,0,55,27	00:40,14,0,22	13:51,25,0,23	01:52,41,23,0	00:116,8,0,0	03:52,0,17,49	00:130,0,15,21	11:58,49,16,0	00:106,0,0,0	12:0,51,76,0	00:112,0,0,33	01:96,23,25,0	NA:0,67,13,15	03:61,15,0,86	12:28,51,31,0	00:87,35,0,0	00:151,0,0,21	02:66,0,66,0	33:28,0,69,34	00:138,0,0,0	23:58,0,30,40	02:100,0,25,0	03:31,0,0,69	03:70,0,0,93	23:34,0,32,56	11:41,54,25,0	23:69,0,34,26	00:116,18,0,0	33:47,0,9,63	03:59,0,9,24	23:0,0,47,88	33:55,0,0,95	33:60,0,0,71	03:47,0,0,76	12:47,48,72,0	33:41,16,0,56	00:133,0,0,0	00:112,0,0,0	00:120,15,0,10	33:21,0,0,91	03:80,0,0,43	03:87,0,0,80	NA:111,26,0,11	00:96,17,0,0	00:106,8,0,0	00:108,0,26,0	00:120,29,0,0	00:150,0,0,0	00:138,34,0,0	33:0,0,0,109	00:129,0,28,0	22:31,21,62,0	00:93,0,0,0	00:83,0,11,24	33:43,9,0,44	03:91,0,0,44	00:87,0,0,15	11:0,111,0,0	23:28,0,41,93	02:79,0,44,35	00:138,18,0,0	03:70,15,0,24	00:141,0,21,0	01:52,37,0,37	00:81,29,0,8	03:128,0,0,25	12:79,31,30,0	03:58,0,0,57	00:101,63,0,0	01:97,44,0,30	03:44,0,0,79	03:86,0,0,41	00:101,0,17,0	33:71,0,0,61	00:135,0,0,0	00:137,0,0,16	00:144,0,0,0	23:12,0,88,35	00:152,0,0,0	00:98,0,0,0	00:140,0,0,0	01:90,59,0,0	33:0,0,1,134	00:100,0,0,0	00:82,0,0,51	00:85,22,0,14	03:86,0,36,52	00:86,39,0,0	03:61,24,0,30	00:75,0,11,17	03:117,0,0,49	00:123,0,0,0	00:145,0,0,0	13:5,50,0,55	02:77,0,42,0	33:33,18,0,70	33:0,0,0,119	01:40,59,49,0	11:84,60,0,0	00:50,0,0,66	11:0,129,0,19	03:94,0,32,21	00:81,0,12,20	03:98,0,2,31	00:91,0,29,0	13:64,37,0,66	00:126,0,0,0	00:149,0,0,14	03:155,0,0,27	33:0,0,0,139	00:85,29,0,26	01:91,32,0,0	33:9,0,19,59	00:138,0,0,22	01:86,57,0,0	03:120,10,0,20	00:115,0,0,0	00:94,0,0,6	33:36,0,32,86	00:110,16,0,0	22:0,0,146,0	01:57,75,0,22	00:130,21,0,0	02:78,0,43,0	12:20,78,79,0	00:145,0,0,0	00:158,0,0,26	33:23,0,0,127	12:0,61,93,0	22:0,0,155,0	NA:37,0,83,0	11:34,51,0,0	33:0,0,0,168	00:70,15,0,46	33:14,0,0,145	33:0,0,0,146	03:101,0,0,46	00:191,0,0,0	11:68,58,0,1	11:42,86,0,1	33:0,0,0,90	00:39,0,82,7	00:162,0,0,0	00:137,0,0,0	03:34,0,0,117	23:0,0,96,21	33:0,0,0,120	03:77,0,0,28	03:65,0,0,45	00:72,0,0,47	00:100,14,0,23	03:41,10,0,43	00:152,0,28,0	00:115,0,0,0	03:51,0,0,74	00:75,0,49,24	11:0,113,0,0	00:145,0,23,0	00:130,0,0,0	13:14,76,0,49	00:84,13,0,0	22:57,0,34,31	00:131,0,0,0	02:59,0,30,9	22:0,20,120,0	03:74,0,0,48	33:41,0,0,85	03:100,0,0,48	03:73,0,0,52	03:61,0,0,59	02:59,0,76,0	12:27,36,57,0	01:63,52,0,16	00:118,0,24,0	00:144,0,0,0	00:95,17,0,0	01:47,50,0,16	00:100,0,0,14	00:151,0,17,0	00:100,42,0,0	00:92,0,0,11	12:0,110,7,0	00:141,12,0,0	00:97,0,0,0	33:0,16,25,101	03:42,0,0,131	00:92,10,0,13	02:65,0,46,15	33:78,53,0,12	12:0,66,39,5	01:49,72,0,36	13:22,48,0,66	02:112,20,21,0	23:20,11,42,31	00:133,0,15,0	00:118,0,0,0	00:70,0,0,81	00:97,0,0,31	22:12,0,87,24	NA:44,45,0,43	00:149,0,0,18	33:54,0,18,56	22:44,0,59,19	23:57,0,11,38	00:159,0,22,0	03:55,0,18,62	00:43,11,44,10	11:15,8,0,47	03:89,0,0,25	12:0,68,12,70	33:56,0,0,100	00:100,0,7,17	03:85,0,0,66	00:128,0,12,0	00:92,0,0,19	03:146,16,0,5	00:96,0,0,0	00:173,0,0,0	13:0,67,0,65	00:114,11,0,0	11:0,106,0,0	00:134,0,0,32	00:126,31,0,0	13:0,78,47,7	02:49,0,116,0	11:19,140,23,0	00:70,0,10,41	03:30,41,0,57
2_71	78	00:70,0,0,27	11:0,110,0,0	03:26,0,0,35	03:64,0,0,16	00:107,0,0,0	00:51,0,0,19	00:102,0,0,0	00:50,11,27,0	11:0,74,0,0	00:39,0,0,21	00:37,0,7,0	02:23,0,25,0	01:26,10,0,31	00:32,0,0,42	03:14,25,0,9	00:80,0,0,0	00:63,0,0,17	02:110,0,36,0	13:0,46,0,14	00:52,0,9,0	22:0,22,45,0	00:46,0,0,35	00:56,0,12,0	11:0,31,0,9	00:45,0,0,19	00:35,0,31,0	00:39,0,25,8	00:83,0,0,0	00:56,0,0,0	23:0,0,13,59	00:101,1,0,0	00:84,0,0,0	02:49,0,23,15	33:21,0,0,57	33:0,0,0,104	02:31,0,30,25	00:38,0,0,11	00:74,0,0,18	22:13,17,14,0	00:35,0,0,27	00:38,22,0,0	33:0,0,0,95	00:46,0,0,41	11:32,32,0,0	33:0,0,0,62	00:52,1,29,22	33:0,0,27,22	03:29,0,0,15	23:30,0,9,16	03:77,0,0,11	33:0,0,0,51	00:54,0,0,9	03:35,0,0,82	00:74,0,0,9	00:77,0,0,0	03:27,14,0,21	00:93,0,0,0	00:108,0,0,0	00:61,0,0,0	00:79,10,0,2	33:0,0,0,75	00:61,31,0,0	03:43,0,26,18	00:53,0,0,0	02:37,0,11,0	02:9,11,16,22	03:27,0,0,31	13:24,26,0,12	01:26,43,0,0	00:40,10,0,28	03:51,0,0,17	03:63,0,0,30	01:35,8,1,0	00:41,0,0,11	00:62,0,0,26	00:36,0,0,17	00:57,0,0,19	02:45,0,58,0	00:45,0,0,0	02:65,0,27,0	33:37,0,0,117	33:0,0,0,76	00:77,16,0,0	00:73,0,0,0	00:91,0,0,0	00:57,0,0,0	01:28,46,0,0	00:77,0,0,0	02:26,0,58,0	00:88,0,0,0	12:6,17,13,0	03:28,0,0,35	00:103,0,0,0	33:0,0,0,89	00:74,0,0,0	01:53,13,0,0	01:44,24,0,26	03:44,0,28,23	00:42,29,0,0	13:0,15,0,69	00:51,0,0,0	03:11,0,34,27	00:71,0,0,0	00:67,0,40,0	33:0,0,0,55	02:63,0,19,0	00:58,23,0,0	33:0,0,0,76	03:45,0,31,17	03:42,0,0,9	00:38,9,0,15	01:49,27,0,0	00:97,0,0,0	00:45,0,11,0	00:80,0,0,0	00:38,0,0,25	11:57,44,0,0	02:58,0,11,0	00:84,0,1,0	00:103,0,0,0	03:45,0,0,62	00:52,28,0,0	00:87,0,0,0	33:0,0,0,91	00:92,0,0,0	00:58,0,0,0	03:46,0,0,27	02:51,0,15,0	00:41,0,14,0	00:74,0,0,28	01:67,18,0,0	22:0,0,82,0	00:68,0,0,37	00:102,0,0,0	33:0,1,46,43	23:0,0,77,33	01:33,23,0,21	03:80,0,0,32	03:78,0,0,20	12:0,29,49,0	23:0,0,64,18	12:0,44,37,0	00:62,0,0,0	03:32,0,40,59	00:92,0,0,0	13:22,24,0,26	03:26,0,0,54	01:35,37,0,0	00:87,0,0,0	00:50,0,25,0	00:89,0,0,0	33:0,0,0,78	02:39,1,37,0	13:60,34,0,15	03:47,0,0,16	02:54,0,19,23	22:0,0,76,0	33:0,26,0,57	00:70,0,0,0	02:59,0,15,0	00:61,0,0,0	00:67,0,0,0	03:35,0,0,14	03:40,0,0,42	00:64,0,0,0	03:65,0,0,12	00:65,0,0,18	11:0,72,0,0	00:65,12,0,0	00:52,0,22,0	00:74,0,0,0	02:52,0,11,0	00:99,0,0,0	01:66,29,0,0	00:29,7,0,0	22:1,0,87,0	03:44,0,0,48	33:45,0,1,40	00:55,0,11,0	00:47,0,0,0	03:22,0,0,61	02:53,18,21,0	03:18,17,0,22	02:61,0,25,0	00:79,0,0,0	03:60,0,1,15	00:49,21,0,0	02:25,0,15,11	00:49,0,0,0	00:64,0,0,0	03:61,28,0,24	00:31,0,12,0	11:0,29,0,13	00:97,0,0,0	02:22,0,6,0	33:0,0,0,81	00:104,0,0,0	13:46,24,0,25	00:82,0,0,0	03:32,0,0,34	23:31,0,45,17	02:66,0,22,21	23:0,48,15,19	12:24,51,17,0	00:64,0,0,0	02:47,0,11,19	01:32,34,0,19	03:50,0,0,17	02:40,0,13,17	23:0,0,16,68	00:44,19,0,0	02:84,0,20,0	00:31,0,0,21	00:61,0,0,0	03:34,9,0,12	02:65,0,20,0	02:55,0,28,16	02:70,0,18,0	23:6,0,13,29	01:66,14,0,0	33:1,0,27,78	03:55,0,0,21	00:81,0,0,0	13:35,9,0,20	00:54,22,0,10	03:29,0,0,31	01:43,23,0,0	01:47,10,0,15	03:45,0,23,17	01:37,24,0,0	02:17,16,15,19	11:0,29,12,15	03:69,1,16,28	00:80,0,0,15	12:23,32,19,0	22:22,0,57,18	00:79,17,0,0	01:45,18,0,14	33:24,0,0,91
1_72	83	33:36,0,0,168	13:35,97,0,52	33:9,0,1,89	02:81,22,37,0	03:122,26,0,55	00:138,0,0,0	00:160,0,48,6	00:155,35,33,0	01:30,105,0,11	00:107,0,0,42	00:110,0,0,9	02:38,17,54,0	00:85,5,0,30	00:139,20,0,0	03:86,24,0,30	00:159,0,0,0	00:165,0,0,0	03:160,0,0,62	12:9,77,35,0	00:141,0,0,31	22:26,0,130,0	00:191,25,0,0	00:120,21,0,0	11:0,95,0,11	00:132,0,0,25	00:134,0,16,0	01:91,31,0,14	00:171,37,0,0	00:116,0,17,0	03:43,0,0,148	03:116,0,0,31	02:97,13,72,0	02:116,0,42,0	33:0,25,0,124	03:83,0,0,168	22:0,0,168,27	02:65,41,36,0	00:97,46,42,0	02:90,0,37,0	00:114,0,0,17	00:136,0,25,0	33:32,0,0,102	00:112,19,0,19	01:87,39,0,36	33:0,0,0,139	00:163,19,33,0	01:41,34,0,32	00:84,9,0,0	00:154,0,0,0	03:124,0,0,35	33:9,0,18,86	00:100,0,18,16	03:71,0,0,88	03:85,0,24,47	03:115,0,0,45	00:120,0,24,0	02:102,0,19,20	01:112,32,0,23	03:67,16,24,46	01:94,88,0,0	03:35,0,0,115	01:142,52,0,0	01:119,48,0,0	01:89,30,0,0	00:71,0,0,13	00:134,0,0,0	03:71,0,0,40	03:76,0,0,26	11:0,123,0,0	00:161,16,0,15	03:79,0,0,94	00:133,0,0,0	00:121,0,0,7	13:29,83,0,76	03:107,0,28,43	00:106,0,8,21	03:94,12,0,61	01:80,43,59,0	00:129,0,0,11	01:55,38,37,39	02:128,0,66,35	13:48,42,0,60	00:118,9,0,18	02:74,0,50,14	03:94,21,0,77	00:84,0,0,17	00:139,23,0,0	00:136,0,0,54	02:94,0,36,28	02:136,0,43,0	00:80,0,3,0	00:138,0,0,0	00:148,0,1,31	03:70,0,0,88	00:114,8,0,0	00:117,0,0,44	00:151,0,0,40	33:81,0,53,135	00:151,0,0,0	23:35,0,43,70	03:90,0,1,27	00:205,0,0,0	02:91,14,44,0	00:179,0,0,0	33:10,0,0,121	01:106,59,0,0	03:52,0,0,65	03:46,10,0,66	00:140,0,27,0	00:145,0,0,0	13:77,42,0,35	11:0,128,15,38	00:185,0,22,0	02:40,21,50,0	00:139,0,11,0	03:69,0,0,41	00:137,68,0,0	00:117,0,2,18	00:170,0,0,27	03:168,0,0,56	01:112,55,0,24	00:127,37,10,7	02:109,0,48,7	33:0,0,24,124	03:139,0,0,55	01:117,35,0,0	33:37,0,29,69	12:91,28,40,0	03:87,0,0,27	00:128,18,0,23	03:80,0,0,64	12:0,62,101,0	03:91,0,0,108	00:137,0,2,51	22:53,34,73,0	22:22,0,174,0	03:123,11,0,38	00:211,0,0,0	03:110,0,32,54	12:0,112,82,0	22:32,0,118,0	22:0,0,108,21	00:124,0,0,35	33:0,55,13,173	02:122,0,68,0	33:19,0,0,122	23:12,26,45,78	03:106,0,0,36	00:187,11,2,0	00:177,0,0,0	00:144,15,0,0	33:0,0,0,177	00:79,27,19,0	00:201,0,0,0	00:117,22,12,0	00:144,0,0,33	02:59,0,103,0	33:52,0,0,97	00:123,4,0,18	00:142,30,0,2	00:137,0,0,0	00:148,6,2,0	00:114,0,0,11	00:163,21,0,0	03:71,20,0,28	03:80,0,18,85	00:176,0,0,0	11:2,135,0,0	02:208,0,48,0	01:162,41,0,0	01:74,46,22,21	02:55,0,46,29	33:35,25,0,93	00:160,0,22,0	00:85,0,0,18	22:15,0,161,0	02:99,11,42,8	33:44,0,0,119	00:123,0,0,54	00:97,28,0,0	00:93,0,0,80	02:54,0,96,0	11:4,112,0,0	00:143,18,8,0	03:147,1,0,36	02:113,0,40,4	02:90,0,29,0	00:81,0,0,23	00:83,21,0,0	01:122,48,0,0	03:134,0,0,51	00:104,0,0,0	01:15,54,0,19	00:186,0,0,0	03:67,0,4,24	03:43,0,31,116	00:124,0,0,61	00:138,39,0,1	00:97,22,0,23	01:93,47,0,0	22:0,0,151,0	03:64,0,0,162	12:9,98,62,32	11:70,118,0,0	00:117,0,0,6	03:106,34,4,38	00:155,0,0,0	00:144,0,0,0	00:172,0,0,21	23:0,0,37,111	00:150,0,20,0	03:114,0,0,46	03:69,0,10,45	00:43,0,29,25	00:110,0,0,0	00:156,0,0,58	33:100,0,0,100	33:91,0,0,71	33:10,9,0,96	33:62,0,7,81	03:62,0,27,110	02:86,0,43,11	00:142,0,0,34	03:111,0,0,52	00:121,0,0,29	00:123,0,0,0	00:152,9,0,0	00:130,0,14,0	00:196,0,2,0	13:11,80,0,44	00:114,36,0,25	11:14,92,0,0	00:216,0,0,0	00:164,0,0,14	11:84,78,0,11	02:154,0,37,0	00:156,0,38,13	00:80,0,0,19	33:0,0,0,191
2_72	34	03:80,0,0,43	01:97,33,0,0	33:27,0,0,26	01:63,34,0,0	00:87,0,21,0	00:93,0,0,0	00:102,0,0,0	00:102,0,0,0	01:27,81,0,0	00:95,0,0,0	00:40,0,0,40	00:62,0,27,0	33:0,0,26,40	00:88,0,0,0	01:52,21,0,0	00:82,0,0,0	00:99,0,0,0	00:126,0,0,0	00:32,22,0,24	03:61,0,0,39	02:42,0,74,0	00:96,0,0,0	NA:69,0,0,0	11:0,86,0,0	00:101,0,0,0	00:76,0,0,0	NA:111,0,0,0	01:27,76,0,0	00:91,0,35,0	33:0,0,0,82	33:81,0,0,23	00:133,0,0,0	00:95,0,0,0	13:0,34,0,63	33:53,0,0,103	22:0,0,102,0	00:98,0,0,0	01:43,31,0,0	00:90,0,0,0	03:57,0,0,36	02:26,27,15,0	03:40,0,0,68	00:79,22,0,0	00:108,0,0,0	33:0,0,0,78	00:138,0,0,0	01:46,31,0,0	00:108,0,0,0	00:19,24,0,24	03:46,0,0,30	33:0,0,0,61	00:73,0,0,0	33:0,4,0,76	33:0,0,0,46	00:76,0,0,0	22:30,38,16,0	22:47,0,26,9	13:52,35,0,13	00:38,0,31,32	00:92,0,0,0	33:41,0,0,53	00:121,0,0,0	00:103,0,0,0	03:25,0,0,52	03:42,0,0,10	00:69,0,0,0	00:77,0,0,29	00:74,0,0,0	11:0,90,0,0	00:118,0,0,0	03:54,0,42,30	00:96,0,0,0	00:93,0,0,0	00:140,0,0,0	02:41,0,33,35	00:86,0,0,0	00:51,0,0,23	00:106,0,0,0	33:63,0,0,30	02:89,0,40,0	00:146,0,0,0	11:70,28,0,0	00:68,0,0,15	02:17,0,23,26	00:42,0,0,68	00:87,0,0,0	00:66,0,43,0	33:24,37,0,19	23:0,0,79,27	00:106,0,0,0	00:81,0,0,0	NA:51,0,0,37	00:111,0,0,0	03:29,0,0,70	33:27,25,0,26	33:58,1,0,31	03:72,0,0,38	00:46,0,40,61	00:67,42,0,0	03:22,0,0,71	00:77,0,0,0	00:140,0,0,0	00:87,0,0,0	00:115,0,0,0	33:0,0,0,74	00:102,0,0,0	33:0,0,0,82	33:0,0,0,66	02:79,0,31,0	00:88,0,0,0	00:70,0,0,0	01:39,77,0,0	02:90,0,14,0	00:55,12,0,0	02:61,0,9,0	23:39,0,18,14	11:40,71,0,0	00:76,0,0,17	01:39,34,0,14	00:149,0,0,0	33:11,0,0,99	00:67,21,0,13	03:85,0,0,29	NA:0,0,12,87	00:92,0,0,0	22:83,0,42,0	33:7,0,0,79	00:107,0,0,0	00:82,0,0,0	11:26,21,0,58	00:63,0,0,35	33:0,45,36,14	33:32,0,0,85	03:77,0,0,25	00:69,0,0,0	12:0,27,84,0	00:45,12,0,22	00:109,0,0,0	00:82,0,0,36	22:0,91,30,0	02:23,0,89,0	22:0,0,58,0	00:82,0,0,0	03:28,0,35,81	00:100,0,0,0	NA:33,0,0,71	00:19,0,0,58	00:66,0,26,0	00:142,0,0,0	00:65,17,17,0	00:68,19,0,0	33:0,0,0,85	22:78,0,28,0	00:92,0,0,35	00:67,0,0,19	03:53,0,0,54	22:24,0,59,0	33:20,0,0,62	00:62,0,0,16	00:110,26,0,0	00:99,0,0,0	00:75,0,0,28	00:75,0,0,25	00:80,0,19,0	00:74,0,0,0	03:53,0,1,34	03:64,22,0,14	11:0,77,0,14	03:126,0,0,27	00:66,37,0,0	00:84,0,0,0	03:55,0,0,29	13:28,31,0,40	00:58,0,0,20	22:54,0,14,0	22:0,0,112,0	00:101,0,0,0	03:22,24,0,35	03:46,0,0,47	00:96,0,0,0	03:51,0,0,54	02:20,0,65,0	33:0,53,0,28	03:76,0,0,17	00:106,0,0,0	00:77,17,0,0	00:88,0,1,23	11:33,14,0,26	01:38,21,17,0	00:86,0,0,0	NA:122,0,0,0	00:52,15,0,0	13:0,29,15,19	00:85,0,0,30	00:89,0,0,0	33:0,0,54,43	03:93,0,0,32	11:47,27,31,0	03:73,0,0,19	01:64,25,0,0	03:45,0,21,28	13:34,24,0,61	12:0,71,27,0	11:58,51,0,0	00:61,0,0,0	01:56,21,0,0	00:53,0,20,0	33:44,0,0,51	03:39,0,0,42	00:75,0,0,15	02:66,0,37,0	02:52,0,36,28	00:57,0,24,21	12:24,19,21,22	00:56,0,0,18	03:89,0,0,20	33:53,0,0,54	NA:17,0,21,36	22:53,0,32,0	00:55,0,0,21	33:0,0,20,94	NA:73,0,0,27	00:67,0,0,24	00:62,0,28,0	03:65,0,0,46	00:81,0,0,0	11:73,16,0,0	03:39,19,0,19	00:121,0,0,0	01:23,44,19,0	01:68,17,0,0	22:11,35,19,0	02:90,0,26,0	03:83,0,0,21	12:44,20,18,0	03:96,0,0,28	01:62,66,0,0	03:46,0,0,35	33:51,0,0,51
4_72	77	00:49,17,0,0	13:0,18,0,46	33:0,0,0,37	00:57,0,0,0	00:73,0,0,0	02:40,0,13,0	00:77,0,0,0	00:76,0,0,0	11:0,50,0,0	00:62,0,0,0	00:29,0,0,27	02:36,0,13,0	33:21,12,0,20	02:46,0,11,0	01:36,10,0,0	12:18,12,17,13	00:65,0,0,0	03:59,0,0,44	01:48,14,0,0	01:38,13,17,0	22:30,0,23,0	00:91,0,0,0	00:60,0,0,0	11:0,58,0,0	00:48,0,16,0	01:28,25,0,0	00:48,0,0,0	01:34,44,0,0	00:35,14,0,0	00:44,0,0,0	00:39,0,28,0	00:56,0,0,15	00:72,0,0,0	03:21,0,18,26	00:80,0,0,36	12:0,12,41,0	00:52,0,0,0	00:57,0,0,0	00:23,10,0,9	00:27,0,7,15	00:43,0,0,0	00:54,0,0,10	02:32,11,17,0	02:13,22,14,0	03:20,0,0,46	00:88,0,0,0	33:17,0,0,27	00:38,0,0,0	02:32,0,7,0	03:47,0,0,10	33:0,12,0,28	00:47,0,0,0	03:40,0,0,44	03:36,0,0,11	03:45,0,0,22	00:59,0,0,0	00:71,0,0,0	00:84,0,0,0	00:62,0,0,0	00:86,0,0,0	33:0,0,0,55	00:64,0,1,0	03:40,0,0,11	00:21,0,12,0	23:16,0,6,7	00:52,0,0,0	33:16,0,0,10	33:13,0,0,23	11:0,58,0,0	03:54,0,0,17	33:17,0,0,38	00:42,0,0,0	13:27,7,0,10	00:23,9,0,11	00:70,0,0,0	01:27,12,0,0	02:57,0,22,0	22:22,0,58,0	00:36,0,0,11	03:52,0,0,16	33:53,0,0,49	33:0,0,0,73	01:54,16,0,0	00:35,0,0,11	00:80,0,0,0	00:21,0,12,9	00:49,0,0,11	03:49,0,0,10	00:48,0,0,0	00:50,0,0,15	00:18,0,0,7	00:55,0,0,0	03:49,18,0,17	03:20,16,0,26	00:53,0,0,0	03:32,18,0,15	33:18,13,0,46	12:0,41,72,0	01:30,23,21,0	03:46,0,0,14	02:32,0,13,0	00:91,0,0,0	00:57,0,0,0	00:67,0,0,19	33:15,0,0,43	00:46,0,0,0	03:45,0,0,7	33:12,0,0,24	00:87,0,0,0	01:36,16,0,0	03:38,0,11,13	11:0,59,0,13	02:51,14,18,0	03:25,0,19,12	01:42,14,0,0	33:16,0,0,40	11:0,63,0,0	02:44,0,14,0	02:51,0,13,0	00:105,0,0,0	00:32,0,19,24	00:53,0,0,0	00:59,0,0,0	03:30,0,0,41	01:45,20,0,0	00:68,0,0,0	03:24,0,0,36	03:39,0,0,15	00:51,0,0,0	33:14,0,0,50	03:32,0,0,34	12:0,54,32,0	03:46,0,0,30	00:69,0,0,0	22:10,0,54,0	22:0,26,47,0	00:58,0,0,0	00:84,0,0,0	00:75,0,0,0	12:0,50,34,0	22:0,0,46,16	22:0,0,43,0	00:46,0,0,0	33:0,0,0,90	02:51,15,14,0	33:0,0,0,73	23:9,0,11,33	00:42,0,0,13	00:71,0,0,21	00:47,0,17,0	00:74,0,0,0	33:0,0,0,41	02:29,0,51,0	00:104,0,0,0	00:41,0,11,0	03:38,0,0,27	02:15,0,42,11	33:0,0,0,71	00:65,0,0,0	00:47,18,0,0	03:19,0,15,14	00:49,0,0,15	03:24,0,0,23	00:78,0,0,0	00:42,0,0,0	03:32,0,0,32	03:25,0,0,33	11:0,74,0,0	00:50,0,0,34	00:71,0,0,0	00:25,0,0,26	02:27,0,12,0	00:68,0,0,0	00:71,0,0,15	00:28,0,0,8	12:23,19,25,0	33:13,0,0,53	03:23,0,0,29	00:42,0,0,17	00:28,0,0,0	03:14,0,0,58	02:33,0,24,0	01:13,32,0,0	02:32,0,12,7	00:50,0,0,19	03:48,0,0,18	01:33,11,0,0	00:44,0,0,0	00:40,0,0,0	00:51,0,0,0	00:70,0,0,0	01:19,8,0,0	13:0,26,0,12	00:82,0,0,0	12:10,7,11,0	33:0,0,15,55	00:53,0,19,0	01:55,13,0,0	00:38,0,0,15	00:70,0,0,0	02:14,0,48,0	03:53,0,0,37	11:0,83,0,0	01:52,21,0,0	00:29,0,12,0	03:57,0,0,13	00:63,0,0,0	00:46,0,0,0	03:49,0,0,8	03:13,18,0,31	00:51,0,0,0	00:39,0,0,15	33:12,0,0,27	00:33,0,23,0	00:48,0,0,0	00:96,0,0,0	03:68,0,0,16	33:36,0,0,23	03:30,0,0,14	33:40,0,0,45	02:62,0,27,16	00:76,0,0,0	00:66,0,0,0	00:69,0,0,0	03:52,0,0,8	00:47,0,0,0	02:22,0,39,0	01:19,19,0,0	00:66,0,0,0	11:0,47,0,0	01:40,13,0,0	12:0,37,2,0	02:82,0,17,0	03:63,0,0,22	11:7,49,0,0	03:53,0,0,18	00:80,0,0,0	03:35,0,0,14	33:0,0,0,68
1_73	35	03:75,0,0,73	13:12,104,0,44	03:42,0,0,32	02:90,13,42,0	00:108,12,0,0	00:125,0,0,0	00:161,0,6,0	00:124,20,8,0	11:21,116,0,0	00:74,0,0,20	00:96,0,0,31	02:35,0,50,0	13:21,35,0,43	00:104,5,0,25	11:17,45,0,0	13:29,35,0,23	00:148,0,0,0	03:73,0,0,90	13:0,50,12,6	00:114,0,0,11	22:3,13,76,0	00:136,0,0,16	00:94,5,0,0	11:0,68,0,0	03:112,0,0,65	00:113,0,34,0	02:37,13,52,0	00:170,21,0,0	00:98,0,0,0	02:77,0,30,41	00:90,0,0,18	03:57,0,21,52	03:92,0,0,25	03:59,9,0,19	33:34,0,0,167	02:20,0,85,38	00:70,8,14,0	00:129,8,5,0	01:65,27,0,0	00:126,0,0,19	00:150,33,18,0	33:6,0,0,123	01:43,29,0,14	01:121,32,0,11	33:0,0,0,104	01:50,38,25,0	00:80,0,22,7	00:143,0,0,0	00:116,0,0,0	00:121,0,0,19	03:20,0,7,59	00:94,0,3,0	13:42,0,0,96	23:49,0,62,8	00:120,0,0,19	00:112,0,11,0	00:87,0,10,9	00:113,12,0,11	00:54,18,5,17	02:78,33,36,0	33:24,0,0,113	01:137,39,0,0	01:114,67,0,0	00:77,0,0,0	02:46,0,18,5	03:45,0,0,21	00:105,0,0,20	03:48,0,0,39	01:23,51,0,0	00:157,6,0,0	00:169,0,0,23	00:181,0,0,0	13:40,22,0,43	01:91,33,0,38	00:102,0,13,0	00:89,0,0,3	01:61,38,0,26	02:112,0,40,0	02:67,0,17,0	00:96,11,10,1	03:69,0,0,80	03:59,0,0,84	00:63,23,0,0	00:73,0,7,0	03:64,0,0,65	03:94,0,0,46	01:100,30,0,0	00:93,0,0,14	02:90,0,32,8	00:118,0,0,0	02:96,0,21,0	03:101,0,0,0	00:110,0,0,24	03:61,0,0,79	00:72,0,0,0	03:77,0,0,101	03:52,27,0,57	23:34,0,69,83	02:69,0,28,0	13:11,30,0,81	01:31,36,0,16	03:123,0,0,47	01:77,52,35,0	13:90,34,0,53	03:36,0,0,64	02:90,0,16,0	23:50,0,27,36	03:16,0,0,91	03:116,0,14,35	03:91,0,0,47	03:47,21,0,29	01:28,103,0,0	03:89,0,0,29	00:67,6,16,1	02:66,0,35,23	03:37,0,0,63	00:154,31,0,0	00:119,0,7,8	02:127,0,50,10	02:123,0,56,0	03:99,0,0,62	03:65,6,0,10	00:71,0,0,0	33:0,0,6,90	00:134,4,0,0	01:65,23,15,0	03:57,0,0,89	02:101,0,40,5	00:90,0,0,12	03:34,0,0,115	03:92,0,0,32	12:0,68,61,0	13:14,47,0,118	00:175,0,0,0	02:39,0,70,0	11:0,85,84,0	02:113,0,39,0	00:129,56,0,0	00:112,0,0,25	11:0,81,35,0	12:14,46,60,5	22:15,0,114,0	00:111,0,0,0	33:0,40,26,124	03:67,12,46,44	33:0,6,0,102	03:48,0,9,62	03:64,0,0,15	02:131,0,33,0	00:74,0,13,25	00:108,0,0,0	03:43,7,0,43	22:26,0,92,11	02:65,17,36,0	00:80,0,8,28	00:62,0,31,37	13:0,40,20,25	33:25,0,0,103	00:97,0,0,25	00:106,0,0,19	00:75,0,0,0	00:80,0,0,22	01:59,34,0,29	02:128,0,47,0	00:68,0,21,0	03:78,0,0,27	00:120,12,0,25	13:16,33,0,33	00:205,0,0,0	00:106,22,0,16	00:93,0,0,29	00:57,0,27,9	00:135,0,9,27	33:63,0,0,86	03:57,0,14,21	22:0,0,117,0	00:76,8,54,0	03:52,0,0,77	03:72,0,0,18	00:97,0,4,0	03:66,0,0,66	00:50,11,24,0	13:0,70,0,39	00:111,0,0,4	00:192,0,0,0	03:70,0,0,55	03:74,14,0,21	01:58,27,0,0	01:57,31,0,0	03:101,0,0,36	00:110,0,0,0	00:65,15,0,0	13:0,42,0,34	00:131,0,0,7	00:87,15,0,0	23:0,0,40,139	00:95,0,0,43	02:99,0,41,0	01:47,28,0,19	13:70,39,0,26	02:43,0,65,0	33:70,1,0,87	13:0,53,0,70	01:38,52,0,26	13:32,20,6,21	02:68,0,47,29	01:109,0,0,0	01:98,74,0,0	33:66,0,0,62	03:42,0,8,66	01:118,52,0,0	02:121,0,0,19	03:35,0,0,75	22:39,0,82,7	03:75,0,0,14	00:180,0,0,0	33:80,0,0,71	01:77,41,0,0	02:47,0,16,11	03:72,0,0,75	13:0,35,0,96	22:76,0,77,0	02:88,0,43,0	00:125,0,0,8	00:104,0,0,8	03:103,0,6,0	02:78,0,25,27	03:83,0,0,25	03:118,0,0,48	13:25,72,0,28	01:100,29,0,0	13:4,82,12,32	02:119,0,43,0	03:139,0,0,40	22:19,29,40,0	01:63,44,35,0	01:125,41,39,0	03:59,0,0,50	33:0,0,0,140
2_73	91	03:0,9,0,7	13:0,22,0,8	03:0,0,0,3	00:6,0,0,0	00:8,2,0,0	00:9,0,0,0	03:6,0,0,5	13:1,5,0,4	13:0,5,0,5	00:7,0,0,0	00:3,0,0,0	02:4,0,0,0	13:0,4,0,0	00:7,0,0,0	01:0,2,1,0	00:2,0,0,0	00:11,0,0,0	02:8,0,7,3	00:2,0,0,0	00:9,0,12,0	02:0,0,0,0	00:4,0,0,2	00:11,0,0,0	11:0,4,0,0	00:9,0,0,0	00:5,0,0,0	00:4,0,0,0	00:8,4,0,0	02:6,0,0,0	03:2,0,0,2	00:3,0,0,0	00:10,4,0,0	00:4,0,0,0	33:0,0,1,0	00:6,0,0,13	02:0,0,7,0	01:8,0,0,0	00:11,0,0,1	02:2,0,2,0	00:8,0,0,3	00:8,0,0,0	33:5,0,0,1	00:1,0,0,0	03:0,1,0,6	03:0,0,0,8	02:14,0,3,0	01:3,0,0,2	00:5,0,0,0	00:8,0,0,0	00:7,0,0,0	03:0,0,0,0	00:9,0,2,0	33:0,0,7,1	00:4,0,0,2	00:4,0,1,0	00:9,0,0,0	03:3,0,0,0	03:3,0,0,0	00:4,0,0,0	00:10,0,0,2	33:0,0,0,0	00:14,0,0,0	00:8,3,4,0	01:4,0,0,0	00:0,0,0,0	03:3,0,0,0	03:4,0,0,0	03:1,0,0,0	11:0,7,0,0	03:2,0,0,13	00:7,0,0,0	00:7,0,4,0	33:4,0,0,4	01:9,1,0,0	00:10,0,0,0	02:0,0,4,0	11:3,4,0,0	02:11,0,5,0	33:2,0,0,4	00:8,0,0,0	00:6,0,0,6	00:2,0,0,3	00:2,0,0,0	23:2,0,2,0	00:5,0,0,2	00:4,0,0,0	00:3,0,0,0	02:8,0,1,0	00:6,0,0,0	02:9,0,2,0	02:3,0,0,0	00:0,0,0,4	00:5,0,0,0	33:0,0,0,4	01:4,1,0,0	03:10,0,0,13	03:4,0,0,2	03:5,0,3,4	02:7,0,0,0	23:2,0,0,2	03:3,0,0,1	03:8,0,0,13	01:2,5,0,2	00:13,0,0,0	33:0,0,0,4	00:8,0,0,0	03:3,0,0,0	33:0,0,0,8	00:22,0,0,0	01:8,0,0,0	03:0,0,0,2	11:0,2,0,0	02:4,0,4,0	22:0,0,9,0	00:2,0,0,0	00:2,0,0,0	01:6,8,0,0	00:4,0,2,0	00:11,0,0,7	00:8,0,0,0	03:10,0,0,12	02:3,0,2,0	03:0,0,0,0	33:0,0,0,1	00:4,0,0,0	00:4,0,0,0	03:0,0,0,12	03:3,0,0,0	00:0,0,0,0	00:10,0,0,0	00:7,0,0,1	22:0,0,12,0	00:8,0,0,8	00:7,3,0,0	02:8,0,2,0	12:0,0,11,0	03:5,0,0,5	03:16,4,0,0	00:6,0,0,0	12:0,5,4,0	23:0,0,4,1	22:0,0,7,0	00:5,0,0,0	13:0,0,0,26	01:5,3,1,0	03:1,0,0,7	03:2,0,4,0	00:3,0,0,0	00:14,0,0,0	12:2,0,0,0	00:4,0,0,0	33:0,0,0,5	00:8,0,0,0	03:3,0,0,1	02:4,0,4,0	33:4,0,0,0	23:2,0,0,0	03:2,0,0,11	00:3,0,0,0	00:3,0,0,0	02:2,0,0,0	03:5,0,0,0	03:6,0,0,2	00:10,0,4,0	00:0,0,0,0	03:3,0,0,0	01:6,1,0,0	11:0,4,2,0	00:19,0,0,0	01:4,0,0,0	03:1,0,0,6	00:3,0,0,0	03:9,0,0,2	03:3,0,0,3	00:0,0,0,0	12:0,0,10,0	00:7,0,0,0	01:4,2,0,0	00:3,0,0,0	00:2,0,0,4	03:0,0,0,1	02:1,0,5,0	13:0,6,0,1	03:1,0,0,2	03:19,0,6,0	00:16,0,0,0	NA:16,0,0,0	00:4,0,0,0	02:2,0,0,0	00:2,0,0,0	00:4,0,0,0	01:9,3,0,0	11:0,2,0,0	00:6,0,0,0	00:1,0,0,0	23:0,0,2,7	00:8,0,0,0	02:4,0,2,0	00:4,0,0,0	00:8,0,0,0	02:0,0,2,0	33:2,0,0,18	12:0,11,9,0	01:0,0,0,0	00:2,0,0,0	01:2,3,0,1	00:0,0,0,0	03:8,0,0,0	03:0,0,0,5	33:0,0,0,7	00:10,0,0,0	00:13,0,0,0	03:2,0,2,2	01:2,6,2,0	00:6,0,0,0	03:21,0,0,11	00:6,0,0,0	00:6,0,0,1	03:3,0,0,0	00:5,0,0,0	33:0,0,0,9	00:10,0,0,0	01:7,2,0,8	00:3,0,0,0	00:9,0,0,0	00:2,0,0,0	00:5,0,0,0	03:5,0,0,1	03:16,0,0,2	13:0,4,0,4	03:2,0,0,4	11:0,9,0,0	00:26,0,0,0	03:14,0,0,0	00:9,0,0,0	00:4,0,2,0	02:4,4,3,0	03:0,0,2,7	33:0,0,0,2
1_74	59	33:30,9,0,71	13:0,61,0,65	33:29,0,7,58	02:54,0,42,26	03:85,0,0,49	00:109,0,0,13	00:165,1,0,0	00:113,18,0,0	01:48,78,0,0	00:121,0,0,28	00:121,0,0,0	02:74,0,15,0	00:47,28,0,27	00:103,20,0,0	03:83,0,0,20	00:89,0,0,12	00:82,0,0,0	03:96,0,38,79	12:11,35,41,10	00:132,0,4,0	22:7,0,131,0	00:118,0,35,0	00:164,0,0,0	11:0,49,22,0	00:163,0,0,0	02:59,28,0,0	00:100,30,0,0	00:152,10,0,0	02:87,0,64,0	03:40,0,77,30	00:166,0,0,0	03:68,19,0,36	00:131,0,0,0	33:0,0,2,106	00:155,0,0,42	22:22,0,116,0	00:131,0,0,0	00:149,0,0,0	02:63,35,32,0	00:110,0,0,40	03:89,0,0,23	33:5,0,0,149	00:113,6,0,19	00:71,39,0,32	33:0,28,0,121	00:143,32,0,1	00:81,0,0,25	00:118,0,0,0	00:70,0,32,0	00:85,0,0,25	33:0,4,0,97	01:77,29,0,0	03:95,2,0,46	03:79,0,4,38	00:106,0,0,0	00:88,19,0,0	00:138,0,0,1	00:167,0,0,2	00:109,0,7,0	00:129,33,0,0	33:0,8,0,111	03:147,0,0,34	00:95,0,0,26	00:109,0,3,0	00:73,0,11,0	00:68,0,0,0	00:106,0,0,27	00:65,18,0,18	13:0,57,30,33	00:140,0,0,43	03:77,0,0,88	00:124,0,0,0	03:55,19,0,22	01:84,31,32,6	00:104,2,0,37	03:66,29,0,32	00:142,0,0,0	22:0,0,156,7	03:86,0,0,32	00:165,4,0,0	00:86,0,0,81	33:25,0,0,93	00:133,1,0,4	00:84,0,4,34	03:118,7,0,22	00:121,0,0,5	00:123,3,0,6	01:69,37,0,20	12:4,45,61,21	00:121,0,0,0	02:65,0,14,23	01:75,55,0,0	33:101,0,0,66	03:57,0,0,87	00:76,0,1,27	00:78,0,0,74	00:111,0,0,37	23:7,0,98,109	00:160,0,0,5	02:55,0,30,2	00:106,0,0,0	03:181,0,0,24	00:74,22,0,0	00:179,6,0,0	03:21,0,0,83	01:104,59,4,0	33:32,0,0,91	03:36,3,0,83	00:87,0,63,0	00:110,3,0,0	03:55,0,0,24	11:5,97,41,0	00:104,0,33,0	00:55,28,22,0	00:126,0,3,0	03:99,0,0,21	01:78,60,0,0	00:74,0,0,46	00:84,0,0,20	03:149,0,0,67	12:38,33,49,11	00:104,34,0,3	02:103,0,49,0	03:30,0,55,63	03:86,0,0,44	01:72,43,45,0	03:88,0,0,45	01:99,27,0,0	03:66,0,0,30	00:73,8,0,72	00:128,0,0,0	12:0,73,67,0	03:80,0,0,112	00:146,0,0,6	22:57,0,71,0	12:0,46,123,0	03:86,1,0,24	00:156,1,0,0	03:82,0,4,73	11:0,104,26,0	22:4,0,120,0	22:0,0,128,1	00:95,0,19,0	33:0,0,43,154	00:170,0,0,0	33:0,0,0,105	33:0,0,0,118	33:26,1,22,44	03:110,0,0,41	00:106,0,28,0	00:87,28,0,0	33:0,0,0,106	00:89,0,34,0	00:162,0,0,0	00:105,3,0,29	01:107,37,0,0	02:75,0,45,0	33:32,0,0,113	03:110,0,0,25	03:74,34,0,42	00:81,0,0,0	02:64,0,31,42	00:113,0,0,0	00:127,0,44,0	00:95,0,0,2	00:113,0,0,26	03:72,0,0,56	01:31,75,0,0	00:154,0,5,0	00:165,0,0,0	02:32,6,30,43	00:108,0,0,0	00:147,0,0,8	02:81,0,51,36	13:56,24,0,26	22:0,0,135,0	00:103,34,0,0	00:57,0,0,52	02:121,0,26,0	00:100,0,0,0	03:33,0,0,83	02:87,0,37,0	11:0,53,0,38	00:115,28,0,0	00:129,0,0,9	02:84,0,29,0	00:103,27,7,0	00:113,0,0,0	03:74,0,0,26	00:77,7,26,0	01:126,26,0,0	23:74,0,23,26	11:26,52,0,0	00:121,0,1,40	00:110,0,0,9	33:6,0,0,153	23:77,0,33,64	00:163,0,0,0	01:75,36,18,0	00:125,0,30,0	22:1,0,122,0	33:3,0,0,160	11:0,118,0,1	11:32,112,0,0	00:111,0,0,0	33:55,0,0,77	00:81,0,0,20	00:128,0,0,0	00:107,0,0,35	33:33,0,0,103	00:126,4,0,0	00:153,0,0,0	33:0,0,0,102	00:35,0,0,28	00:60,16,15,0	00:149,0,0,0	33:37,0,0,146	33:49,0,0,60	33:21,0,0,108	33:54,0,0,61	00:88,0,37,42	00:129,0,8,0	00:122,1,0,0	00:108,0,0,38	00:130,3,0,28	00:79,11,0,0	22:48,0,122,0	11:23,47,0,35	00:144,0,1,49	11:3,56,0,56	00:80,0,0,27	11:0,100,0,0	00:169,0,0,0	00:140,33,0,0	11:36,76,0,28	00:109,0,0,37	00:75,37,39,0	00:83,0,0,31	33:1,38,0,107
1_75	39	33:29,0,0,45	03:21,42,1,19	33:0,0,0,53	12:19,7,20,0	03:28,19,0,23	00:81,0,0,0	00:60,0,25,0	00:55,0,15,0	01:32,68,0,0	00:32,0,0,27	00:52,0,0,19	00:27,0,11,12	03:32,0,0,23	00:46,11,0,0	01:27,15,6,0	00:62,0,0,0	00:51,0,0,18	03:75,0,0,30	12:0,26,16,0	03:51,0,0,27	02:16,25,42,0	00:60,0,0,20	00:34,13,0,10	11:0,40,0,0	00:40,0,0,37	00:56,0,0,0	01:55,18,0,0	01:71,25,0,0	00:64,0,0,0	03:16,0,0,43	03:46,19,0,25	02:27,15,30,0	00:59,16,0,0	13:0,17,0,60	33:9,0,0,113	02:17,0,28,35	00:46,20,1,0	01:26,27,12,31	01:45,9,0,0	00:89,0,0,0	02:35,0,25,0	03:16,0,0,39	01:59,39,0,0	01:49,21,0,15	33:0,0,0,54	00:53,18,27,0	03:19,0,0,33	00:82,0,0,0	02:53,0,15,0	03:53,0,0,7	33:1,0,18,18	00:45,0,15,0	03:33,0,0,40	33:0,13,26,18	00:48,0,8,0	02:28,0,16,0	03:54,0,0,14	03:67,0,0,16	02:42,0,24,2	00:28,17,0,20	33:3,0,0,63	00:108,0,0,0	03:34,5,17,16	00:59,0,0,0	23:26,0,6,10	00:36,0,0,0	03:47,5,0,42	03:30,0,0,22	11:0,47,0,0	00:86,15,0,0	33:40,0,0,47	00:73,0,0,0	01:34,17,13,0	00:60,0,0,15	02:42,0,24,16	00:48,0,0,19	03:58,0,0,19	02:47,0,46,0	00:75,0,0,0	02:42,0,27,26	03:39,0,0,51	03:21,0,0,36	03:46,0,0,12	00:54,0,0,0	03:44,0,0,19	00:26,20,0,16	01:48,16,0,0	03:40,1,0,25	23:40,2,15,19	00:78,0,0,0	01:53,13,0,0	03:66,0,0,15	00:72,0,0,0	03:19,0,0,48	00:35,0,18,0	03:37,17,0,22	33:28,19,0,36	22:37,0,75,1	01:53,22,21,0	03:40,0,0,10	00:40,0,0,0	02:83,0,24,0	00:38,8,0,0	02:87,0,28,0	33:9,0,0,41	00:75,0,0,0	13:14,11,0,23	33:25,0,0,51	22:47,0,37,0	00:71,0,0,0	00:66,0,0,0	01:47,14,0,8	00:58,23,0,0	01:22,13,0,0	00:68,0,0,0	00:39,0,11,1	01:35,42,0,0	03:46,0,0,14	03:40,14,0,26	00:118,0,0,1	00:41,0,0,47	01:36,35,0,0	00:59,0,0,0	23:0,0,20,48	00:82,0,0,0	00:82,3,0,0	03:33,0,0,42	00:91,1,0,0	02:38,0,17,1	03:43,0,0,39	03:26,13,0,27	12:0,25,60,0	00:102,0,0,0	03:36,0,18,25	22:20,0,36,0	22:0,1,94,0	03:35,0,0,42	03:39,18,0,22	33:27,0,0,56	11:0,46,21,0	22:18,0,53,0	22:2,15,45,0	00:103,0,0,0	13:2,28,0,64	01:48,24,25,0	33:13,24,0,53	33:0,0,15,44	03:61,0,0,12	00:69,0,18,0	00:29,0,38,0	00:90,0,0,2	23:0,35,22,23	00:54,0,13,18	00:102,0,0,0	00:53,0,2,13	00:53,0,0,27	03:15,0,29,10	03:11,0,0,55	03:51,0,0,14	00:85,0,0,0	00:47,0,0,0	00:79,0,0,0	00:48,0,0,12	02:23,0,57,0	03:26,0,0,12	00:54,0,0,15	00:59,23,0,0	11:0,29,0,38	23:47,0,30,27	00:93,0,0,0	01:46,23,0,2	00:45,0,0,9	03:37,0,12,7	00:67,0,0,21	02:38,0,14,0	23:0,0,67,21	00:44,17,5,0	33:1,0,0,58	03:24,0,0,44	00:50,0,10,1	00:41,0,0,23	02:30,19,29,0	01:12,21,0,13	00:65,0,0,4	00:80,0,0,0	02:49,0,21,0	00:55,0,0,20	03:23,7,0,11	13:12,18,0,16	00:53,0,0,24	00:70,0,0,0	03:29,0,0,11	11:0,35,0,5	00:75,0,0,22	00:73,0,0,0	13:0,19,0,77	03:13,0,0,61	01:40,12,17,0	01:41,18,0,0	03:63,0,0,5	12:0,14,47,0	23:2,0,18,71	12:0,62,13,2	02:22,37,19,0	00:27,1,14,0	01:44,26,0,0	02:54,0,11,0	00:47,19,0,0	01:35,13,0,11	23:0,0,12,46	23:38,0,21,15	01:52,21,0,0	00:32,0,0,13	02:32,0,9,16	03:44,0,0,10	00:117,0,0,0	33:15,0,0,56	23:33,0,19,19	33:20,0,0,49	13:20,18,0,21	13:0,21,0,61	22:33,0,33,0	03:63,0,0,25	03:59,0,0,24	00:81,0,0,0	00:57,0,0,9	01:42,28,0,0	00:46,14,0,0	00:77,0,0,0	13:24,32,0,21	00:70,0,0,3	11:0,70,0,0	02:76,0,22,0	02:62,0,15,23	01:12,55,0,0	03:50,0,18,21	00:98,5,0,0	03:32,0,0,15	03:17,0,0,74
2_75	74	23:14,0,13,35	13:18,12,0,13	NA:0,1,0,30	00:23,17,0,0	00:60,0,0,0	00:61,0,0,0	01:56,8,0,0	00:58,0,0,0	13:0,48,1,7	00:42,0,0,1	00:43,0,0,0	00:29,0,10,0	33:0,9,0,30	02:44,0,26,0	00:40,11,0,0	00:49,0,0,0	00:62,0,0,0	00:94,0,0,0	00:37,17,0,0	03:24,0,0,40	22:12,0,39,0	00:67,0,0,0	00:51,0,0,0	12:0,33,24,0	01:51,13,0,0	00:39,0,0,0	00:41,0,0,0	03:27,16,0,32	23:29,0,21,42	00:41,0,0,19	00:53,0,0,0	00:82,0,0,0	00:45,0,0,16	33:0,12,0,38	00:61,0,0,21	22:0,0,56,0	00:66,0,1,0	00:46,22,0,0	02:32,16,13,0	00:81,0,0,1	03:27,3,17,19	03:29,0,0,26	00:74,7,0,0	01:58,23,0,0	33:0,0,0,57	00:87,0,1,0	01:31,11,0,10	00:57,0,0,10	00:49,0,0,16	00:55,0,0,0	33:0,0,0,39	01:21,5,0,0	03:19,0,0,63	03:27,0,0,21	00:52,0,0,0	00:33,0,12,12	00:52,0,0,6	00:60,0,0,6	00:47,0,7,0	00:74,1,0,0	33:0,0,0,43	13:39,25,0,14	00:53,0,0,0	01:31,19,0,0	00:31,0,0,14	00:28,0,13,0	00:60,0,1,0	00:28,12,0,0	13:12,37,0,15	00:63,0,0,0	03:43,0,0,39	00:50,0,0,18	03:36,0,0,18	01:53,39,0,0	03:20,0,21,19	03:40,0,0,11	00:43,0,0,8	13:43,17,0,10	03:35,0,0,8	01:16,20,42,0	23:18,0,27,28	33:10,0,0,55	03:36,0,0,13	22:45,0,18,0	00:53,0,0,1	03:32,0,0,19	03:50,0,0,16	00:51,0,0,0	22:26,0,22,0	00:39,0,0,13	00:31,0,5,14	00:36,1,0,25	00:76,0,0,0	33:1,0,0,61	03:36,0,0,14	33:49,0,0,8	33:32,0,1,26	23:0,0,17,86	23:37,0,23,21	03:28,0,0,18	03:21,0,0,12	00:44,0,0,33	00:51,4,0,0	01:58,14,0,0	03:20,0,0,16	23:14,0,28,15	00:45,0,0,1	33:0,0,0,59	03:17,0,0,30	01:31,14,0,8	00:44,0,0,0	01:30,30,0,0	02:33,0,14,0	00:36,0,0,10	00:51,0,0,0	23:14,0,18,18	13:21,22,0,11	12:11,10,13,14	00:46,0,1,17	00:95,0,0,0	03:50,0,0,13	00:57,13,0,0	00:72,0,0,0	13:0,18,18,38	00:61,0,0,0	00:61,0,0,0	33:14,0,0,48	02:60,0,18,0	00:29,0,14,0	03:35,0,0,32	00:56,0,0,0	22:0,25,38,0	03:49,0,0,20	00:57,0,0,0	02:15,14,19,0	22:0,0,70,0	00:57,0,0,11	00:81,0,0,0	03:26,0,17,28	11:0,56,0,0	22:0,0,46,0	22:0,11,39,0	00:34,0,0,16	22:0,26,44,11	00:66,0,0,0	33:0,0,13,42	33:0,11,0,34	02:36,0,16,0	00:90,0,0,0	00:35,0,14,0	01:44,18,0,1	33:0,0,0,44	22:14,17,27,0	00:73,0,0,0	00:44,0,14,0	33:13,0,0,58	02:20,0,43,0	33:8,0,0,37	03:45,0,0,15	01:51,11,0,3	00:49,0,0,1	03:28,1,0,24	03:26,0,1,23	00:27,15,15,0	00:33,17,0,0	00:30,0,1,27	03:38,0,2,26	11:0,38,0,7	00:54,0,0,21	33:44,0,0,29	03:32,0,0,34	00:38,0,0,8	01:55,14,0,0	00:47,0,0,12	02:20,0,23,0	22:0,0,59,0	02:40,0,22,0	33:12,0,0,37	03:36,0,0,15	00:55,0,0,0	03:28,0,0,31	02:15,0,33,9	13:0,24,15,16	00:52,0,0,0	00:69,0,0,0	00:37,0,17,0	00:50,0,0,0	00:32,0,0,5	01:26,8,0,14	00:46,11,0,0	03:37,0,17,21	00:28,0,0,9	11:9,28,0,0	01:49,22,0,0	00:53,0,0,10	33:0,1,14,61	00:51,0,0,28	03:36,1,7,15	02:29,16,12,0	02:40,0,9,12	22:1,13,46,0	03:18,0,0,48	13:0,31,0,14	01:33,38,0,0	03:34,0,0,15	00:27,22,0,0	00:44,0,0,0	00:59,0,0,0	00:36,0,0,11	33:0,0,0,65	00:39,0,27,0	00:66,0,0,0	03:34,0,0,17	33:7,1,21,19	00:34,0,0,0	01:62,22,0,1	13:35,17,0,18	03:42,0,0,12	33:1,0,0,45	03:49,0,0,10	03:28,0,0,53	03:65,0,0,22	03:38,0,0,16	00:62,0,0,0	00:68,0,0,0	01:27,6,0,0	02:58,0,12,0	01:36,8,0,1	00:80,0,0,0	13:0,41,0,16	00:34,12,0,0	01:19,38,0,0	00:79,0,0,1	00:53,0,0,0	01:26,25,0,0	00:72,0,0,0	03:28,20,1,18	03:38,0,0,6	33:19,0,0,46
4_75	15	00:61,0,0,31	13:0,61,0,44	33:26,0,1,51	00:65,0,0,0	00:133,0,0,0	00:102,0,0,0	03:132,0,0,29	00:91,0,0,0	11:0,62,0,0	00:50,0,0,0	03:34,0,0,3	00:33,0,22,0	03:23,0,0,37	00:78,0,33,0	13:24,18,0,11	02:41,0,20,6	00:71,0,0,0	03:98,0,0,45	00:53,27,0,0	01:42,33,0,13	02:9,0,63,0	00:125,0,0,0	00:77,0,0,0	11:0,60,0,0	00:98,0,0,0	01:46,26,0,11	00:79,0,0,0	01:37,39,0,46	00:51,0,0,27	03:41,0,0,32	00:69,0,0,9	00:131,0,0,0	00:61,0,0,53	33:9,0,0,65	03:120,0,0,31	11:0,23,66,0	00:76,0,0,0	00:86,0,0,0	00:38,19,0,0	00:47,0,0,7	00:112,0,0,0	03:34,0,0,53	00:86,16,0,0	00:78,0,0,0	33:0,0,0,81	00:102,0,0,0	00:39,0,0,25	02:25,0,25,31	00:56,0,0,26	33:51,0,0,34	03:27,0,0,36	00:75,0,0,0	03:17,0,0,71	00:101,0,0,0	00:95,0,0,16	23:10,0,19,33	01:75,17,0,0	02:88,0,21,0	03:38,0,0,11	01:73,46,0,0	03:56,0,0,46	02:107,0,37,0	01:106,25,0,0	00:31,0,0,14	00:41,0,0,6	02:30,0,22,0	33:23,0,0,30	02:11,16,13,0	11:21,44,0,0	33:45,0,0,73	01:91,35,0,0	01:43,19,0,29	00:63,0,0,0	00:133,0,0,0	00:127,0,0,0	03:28,0,0,17	03:100,0,0,17	23:62,0,32,14	00:78,0,0,7	00:72,0,38,0	03:30,0,0,115	33:0,0,0,66	00:66,16,0,0	00:57,0,0,0	00:93,0,0,0	01:48,21,0,0	00:67,0,0,12	00:96,0,0,0	22:28,0,44,0	00:71,0,0,17	03:35,0,13,17	00:78,0,0,0	03:77,0,0,24	33:0,0,0,85	03:60,0,0,10	00:94,0,0,0	00:90,0,0,0	03:74,0,0,77	00:101,0,0,0	03:32,0,0,63	03:47,0,0,16	00:60,0,0,83	00:99,0,0,0	00:111,0,0,0	03:26,0,0,40	00:74,0,0,0	33:24,0,0,29	03:16,0,0,36	02:68,0,36,0	00:64,0,0,0	00:56,28,0,20	03:14,59,0,34	01:84,28,0,0	00:43,0,26,0	03:58,0,0,20	33:18,0,0,48	00:81,0,0,0	00:87,0,0,0	00:120,0,0,0	00:128,0,0,22	33:37,29,0,60	00:80,0,0,0	00:69,0,10,0	33:0,0,0,104	00:96,0,0,13	00:40,16,16,0	03:23,0,0,93	00:85,21,0,0	00:58,0,0,7	03:37,0,0,73	03:37,0,0,16	12:0,19,88,0	00:131,0,0,0	00:117,0,0,0	00:87,18,0,0	12:0,36,96,0	00:95,0,0,0	00:149,0,0,0	00:154,0,0,0	12:0,37,60,0	23:0,0,40,42	02:20,0,47,0	00:74,0,0,13	33:0,25,0,130	00:87,42,0,0	33:0,0,0,95	13:42,48,0,23	03:60,0,0,18	03:99,0,0,25	00:52,0,15,0	00:67,0,0,0	13:0,16,0,60	23:22,22,23,25	00:133,0,0,0	00:90,0,0,0	00:85,0,0,20	02:29,0,53,0	33:24,0,0,70	00:75,0,0,0	00:109,0,0,0	00:64,0,0,0	00:54,0,0,0	00:55,0,0,32	00:87,24,0,0	03:23,11,0,11	02:56,0,26,10	00:116,0,0,0	01:0,81,0,0	02:115,0,39,29	00:95,0,0,0	13:11,5,14,8	00:33,31,0,0	33:60,0,0,47	00:104,0,0,0	00:42,0,11,0	02:18,0,78,0	01:41,44,0,0	03:29,0,0,35	00:76,0,0,21	00:54,0,0,0	03:53,0,0,21	00:32,23,17,0	11:0,50,0,0	01:80,37,0,0	00:106,0,0,17	00:70,0,16,0	02:23,0,30,0	00:38,0,16,0	00:53,0,0,7	01:85,27,0,0	00:109,0,0,0	00:30,0,0,8	01:13,19,0,22	00:113,0,0,0	03:25,0,0,42	03:23,30,0,47	00:97,0,0,24	00:110,0,0,0	03:37,10,0,23	00:92,0,0,0	22:31,0,57,0	33:44,0,0,68	11:0,59,0,32	11:22,73,0,0	03:31,0,0,48	03:73,19,0,21	00:94,0,0,0	00:79,0,0,0	00:80,0,0,0	33:19,0,0,50	02:61,0,55,0	00:79,0,0,0	03:19,0,0,12	NA:21,0,28,26	03:55,0,0,2	00:153,0,0,0	00:151,0,0,0	00:86,0,0,0	33:17,0,0,27	33:103,0,0,26	03:31,0,0,93	00:105,0,0,0	00:85,0,0,0	00:106,0,0,0	00:94,0,0,0	00:52,0,0,0	00:62,0,0,5	00:71,0,0,0	00:99,0,0,0	13:0,49,0,13	01:57,21,0,19	11:0,64,0,0	00:113,0,0,0	00:127,0,0,0	00:99,15,0,0	00:90,0,23,0	00:80,0,0,22	00:26,0,0,12	33:0,0,0,120
1_76	47	03:73,0,0,74	33:0,27,23,66	03:27,0,0,79	00:92,0,18,0	00:122,0,0,31	00:109,0,11,0	00:125,0,0,0	00:150,0,0,0	11:59,79,0,0	00:125,0,0,0	00:83,0,0,0	00:91,0,0,0	03:39,0,0,38	02:65,0,41,0	00:90,0,0,0	23:45,0,32,31	00:128,0,0,0	03:62,0,31,59	01:45,21,39,0	03:93,0,0,37	22:0,0,106,0	00:145,0,0,0	00:121,0,0,0	11:0,68,16,0	00:97,12,0,0	03:66,0,0,24	00:119,0,0,0	00:133,0,0,21	00:91,0,37,18	03:78,0,0,15	00:121,0,0,0	00:139,0,0,0	03:88,0,0,21	33:0,0,0,94	00:175,0,0,0	22:0,22,104,0	00:112,0,0,0	02:84,0,27,0	01:35,23,15,8	00:124,0,0,0	00:95,0,0,25	03:77,0,0,50	00:112,13,0,0	00:91,10,14,0	33:0,0,0,87	00:170,0,0,0	03:44,15,0,28	03:92,0,0,24	13:31,22,0,36	02:61,0,32,0	33:0,0,0,84	00:60,26,0,0	33:28,0,0,93	00:136,0,0,12	00:76,0,0,18	03:83,0,0,26	00:132,0,0,0	00:151,0,0,0	00:119,0,0,0	00:125,0,0,0	33:0,0,0,121	00:98,25,0,27	01:86,33,0,0	00:70,8,0,0	03:53,0,0,19	02:56,0,13,0	00:96,0,0,11	01:61,12,0,12	01:15,58,0,26	00:140,0,30,0	00:117,0,0,16	03:108,0,0,23	00:78,0,0,20	00:123,38,0,0	02:66,0,30,14	00:74,0,0,23	00:107,0,0,0	00:65,19,41,0	03:70,0,11,30	01:90,38,0,0	03:98,0,23,46	00:85,0,0,41	03:82,0,0,27	00:87,0,0,0	00:115,0,0,15	00:80,0,0,19	03:86,13,0,42	00:87,19,0,0	02:36,27,76,0	03:84,0,0,30	00:100,0,17,0	00:75,0,0,13	01:73,32,0,17	33:0,0,0,126	00:83,0,0,0	00:91,0,0,18	00:113,0,0,20	02:55,0,34,86	00:108,0,19,0	03:37,9,17,22	00:76,8,0,12	03:96,0,0,58	00:126,0,0,0	03:103,0,0,43	03:46,0,0,42	02:44,37,53,20	03:33,0,12,38	03:53,0,0,47	02:61,0,37,27	00:99,0,0,7	01:49,11,0,31	12:24,52,31,0	02:70,0,59,15	23:54,0,25,15	03:57,0,8,24	33:31,0,15,74	13:41,72,0,23	03:71,7,0,15	00:114,0,23,0	03:58,0,24,66	33:39,31,0,49	00:141,0,0,0	03:59,0,38,13	33:0,18,0,100	01:102,26,0,40	03:67,29,0,30	03:32,0,0,72	00:92,34,11,0	00:85,0,0,26	02:96,0,27,0	00:86,0,0,21	22:0,17,95,0	03:90,0,0,65	00:132,19,0,0	01:52,30,3,17	23:0,0,79,50	02:70,0,55,1	00:156,0,0,0	03:69,0,0,53	11:0,82,30,0	22:0,0,109,16	22:0,0,119,0	13:35,52,0,35	13:0,45,0,130	00:99,33,0,0	33:0,0,0,124	13:19,18,0,69	03:45,0,0,57	00:143,0,0,0	02:36,0,92,0	03:63,0,0,60	33:0,0,0,105	01:82,16,17,0	03:78,0,0,69	00:104,0,21,0	23:18,0,68,51	22:1,0,89,21	03:29,0,0,91	00:93,9,0,2	02:72,0,58,0	00:104,0,0,0	00:92,12,0,0	03:75,0,0,49	01:71,28,0,25	01:76,11,0,0	03:64,0,0,58	00:102,0,0,31	11:0,92,0,0	03:129,0,0,40	00:140,0,0,0	00:96,0,0,17	00:94,0,20,0	03:74,0,0,21	00:123,0,0,20	02:74,1,20,0	22:0,0,114,0	00:81,0,38,14	01:35,38,0,46	00:112,0,5,23	00:109,0,0,32	00:56,0,0,46	22:17,0,85,0	11:9,97,0,0	00:89,0,12,19	00:79,32,0,0	02:50,0,38,0	00:116,0,0,0	00:117,0,0,0	23:43,0,22,14	00:117,0,0,0	00:110,2,0,24	13:42,22,1,25	11:0,63,0,0	00:148,0,0,0	00:80,0,16,0	23:0,0,31,105	03:116,0,1,44	02:74,17,44,0	01:87,17,0,0	00:79,25,0,0	02:34,0,60,0	03:67,0,0,86	11:19,89,25,0	00:90,26,0,0	00:91,0,0,0	01:94,42,0,1	00:119,0,0,0	00:124,0,0,0	03:114,0,0,25	03:28,0,0,78	02:99,0,29,0	00:126,0,0,0	03:40,0,0,79	02:69,0,29,0	00:76,0,0,0	00:130,0,0,0	00:113,0,0,28	03:59,0,0,28	03:40,0,0,95	03:69,0,0,59	33:23,0,0,95	00:144,0,0,0	03:42,26,0,31	00:141,0,0,0	00:122,0,0,0	00:105,0,0,0	00:103,0,21,0	00:70,4,0,20	00:124,0,0,43	12:0,74,27,21	01:47,27,0,28	11:0,137,0,0	00:155,0,0,0	00:129,0,0,0	00:83,14,0,0	00:148,0,0,0	01:139,36,21,0	00:59,0,0,34	03:31,0,0,131
2_76	93	03:68,1,0,91	13:0,52,0,104	03:34,0,0,65	00:98,0,25,0	00:118,0,0,38	02:97,0,27,0	00:187,0,0,0	03:116,0,0,39	00:70,28,0,0	00:134,0,0,0	03:85,0,0,25	02:65,0,18,0	02:37,0,33,14	02:137,0,0,0	00:77,33,0,0	00:104,3,27,0	00:159,0,0,0	03:59,0,0,118	01:67,30,26,0	00:120,25,0,0	22:0,0,129,0	01:192,0,0,0	00:137,0,0,0	11:0,77,2,4	00:132,6,0,0	00:94,30,0,0	00:72,20,0,0	03:143,32,0,16	00:106,0,0,0	33:44,0,0,87	03:77,0,0,79	00:130,0,37,0	00:152,0,0,0	03:44,0,0,82	03:73,0,12,122	22:0,26,111,0	00:78,0,23,3	02:114,0,48,5	00:100,0,0,3	00:122,0,0,0	00:121,0,0,0	13:30,39,0,65	00:140,0,0,0	00:121,0,0,0	33:0,0,0,136	02:106,0,45,0	00:105,0,2,0	00:89,0,0,0	00:88,14,0,2	00:63,4,0,47	03:38,0,0,71	00:116,0,0,0	33:33,0,0,106	03:121,0,0,19	00:67,0,0,52	00:107,0,0,0	00:106,0,32,0	00:133,41,0,0	00:108,0,0,25	00:89,75,0,0	33:59,0,20,81	00:170,0,0,0	00:71,74,0,0	02:72,0,27,0	03:50,0,0,21	03:83,0,0,24	00:82,0,0,20	03:29,0,0,87	11:5,114,0,0	00:140,0,0,17	03:108,0,0,44	00:128,0,13,0	03:57,12,0,29	01:46,24,0,24	03:77,30,0,23	01:83,40,0,0	00:63,0,0,56	22:41,0,117,0	00:104,0,0,1	03:130,22,0,0	03:124,0,0,55	33:0,32,0,85	01:116,27,0,0	00:94,0,25,0	00:131,0,0,25	00:91,0,0,0	01:84,33,0,29	00:130,0,0,9	02:33,0,103,0	00:108,0,31,0	01:54,24,9,0	03:91,0,0,46	00:135,17,0,0	33:26,0,0,110	00:82,0,1,21	00:141,0,0,0	03:83,0,37,38	23:57,0,52,114	01:94,47,0,0	03:28,0,25,62	00:69,0,0,26	02:107,0,33,8	01:88,16,0,0	02:114,0,36,10	03:45,0,0,58	00:85,20,0,0	01:22,28,0,49	33:18,0,0,85	02:86,0,39,6	00:130,4,0,0	03:25,18,0,68	01:47,113,8,0	02:86,1,62,10	00:83,0,12,0	01:69,52,10,0	00:80,0,35,0	03:133,0,0,48	02:124,0,0,0	03:119,0,1,43	00:136,0,0,32	33:31,38,0,94	03:106,0,0,16	00:99,0,23,0	03:45,0,0,97	02:63,0,35,53	00:99,28,0,0	23:3,0,43,85	00:85,33,0,0	02:29,16,27,27	00:141,0,2,0	00:117,0,0,0	12:0,0,155,0	00:132,0,9,0	00:163,0,0,0	01:68,34,23,0	23:0,15,137,0	00:120,0,0,44	00:164,0,0,14	03:63,0,0,98	12:0,88,53,0	33:0,0,58,93	02:49,0,76,0	00:122,0,0,0	33:0,6,0,171	11:38,100,20,0	33:0,0,0,127	03:43,0,0,82	00:99,0,0,27	00:152,0,0,0	02:83,0,46,0	01:89,44,0,20	33:0,0,0,118	00:81,0,53,0	03:148,0,0,30	02:97,0,59,0	03:97,0,0,53	22:4,0,60,68	33:0,0,0,134	00:128,0,0,5	01:92,33,0,0	00:108,0,0,0	00:124,0,0,4	00:85,0,0,0	00:170,0,0,0	01:59,0,10,25	33:24,0,0,106	03:102,0,0,39	11:0,116,0,0	00:125,0,37,0	00:154,0,4,0	03:42,19,0,44	00:95,0,0,0	00:118,0,0,26	03:91,0,0,62	00:86,0,0,8	02:35,0,107,0	00:138,0,0,3	03:41,0,0,82	00:135,6,3,0	00:98,0,0,0	03:79,0,1,65	00:128,3,0,0	12:0,81,35,0	03:75,0,0,51	00:117,0,0,58	02:130,0,0,0	00:68,0,33,0	00:114,0,0,0	01:70,25,0,0	00:101,30,0,0	00:149,0,8,2	00:76,0,0,0	01:44,31,1,0	00:152,0,0,0	00:41,0,0,21	33:43,0,7,113	00:128,0,0,9	00:141,0,0,0	01:92,24,0,0	00:120,11,0,0	22:0,0,135,0	33:16,0,1,154	13:0,80,3,39	00:120,50,0,0	00:95,0,0,0	00:122,0,0,34	00:119,0,0,0	00:132,0,0,0	03:106,0,0,56	03:0,0,0,119	00:116,0,0,0	03:101,0,0,35	03:0,0,0,117	00:81,0,0,5	00:103,0,0,0	00:190,0,1,0	00:116,0,0,46	00:107,3,0,28	33:0,0,0,98	00:96,0,0,30	33:0,0,0,152	00:100,0,35,4	00:119,0,3,0	03:43,0,14,63	03:105,0,0,33	00:89,0,0,6	01:111,0,0,21	00:84,15,3,0	00:143,0,1,0	01:24,32,0,68	01:80,31,0,0	11:0,93,0,0	00:171,0,0,7	00:166,0,0,0	01:74,67,0,0	03:119,0,6,42	01:70,44,14,5	33:54,0,0,62	03:65,12,0,99
2_78	30	33:58,0,0,40	11:18,101,0,0	13:12,27,0,35	00:49,0,0,4	01:56,45,10,0	00:86,0,14,0	02:85,0,46,0	22:49,0,70,0	11:17,78,0,0	33:28,0,0,51	33:27,14,0,49	22:22,0,50,0	33:15,19,0,32	11:40,58,0,0	00:55,3,0,12	00:59,12,0,0	01:73,20,0,0	01:88,22,12,0	11:0,64,0,4	00:104,0,0,0	22:0,0,87,0	00:128,0,0,0	01:58,47,0,0	11:0,54,23,0	03:72,0,0,31	01:59,18,0,0	03:71,0,0,17	01:78,36,0,0	00:86,1,0,0	13:16,17,10,43	01:72,22,0,0	12:43,21,25,0	00:76,0,12,0	33:0,0,0,63	03:43,0,0,112	13:12,20,33,38	12:38,28,11,0	02:77,0,35,0	00:77,5,6,0	03:62,0,0,29	00:72,0,0,0	23:0,14,21,63	00:69,0,0,23	00:56,9,0,34	33:0,0,0,92	22:48,0,76,0	03:36,16,0,39	00:77,0,0,0	00:70,0,6,10	00:49,13,0,28	23:12,0,45,31	02:43,0,19,0	03:57,5,0,36	02:73,0,28,3	00:63,0,0,19	01:54,24,9,0	00:79,0,0,11	00:86,0,0,13	00:88,0,20,0	11:4,100,0,0	33:11,22,0,61	00:128,0,0,0	00:94,0,0,10	00:49,0,0,8	00:46,0,2,30	00:73,0,0,0	02:67,0,37,10	01:38,25,0,4	12:0,34,43,0	03:42,0,0,83	00:119,0,0,15	00:86,0,0,0	03:54,14,0,21	00:113,0,0,0	00:76,22,0,0	00:83,0,0,0	02:75,0,26,0	12:11,14,46,19	01:34,24,0,23	00:103,0,0,0	03:16,0,0,88	03:42,0,0,58	00:83,0,0,6	03:24,0,7,31	03:70,0,0,17	00:106,0,0,0	03:32,6,0,56	00:82,20,0,0	22:0,15,82,0	00:90,0,0,0	02:50,6,21,0	01:75,25,0,6	03:64,0,0,34	03:19,0,0,78	00:64,0,0,9	00:82,0,0,21	00:67,0,0,18	01:34,15,49,38	00:82,16,0,19	03:9,0,9,44	00:67,0,0,0	00:102,0,9,18	03:79,0,0,4	00:69,20,6,10	33:30,0,0,52	00:65,14,27,0	03:28,4,0,44	33:9,0,0,81	00:89,0,8,0	00:58,41,0,0	00:79,0,0,18	03:41,21,0,34	12:62,43,10,0	00:72,0,0,0	02:57,0,13,0	33:30,0,0,43	13:17,27,0,65	23:26,0,49,17	00:86,0,0,0	00:101,0,0,13	03:17,8,18,85	00:73,0,0,7	00:56,0,4,0	13:9,10,0,70	00:87,0,0,16	00:82,11,0,0	33:13,0,5,72	02:83,10,18,0	00:62,0,0,10	00:101,0,0,0	03:80,0,0,8	11:0,51,34,0	00:76,0,0,50	02:88,0,33,0	02:65,0,30,0	22:0,0,108,0	03:75,0,0,29	00:83,0,0,13	00:87,0,0,15	22:0,42,77,0	22:0,0,70,12	12:24,36,35,0	00:78,0,0,0	33:0,14,17,104	02:85,0,19,0	03:37,0,0,79	23:9,24,24,40	00:63,0,9,12	02:57,0,37,0	02:61,0,27,0	03:60,16,0,17	12:6,24,18,31	02:28,0,40,12	00:118,0,0,0	00:73,0,0,33	03:45,0,0,59	22:5,11,73,0	33:0,0,0,77	03:43,0,0,39	00:70,18,0,0	00:41,0,0,11	00:67,0,0,7	00:69,0,0,4	22:50,0,93,0	00:63,0,0,0	03:59,0,0,26	03:52,0,0,40	23:0,25,14,9	00:63,0,0,38	00:87,0,0,7	03:9,0,0,63	00:89,0,0,0	00:71,0,6,0	33:63,0,0,57	00:51,7,3,0	22:6,0,90,0	00:68,20,6,0	33:27,0,0,73	33:47,0,0,48	03:36,0,11,44	03:23,0,0,62	02:18,10,19,18	03:31,16,9,43	00:111,0,0,0	00:65,17,37,0	00:75,0,0,2	33:42,8,0,40	01:40,48,0,0	11:35,34,0,0	33:57,11,0,16	03:51,0,3,29	00:61,11,0,0	13:17,46,0,10	00:105,24,0,0	00:65,23,0,7	33:0,17,9,86	03:62,0,0,41	00:67,0,0,0	00:41,5,0,4	00:51,16,0,0	22:9,0,65,25	00:46,29,0,36	12:0,26,64,7	11:33,65,0,0	00:24,23,0,6	03:36,15,0,42	00:56,0,17,18	00:57,20,0,18	03:45,0,0,30	33:17,0,0,61	00:62,14,24,0	00:86,0,21,12	33:42,0,0,45	23:14,0,47,28	00:66,0,0,10	00:109,9,0,0	03:48,12,0,57	00:65,0,24,0	33:0,0,15,58	00:84,0,0,0	33:0,0,0,75	00:83,0,0,18	00:81,0,0,6	00:85,0,24,0	00:82,18,0,0	03:47,8,0,15	00:84,16,0,0	13:9,36,0,29	02:102,0,27,0	03:30,14,0,46	03:60,0,13,19	13:6,44,4,19	00:158,0,0,0	00:120,0,0,0	00:93,6,12,0	02:42,0,71,0	11:28,89,0,25	03:45,0,0,48	00:73,0,0,38
4_78	29	33:7,0,0,60	03:15,28,0,25	33:0,0,10,23	02:73,0,0,0	02:63,0,9,0	00:47,0,0,26	00:74,0,0,0	00:65,0,0,0	13:9,27,0,13	00:45,0,0,22	00:59,0,0,0	00:18,0,0,20	03:20,0,0,14	00:62,0,0,0	01:15,30,23,0	03:54,0,0,16	00:33,0,0,25	03:68,0,0,13	01:26,16,0,0	00:70,0,0,0	02:14,25,20,0	00:37,0,0,21	00:47,0,0,14	01:9,34,0,0	00:41,0,0,24	03:30,0,0,16	00:47,0,0,0	00:65,0,0,0	00:53,0,0,0	03:18,0,0,46	00:39,31,0,0	02:18,22,10,0	02:27,30,12,0	00:27,0,0,33	03:26,0,0,54	22:0,0,45,20	00:53,0,0,0	00:27,0,0,18	00:66,0,0,0	01:49,22,0,0	00:66,0,0,0	33:0,9,0,50	00:64,0,0,0	00:48,0,0,0	13:0,9,0,45	00:37,25,0,0	03:30,0,0,28	00:39,0,0,0	01:28,20,0,0	02:55,0,22,0	33:0,0,0,38	00:46,0,0,0	03:17,0,0,58	00:38,19,0,0	00:53,0,6,0	00:46,0,8,0	01:50,10,0,0	02:57,0,10,0	00:82,0,0,0	01:29,0,23,0	03:12,0,0,35	00:63,0,0,0	03:16,18,0,8	00:50,0,0,0	00:52,0,0,0	00:25,0,0,15	00:40,0,0,27	03:36,0,0,23	11:0,51,0,0	03:43,0,0,21	23:47,0,28,19	00:51,0,0,7	03:38,0,0,10	02:39,0,21,14	00:37,0,0,27	00:63,0,0,0	33:32,0,0,29	02:24,0,24,0	00:60,0,0,9	00:39,37,0,0	03:50,0,0,40	13:19,0,0,27	00:72,0,0,0	00:58,4,0,0	03:24,0,19,18	00:52,0,0,0	03:12,0,0,38	00:64,0,0,0	22:21,0,42,0	00:19,0,27,9	00:55,0,0,0	33:10,0,0,51	00:67,0,5,0	33:0,0,0,67	03:36,0,6,12	03:68,0,0,0	00:55,0,0,0	23:0,0,54,33	00:62,0,0,0	33:24,0,0,33	03:41,0,0,12	00:59,0,0,0	01:20,18,20,0	03:16,0,0,39	13:0,13,16,23	03:42,0,0,17	00:48,0,0,9	03:12,0,0,43	00:73,0,0,0	00:41,0,2,0	01:35,16,0,0	11:0,69,0,0	03:54,0,7,29	00:45,0,0,0	03:42,0,0,15	23:19,0,13,16	00:66,8,0,0	00:60,0,0,0	00:67,0,0,0	00:86,0,0,0	33:0,0,0,58	22:10,0,37,14	33:40,0,0,30	33:7,0,0,54	00:64,0,0,0	00:72,0,0,0	33:24,0,0,25	03:47,0,0,13	03:34,0,0,13	02:34,0,13,9	00:54,0,0,0	02:24,11,43,0	23:8,0,23,48	03:53,0,0,9	00:51,0,4,0	22:0,5,32,0	00:61,0,0,0	00:91,0,0,0	02:59,0,17,0	12:0,14,50,0	02:8,0,54,0	23:0,0,37,5	00:48,0,0,0	33:25,10,0,29	00:64,0,0,13	33:0,27,0,40	33:0,0,0,42	00:59,0,0,0	00:71,0,0,0	00:47,0,30,0	03:33,0,0,31	33:0,0,0,60	02:16,0,52,0	00:77,0,0,9	01:11,14,0,21	01:43,23,0,7	22:0,0,39,0	03:5,0,7,34	00:42,0,0,0	13:14,20,0,17	00:33,0,0,6	00:25,7,0,29	00:40,0,0,0	00:72,0,0,0	00:62,0,10,0	01:33,13,10,0	03:44,0,10,21	11:0,43,0,29	03:72,0,0,0	00:63,0,0,0	03:52,0,0,10	00:39,1,0,0	00:86,0,0,0	00:42,0,0,0	00:44,0,0,0	12:0,58,14,0	11:23,31,0,0	33:9,0,0,32	00:31,0,0,11	00:52,0,0,0	33:21,0,0,40	00:35,0,31,0	33:0,6,0,59	01:39,10,0,0	00:49,12,0,0	00:62,0,0,0	01:43,7,0,0	00:47,0,0,0	00:53,0,0,0	02:31,0,19,0	00:39,0,0,17	00:58,0,0,0	01:9,29,0,0	03:50,0,10,17	00:43,0,0,0	33:0,5,0,44	01:39,14,0,4	01:34,21,0,0	03:6,0,0,44	00:56,9,0,0	22:17,7,28,0	33:22,0,0,53	11:0,44,0,14	01:25,13,0,35	00:52,0,0,5	03:32,0,0,42	02:53,0,0,0	00:71,0,16,0	00:66,0,0,0	33:0,0,17,44	00:47,9,0,0	00:33,0,0,37	33:31,0,0,33	00:23,0,23,0	00:60,0,0,0	00:85,0,0,0	03:52,0,0,10	03:48,0,0,29	33:17,0,0,43	03:28,0,0,26	33:17,0,0,68	02:48,0,27,0	00:22,0,0,36	03:57,0,0,16	00:66,0,0,0	01:28,20,9,0	00:72,0,0,0	03:22,0,0,33	00:65,0,0,0	03:21,21,0,25	00:47,0,12,0	01:15,29,0,0	00:46,0,0,24	00:77,0,0,0	02:45,7,13,0	00:60,0,0,0	13:20,18,12,12	23:0,0,16,38	03:11,10,0,49
1_79	64	01:90,29,0,38	13:0,63,0,51	33:25,0,0,50	00:106,0,0,0	00:134,0,0,0	00:127,0,0,0	00:138,0,0,0	02:69,48,42,0	11:41,90,0,0	03:61,0,0,43	02:77,0,11,0	02:42,19,19,0	13:52,21,0,27	03:78,0,0,34	01:59,25,0,0	00:88,0,0,29	00:70,0,0,0	02:140,0,22,0	13:0,60,0,18	00:133,0,0,0	12:0,38,76,0	03:54,33,0,27	00:121,0,0,0	11:0,58,0,21	03:90,0,0,41	02:38,26,55,0	02:30,0,59,21	00:147,0,0,0	01:120,0,0,0	23:36,0,21,59	00:110,0,0,30	00:109,28,0,0	00:109,0,0,0	03:51,0,0,90	33:42,0,0,137	03:21,0,73,30	00:87,36,0,0	00:89,0,37,0	01:81,16,0,0	03:66,0,0,84	01:55,38,35,0	33:0,0,0,126	03:55,0,0,50	01:52,30,0,34	33:0,0,0,112	02:52,52,36,0	23:21,0,33,37	00:79,29,0,0	02:100,0,18,0	03:90,0,0,17	33:0,0,0,90	00:60,0,0,27	03:35,3,0,69	03:108,0,0,16	00:74,0,15,0	01:100,0,0,0	00:97,29,0,0	00:116,0,34,0	00:72,27,0,0	00:101,47,0,0	33:0,0,0,102	01:125,51,0,0	23:39,24,37,28	00:106,0,0,0	02:53,21,20,0	03:40,19,0,28	33:26,0,0,99	03:69,0,0,23	11:0,85,0,0	03:75,0,0,95	03:62,0,0,138	00:136,0,0,0	01:74,21,0,0	00:78,0,0,90	00:133,0,0,0	03:63,0,0,41	03:76,32,0,28	02:72,0,62,0	00:110,0,0,20	00:118,27,0,0	03:108,33,0,26	33:30,0,0,67	02:27,16,33,17	02:47,0,35,35	00:99,33,0,0	00:37,0,0,40	13:43,60,0,44	00:116,0,0,0	02:72,0,14,35	03:94,0,0,27	13:51,17,0,34	03:83,0,0,23	00:119,0,0,0	33:0,0,0,127	00:118,0,0,0	00:125,0,0,0	03:110,0,0,19	02:151,0,27,0	01:124,26,0,0	33:42,0,0,52	00:84,0,0,0	03:100,0,0,85	00:131,0,0,0	00:153,0,0,0	03:75,0,0,22	00:139,0,0,0	02:50,0,27,0	03:18,27,0,93	03:51,0,39,40	00:134,0,0,0	03:90,0,0,17	11:0,73,74,0	00:101,0,31,0	00:74,22,0,0	03:90,0,0,33	03:45,0,0,49	00:115,52,0,0	00:54,19,0,32	00:99,0,0,37	00:185,0,0,0	23:40,0,28,71	01:44,77,0,0	00:114,0,0,0	03:23,0,35,63	00:146,0,0,0	00:139,0,0,0	00:111,0,0,0	00:109,0,1,0	00:86,26,0,0	03:51,0,0,81	03:98,0,0,33	22:0,26,90,0	03:37,39,0,61	00:110,0,0,31	22:60,0,53,0	11:0,123,48,0	23:31,0,28,69	00:153,0,0,0	00:85,0,43,42	11:0,84,58,0	22:31,0,105,0	22:0,0,94,0	00:122,0,0,0	03:56,0,0,132	00:118,0,0,0	33:0,0,0,111	03:37,0,0,92	00:78,0,0,25	00:154,0,0,0	03:40,0,24,30	03:56,0,0,53	33:0,0,34,67	02:70,0,22,12	02:122,0,30,0	00:117,0,0,0	00:136,0,0,0	12:29,29,50,0	33:19,0,0,83	00:75,0,0,33	00:95,0,0,24	00:87,0,0,0	03:86,0,0,37	01:61,19,0,45	00:138,0,0,0	00:93,0,0,0	00:123,0,0,0	00:90,0,0,31	01:32,48,0,31	00:112,0,50,0	03:81,0,0,43	00:80,32,0,0	00:107,0,0,0	00:95,0,1,19	03:110,0,0,15	03:72,0,0,9	22:0,0,146,0	00:154,0,0,0	03:15,0,0,85	03:54,0,0,70	00:90,0,0,27	33:47,0,0,58	02:41,0,37,27	01:20,56,24,0	01:88,33,0,0	02:103,0,23,0	02:76,0,27,0	00:117,0,0,0	00:92,0,0,0	01:52,32,0,22	00:91,18,1,0	00:53,0,65,0	00:105,0,0,0	11:18,68,0,16	00:160,0,0,0	00:57,0,0,64	33:0,0,0,150	13:36,21,0,99	22:30,24,47,0	03:41,22,0,44	00:113,0,0,0	02:51,0,50,0	03:29,0,0,116	11:29,106,0,0	11:24,98,0,0	03:68,0,0,23	03:65,51,0,25	00:100,0,0,0	00:104,0,0,0	00:103,0,0,27	03:29,0,0,88	00:93,0,45,0	00:141,0,0,0	03:103,0,0,27	00:66,0,19,0	00:97,1,0,0	00:167,0,0,0	02:64,0,39,33	00:67,0,0,29	33:0,0,0,122	00:68,0,0,69	33:34,0,0,86	02:111,0,33,0	03:55,38,0,32	00:115,0,0,0	13:35,32,0,49	00:87,24,0,0	00:97,0,28,0	00:63,0,0,32	00:97,0,0,43	33:0,0,0,98	13:33,23,0,66	01:30,100,0,0	02:108,0,39,0	00:90,18,0,0	01:72,29,0,28	02:71,1,35,40	11:0,104,55,0	03:45,0,0,48	13:0,79,0,63
2_79	103	03:51,0,0,100	13:0,45,0,78	03:47,0,1,45	03:32,0,19,27	00:110,0,0,34	02:62,0,53,1	03:129,0,0,23	00:132,0,0,0	11:33,98,0,0	11:46,46,0,3	03:65,0,1,20	23:34,0,45,0	01:48,19,0,0	00:112,0,0,0	01:58,25,0,0	00:84,1,0,0	00:141,0,0,0	03:88,0,0,71	00:87,1,34,0	00:146,0,0,0	22:0,4,115,0	00:143,0,1,0	00:96,0,0,0	11:21,68,1,0	00:112,0,0,0	00:79,1,0,0	00:115,0,0,0	00:171,0,0,0	00:74,0,23,0	03:64,0,0,32	00:115,1,0,0	00:118,0,17,0	00:116,0,0,0	13:0,40,0,91	03:134,0,0,66	22:0,0,112,0	03:108,4,0,0	12:74,37,41,0	00:55,0,24,0	00:105,0,0,0	02:26,4,47,30	03:43,1,0,70	01:99,34,0,0	01:83,33,0,0	33:0,0,0,96	00:144,1,1,0	03:62,0,0,24	03:73,0,0,16	03:62,0,0,14	00:93,0,0,3	33:1,0,0,70	00:64,26,0,1	33:43,5,0,58	00:106,0,0,15	00:76,0,13,0	23:47,0,15,22	03:90,35,0,14	03:103,0,37,17	02:79,0,19,4	00:142,0,0,0	33:0,0,0,100	00:135,0,0,43	00:117,23,0,0	00:62,0,0,0	03:41,23,0,20	02:34,12,19,2	00:88,0,0,0	01:56,13,0,3	01:30,47,0,29	00:109,0,0,36	03:58,0,0,76	03:91,0,0,22	00:49,0,0,20	03:88,7,0,18	02:88,0,27,7	00:62,0,0,23	03:81,0,0,18	00:61,1,70,0	00:121,0,0,0	22:51,21,74,0	03:115,0,0,59	03:61,0,0,67	03:81,0,0,15	00:74,0,0,1	03:98,0,0,17	00:80,0,0,0	03:101,0,0,0	03:67,33,0,43	03:26,27,24,19	00:81,0,0,11	02:44,0,14,0	00:101,0,0,0	02:40,0,55,25	03:19,0,0,82	03:42,0,20,23	03:86,4,0,31	23:70,4,33,20	02:42,0,44,75	01:100,27,0,0	03:26,2,25,58	00:80,0,0,0	01:115,54,0,5	02:107,0,0,0	00:143,0,0,25	03:30,0,0,76	00:70,28,1,0	03:30,0,0,46	33:24,0,0,66	02:95,0,35,6	00:78,0,16,3	03:33,0,0,51	11:0,123,0,0	00:118,0,32,0	01:66,18,1,0	00:122,0,0,0	03:53,0,0,35	11:38,110,0,0	03:74,1,2,29	03:126,0,0,33	00:117,0,0,31	03:36,48,0,76	01:83,15,1,0	00:73,0,20,0	23:25,2,30,75	00:86,0,0,38	00:83,37,0,0	03:56,0,0,67	00:86,27,0,0	00:50,0,0,9	33:31,0,0,87	00:88,0,0,0	12:0,66,63,0	03:88,0,6,63	33:63,0,7,77	00:52,0,19,29	22:0,40,132,0	02:96,0,16,2	02:107,0,42,0	01:122,19,0,1	01:31,82,9,0	12:0,17,102,0	22:0,21,74,0	00:99,0,0,0	23:0,0,36,138	00:162,0,0,0	13:6,24,0,94	33:27,0,0,79	00:63,28,1,17	00:106,0,2,17	01:92,23,2,0	33:70,2,0,74	13:0,24,0,92	00:80,0,32,0	00:119,44,0,0	00:92,0,2,34	03:75,18,0,29	23:0,0,82,27	00:68,0,0,32	02:48,3,47,0	01:68,37,0,17	03:63,0,0,18	00:96,2,19,0	00:70,0,0,0	03:124,0,0,0	02:45,0,16,0	00:94,0,0,1	03:77,0,0,69	11:22,80,0,0	03:144,0,0,41	02:99,0,47,0	01:42,24,14,0	00:55,0,0,1	03:52,0,0,57	00:102,0,21,0	02:38,0,14,11	22:0,0,131,0	00:120,0,0,0	03:37,0,0,48	01:38,24,0,48	02:39,9,17,0	03:21,1,0,110	02:53,0,36,0	13:3,52,0,27	00:85,0,2,29	00:132,0,0,0	02:55,0,41,0	00:79,1,0,19	00:65,0,0,0	03:71,0,0,10	02:83,0,25,0	00:114,0,0,0	03:45,13,0,10	11:0,73,0,0	03:111,0,0,45	00:62,0,1,31	33:0,0,0,141	03:39,31,0,71	01:43,75,0,23	01:48,17,2,11	00:85,0,0,0	22:1,38,87,0	33:2,0,0,179	11:6,107,0,0	01:39,125,0,0	00:46,0,0,21	01:59,69,0,0	03:59,0,0,33	00:119,0,0,0	03:79,0,0,18	33:26,0,0,87	02:82,0,72,0	00:82,0,0,32	03:29,0,0,45	23:0,56,24,27	00:48,0,0,13	00:159,0,0,6	00:106,33,0,0	00:131,0,0,0	33:0,13,0,50	03:27,0,0,74	33:32,0,0,115	00:101,0,27,0	00:107,0,1,0	00:92,0,0,26	00:97,0,0,0	00:70,0,0,2	00:95,0,33,0	00:62,26,0,5	00:134,0,4,1	11:28,52,0,2	01:83,31,0,0	11:0,63,0,3	00:147,0,0,0	00:91,0,0,27	01:36,57,0,24	00:149,0,0,0	01:92,35,0,0	03:48,0,0,22	33:8,0,0,125
4_79	72	03:10,4,0,51	13:0,22,0,31	33:0,0,4,31	02:30,0,14,0	03:55,0,0,15	03:51,0,0,15	00:58,0,0,19	02:19,18,11,16	01:9,42,0,0	03:37,0,0,19	02:30,0,5,10	02:11,0,33,0	03:10,0,0,40	03:42,0,0,16	00:23,35,0,0	00:28,11,0,0	01:50,16,0,0	03:32,0,20,35	12:17,21,12,0	00:50,0,0,0	22:15,0,30,18	02:31,13,11,0	00:66,0,0,0	12:0,23,9,7	03:60,0,0,18	01:28,4,7,0	12:16,22,11,13	00:74,0,0,0	00:48,0,10,0	03:32,0,0,26	03:20,0,0,36	02:32,0,34,0	03:43,0,0,17	33:0,0,0,68	00:107,0,0,0	02:21,0,67,0	00:28,14,14,0	00:79,0,0,0	12:27,15,7,0	02:38,0,12,8	01:46,7,0,0	33:0,0,0,61	00:54,0,0,13	00:54,0,0,0	03:11,0,0,29	02:54,0,21,17	03:16,0,0,21	03:41,0,0,11	03:35,0,0,18	00:65,0,0,21	33:0,0,0,51	00:37,0,0,15	33:19,0,0,56	02:21,10,20,11	01:35,12,0,0	03:43,0,0,17	00:65,0,0,0	00:70,0,0,0	00:32,13,0,0	02:39,0,29,0	33:18,0,0,39	03:65,0,0,15	00:49,18,0,0	00:33,0,0,0	02:21,0,7,0	03:37,0,0,14	03:23,13,0,8	03:32,0,0,7	11:0,57,0,0	33:38,0,0,26	00:63,0,0,0	00:77,0,0,0	03:30,0,0,28	00:75,0,0,0	00:61,0,0,0	00:51,0,0,0	11:37,22,0,0	02:48,0,16,0	33:10,0,0,47	00:56,14,0,0	00:66,0,0,22	00:52,0,0,15	00:49,0,16,0	23:31,0,13,15	00:45,0,0,8	00:45,0,0,0	00:54,0,0,0	02:49,0,16,0	00:50,0,6,0	02:60,0,26,0	02:23,0,5,6	00:58,0,0,0	00:53,0,0,9	33:27,0,0,27	01:27,13,0,0	03:52,0,0,13	03:44,0,0,24	03:34,0,0,51	00:66,0,0,0	23:0,0,19,39	00:29,0,0,11	00:73,0,0,0	01:32,14,13,0	00:85,0,0,0	33:0,0,0,53	01:40,15,0,0	03:26,0,10,12	03:10,0,0,24	00:54,0,0,12	00:45,0,0,0	03:13,10,0,17	11:0,68,0,0	03:50,0,0,25	02:25,0,21,0	00:40,0,0,15	03:8,0,0,34	00:78,0,0,0	00:59,0,0,0	00:79,1,0,0	02:43,0,24,16	02:19,20,21,10	22:16,15,34,0	33:10,0,21,19	33:0,0,0,79	00:57,0,0,22	00:58,0,0,0	33:12,0,0,43	00:57,1,0,0	00:48,0,0,0	00:27,0,0,29	00:57,0,0,14	22:0,12,46,0	23:0,0,12,59	00:66,0,0,0	00:56,0,15,0	12:0,27,52,0	02:26,0,32,0	11:29,37,0,0	00:60,12,0,0	22:16,21,32,0	12:0,35,17,0	02:12,0,43,0	00:49,0,0,0	23:0,0,67,35	22:45,0,36,0	33:0,16,0,40	03:8,0,0,60	03:45,0,0,5	03:81,0,0,12	03:29,13,0,23	03:40,0,0,21	23:0,12,4,30	02:26,0,45,0	01:30,23,22,0	03:38,0,0,21	23:10,0,21,23	22:0,20,27,0	00:40,0,0,10	03:39,0,0,19	03:36,8,0,17	00:35,0,0,24	03:49,0,0,9	03:14,11,0,25	00:83,0,0,0	02:24,0,15,0	00:61,0,0,0	01:52,13,0,19	02:48,31,3,0	00:68,0,0,14	01:43,22,0,0	03:30,0,0,13	02:25,0,22,0	03:61,0,0,21	03:34,0,0,26	00:30,0,0,8	22:0,0,38,12	02:37,0,28,0	33:17,0,0,42	00:37,12,0,0	03:23,0,0,1	00:45,0,0,16	02:39,0,25,0	13:11,11,13,5	00:51,0,0,0	02:23,0,46,0	00:30,0,0,12	00:26,0,0,0	01:29,12,0,0	01:33,11,0,0	00:68,0,0,0	00:76,0,0,0	00:38,0,0,0	33:0,29,0,6	00:59,0,0,21	00:54,0,0,0	33:0,0,15,55	33:0,23,0,54	00:36,0,14,0	13:17,10,0,37	00:44,0,0,0	02:40,0,24,0	03:58,0,0,23	13:0,39,0,15	03:9,33,0,36	00:44,0,0,16	03:27,0,0,33	00:38,0,0,0	00:66,0,0,0	00:67,0,0,0	23:7,0,27,21	00:65,0,0,0	03:46,0,0,21	03:27,0,0,13	02:28,0,8,16	00:41,0,0,0	00:78,0,0,0	03:34,0,19,12	03:50,0,0,0	13:12,6,0,26	03:22,0,0,20	33:0,0,0,85	00:28,0,44,0	02:59,0,5,0	03:34,0,0,25	03:31,0,0,29	01:45,12,0,0	03:23,0,0,29	00:53,0,0,0	00:65,0,0,0	13:0,31,0,25	00:42,18,0,0	11:0,29,0,0	00:72,0,0,23	02:55,0,10,0	03:28,24,0,9	02:31,0,47,0	00:29,36,0,0	03:20,0,0,32	33:0,0,0,58
1_80	43	03:28,0,0,30	33:0,20,0,41	03:17,12,0,14	00:40,10,0,0	00:65,0,0,0	00:66,0,0,0	33:32,0,0,45	00:50,0,21,0	11:0,54,0,0	01:25,20,0,22	00:41,1,0,11	02:4,0,40,0	02:12,0,7,22	00:31,16,17,0	03:29,0,0,12	03:29,0,0,15	01:41,18,0,0	00:50,13,0,0	00:20,16,0,3	00:63,0,0,0	22:0,0,71,0	00:63,0,0,0	00:58,0,0,0	11:0,34,0,0	00:55,0,0,0	00:53,8,0,0	01:26,14,0,12	03:21,21,0,29	00:54,0,0,18	00:40,21,0,17	00:58,18,0,0	00:49,19,0,0	00:49,0,0,12	13:0,14,0,43	03:63,0,0,17	22:0,21,66,0	00:45,0,11,0	02:56,0,10,0	00:44,11,0,0	03:25,0,0,50	00:59,0,0,0	33:0,0,23,29	00:61,0,0,6	01:50,22,0,0	33:0,0,0,45	00:73,0,18,0	01:19,9,0,13	00:30,0,0,10	00:42,0,0,8	13:22,11,0,24	33:0,0,0,38	00:38,0,0,0	00:17,0,0,25	00:59,0,0,0	00:65,0,0,0	00:25,15,0,8	03:53,0,0,5	03:63,0,0,6	00:53,0,0,0	00:49,13,0,0	03:23,0,0,34	02:47,0,23,0	03:45,0,0,19	03:39,0,0,9	00:42,0,0,5	02:19,0,13,0	00:47,0,20,0	00:31,10,0,0	11:14,40,0,0	03:49,0,0,26	00:95,0,0,0	00:56,0,0,11	00:42,0,0,18	00:43,0,0,31	00:70,0,0,0	00:46,0,0,0	03:56,0,0,16	02:44,0,19,0	03:22,0,0,23	02:28,0,47,0	00:66,0,0,31	23:0,0,12,41	00:52,0,0,0	02:16,0,13,18	00:71,0,0,0	11:24,34,0,0	03:53,0,0,19	00:56,0,0,23	02:32,0,23,19	01:27,20,0,0	00:42,0,8,0	00:57,0,0,0	12:22,16,15,0	33:18,0,0,50	33:11,0,1,27	00:59,0,0,0	02:48,0,27,0	03:50,0,0,58	12:30,12,23,0	03:18,0,0,26	00:42,0,0,0	13:25,13,0,33	00:64,0,0,0	00:48,0,0,16	03:12,0,0,44	00:52,0,0,0	00:32,0,0,7	33:0,0,0,54	00:68,0,0,0	02:27,0,13,0	03:33,0,0,4	11:17,41,0,0	02:28,0,25,19	00:36,0,10,0	00:54,0,0,0	13:28,10,0,10	01:57,13,0,0	00:44,0,17,0	00:33,0,0,23	03:61,0,0,20	33:18,0,0,45	00:59,0,0,0	01:65,7,0,0	33:0,0,0,65	00:68,0,0,0	00:58,0,0,0	03:17,0,0,45	00:66,0,0,0	00:44,0,12,0	03:49,0,0,25	03:42,0,0,10	22:0,43,25,0	02:32,0,18,27	03:55,0,0,16	00:22,15,16,0	22:0,0,78,0	03:52,0,0,18	03:57,0,0,22	03:53,0,0,19	22:0,13,38,0	22:0,0,47,13	23:0,0,30,8	03:31,0,0,22	13:0,34,0,48	00:57,9,0,0	23:0,0,8,53	02:30,7,4,0	00:57,0,0,0	00:62,0,0,0	12:10,15,32,0	33:39,0,0,25	33:0,0,0,57	02:22,10,14,0	00:91,0,0,0	00:40,0,17,0	13:0,14,0,53	33:0,0,17,28	33:11,0,0,55	03:44,0,0,17	00:70,0,0,0	02:33,0,14,0	00:50,0,0,0	02:51,0,7,0	00:54,13,0,0	00:26,11,0,0	00:37,0,0,29	03:39,0,0,11	11:0,49,0,0	00:62,0,0,15	00:70,0,0,0	03:23,0,0,28	00:52,0,0,0	00:47,0,0,0	00:43,0,0,19	00:20,0,6,0	12:12,23,36,0	11:11,36,0,9	03:24,0,0,20	03:23,0,0,20	00:89,0,0,0	33:0,0,0,53	12:30,15,14,0	13:0,40,0,10	00:34,0,0,26	03:31,0,0,28	01:49,18,0,0	02:42,0,16,0	00:58,0,0,0	00:45,0,0,0	02:36,0,14,0	03:44,0,0,19	00:44,0,0,0	11:0,37,0,0	03:44,0,0,21	01:46,10,0,0	33:0,0,10,58	00:59,0,12,0	00:51,0,0,0	03:14,0,0,25	01:40,9,0,0	12:0,14,47,0	33:17,0,0,67	12:0,39,10,0	01:49,17,0,0	00:25,0,11,0	01:47,12,0,0	00:61,0,0,0	00:75,0,0,0	03:56,0,0,5	33:0,13,0,58	00:62,0,0,0	00:58,0,0,15	33:12,0,0,59	23:17,0,48,11	00:36,0,0,0	00:81,0,0,0	03:35,0,0,15	00:42,0,0,0	33:0,0,0,53	03:47,0,0,19	03:40,0,0,26	03:52,0,0,19	33:28,0,0,29	00:70,0,0,0	00:51,0,0,0	23:30,0,11,17	00:54,0,10,0	00:46,14,0,0	00:59,0,0,0	00:28,28,0,0	12:16,7,17,0	13:0,41,0,10	00:64,0,0,0	00:60,0,0,0	01:28,40,0,0	00:63,0,19,0	02:45,0,27,0	00:34,0,0,16	03:19,0,0,60
2_80	91	03:47,0,0,61	13:0,99,0,20	03:60,0,0,32	22:77,0,19,0	03:73,22,0,33	00:115,0,0,0	00:64,0,26,37	03:76,0,31,21	00:44,24,25,0	00:80,0,0,18	00:52,22,0,18	00:62,0,8,0	02:30,0,16,45	00:74,14,0,0	00:78,0,0,0	03:46,0,0,56	00:87,0,0,0	03:78,0,0,46	02:39,40,16,0	00:88,0,0,40	02:29,0,73,0	00:117,0,0,0	00:80,19,0,0	11:0,75,0,0	02:70,0,24,18	01:42,63,0,0	01:35,57,0,0	00:148,0,0,0	01:59,27,0,0	00:77,0,0,20	23:57,0,25,19	23:48,0,45,30	00:86,0,0,24	33:0,0,0,102	03:41,0,0,132	22:0,0,109,34	00:76,15,0,0	01:57,25,21,0	03:58,0,0,29	02:72,0,27,0	02:101,0,19,0	03:66,0,0,47	01:85,18,0,0	01:23,71,0,24	33:0,0,0,81	00:122,0,31,0	00:38,21,0,14	00:102,0,0,0	02:68,0,20,0	03:87,0,0,16	33:0,0,20,64	00:57,0,8,0	03:68,0,0,57	02:40,0,54,22	02:73,0,32,0	02:63,0,20,0	33:51,0,0,25	33:59,0,0,27	02:85,0,11,0	01:63,54,0,0	13:0,19,0,68	03:53,29,0,36	00:112,0,0,0	00:57,18,0,0	00:63,0,0,0	00:77,0,0,0	00:110,0,0,0	00:58,12,0,0	23:0,20,43,27	03:69,0,0,58	00:87,0,0,30	00:94,0,0,0	03:73,0,0,25	00:89,92,0,0	01:64,24,0,21	03:65,0,0,29	00:111,0,0,0	23:24,33,36,37	03:63,0,0,41	00:91,19,0,0	03:76,0,0,70	33:37,0,0,76	03:88,0,0,21	02:71,0,18,0	00:129,0,0,0	00:73,0,0,0	03:78,0,0,30	13:46,30,0,27	12:22,16,25,29	00:69,0,0,27	00:51,0,0,15	00:90,0,0,0	03:84,0,0,35	23:38,0,18,52	00:90,0,0,0	00:99,0,0,0	00:113,0,0,0	33:32,0,0,125	02:96,0,26,0	03:28,0,0,49	00:71,0,0,0	03:79,0,0,89	01:55,43,0,0	03:98,0,0,35	13:22,26,0,48	00:70,0,15,0	00:61,0,33,0	33:0,0,0,76	02:31,0,28,60	02:52,0,29,14	00:85,0,0,0	11:0,104,0,0	00:128,0,0,0	00:60,0,0,24	02:59,0,15,35	33:0,0,0,67	11:37,94,0,0	00:68,0,22,0	00:114,0,1,0	03:137,0,0,24	23:0,0,34,95	00:88,36,0,0	00:105,0,0,0	00:66,0,0,51	02:103,0,20,0	03:80,0,0,31	01:42,28,0,27	00:96,0,0,0	11:43,35,0,0	00:60,0,0,57	00:67,0,0,28	23:0,26,56,29	23:38,26,25,41	03:61,0,0,52	22:25,0,45,19	22:0,0,136,0	01:91,20,0,0	02:60,0,72,0	00:123,0,0,0	12:0,69,23,0	22:0,0,117,0	22:0,0,82,0	00:99,0,0,0	03:22,0,0,122	01:97,25,0,0	33:0,0,0,99	33:0,0,0,94	00:77,0,0,16	00:132,0,0,0	02:67,23,21,0	03:16,0,0,79	33:0,0,0,101	02:73,0,30,0	00:146,0,0,0	00:95,0,1,17	03:96,0,0,22	22:0,0,96,0	03:51,0,0,40	02:78,0,19,0	01:67,56,0,0	03:28,0,0,49	00:80,0,0,14	00:92,0,0,0	00:126,0,0,0	02:29,0,29,0	03:87,0,0,29	00:112,0,0,0	11:0,67,0,16	00:190,0,0,0	22:27,0,83,0	01:50,54,0,0	00:47,0,0,20	33:26,0,0,81	00:105,0,0,0	00:64,0,0,0	22:0,0,114,0	01:73,56,0,0	33:0,0,0,86	01:60,64,0,0	02:34,0,34,0	23:0,0,22,77	02:88,0,29,0	03:14,0,0,66	03:74,0,0,19	00:118,0,0,0	00:96,0,0,0	00:64,19,0,0	00:68,0,0,0	01:60,17,0,0	02:49,0,64,0	23:54,0,24,24	00:89,0,0,0	11:0,60,0,0	00:98,0,0,46	00:89,0,0,0	33:0,0,0,149	00:141,0,0,0	03:57,34,0,30	00:86,0,16,0	03:57,0,30,23	23:0,0,82,24	23:0,0,49,104	13:0,71,0,22	12:27,42,27,0	03:69,0,0,22	02:83,0,31,0	01:7,45,0,48	03:94,0,0,28	23:0,0,29,76	02:49,0,32,27	01:97,42,0,0	02:90,0,30,0	02:28,0,20,26	00:60,0,0,30	03:48,15,0,18	02:127,0,41,0	02:76,0,34,26	02:72,0,23,0	02:34,0,26,21	01:38,27,1,25	33:0,0,28,87	03:84,0,0,22	00:90,0,0,0	01:100,16,0,0	00:114,0,0,0	03:36,0,16,17	00:68,19,0,0	11:35,34,26,0	03:110,0,0,45	11:0,66,35,0	02:85,0,26,1	11:0,77,0,0	03:91,46,0,37	00:124,0,0,0	22:0,52,33,0	02:52,0,54,0	00:117,0,0,0	13:0,15,0,66	33:0,0,0,138
3_80	111	02:61,0,12,25	13:0,21,0,34	03:15,0,1,27	00:68,0,11,0	00:43,0,0,12	00:75,0,0,0	00:78,0,0,0	00:78,0,0,0	11:16,43,0,0	00:66,0,0,0	03:39,0,0,12	00:52,0,0,0	03:22,0,0,18	00:66,0,0,0	00:46,16,0,0	00:42,0,18,0	00:75,0,0,0	33:7,0,0,64	02:28,12,20,0	00:50,0,0,0	22:0,0,76,0	00:111,0,0,0	02:51,0,24,0	11:0,31,0,0	03:47,0,0,14	03:41,0,0,11	01:34,23,0,0	00:54,0,0,27	00:44,0,0,10	00:65,0,0,17	03:39,0,0,26	02:51,0,22,0	00:56,0,0,21	33:0,0,0,41	03:113,0,0,23	22:0,0,81,0	02:34,0,18,0	02:54,0,33,0	00:36,8,0,0	01:48,22,0,0	00:100,0,0,0	33:0,0,0,75	00:71,0,0,0	01:73,17,0,0	23:0,0,27,35	00:79,0,0,0	00:49,0,0,23	00:47,0,0,11	00:43,0,0,14	00:90,0,0,0	03:18,0,0,24	00:72,0,0,0	03:27,0,0,90	03:55,0,0,19	02:58,0,26,0	00:58,0,0,12	03:66,0,0,8	03:75,0,0,8	00:62,0,0,0	00:71,0,0,0	33:23,0,0,53	33:57,0,0,17	03:62,16,0,33	01:23,14,0,0	00:30,0,0,0	00:55,0,11,0	00:38,15,0,0	03:33,13,0,18	13:17,24,0,16	03:62,0,0,22	00:79,0,0,0	00:59,0,0,16	03:51,0,0,13	00:67,0,0,0	00:70,0,0,0	03:34,0,0,9	00:49,0,0,0	00:87,0,0,0	33:33,0,0,48	00:56,0,32,0	03:29,0,0,31	03:21,0,0,32	22:26,9,38,0	00:73,0,0,0	01:37,20,0,13	03:66,0,0,20	01:34,31,0,0	00:62,0,0,0	02:39,0,33,0	00:75,0,0,0	00:33,14,0,0	00:40,0,0,18	00:77,0,0,0	33:13,0,0,60	01:54,12,0,0	00:73,0,0,0	00:52,0,0,20	03:28,0,21,49	00:68,17,0,0	00:26,0,0,27	00:38,0,0,21	00:75,0,24,0	00:51,0,20,0	00:81,0,35,0	00:29,0,0,32	03:18,0,0,26	00:43,16,0,0	01:23,15,0,46	00:78,0,30,0	00:77,0,0,0	00:44,10,0,16	12:17,27,20,0	00:79,0,0,0	01:31,10,14,0	02:41,0,15,0	03:37,0,0,30	01:55,39,0,24	03:54,0,0,27	13:40,19,0,26	00:76,0,0,0	00:67,0,0,17	01:41,18,0,2	00:42,0,0,0	23:16,0,14,36	00:136,0,0,0	00:59,0,17,0	03:21,0,18,33	00:56,0,0,0	03:54,0,0,1	33:0,0,0,90	00:57,0,0,14	12:0,21,47,0	00:96,0,0,0	03:58,0,0,20	00:71,0,0,0	22:44,0,62,0	00:62,0,0,24	02:69,0,21,0	00:51,19,0,0	12:0,42,35,0	22:0,0,45,19	22:0,0,62,0	02:47,0,18,0	33:33,0,0,55	00:91,29,0,0	33:0,0,17,42	33:7,0,0,38	00:63,0,0,0	00:48,25,0,0	02:22,0,28,0	03:68,0,0,14	23:0,0,10,41	00:29,0,13,0	03:68,0,0,17	00:68,0,24,0	03:59,0,0,43	22:0,0,28,10	02:20,0,14,43	00:48,17,0,0	11:22,32,0,0	03:29,0,0,21	00:31,17,0,0	00:31,0,0,4	00:78,0,0,0	02:37,0,14,0	00:38,0,0,37	03:51,0,0,21	11:0,73,0,0	00:91,0,0,0	02:61,0,19,0	13:16,15,0,32	00:42,0,11,0	03:60,0,0,26	03:51,0,0,26	00:57,0,0,0	22:0,0,64,0	00:52,0,0,11	33:28,0,0,64	01:51,25,0,0	02:35,0,9,0	33:0,0,0,53	00:58,0,0,0	33:0,9,0,57	01:41,14,0,19	00:109,0,0,0	00:68,0,0,0	00:40,23,0,0	00:58,0,0,0	00:50,0,0,0	22:39,0,45,0	00:83,0,0,0	00:40,0,0,0	01:8,28,0,0	33:43,0,0,16	00:36,0,10,0	33:0,0,0,64	00:77,0,0,0	01:42,39,0,0	00:64,0,18,0	00:63,0,29,0	22:0,0,67,0	33:0,0,0,112	11:18,55,0,0	01:59,21,0,0	00:57,0,0,0	03:52,0,0,16	00:25,0,0,14	03:77,0,0,3	33:19,0,0,65	33:6,0,0,42	00:87,0,0,0	03:71,0,0,15	01:23,21,0,0	02:26,0,21,15	02:21,17,20,0	03:87,0,0,27	01:37,13,0,11	00:51,0,0,0	33:8,15,0,8	03:55,0,20,24	33:18,0,28,48	00:77,0,0,0	00:76,0,0,0	03:51,0,0,28	03:45,0,0,17	01:35,24,0,0	00:56,0,17,0	00:53,0,14,0	00:98,0,0,0	13:1,60,0,15	00:52,26,0,0	11:0,53,0,0	00:104,0,0,0	00:91,0,0,0	11:52,29,0,0	03:64,0,0,24	00:80,0,0,0	33:0,0,0,57	33:0,37,0,59
4_80	48	03:50,0,0,32	11:1,105,0,0	33:0,0,0,73	00:54,0,0,0	01:92,23,0,0	00:74,0,0,0	02:80,0,26,13	02:51,0,31,18	11:0,80,0,0	03:30,0,0,34	03:61,0,0,12	22:0,0,35,17	03:46,0,0,20	01:79,24,0,0	03:11,11,20,10	00:79,0,0,0	00:58,0,0,22	00:115,0,30,0	11:9,72,0,0	00:82,0,0,0	22:12,30,39,0	00:61,0,0,16	01:38,19,0,16	11:0,63,0,0	03:33,0,0,37	00:55,11,0,0	00:67,0,0,0	00:105,0,0,0	00:85,0,0,0	33:16,0,0,57	00:61,30,0,0	02:18,27,30,0	02:15,20,29,23	33:0,0,0,70	33:0,0,0,123	23:0,0,45,68	01:67,17,0,0	02:41,1,18,25	02:35,0,22,0	00:62,0,0,0	00:96,0,0,0	33:0,13,0,77	00:72,0,0,0	03:49,0,0,12	33:0,0,0,56	02:41,34,26,0	33:10,0,0,41	03:44,0,0,25	03:41,0,0,11	00:93,0,0,0	23:0,0,11,52	02:45,0,16,0	03:26,0,0,75	02:19,21,24,6	00:37,0,28,15	03:52,0,0,21	00:96,0,0,0	00:110,0,0,0	00:75,0,0,0	01:54,30,0,32	33:0,0,0,83	00:100,0,0,0	00:50,0,34,0	00:59,0,0,0	00:50,0,10,0	02:29,8,15,0	00:46,0,0,14	11:21,30,0,0	02:25,26,12,0	03:64,0,0,15	00:94,0,0,0	03:59,0,0,24	00:42,0,15,0	00:90,0,0,0	00:41,0,0,41	00:63,0,0,0	00:61,0,0,19	02:57,24,18,0	03:56,0,0,21	11:53,45,0,0	03:88,0,0,26	03:35,0,6,36	00:76,0,0,0	00:56,0,0,14	02:82,0,24,0	00:40,21,0,0	03:45,0,0,46	00:84,23,0,0	00:73,0,0,0	23:27,0,31,25	03:51,0,0,8	03:45,0,0,13	00:91,0,0,0	33:0,0,0,89	00:41,0,16,8	00:96,0,0,0	00:72,0,0,0	23:29,0,35,79	00:91,0,0,0	00:51,11,0,0	00:47,0,0,7	03:77,0,0,26	12:13,44,14,0	03:80,0,0,26	02:16,0,23,44	02:35,0,8,0	00:52,0,0,16	33:0,0,0,47	03:81,0,0,28	03:61,0,0,14	00:77,0,0,0	11:32,62,0,0	00:79,0,16,0	03:38,0,14,12	00:80,0,0,0	03:67,0,0,17	11:14,25,34,0	02:43,0,20,0	00:107,0,0,0	00:146,0,0,0	03:29,0,0,56	00:51,28,0,0	00:76,0,0,0	33:0,0,0,83	01:61,35,0,0	00:75,0,0,0	33:16,0,0,59	03:47,0,0,34	00:63,0,0,0	33:45,0,0,55	03:27,37,0,14	22:0,0,81,0	33:40,0,0,65	00:119,0,0,0	02:36,23,8,0	12:0,72,46,0	33:41,0,0,29	03:81,0,0,33	03:66,0,0,44	12:0,56,44,0	22:0,0,75,0	12:0,12,80,0	00:69,0,10,0	23:0,0,18,86	00:105,0,0,0	03:17,0,0,76	33:0,0,0,81	01:41,10,0,26	00:109,0,0,0	12:26,33,20,0	00:83,0,0,0	03:27,0,21,37	02:57,0,37,0	00:98,0,0,25	00:81,0,0,0	00:100,0,0,0	22:30,0,42,0	13:0,33,0,38	00:55,0,0,23	00:97,0,0,0	00:56,0,0,0	00:74,0,0,0	00:64,0,0,0	23:42,0,35,39	00:46,0,0,0	03:50,0,0,26	00:66,0,0,27	13:0,41,1,10	01:65,44,0,0	02:40,0,37,0	00:56,0,0,0	00:56,0,0,0	00:72,0,0,0	03:80,0,0,27	00:36,23,0,0	22:0,0,73,0	03:54,0,0,28	03:52,1,0,18	03:22,20,0,18	00:68,0,0,0	03:24,0,0,48	01:17,32,36,0	13:0,40,0,13	00:98,0,0,0	00:94,0,0,0	00:84,0,0,0	13:21,26,0,9	13:10,13,0,28	01:33,15,0,0	03:49,0,0,30	00:88,0,0,0	00:49,0,0,0	33:0,0,15,38	00:107,0,0,0	00:60,0,0,0	33:0,0,0,98	00:48,0,32,0	00:73,0,0,0	00:72,0,0,0	03:71,0,0,22	01:22,19,34,0	03:23,0,0,79	11:0,69,0,0	00:51,40,0,0	00:60,0,0,0	00:58,0,0,33	03:48,0,0,17	00:59,0,0,0	03:90,0,0,13	33:0,0,0,62	01:72,17,0,0	00:98,0,0,0	03:12,0,0,56	03:15,0,31,24	00:42,0,9,0	00:105,0,0,0	00:99,1,0,0	00:77,0,0,0	13:0,17,0,46	02:53,0,19,0	03:22,0,0,68	00:85,0,0,0	00:86,0,0,0	00:79,0,0,15	01:26,16,22,17	13:0,54,0,25	00:41,0,42,0	03:32,22,0,17	02:70,0,24,0	01:9,52,0,23	03:67,0,0,20	13:0,48,0,22	00:111,0,0,0	03:44,21,0,19	01:21,51,0,8	00:68,0,0,18	01:49,35,0,0	00:58,0,0,0	03:15,23,0,56
1_83	44	03:37,0,0,16	13:15,40,0,10	33:20,0,0,28	02:30,0,14,0	13:26,9,0,10	00:64,0,0,0	02:59,0,11,0	02:29,0,11,18	01:38,17,0,0	03:30,0,0,14	03:31,0,0,20	02:19,0,4,0	03:20,0,7,13	01:44,12,0,0	00:23,5,0,0	00:21,0,12,6	00:47,0,19,0	03:40,0,0,22	12:30,9,12,0	00:56,0,0,0	22:10,0,28,0	00:48,0,0,0	01:40,11,0,0	11:0,24,0,0	03:36,0,15,13	00:28,13,0,0	01:29,10,0,0	02:52,0,0,0	00:31,13,0,0	03:20,0,0,21	03:27,0,12,13	22:15,0,21,13	00:57,0,0,0	33:0,0,0,42	03:61,0,0,18	23:0,0,34,14	12:12,16,9,16	02:50,0,10,0	00:17,0,11,5	00:28,0,14,0	00:57,0,0,0	33:0,0,0,31	00:60,0,0,0	03:16,15,0,10	23:0,0,7,23	02:59,0,17,0	03:14,0,7,2	00:49,0,0,0	00:44,0,0,0	00:45,0,0,13	02:13,0,6,26	02:12,0,7,0	03:40,0,0,16	23:37,0,14,7	00:19,0,21,13	00:41,0,0,0	00:37,0,6,10	00:41,7,0,10	00:52,0,0,19	01:30,34,0,0	03:25,0,0,23	00:44,0,0,0	01:12,26,0,16	00:27,16,0,0	00:31,0,0,0	00:34,0,0,0	01:27,6,0,7	00:9,0,0,13	11:0,33,0,0	01:24,8,0,20	00:75,0,0,0	00:42,0,0,0	00:43,0,0,0	03:7,0,24,32	00:72,0,0,0	03:15,0,13,5	00:35,0,0,32	02:34,0,27,0	03:43,0,0,5	03:37,0,0,19	03:37,0,0,14	03:20,17,0,27	02:36,0,13,0	00:24,0,3,0	03:33,0,0,10	00:30,0,0,0	00:58,0,0,0	03:32,0,0,14	00:29,0,25,0	00:30,0,7,0	00:19,0,0,0	00:54,0,0,0	03:37,0,0,6	03:17,21,0,26	00:35,0,0,0	03:39,0,0,24	03:33,0,0,18	23:11,0,44,22	00:56,0,0,0	33:12,0,0,28	23:19,0,6,10	00:70,0,0,0	02:38,0,8,0	00:51,0,0,13	33:0,0,0,41	00:30,0,0,0	03:19,0,0,6	33:0,0,0,41	00:57,0,0,0	00:54,8,0,0	13:6,14,9,8	11:0,48,0,0	00:67,0,0,0	23:12,0,34,13	00:54,0,0,0	33:9,0,0,34	01:19,52,0,0	02:26,0,10,0	00:33,0,0,6	00:66,0,0,0	00:30,0,10,13	00:43,0,0,11	00:56,0,0,0	33:25,0,0,41	00:53,0,0,0	02:49,0,7,0	33:18,12,0,15	00:61,0,11,0	00:31,9,0,0	33:15,0,9,23	03:35,0,0,10	22:0,14,30,13	03:22,0,0,54	00:54,0,0,0	01:8,9,24,0	22:0,4,56,0	00:50,0,0,0	00:77,0,0,0	03:42,0,0,21	11:0,34,19,0	22:0,0,72,0	22:0,0,34,0	03:32,0,0,18	12:0,16,10,31	00:37,0,21,0	33:0,0,0,42	13:0,15,16,21	02:26,0,7,6	00:48,0,0,8	00:40,0,1,0	01:36,10,0,0	33:0,0,0,42	01:49,7,12,0	00:81,0,0,0	03:39,0,0,9	03:41,0,0,16	02:29,0,26,0	03:11,0,0,36	03:12,0,0,24	01:39,11,0,0	00:41,0,0,0	00:36,0,0,0	00:34,0,0,0	01:32,16,23,0	01:30,9,0,6	03:28,0,0,12	00:43,0,0,23	11:0,30,8,0	03:55,0,9,22	00:45,0,0,0	00:18,4,0,7	03:33,0,0,6	01:29,10,0,7	00:32,0,0,23	02:33,0,3,0	22:0,0,60,0	00:53,0,0,0	03:4,0,0,33	03:38,0,0,11	00:23,0,0,21	03:49,0,0,12	22:8,0,24,0	11:0,25,5,9	00:42,0,0,9	00:30,0,13,0	02:31,0,6,0	00:40,0,0,0	03:32,0,0,5	13:15,4,0,6	00:55,0,0,0	00:50,0,0,12	03:19,0,0,6	13:0,5,0,20	00:71,0,0,0	00:65,0,0,0	03:16,0,11,29	03:53,0,0,16	00:32,0,0,9	01:24,7,0,9	00:13,18,0,12	22:0,0,41,5	33:0,17,0,41	11:0,43,20,0	01:15,55,0,0	00:32,0,0,3	13:23,8,9,17	00:36,0,0,4	00:29,0,0,0	00:25,0,0,11	33:0,0,11,24	02:44,0,18,0	00:51,0,0,0	03:14,14,0,21	02:10,0,13,0	00:41,0,0,0	00:93,0,0,0	00:44,0,0,9	00:44,5,0,0	33:0,0,0,39	00:48,0,0,0	33:0,0,2,53	00:46,0,12,0	00:46,0,8,0	00:47,0,0,0	00:50,0,0,8	00:37,0,0,0	00:59,0,0,0	00:22,12,0,1	00:50,0,0,7	11:8,18,0,10	11:26,34,0,0	11:0,30,0,7	00:59,17,0,0	00:59,0,0,0	00:41,0,8,0	00:30,11,13,0	00:25,22,0,0	00:9,0,0,11	33:28,0,0,52
2_83	27	03:19,13,0,40	11:0,70,0,25	03:15,0,0,46	00:63,0,8,0	00:67,0,0,11	00:72,0,0,0	03:69,0,0,37	23:49,0,0,52	01:23,40,0,0	00:61,0,0,0	00:76,0,0,0	02:32,0,15,0	23:7,17,14,16	00:79,0,0,0	01:28,27,0,0	00:76,0,3,0	00:85,0,0,0	23:10,0,42,62	01:53,8,9,0	00:57,7,15,0	02:35,0,40,0	00:109,0,0,0	00:70,0,0,0	11:0,60,0,0	00:87,0,0,0	00:74,1,0,0	00:56,15,0,0	00:65,33,0,0	00:76,0,0,0	03:51,0,0,23	00:67,0,9,12	00:90,0,12,5	00:78,0,0,0	33:0,0,14,45	03:77,0,0,50	22:0,1,104,0	00:53,0,16,0	00:66,0,5,0	00:45,15,3,0	00:60,0,0,13	00:72,0,0,0	33:10,4,0,42	00:63,10,0,0	03:51,16,0,26	33:0,0,13,39	00:85,0,0,0	00:62,0,0,0	00:60,0,2,0	00:65,0,0,5	00:64,0,0,11	33:14,11,0,29	00:59,0,0,0	03:47,0,5,40	00:58,0,0,10	02:43,0,17,0	00:59,0,6,0	03:62,0,0,9	03:73,0,0,9	00:71,0,0,4	00:94,0,0,0	33:31,0,1,39	00:75,0,0,0	03:30,17,0,32	01:34,11,9,0	00:53,4,0,0	03:47,0,0,18	00:49,7,0,1	03:19,0,3,28	11:0,64,0,0	33:40,0,0,59	00:109,0,0,0	00:77,0,3,0	03:52,0,0,13	02:49,0,23,18	00:65,0,0,0	02:38,1,16,3	13:40,13,0,12	02:53,0,21,0	03:39,0,0,21	00:93,0,0,3	00:107,0,0,7	03:34,0,0,46	00:51,0,16,0	03:34,0,1,9	00:48,0,0,32	00:78,0,0,0	00:69,15,0,0	02:47,8,20,3	02:44,4,31,0	02:44,0,24,0	00:49,10,0,0	00:64,0,0,16	00:61,0,0,5	33:20,0,0,65	00:47,0,0,0	00:76,0,0,3	03:54,0,0,46	23:0,0,61,58	00:59,20,0,0	03:12,0,4,53	03:34,0,3,27	03:67,0,10,23	00:61,0,13,0	03:48,0,23,24	33:0,0,0,63	00:38,6,0,0	03:21,9,0,19	33:3,0,0,58	00:78,0,16,0	00:67,0,0,0	23:0,13,13,41	11:15,64,0,0	02:65,0,27,0	22:14,0,35,3	00:55,0,11,0	03:32,0,0,9	01:55,24,0,19	00:63,0,0,0	03:62,0,0,21	00:105,0,0,12	23:19,7,19,46	03:41,0,0,19	00:66,0,2,0	03:37,0,0,34	00:58,3,0,16	00:88,8,0,0	13:0,25,15,34	03:50,5,0,35	01:37,13,0,8	00:72,0,0,5	00:52,0,0,12	23:0,0,46,16	03:95,0,0,14	00:46,0,42,7	02:47,0,32,0	22:0,0,115,0	00:62,0,0,20	00:68,0,5,24	03:54,0,0,24	11:0,50,32,0	22:0,0,85,1	22:0,15,55,0	02:54,0,0,21	23:0,0,18,107	00:76,2,0,0	33:15,0,0,50	33:26,0,0,77	02:53,0,13,0	00:59,0,16,0	00:48,19,23,0	01:64,14,0,0	33:0,13,0,68	22:23,0,67,0	00:73,23,0,0	00:62,0,8,16	33:41,0,0,58	22:0,0,35,4	03:17,0,0,51	03:41,0,0,28	01:31,17,0,26	00:42,15,0,2	00:63,0,0,0	00:57,0,0,0	01:31,27,52,0	01:41,14,2,0	03:46,0,0,30	00:85,0,0,0	11:0,66,0,11	03:100,0,0,35	00:61,0,4,15	00:45,3,14,1	03:17,0,15,11	01:39,32,0,3	00:59,0,0,21	02:46,0,10,0	22:15,0,69,0	00:87,0,0,0	03:22,0,0,45	03:22,8,0,58	00:59,0,2,0	03:44,0,0,22	22:19,0,43,16	11:0,60,0,14	00:75,0,0,5	00:70,0,0,0	02:30,20,15,0	00:75,0,0,0	03:47,0,0,14	13:20,9,0,7	00:65,19,5,0	00:79,0,17,0	03:32,0,0,17	13:6,26,0,11	00:69,25,0,6	00:65,0,0,6	33:0,0,29,59	03:45,0,0,42	01:43,45,0,0	01:39,24,0,0	00:87,11,0,0	02:18,15,39,0	33:0,0,0,113	11:25,51,0,16	01:19,74,0,0	00:38,0,0,23	11:43,36,0,0	00:75,0,0,4	03:64,0,0,16	03:22,0,0,33	33:11,0,0,50	02:56,24,30,0	00:63,0,0,16	00:51,0,0,21	12:39,22,15,3	00:66,0,0,0	03:83,0,0,35	00:94,0,0,0	00:72,0,0,0	03:20,14,0,31	00:60,0,0,26	33:0,0,0,91	00:97,0,0,0	01:36,14,5,6	00:102,0,1,0	00:69,0,0,0	00:54,0,0,0	00:85,0,0,0	00:34,18,0,0	01:63,28,0,0	12:9,48,9,0	13:31,24,0,10	11:0,72,8,0	00:100,0,0,0	00:89,0,0,14	01:20,53,0,0	03:49,0,31,16	00:72,12,0,0	03:32,0,0,40	03:41,0,0,56
3_83	53	02:36,0,12,13	23:16,0,24,22	33:19,0,0,30	00:58,0,0,0	00:49,0,14,0	02:44,0,11,0	13:42,15,0,19	00:59,0,0,0	11:0,70,0,0	00:85,0,0,0	00:50,0,0,0	00:28,0,0,0	03:32,1,0,12	00:73,0,0,0	00:37,7,0,0	01:25,9,0,8	00:59,0,0,0	03:40,0,0,56	13:2,32,0,18	00:77,0,0,0	22:13,0,52,0	00:82,0,0,0	00:74,0,0,0	12:15,28,15,0	00:76,0,0,0	00:28,8,0,0	00:39,0,14,0	00:77,0,0,0	00:90,0,0,0	23:29,0,12,11	03:27,0,0,41	03:31,0,8,11	00:58,0,12,0	33:28,0,0,26	03:63,0,0,62	22:0,0,46,0	03:40,0,0,11	00:67,0,0,0	00:68,0,0,0	00:46,12,0,0	01:43,4,0,0	33:0,0,0,70	01:54,11,0,0	03:58,0,0,11	33:0,8,0,32	02:84,0,24,0	23:22,0,14,13	03:38,0,0,15	02:23,14,7,0	00:48,0,17,0	00:22,0,0,25	00:45,0,0,0	03:30,0,0,27	00:66,0,0,0	00:71,0,0,0	00:50,0,0,0	01:27,44,0,0	02:32,0,49,0	00:67,0,0,0	00:72,0,0,0	33:15,0,0,39	01:52,20,0,0	11:12,41,0,0	03:49,0,0,14	02:22,0,12,8	01:29,13,0,0	00:62,0,0,2	33:12,0,0,33	11:0,74,0,0	33:26,0,0,69	00:63,0,0,16	00:62,0,0,0	00:48,0,3,0	03:46,0,17,29	03:46,0,14,21	00:59,0,0,0	01:52,16,0,20	00:54,0,30,0	03:50,0,0,12	00:87,0,0,0	13:31,23,0,43	33:2,0,0,60	02:57,0,14,1	00:49,0,0,0	00:56,0,0,17	00:56,22,0,0	00:64,0,0,22	00:63,0,0,0	00:35,0,28,0	00:67,2,0,0	00:38,0,3,0	00:50,0,0,17	00:43,16,0,1	33:0,0,0,68	00:49,0,1,9	00:63,0,0,0	01:50,15,0,0	33:23,0,15,43	02:93,0,26,0	00:36,0,9,4	03:37,0,0,22	00:63,0,0,26	03:41,0,0,10	03:51,0,0,25	33:8,0,0,34	00:56,14,0,0	03:20,0,0,26	03:26,0,1,19	02:43,0,37,0	02:43,0,16,0	00:33,1,0,14	11:1,40,13,0	02:53,0,24,0	02:49,0,13,0	03:30,0,6,20	00:41,0,0,13	03:41,21,0,19	00:43,0,0,0	03:60,0,0,25	02:59,0,24,25	33:0,14,15,33	13:26,20,2,26	01:38,17,17,0	33:0,0,0,64	03:32,0,0,27	03:36,21,0,25	03:20,0,0,42	00:68,18,0,0	00:33,0,0,12	33:41,0,0,35	03:44,0,0,18	12:0,21,47,0	03:33,0,0,26	00:57,0,0,0	22:6,27,24,0	22:0,0,80,0	00:51,0,0,1	03:55,0,0,18	03:63,0,3,34	12:0,45,12,1	00:23,0,38,0	22:1,0,55,0	00:39,0,0,12	33:0,28,0,82	00:78,0,0,0	00:27,0,0,35	00:42,12,0,4	00:54,0,0,0	00:67,0,0,0	00:59,3,0,0	00:65,0,0,0	22:0,0,30,15	02:30,19,19,0	00:61,0,0,16	02:45,2,15,0	00:22,0,0,38	22:1,13,46,0	33:9,0,0,43	01:45,15,0,9	00:53,0,0,16	00:38,0,0,0	00:44,11,0,0	01:55,19,1,0	00:89,0,0,0	00:21,0,9,0	00:44,0,0,17	03:49,13,0,22	11:18,42,0,0	00:88,0,0,0	01:23,35,0,0	00:64,0,0,0	03:21,0,8,13	23:14,0,10,30	00:72,0,0,0	00:38,0,0,11	12:0,13,55,0	01:11,18,25,7	33:3,0,0,55	00:35,0,0,15	13:0,34,0,26	03:24,0,13,30	22:12,0,44,0	11:0,54,2,0	00:62,0,0,0	00:60,0,0,0	03:45,0,0,15	00:75,0,0,2	00:44,0,0,0	00:27,11,0,0	00:65,0,0,0	00:63,0,0,19	00:48,0,0,0	33:1,18,0,11	00:80,18,0,0	02:33,0,21,0	33:0,0,0,84	03:50,0,0,15	01:38,40,0,0	00:72,0,0,0	00:56,0,8,1	00:58,0,1,0	03:28,0,0,62	03:26,16,0,23	01:39,45,0,0	33:13,0,0,15	00:33,11,0,0	03:35,2,0,16	01:17,11,0,16	00:37,0,0,25	33:1,0,0,60	00:70,0,0,0	00:66,0,0,0	03:34,0,9,25	00:32,19,13,0	00:41,0,0,0	00:48,0,0,16	33:45,0,0,49	00:28,2,0,6	33:0,0,0,95	00:38,0,0,19	23:0,0,14,69	00:50,0,13,0	23:16,0,10,39	00:90,0,0,0	03:65,0,0,42	01:35,11,0,0	03:19,17,0,24	00:56,0,0,3	00:79,0,0,0	01:22,33,0,2	03:45,0,0,15	11:1,51,15,0	01:66,27,0,0	00:78,0,0,0	03:17,17,12,26	02:59,0,19,0	33:34,2,0,39	00:38,0,0,0	01:44,20,0,18
2_84	41	33:0,11,0,34	33:0,22,0,56	33:29,0,10,30	00:74,0,0,0	00:100,0,0,0	33:17,21,10,20	00:63,0,0,24	02:18,23,31,19	11:35,57,0,0	03:35,0,0,45	00:81,0,0,0	00:31,17,11,0	00:55,0,0,11	00:87,0,0,0	01:28,33,0,0	NA:53,0,0,0	00:69,12,0,0	03:39,0,26,22	12:18,28,20,0	00:84,0,0,0	33:16,0,51,34	03:68,0,20,17	02:48,0,14,0	13:0,42,19,12	00:84,0,0,20	02:22,13,22,0	12:23,14,30,0	02:89,0,21,0	00:93,0,0,0	03:42,0,0,40	03:72,0,0,19	00:61,0,18,0	00:93,0,0,0	33:0,0,0,67	03:130,0,0,0	23:23,0,40,18	12:43,13,17,0	00:46,0,26,0	00:52,0,13,0	00:66,0,19,0	01:37,43,0,0	33:0,0,0,77	00:84,0,0,0	00:70,0,0,14	33:11,0,0,43	22:19,0,88,0	03:57,0,0,0	00:81,0,0,0	00:69,0,0,0	00:78,0,0,0	33:0,0,0,60	00:63,0,0,0	33:0,0,0,99	00:50,0,18,10	03:67,0,0,37	02:55,0,20,0	00:95,0,0,0	00:110,0,0,0	03:43,17,0,12	01:52,38,0,0	03:0,0,0,67	00:103,0,0,0	22:51,0,32,0	00:56,0,0,0	03:34,0,0,14	03:17,0,0,20	00:71,0,0,16	00:52,0,0,0	01:15,48,0,0	03:64,0,0,44	02:60,0,27,20	00:93,0,0,0	01:20,19,0,18	03:42,0,0,43	01:71,19,0,0	00:68,0,0,0	00:67,22,0,0	01:45,13,23,0	03:46,0,0,31	00:83,16,0,0	03:103,0,0,0	03:72,0,0,22	03:22,15,0,18	03:23,0,0,46	00:85,0,0,0	03:56,0,0,17	02:48,0,0,40	00:63,0,18,1	00:55,0,25,0	00:63,0,24,0	00:78,0,0,0	00:82,0,0,0	03:60,0,0,30	33:0,0,0,97	00:48,0,0,10	03:34,0,0,65	01:29,15,0,54	33:0,0,27,89	02:45,0,25,22	03:21,0,0,62	00:46,0,0,22	03:55,0,0,45	00:83,0,0,0	00:62,22,0,0	03:33,0,0,27	02:44,0,36,0	00:26,0,0,26	03:25,0,0,52	00:83,0,0,0	00:59,19,0,0	00:47,19,0,14	11:17,76,0,0	00:85,0,15,0	22:38,0,38,0	00:78,0,0,0	01:36,9,0,15	01:55,14,0,14	00:35,0,21,0	00:80,0,0,0	00:146,0,0,0	13:0,0,0,109	00:75,0,0,17	00:79,0,0,0	03:13,0,0,63	00:80,0,0,0	11:38,43,0,0	03:14,0,0,64	02:43,0,19,16	00:57,0,0,0	33:39,0,0,49	33:34,0,0,42	01:15,16,42,0	01:31,19,0,51	00:91,0,0,0	22:55,0,13,0	12:0,21,68,0	03:67,0,0,0	00:76,21,0,0	03:40,0,0,52	11:0,71,16,0	12:0,44,38,0	22:0,0,79,0	00:92,0,0,0	03:39,0,51,26	03:44,0,10,19	33:0,0,0,85	03:18,0,0,52	00:66,0,19,0	00:86,0,0,0	02:44,0,28,13	01:42,54,0,0	03:21,0,0,66	22:17,0,69,0	00:92,19,0,0	03:20,0,0,47	03:48,0,28,32	33:15,0,12,33	33:0,0,0,64	00:57,0,0,27	01:58,15,0,0	03:49,0,0,17	00:63,0,0,0	00:72,0,0,0	00:67,0,22,0	03:32,0,12,19	00:48,0,0,26	00:88,0,0,0	11:13,42,0,0	02:64,0,29,0	00:68,16,0,0	11:37,43,0,0	00:35,0,13,0	03:12,0,0,56	00:59,0,0,0	03:63,0,0,0	12:0,14,72,0	00:79,0,20,0	33:0,0,0,64	03:67,0,0,9	00:56,0,0,0	00:85,0,0,0	02:39,0,14,8	11:0,75,0,0	00:87,0,0,0	03:35,0,0,55	01:47,10,0,0	02:25,0,44,0	02:71,0,0,0	00:62,0,0,0	01:35,40,0,0	00:84,0,0,0	00:66,0,0,0	01:32,18,0,0	01:56,37,0,0	33:28,0,0,26	02:55,1,12,20	00:63,0,0,18	01:77,10,0,0	00:57,0,0,21	00:76,0,0,0	02:13,0,58,0	33:24,0,0,88	11:17,53,0,0	01:2,69,0,21	00:35,9,0,18	03:33,0,0,46	00:78,0,0,0	00:64,0,0,0	00:77,0,0,0	33:0,0,0,77	00:61,0,0,0	00:81,0,0,0	03:12,0,0,65	00:12,0,10,28	00:63,0,1,0	00:69,16,0,0	03:21,26,0,40	03:37,0,0,37	33:0,0,0,80	03:31,0,0,31	33:0,0,0,75	02:30,0,43,21	00:58,0,0,15	03:49,0,0,43	00:60,0,0,17	00:82,0,0,0	00:48,0,0,16	00:54,0,0,17	03:55,0,0,44	13:0,24,0,41	00:61,0,0,19	11:0,80,0,0	00:103,0,0,0	03:94,0,0,0	00:53,17,0,0	03:44,0,31,26	00:73,0,33,0	23:0,0,10,40	33:0,0,0,103
3_84	60	02:46,0,21,20	11:0,68,0,17	03:26,0,0,23	00:45,0,15,0	00:53,22,0,19	00:84,0,0,0	01:30,25,24,0	00:52,0,21,0	13:28,40,0,31	00:54,0,0,23	03:34,0,0,23	02:34,0,12,0	13:17,11,0,21	00:43,8,0,0	00:47,0,0,0	00:53,0,0,2	00:69,0,0,0	03:59,0,0,48	00:44,14,9,0	03:49,0,0,24	22:0,0,81,0	02:94,0,0,0	02:43,16,16,0	11:0,42,0,0	03:41,0,0,26	03:36,1,0,8	00:30,12,1,0	03:60,0,0,28	02:55,0,23,0	00:32,0,0,15	00:85,0,0,2	00:55,0,7,0	00:79,0,0,0	33:2,0,0,99	03:82,0,0,53	22:0,0,61,15	00:42,10,0,0	02:41,0,36,0	02:24,0,29,0	01:74,18,0,0	00:89,0,0,0	33:0,0,0,79	00:81,0,0,0	00:36,0,0,13	23:0,0,0,51	03:95,0,21,0	00:32,9,0,16	00:60,0,0,0	02:41,4,10,0	03:42,0,0,12	03:33,0,8,15	00:41,0,11,0	33:8,0,0,53	23:28,0,40,15	00:66,0,0,0	02:47,1,13,0	03:42,0,0,23	03:48,0,0,30	02:52,0,10,0	01:46,28,0,0	01:18,19,0,26	00:89,0,0,0	01:52,27,0,0	00:39,5,0,0	00:45,0,0,1	00:36,0,0,0	01:46,25,0,19	00:16,10,0,9	12:0,35,29,0	03:31,0,0,69	00:106,0,0,0	00:62,0,0,0	00:30,0,0,8	00:62,21,0,0	01:57,15,4,0	00:32,0,12,0	00:74,27,0,0	03:47,0,14,19	33:3,0,0,71	00:63,13,0,0	03:48,0,0,38	03:38,0,0,38	23:37,0,16,18	02:23,0,15,0	03:57,0,0,12	00:88,3,0,0	03:53,0,0,19	00:51,0,1,0	02:53,0,28,0	00:61,0,1,22	02:29,0,12,13	00:69,0,0,0	00:77,1,0,0	33:0,0,0,96	03:25,12,1,19	03:54,0,0,36	03:45,0,0,27	23:30,0,29,59	03:64,0,0,19	33:12,0,0,44	00:52,0,0,1	03:60,0,0,65	00:31,35,0,0	01:76,27,0,0	03:36,0,0,22	02:41,0,39,0	03:44,0,0,0	33:0,0,0,57	00:64,0,3,35	01:29,13,0,18	00:53,0,0,0	00:31,27,2,0	02:66,0,13,0	02:23,0,19,18	03:49,0,1,13	33:27,0,0,50	13:22,44,0,14	02:23,0,35,0	00:85,0,0,0	03:81,0,0,24	03:24,0,3,54	01:28,14,18,2	01:48,0,0,8	03:25,0,0,50	00:82,0,0,0	01:78,0,0,0	23:0,0,17,61	02:81,0,22,4	03:65,0,0,0	03:29,0,0,31	00:44,0,0,17	22:0,18,68,0	00:58,0,24,2	00:68,0,10,0	02:48,13,11,0	02:40,8,48,0	03:42,0,0,31	00:70,0,0,19	01:40,28,0,31	11:0,53,35,0	12:0,0,86,0	22:0,17,58,0	00:38,0,0,15	03:43,0,0,76	00:81,0,0,0	23:20,0,31,37	03:14,0,0,43	03:39,0,0,23	00:64,0,22,4	00:25,13,11,0	00:66,0,0,0	33:0,16,0,47	22:19,0,61,0	00:83,21,0,0	00:58,0,0,0	03:34,0,0,31	02:15,0,25,16	03:33,0,0,41	03:31,0,15,28	13:47,38,0,0	00:38,0,0,9	03:45,0,11,19	00:70,0,0,0	00:68,0,0,18	00:49,0,0,2	00:52,0,0,16	03:36,16,0,16	13:8,28,0,17	02:95,0,5,0	03:69,0,0,17	00:51,15,0,0	03:20,0,15,10	12:46,19,10,1	00:80,0,0,0	00:36,2,0,0	22:0,0,84,0	00:82,0,0,0	33:1,0,0,50	13:16,32,0,19	00:74,0,0,0	33:3,26,0,41	22:29,0,36,0	13:0,54,0,0	00:48,12,0,0	00:81,0,0,0	00:39,0,1,18	02:86,0,0,0	03:33,0,0,23	01:33,14,0,0	03:64,0,0,0	03:95,0,0,0	00:72,0,0,2	12:0,41,6,0	03:80,0,0,0	00:78,0,0,0	03:0,0,0,86	00:71,0,0,18	00:64,18,0,0	02:23,11,13,0	02:26,2,10,0	22:25,0,28,0	33:26,0,0,62	11:0,73,2,0	01:23,34,0,24	00:31,0,0,15	00:42,3,0,10	03:34,0,0,20	03:42,0,0,0	33:27,0,0,23	03:9,0,0,44	02:82,0,0,0	03:55,0,0,16	13:29,14,0,14	02:30,0,13,0	01:49,18,0,0	03:91,0,0,0	03:48,0,0,50	00:41,0,0,16	03:32,0,0,39	03:35,0,0,36	23:34,0,29,37	00:105,0,0,0	00:52,0,15,0	03:87,0,0,1	23:40,0,11,18	01:41,10,0,9	00:69,0,13,0	02:28,16,21,14	00:77,0,25,0	13:25,54,0,2	01:14,37,0,13	12:0,39,8,13	02:88,0,17,0	03:70,0,0,18	01:40,40,0,0	03:79,0,0,26	00:64,21,0,0	33:24,0,0,31	13:19,20,0,34
4_84	56	22:0,2,1,2	11:0,7,0,1	03:3,0,0,3	00:5,0,0,0	00:12,0,0,0	00:4,0,0,3	00:7,0,0,1	03:3,0,1,6	01:1,6,0,0	00:6,0,0,1	03:11,0,0,1	00:3,0,5,0	02:4,0,2,1	00:7,0,0,0	00:1,4,0,0	00:9,0,0,0	00:8,0,0,0	03:8,0,2,0	01:1,1,0,0	00:7,0,0,0	22:3,0,3,0	00:8,0,0,2	00:3,0,3,0	11:0,4,0,0	00:9,0,0,0	00:3,0,2,0	00:6,0,0,0	00:11,0,1,0	00:4,0,0,0	33:0,0,0,6	03:8,0,0,0	00:14,0,0,0	00:12,0,0,0	03:3,0,0,2	33:6,0,0,8	22:0,0,7,5	00:14,0,0,0	02:12,0,12,0	00:8,0,0,0	00:5,0,0,5	00:4,2,0,4	13:0,1,0,7	00:11,0,0,0	00:11,0,0,0	33:0,0,0,8	02:7,0,7,0	00:1,0,0,0	00:4,0,0,0	00:6,0,0,2	00:2,0,0,0	03:1,0,0,0	00:0,0,0,0	33:0,0,0,11	03:4,0,0,3	00:13,0,0,0	00:8,0,0,0	00:8,0,0,0	00:12,0,0,0	00:7,0,0,0	00:11,0,0,0	33:0,0,0,5	00:14,0,0,0	00:10,0,5,0	02:4,0,2,0	03:1,0,0,1	03:3,0,0,2	00:8,0,0,3	03:6,0,0,0	11:0,2,0,0	00:5,0,4,4	03:4,0,0,3	00:10,0,0,0	03:3,0,0,0	01:6,3,0,3	03:4,3,0,2	01:2,0,0,0	00:11,0,0,0	22:3,2,8,0	03:1,0,0,7	00:8,0,0,0	03:13,0,0,2	33:0,0,0,8	01:10,1,0,0	03:3,0,0,1	00:7,0,0,0	02:2,0,0,0	03:8,0,0,1	00:8,0,2,0	00:9,0,0,0	03:5,0,3,2	03:3,0,0,3	00:7,0,0,0	01:4,5,0,2	13:0,1,0,3	00:0,0,0,0	00:7,0,0,7	00:14,0,0,2	23:0,0,2,6	00:9,0,3,0	00:2,0,0,3	00:3,0,0,0	00:11,0,0,5	01:9,1,0,0	03:13,0,0,2	03:2,0,0,3	02:6,0,2,0	03:4,0,0,8	33:0,0,0,9	00:17,0,0,0	00:11,0,0,0	02:1,5,5,0	11:0,9,0,0	02:5,0,2,0	22:1,0,3,0	00:2,4,0,0	33:3,0,0,1	11:5,8,0,0	00:5,0,0,0	03:5,0,0,5	03:6,0,0,2	23:3,0,4,3	13:5,1,0,2	00:3,0,0,0	00:4,0,0,1	00:7,0,0,3	00:6,0,0,0	12:0,4,2,2	02:8,0,0,0	01:3,3,0,0	03:4,0,0,2	00:4,0,0,0	23:0,2,4,0	13:2,5,0,4	00:8,0,0,0	02:3,0,1,2	11:0,8,10,0	01:10,1,0,0	00:12,0,0,0	00:6,0,2,0	11:0,6,2,0	22:0,0,8,0	22:0,3,7,0	00:10,0,1,0	33:0,0,0,18	00:10,0,3,0	33:0,0,0,5	33:1,0,0,7	03:1,1,0,2	03:8,0,0,0	01:3,4,0,0	03:2,0,0,4	13:0,9,0,5	02:5,0,4,0	03:10,4,0,0	00:8,0,0,2	03:9,0,0,4	22:0,0,4,0	33:0,0,0,5	00:6,0,0,0	01:7,2,0,2	03:4,4,0,1	03:1,0,0,1	00:4,0,0,1	00:7,0,0,0	03:2,0,2,0	00:6,0,0,0	01:6,1,0,1	11:0,9,0,0	02:17,0,4,0	03:5,0,0,0	01:4,1,0,0	00:5,0,0,0	23:4,0,0,5	00:9,5,0,0	00:6,0,0,0	22:0,4,2,0	00:6,0,0,0	03:2,0,0,0	03:0,0,0,2	02:4,0,1,0	00:3,0,0,3	00:3,2,0,1	01:3,1,0,0	00:12,0,0,0	13:2,1,0,5	00:7,3,0,0	02:4,0,5,0	00:2,0,0,0	03:3,0,0,2	01:2,2,1,0	00:3,0,0,0	00:5,0,0,0	01:0,2,0,2	00:12,0,0,2	03:3,2,0,4	02:3,0,4,8	00:13,0,0,0	00:6,0,0,0	00:2,0,0,1	03:1,4,0,3	12:0,6,5,0	33:0,0,0,10	01:1,0,1,0	11:1,4,0,0	03:0,0,0,3	03:8,5,0,2	00:4,0,0,0	00:8,0,0,0	03:6,0,0,0	03:3,0,0,9	00:2,0,0,0	00:8,0,0,0	33:0,0,0,9	00:1,0,3,0	00:7,0,0,0	00:15,0,0,0	03:3,0,0,3	33:5,0,0,1	11:0,2,0,3	33:1,0,0,6	33:1,0,0,10	02:1,0,2,6	02:0,0,0,0	03:8,0,0,2	00:7,0,0,0	00:1,0,3,4	00:11,0,0,0	03:4,0,0,3	00:13,0,0,0	11:4,0,0,2	00:2,4,3,0	11:0,3,0,2	00:12,0,0,0	00:6,3,0,0	13:1,3,0,0	23:6,0,2,2	00:3,0,0,0	03:2,0,0,2	33:2,0,0,5
3_85	37	03:24,4,0,33	13:5,26,22,37	33:0,0,8,28	00:37,0,0,0	01:54,17,0,0	02:40,0,14,0	00:116,0,0,0	00:71,0,22,0	11:0,83,0,0	00:51,0,0,27	00:27,14,9,0	02:23,0,24,0	00:30,0,0,26	00:59,0,0,14	13:0,39,0,15	00:36,0,17,0	02:50,0,39,0	00:95,0,0,0	02:43,15,16,0	03:48,0,0,27	12:0,37,31,0	00:52,0,0,20	00:72,0,0,0	11:0,45,0,0	00:75,0,0,22	00:52,0,14,0	00:48,0,21,0	01:77,26,0,0	02:50,0,15,17	00:24,0,0,31	00:91,0,0,0	00:86,0,0,0	00:64,0,0,15	33:21,0,0,45	33:32,0,0,70	22:0,0,52,21	03:36,0,0,16	00:79,0,0,0	00:38,12,0,0	00:64,0,0,24	00:52,15,0,0	13:0,16,0,55	00:49,0,0,15	00:84,0,3,0	33:0,0,0,66	00:77,0,24,0	00:13,0,8,15	03:43,0,0,21	00:45,0,0,18	03:44,0,0,13	33:0,0,0,48	00:53,0,0,0	12:0,3,22,41	03:32,18,0,5	02:53,0,21,0	00:58,0,0,15	01:78,25,0,0	02:83,0,26,0	00:67,0,0,0	00:88,0,0,0	33:0,0,0,53	00:71,23,0,0	12:15,19,37,1	00:53,0,0,0	03:31,0,0,9	00:29,0,10,13	00:47,0,0,7	33:26,12,0,12	11:17,51,0,0	03:27,0,0,55	00:101,0,0,0	00:42,0,0,10	00:60,0,0,0	13:40,11,0,31	00:69,0,0,0	00:52,0,0,14	00:69,0,0,21	02:49,1,26,0	00:50,0,0,0	00:74,0,0,0	23:43,0,32,33	33:0,0,0,52	03:16,16,18,15	02:24,0,28,0	00:96,0,0,0	00:47,0,0,0	02:41,0,25,23	03:46,0,0,16	02:40,0,36,0	00:57,0,0,18	00:41,0,0,13	00:69,0,0,0	00:63,0,0,0	33:23,0,0,60	00:45,0,0,0	00:90,0,0,0	03:52,0,0,16	23:47,0,27,30	02:57,0,18,0	03:15,0,0,40	00:49,0,0,0	03:61,0,0,43	01:39,7,0,0	00:86,22,0,0	33:2,0,0,65	00:48,0,0,0	03:24,0,15,8	03:45,0,0,24	00:46,18,0,24	01:43,15,0,0	00:44,15,0,0	11:1,76,0,0	00:76,0,17,0	00:50,0,0,0	00:42,0,0,26	03:28,0,0,19	01:76,25,0,0	01:39,12,0,0	01:52,28,12,0	00:85,29,0,0	33:13,0,0,60	03:11,11,23,21	00:62,0,0,0	33:0,0,0,64	00:85,0,0,0	00:85,0,0,0	23:21,0,15,30	00:58,0,21,0	03:25,0,9,22	00:47,0,0,32	03:61,0,0,15	22:0,14,69,0	13:46,16,0,26	00:77,0,0,29	22:19,15,34,0	22:3,24,84,0	03:45,0,0,17	03:61,0,0,28	23:59,0,29,27	02:16,42,18,0	22:2,0,55,0	02:18,1,34,0	01:38,9,0,17	13:0,69,0,62	00:104,0,0,0	33:20,0,0,56	03:14,14,0,36	00:36,0,0,24	00:82,0,0,0	02:54,0,21,0	03:60,0,0,16	33:0,0,0,63	02:28,20,53,0	00:109,0,0,0	00:50,0,0,14	03:31,0,0,57	12:3,18,61,0	03:37,0,0,55	00:58,0,0,1	01:43,29,0,0	00:52,0,0,0	00:60,0,0,0	00:54,0,0,12	00:76,17,0,0	00:41,9,0,0	03:21,0,0,58	03:32,0,0,34	01:17,39,0,0	00:78,0,0,27	01:50,15,0,0	03:23,8,0,16	00:58,0,0,0	00:75,0,0,4	03:51,0,0,22	00:39,0,9,0	23:1,0,66,18	00:67,0,4,0	03:35,0,0,37	00:62,0,0,0	01:42,8,0,0	03:24,0,0,37	22:16,0,40,0	11:0,70,0,2	00:90,0,0,0	00:94,0,0,0	23:3,0,17,32	00:77,0,0,0	00:66,0,0,0	02:27,0,9,9	00:79,0,0,0	01:79,16,0,0	00:33,0,0,10	13:0,17,0,21	00:87,0,0,0	01:46,30,0,0	33:0,0,0,74	00:90,0,0,21	01:37,25,0,0	33:0,11,0,33	01:20,31,0,0	02:20,2,47,0	33:4,0,0,103	13:0,33,0,23	11:28,43,0,0	33:14,0,0,33	00:46,15,24,0	01:42,13,0,0	00:39,10,0,0	03:26,0,0,46	03:26,0,0,35	00:33,23,8,0	03:55,0,0,23	33:18,0,0,71	01:22,28,31,0	00:53,0,0,0	00:100,0,0,0	03:31,0,0,48	03:41,18,0,10	03:30,0,17,35	33:20,0,0,55	33:0,14,0,70	00:47,0,31,0	00:37,3,19,14	00:63,0,0,12	03:60,0,0,19	00:62,0,0,10	00:67,0,0,0	00:37,0,0,13	00:33,0,0,42	33:0,31,10,29	01:53,15,0,1	11:0,41,0,13	03:48,0,28,38	00:81,0,0,0	01:34,20,20,0	00:59,19,0,0	11:28,36,0,15	00:25,0,0,21	03:40,0,0,50
1_86	38	01:6,0,0,7	13:0,9,0,10	33:0,0,0,11	01:9,2,0,0	00:19,0,0,0	01:9,4,0,0	00:16,0,5,0	02:6,4,13,0	11:0,16,0,0	03:6,0,0,6	02:4,0,0,3	22:0,1,14,0	33:5,0,0,10	02:11,4,7,0	02:5,0,1,1	00:18,0,0,0	01:13,5,0,0	01:18,4,0,0	11:0,9,0,0	00:13,0,0,0	22:0,0,20,0	02:12,3,4,0	00:15,2,0,0	12:0,6,0,0	00:10,0,0,3	02:12,0,5,0	02:7,1,5,3	03:16,0,0,3	03:8,0,0,2	33:1,0,0,4	01:9,5,0,1	01:5,6,3,0	13:9,6,0,4	33:0,0,0,10	03:8,0,0,19	12:0,8,7,4	01:3,6,1,0	02:5,0,17,0	01:10,2,0,0	03:4,0,0,3	00:20,0,0,0	33:0,0,0,10	03:19,0,0,5	00:13,0,0,3	33:0,0,0,11	03:5,3,5,4	23:3,0,3,8	03:4,3,0,1	03:6,0,0,2	02:10,0,3,0	23:0,0,6,6	03:3,0,4,7	33:3,0,0,15	01:5,4,2,0	01:5,8,1,0	03:8,0,0,1	00:22,0,0,0	00:24,0,0,0	00:10,4,1,0	01:6,8,0,0	33:0,0,0,17	00:32,0,0,0	02:13,0,6,0	00:11,0,0,0	00:13,0,0,1	23:6,0,4,4	03:1,0,0,4	01:3,1,0,1	01:0,3,0,0	03:6,3,0,8	00:11,0,0,4	03:13,0,0,3	00:7,0,0,1	03:5,0,0,7	00:21,0,0,0	00:10,0,0,4	00:17,0,0,0	00:11,0,9,0	00:12,0,0,0	02:4,2,3,1	03:15,0,0,18	33:3,0,0,14	00:14,0,0,0	03:6,0,0,6	00:10,4,0,0	01:2,7,0,2	00:10,3,0,0	00:13,0,0,4	02:11,0,8,0	00:17,0,0,0	02:7,0,1,0	00:10,0,1,0	00:15,0,0,4	33:0,0,0,10	00:16,0,0,0	00:16,0,0,5	01:4,7,0,7	03:9,1,4,4	00:12,0,0,0	33:4,0,0,8	00:6,0,0,0	03:12,0,0,8	01:11,2,0,0	00:22,0,0,0	33:5,0,0,12	00:18,0,0,0	03:12,0,0,5	03:1,7,1,3	00:15,0,0,0	00:13,1,5,0	00:13,2,0,0	01:5,6,5,0	00:30,0,4,0	03:6,5,5,3	02:12,1,2,0	00:12,0,0,2	01:11,8,0,0	00:8,0,0,6	00:10,0,0,3	00:23,0,0,0	03:15,0,0,5	00:6,4,0,0	03:11,0,0,2	33:0,0,3,13	00:20,0,0,0	00:6,0,3,0	03:5,0,0,6	00:21,0,0,0	02:5,0,5,0	00:6,0,0,13	00:13,0,0,0	12:0,10,8,0	00:19,0,0,3	00:14,0,0,0	00:9,3,5,0	01:2,10,2,0	03:12,0,0,4	03:17,0,0,4	12:6,4,4,0	12:0,10,11,0	23:0,0,10,5	22:0,2,10,0	00:12,0,0,0	02:2,0,12,5	00:21,0,0,0	23:3,0,11,9	03:5,0,0,10	33:0,4,0,6	00:16,0,0,4	02:8,0,4,0	00:15,0,0,0	33:0,0,0,16	02:4,0,14,0	00:23,0,0,0	00:21,0,0,0	00:19,0,0,1	02:2,0,9,0	03:7,1,0,8	00:15,0,0,0	01:16,2,0,1	00:15,0,0,0	03:8,0,0,1	03:15,0,0,0	00:19,0,0,3	00:7,0,0,1	01:6,4,0,0	13:4,4,0,6	11:1,17,0,0	00:11,5,0,4	03:14,0,2,4	03:6,0,0,4	00:12,0,0,0	03:12,0,0,5	03:21,0,1,4	00:7,2,0,0	22:0,0,16,0	00:12,0,0,4	33:8,0,0,4	03:11,0,2,5	00:11,0,0,1	33:0,0,0,17	00:14,2,0,0	13:0,7,0,4	01:8,6,0,0	00:21,0,0,0	00:13,0,0,0	00:6,5,0,0	00:4,0,0,0	01:7,2,0,0	02:15,0,3,0	02:7,1,6,0	00:6,0,0,0	01:1,5,0,1	03:12,0,0,6	00:14,0,0,0	33:0,0,0,9	03:8,0,2,2	02:13,0,0,0	03:11,0,1,2	00:9,0,1,4	22:7,7,8,0	03:6,0,0,13	01:3,4,0,0	13:3,10,0,2	03:13,0,0,3	00:15,4,0,2	00:9,0,0,1	00:14,0,0,0	03:12,0,0,2	33:0,0,0,14	00:8,0,2,0	03:16,0,0,0	13:4,4,0,8	22:0,4,8,0	00:11,0,0,3	00:32,0,0,0	01:22,0,0,6	00:12,0,0,3	33:0,0,0,6	00:6,0,0,11	33:8,0,1,4	00:29,0,0,0	00:18,0,0,0	00:29,0,0,2	02:9,0,1,0	01:12,2,0,0	00:10,0,10,0	02:2,3,8,0	01:9,5,0,0	12:0,11,4,0	13:4,4,0,1	11:0,9,0,0	00:23,0,0,0	00:17,0,0,0	01:8,7,0,0	00:9,0,0,1	03:10,0,0,5	23:4,0,1,5	13:0,8,0,24
3_86	34	00:87,0,0,26	13:0,92,23,18	33:12,0,0,57	00:66,0,8,0	00:113,0,0,0	00:111,0,0,0	03:62,0,0,54	00:115,0,0,11	11:12,65,0,10	03:48,0,0,0	03:68,0,0,35	02:41,0,9,0	03:24,0,0,31	00:92,0,0,0	13:21,23,0,24	02:53,0,20,17	00:102,0,0,0	03:38,0,75,28	01:82,0,9,8	01:74,32,0,0	02:35,0,44,0	00:107,0,0,0	00:96,0,0,0	11:0,51,0,0	00:97,0,0,0	01:79,19,0,0	03:85,0,0,25	01:49,31,0,52	03:48,0,0,28	00:80,0,0,0	00:90,0,0,0	00:103,0,0,28	00:98,0,0,13	33:0,0,10,73	03:127,0,0,25	12:0,47,56,0	00:86,0,0,0	00:106,0,0,0	01:54,0,0,14	00:82,0,0,8	00:100,0,0,0	03:37,0,0,48	01:67,34,0,0	00:56,0,19,15	33:11,0,0,53	00:153,0,0,0	01:44,17,0,14	23:35,0,22,23	03:35,0,0,42	03:81,0,0,29	00:50,0,0,31	00:80,0,0,0	33:0,0,0,122	01:111,0,0,0	00:70,0,0,20	23:22,5,15,18	01:87,29,0,0	02:98,0,34,0	03:54,0,0,20	01:82,29,0,0	03:23,0,0,65	02:90,0,25,0	01:85,27,0,0	00:56,0,0,8	00:61,0,0,6	22:44,0,15,9	03:31,0,0,60	02:19,0,23,21	11:0,82,0,0	03:0,0,19,93	01:47,27,0,0	01:86,23,0,0	00:74,0,0,10	00:113,0,0,0	00:110,0,0,0	03:51,0,0,19	03:70,19,0,19	02:38,0,86,1	00:46,0,19,34	00:121,0,0,0	03:80,0,0,51	33:29,0,0,50	00:93,0,0,0	00:83,0,0,0	03:71,0,0,29	01:39,31,0,10	00:63,25,0,0	00:60,15,0,9	02:18,0,82,0	00:89,0,0,0	00:32,0,24,0	00:74,0,0,11	00:95,20,0,0	33:0,0,0,110	00:80,0,0,0	00:68,0,0,37	01:103,0,0,0	03:39,0,0,100	02:86,0,21,0	03:17,21,12,41	03:42,22,0,0	03:92,0,0,47	01:64,19,0,0	03:67,0,0,53	03:21,0,0,50	00:39,12,19,0	03:26,0,15,45	33:26,0,0,51	02:56,0,29,34	00:71,0,0,16	00:45,0,0,22	13:15,58,0,28	01:37,54,0,31	11:73,0,0,0	00:72,0,20,0	03:29,0,0,52	11:63,27,0,0	00:95,0,0,0	00:84,0,26,0	00:87,0,59,25	23:21,22,28,35	00:90,0,16,0	00:87,0,18,11	23:0,0,0,96	00:107,0,0,0	00:111,0,0,0	03:36,0,0,56	00:84,0,0,10	03:56,0,0,19	33:47,0,0,57	03:67,0,0,28	22:0,0,123,0	00:144,0,0,0	00:100,0,0,12	00:86,0,11,7	12:0,18,77,7	03:79,7,0,0	00:83,0,0,46	00:77,0,0,50	12:0,41,57,0	22:0,0,81,11	22:0,0,80,0	00:70,17,0,0	33:12,24,0,118	00:110,24,0,0	03:0,10,0,97	33:17,0,0,81	03:60,0,0,27	03:120,0,0,16	00:77,0,0,0	00:94,0,0,7	33:0,23,7,46	02:73,0,45,14	00:132,0,13,0	01:39,23,25,0	00:84,0,0,37	02:0,14,67,22	03:35,0,0,51	00:77,0,0,16	03:48,0,0,65	00:59,0,0,12	00:61,0,8,0	03:64,0,11,0	00:110,0,23,0	03:48,0,5,8	00:74,0,0,22	03:58,0,0,38	11:0,68,0,16	02:87,0,17,40	00:92,0,0,0	13:11,15,0,58	00:69,0,0,0	03:77,0,10,4	00:91,0,0,15	00:36,10,9,7	22:0,0,99,8	01:53,38,0,4	33:21,0,0,77	00:87,0,7,8	00:54,0,12,4	00:24,0,0,67	01:69,11,4,0	13:0,49,0,24	00:88,0,0,12	03:81,14,0,27	00:94,0,0,0	02:57,0,5,0	00:63,9,0,0	00:83,0,0,0	22:46,16,24,0	00:115,19,0,0	00:51,0,3,0	13:10,36,0,8	03:87,0,0,44	33:63,9,0,13	03:26,15,0,74	00:109,0,14,14	00:83,22,0,0	00:87,8,0,0	00:95,0,0,0	22:0,0,106,0	03:0,0,0,127	11:0,105,0,0	11:34,83,0,0	00:64,0,0,6	03:43,17,0,54	00:75,0,0,16	00:81,7,0,0	00:110,0,0,8	33:0,0,0,91	02:76,0,37,0	00:134,0,0,0	03:43,0,0,23	03:28,0,0,26	03:55,0,0,19	03:92,0,0,44	00:77,0,0,37	00:74,0,18,13	03:40,0,0,48	03:65,0,0,29	03:45,0,0,73	03:87,0,0,40	00:83,0,0,0	03:87,0,0,37	00:90,22,0,0	00:56,0,14,8	00:88,0,11,19	02:50,3,24,0	00:109,0,0,0	03:28,40,0,20	00:74,10,0,0	01:15,38,0,0	00:86,0,27,24	00:124,0,0,0	00:55,52,0,0	00:87,0,19,0	01:77,38,0,0	03:38,0,0,36	33:0,0,0,102
2_87	48	13:19,14,0,26	33:0,19,0,52	33:0,0,0,53	02:55,0,16,0	03:53,7,0,13	00:60,0,3,0	03:68,0,21,0	00:56,6,7,0	01:35,40,0,0	00:48,0,0,18	00:42,0,0,16	00:21,3,12,0	01:18,17,0,21	00:61,10,0,0	00:41,10,0,0	00:53,0,0,0	00:70,0,0,0	33:40,0,0,35	02:38,16,10,0	02:36,0,40,0	02:22,15,40,0	00:74,12,0,0	01:58,8,0,0	11:0,43,0,4	00:72,0,0,10	02:66,0,8,0	00:65,0,0,5	01:56,25,0,0	02:78,0,16,0	00:35,0,0,20	00:71,0,0,0	00:68,9,9,0	00:52,0,6,0	23:0,0,25,40	03:35,0,9,59	22:0,0,47,10	00:31,19,0,6	03:27,0,20,0	12:33,6,11,0	03:23,0,0,30	03:45,0,0,22	03:18,9,0,26	01:52,20,0,6	01:22,13,0,14	33:0,0,0,56	00:57,16,15,0	00:20,0,0,8	00:52,5,0,0	00:41,0,0,0	00:52,0,0,0	13:0,19,12,29	01:20,12,6,2	00:72,0,0,19	00:71,0,17,0	00:46,0,7,0	00:33,4,2,0	00:87,0,0,0	00:96,0,0,0	00:59,11,0,0	00:60,15,0,0	33:0,0,0,87	00:68,0,11,0	00:82,0,0,0	02:35,0,15,0	03:29,6,0,0	00:46,0,0,0	03:72,6,0,3	03:16,10,0,16	11:0,47,17,0	00:63,0,0,13	03:52,0,0,26	00:52,0,0,5	00:55,0,0,0	13:23,20,0,43	01:74,0,0,0	00:69,0,0,0	00:65,0,0,0	02:35,0,43,0	03:62,0,0,23	01:66,9,0,0	00:78,0,0,5	33:15,0,0,52	00:59,8,0,0	03:15,0,0,19	03:62,4,0,0	23:25,0,14,26	03:31,0,0,23	00:55,0,0,11	02:34,0,25,6	03:50,0,0,20	03:46,0,0,18	00:66,0,0,0	01:48,10,0,0	13:4,12,5,36	00:61,0,0,0	01:50,9,0,11	00:43,11,0,8	22:0,0,67,34	02:70,0,15,0	00:44,0,0,13	00:45,0,0,0	00:68,0,0,18	00:60,11,0,0	03:56,0,0,35	03:37,8,0,19	00:50,0,8,0	00:29,0,0,5	03:16,0,0,48	00:71,0,0,0	00:31,14,9,0	02:48,0,28,12	13:0,49,0,15	01:65,21,0,0	02:42,0,19,0	00:27,0,23,0	03:22,0,0,19	11:6,63,0,0	00:63,0,0,7	03:59,0,0,25	00:99,0,0,21	23:0,0,32,48	03:41,0,0,14	00:50,0,0,0	03:37,0,0,30	00:49,0,12,0	00:65,0,0,14	13:13,22,3,17	00:78,0,0,0	00:40,10,0,0	03:40,0,0,26	03:46,0,0,7	12:0,31,40,0	03:52,0,0,35	00:75,0,0,0	22:0,26,28,0	22:0,8,67,0	03:39,0,0,23	00:91,0,0,0	03:60,0,0,25	12:0,63,17,0	22:0,0,74,0	22:0,0,45,0	00:39,0,0,31	33:0,35,0,75	02:54,0,11,0	33:0,0,0,70	23:0,12,17,26	03:41,0,0,25	00:62,0,0,5	00:60,0,0,0	00:71,0,0,0	33:0,0,0,67	00:34,26,0,0	00:89,0,0,0	00:70,0,0,0	00:45,7,0,30	00:40,0,23,0	33:22,0,0,37	03:29,0,6,11	00:79,0,0,0	00:40,0,0,0	00:57,0,0,0	03:51,0,5,0	00:48,18,0,0	00:40,22,0,0	00:39,0,0,19	33:32,0,0,36	11:0,52,0,0	00:58,0,0,44	00:52,0,0,0	00:54,0,0,3	00:50,0,0,0	00:57,0,0,5	00:79,0,0,0	00:25,4,13,0	12:10,36,30,0	03:48,3,0,8	03:56,0,0,12	03:33,0,2,10	03:44,0,0,14	03:28,0,0,31	00:49,0,15,0	11:0,79,0,0	03:56,7,0,28	00:71,0,0,0	03:20,0,20,15	01:54,12,0,0	00:59,0,0,0	00:46,0,0,14	00:42,0,0,0	00:80,3,0,0	01:23,15,4,13	13:0,36,0,8	00:70,0,0,0	01:44,8,0,0	33:0,0,0,82	03:25,0,0,36	00:74,0,0,0	00:31,8,0,8	01:54,0,0,0	22:0,0,62,0	33:0,0,0,71	11:0,57,0,0	01:48,25,0,0	00:35,0,0,14	03:34,14,0,19	00:52,0,0,0	03:63,0,0,0	00:67,0,0,6	33:0,0,0,74	00:63,0,19,0	00:62,0,0,0	03:24,0,5,37	NA:14,0,24,0	03:51,0,0,0	00:87,0,0,0	03:43,0,0,33	03:36,0,0,17	33:0,0,0,60	03:40,0,0,16	03:31,0,0,54	00:78,0,5,0	23:34,0,0,39	00:66,0,0,1	00:66,0,0,0	00:62,0,0,0	00:77,0,0,0	03:37,5,0,10	00:76,0,0,0	11:0,45,0,2	00:33,22,0,0	11:0,37,0,0	00:100,0,0,0	03:48,0,0,36	02:40,17,7,0	00:54,0,0,17	11:45,31,0,0	03:26,0,0,18	33:0,0,0,84
3_87	123	03:55,0,0,80	13:0,50,0,86	33:33,0,0,53	02:76,20,15,0	01:134,0,0,0	00:88,0,0,0	02:108,0,0,37	00:98,31,0,0	11:0,57,0,44	00:98,0,0,0	00:111,0,0,0	02:38,0,30,0	33:0,31,0,48	00:95,0,19,0	00:71,0,0,0	00:86,0,0,0	02:93,0,25,0	00:156,0,0,0	01:59,33,0,0	00:107,0,0,0	23:0,0,119,0	03:155,0,0,0	00:99,0,0,0	11:0,84,0,0	03:105,0,0,0	02:101,0,0,0	00:95,0,0,0	00:116,0,0,35	00:45,0,29,17	03:41,0,0,103	00:118,0,0,0	00:122,0,0,0	00:89,0,0,26	33:0,0,0,49	33:73,0,0,80	12:0,49,106,0	00:122,0,0,0	02:93,0,21,0	00:45,21,37,0	03:96,0,0,39	03:104,0,0,38	03:43,0,0,109	02:85,0,16,0	11:73,69,0,0	13:0,18,0,88	00:107,0,0,0	33:0,23,0,77	00:57,0,0,51	03:36,0,0,52	00:98,0,0,20	03:53,0,0,45	00:95,0,0,0	33:0,0,0,162	00:144,0,0,0	02:120,0,0,0	03:51,0,0,37	00:84,0,0,12	00:96,0,0,14	01:92,0,0,0	00:122,1,0,0	03:49,0,0,54	00:164,0,0,0	00:139,0,0,0	03:33,21,0,27	00:90,0,0,0	00:66,0,19,0	03:83,0,0,35	03:18,19,0,62	11:21,72,0,0	02:67,0,24,34	00:163,0,0,0	00:130,0,0,23	00:78,0,0,44	13:32,55,0,70	13:60,30,0,40	00:81,0,21,0	03:59,27,0,22	03:93,0,45,0	03:46,0,0,65	00:105,0,26,0	03:75,0,0,37	03:82,0,0,42	00:130,0,0,0	00:59,0,35,0	00:132,0,0,0	00:112,0,0,0	03:46,0,0,60	33:82,0,0,40	01:102,0,0,0	00:75,0,36,0	00:77,0,14,0	00:105,0,0,0	03:46,34,0,21	03:26,0,0,98	00:78,0,0,0	00:133,0,0,0	01:81,26,0,0	02:41,0,35,93	01:94,23,0,0	33:29,0,0,79	33:50,0,0,56	00:137,0,0,23	01:77,53,0,0	03:103,0,0,38	33:0,0,0,72	01:113,0,0,0	03:68,0,0,32	03:53,0,0,76	00:115,0,42,0	01:49,61,0,0	00:79,0,0,0	12:23,123,0,0	00:126,0,0,0	02:51,0,72,0	02:89,0,24,0	03:103,0,0,0	00:112,52,0,0	00:121,0,0,0	00:119,0,0,51	03:112,0,0,23	03:29,0,0,101	00:137,0,0,0	03:36,0,0,8	23:25,0,18,39	03:119,0,0,48	00:123,0,0,0	33:0,0,0,126	01:116,0,0,0	03:76,0,6,0	03:54,0,0,79	02:81,0,27,0	22:0,27,82,0	03:142,0,0,32	00:154,0,0,0	13:0,63,24,19	22:0,31,125,0	00:153,0,0,0	00:129,0,0,0	03:107,0,0,46	11:0,118,0,0	12:0,26,98,0	12:0,18,96,0	00:78,0,0,31	23:0,37,45,53	02:89,0,34,0	33:0,0,0,103	33:0,45,0,66	00:65,0,0,25	00:98,0,0,32	12:59,32,35,0	03:92,0,0,17	33:0,0,38,71	00:88,0,30,0	01:94,33,0,0	00:121,0,0,0	02:62,0,37,52	33:0,0,29,34	03:31,0,0,76	03:57,0,0,51	00:63,17,0,0	01:63,31,0,0	00:93,0,0,0	00:92,0,0,0	01:128,0,0,0	00:84,0,0,30	03:121,0,0,0	03:114,0,0,36	13:0,71,0,23	00:144,0,32,0	01:100,21,0,0	01:75,56,0,0	00:55,0,0,31	00:59,27,0,19	00:124,0,0,0	00:93,0,0,0	12:0,48,74,0	03:97,0,0,26	23:0,0,33,77	01:75,12,0,38	03:82,0,0,33	00:71,0,0,24	02:63,0,46,0	11:0,114,0,0	00:116,0,0,0	00:109,0,0,29	00:76,0,0,0	03:53,4,17,26	02:48,0,23,33	00:62,16,0,0	01:86,16,0,0	00:113,0,0,0	00:62,0,0,0	11:24,41,0,0	00:168,0,0,0	02:76,0,0,25	23:32,48,0,79	03:116,0,0,39	03:65,27,0,9	00:121,0,0,0	03:70,0,0,62	01:28,52,23,0	33:0,0,34,50	13:0,64,34,27	01:16,55,44,0	00:70,0,0,0	03:88,0,0,50	01:64,27,31,0	03:100,0,0,25	03:65,30,0,20	00:41,0,32,19	02:81,0,43,39	01:56,73,0,0	03:53,0,0,40	01:35,20,12,0	03:36,0,0,36	02:95,0,49,0	03:23,0,0,83	02:17,0,42,28	33:0,0,18,16	13:0,48,0,53	13:0,68,0,61	02:22,0,90,0	03:63,0,0,53	00:94,0,0,17	00:118,0,0,0	00:121,0,0,0	00:51,35,0,0	00:94,0,0,0	00:161,0,0,0	01:28,51,0,21	01:88,30,0,0	11:0,81,0,0	02:87,0,67,0	00:123,0,27,0	12:32,57,22,0	02:74,0,35,18	01:147,43,0,0	23:33,0,27,56	13:31,27,0,65
4_87	58	03:33,0,0,25	23:0,10,15,40	33:8,0,0,41	02:23,14,16,0	03:56,0,0,35	02:48,0,13,0	00:82,0,0,0	00:70,0,0,4	01:24,55,0,0	00:64,0,0,9	00:63,0,0,8	00:39,0,15,0	03:31,0,0,21	02:38,0,25,0	00:46,0,0,5	00:56,0,0,0	00:53,0,0,0	03:70,0,0,36	02:18,23,21,0	00:66,0,0,0	22:0,0,74,0	00:83,0,0,0	00:65,0,5,0	12:0,37,17,0	01:42,22,0,16	00:57,0,0,0	01:32,23,0,0	00:69,0,0,17	03:43,0,8,43	00:47,0,0,20	03:31,0,0,38	02:70,0,9,0	00:50,0,0,21	33:0,0,0,63	00:79,0,0,29	22:15,0,51,0	02:35,0,15,7	00:47,0,6,11	00:50,31,5,0	00:62,0,0,14	00:54,0,0,4	03:23,0,0,56	00:77,7,0,0	01:56,30,0,0	33:0,0,0,61	00:94,0,19,0	01:19,14,0,20	00:61,0,0,3	00:47,0,0,7	03:38,0,0,10	33:0,0,0,54	00:40,17,0,11	03:41,0,0,36	00:47,0,14,19	00:45,11,0,0	00:76,0,0,0	00:85,0,3,0	00:88,4,0,0	00:97,0,0,0	00:78,6,0,0	33:0,0,0,46	13:18,25,13,36	00:61,7,0,0	01:44,14,0,0	00:37,0,0,0	00:38,0,0,12	00:56,0,0,27	00:45,0,0,10	13:0,43,0,28	00:101,0,0,0	03:76,0,0,16	00:72,0,0,0	03:34,0,0,23	01:45,93,0,0	03:53,0,0,37	03:12,6,9,25	00:82,0,0,0	12:14,25,51,0	00:63,0,0,0	01:35,35,0,0	02:50,0,42,5	33:3,0,0,65	00:58,8,0,0	00:45,0,10,12	00:67,0,0,0	03:56,0,7,23	00:81,0,0,3	01:51,23,0,0	12:33,33,23,0	00:67,0,0,5	00:29,0,6,8	03:36,0,0,16	03:36,1,0,36	33:0,5,0,64	00:58,0,0,0	00:72,0,0,14	03:48,17,0,20	33:14,0,7,82	02:62,0,33,0	02:17,0,19,19	03:32,0,0,19	00:87,0,0,14	00:47,0,0,0	00:80,0,0,4	33:0,0,0,53	13:28,28,0,14	03:36,0,0,28	03:25,0,0,37	03:72,0,0,15	00:63,0,0,0	03:37,0,1,27	11:4,61,0,0	02:80,0,30,0	00:49,0,9,0	00:63,0,0,0	02:29,13,13,1	01:62,37,0,0	01:45,15,0,0	00:57,0,0,6	03:88,0,0,39	01:35,18,6,17	00:68,0,0,13	02:54,0,27,0	13:8,11,0,50	03:52,0,0,21	01:68,36,0,0	33:0,10,0,76	12:24,43,11,13	03:37,0,1,29	00:77,0,0,0	03:48,0,0,17	12:0,24,56,0	02:25,0,16,32	02:37,0,16,4	02:23,11,19,0	22:0,12,62,0	03:29,0,9,21	00:104,0,0,0	00:74,17,3,0	12:12,26,27,0	22:7,6,58,0	12:0,15,36,0	00:54,0,0,3	33:16,16,9,77	00:84,0,0,0	03:20,8,0,41	33:8,6,0,44	00:49,0,0,12	02:52,0,20,14	02:27,7,19,0	00:60,0,10,4	13:0,30,0,43	22:6,8,60,0	00:68,0,12,0	00:59,0,0,11	03:28,2,0,21	22:4,0,41,0	33:14,0,0,43	02:59,0,39,5	00:92,0,0,0	00:49,0,0,0	00:60,0,0,0	02:30,0,27,0	00:58,7,0,6	00:36,8,0,7	03:46,0,0,22	13:28,18,0,24	11:0,59,0,0	00:81,0,16,13	00:60,0,0,0	01:43,13,0,0	00:35,0,0,9	00:76,0,0,19	00:69,0,0,0	00:35,3,7,0	22:0,0,91,0	01:53,26,0,0	33:22,0,0,46	13:32,17,0,21	00:53,0,0,0	13:26,21,0,32	02:41,0,19,0	01:41,29,0,0	03:50,8,0,17	00:50,0,6,15	03:46,0,6,6	00:63,0,10,0	00:56,0,0,0	00:47,0,0,6	00:61,13,0,0	00:71,16,0,0	00:43,0,10,4	11:5,34,0,0	00:92,0,0,0	00:39,0,0,12	33:12,0,0,63	03:46,0,10,46	00:72,7,0,0	02:30,14,10,0	02:40,0,10,0	02:16,0,55,0	03:31,0,0,41	11:0,55,11,10	03:47,20,0,26	03:37,0,0,16	00:54,9,0,12	03:46,0,0,14	00:64,0,0,5	03:41,0,0,17	03:7,0,0,49	00:49,11,11,0	00:67,0,0,10	00:47,0,0,13	00:45,0,11,0	01:48,16,0,0	00:84,0,0,0	03:34,0,0,60	00:61,0,0,9	00:20,0,0,59	03:28,0,0,40	23:0,1,22,73	00:64,0,17,0	02:28,0,14,8	00:76,0,0,21	03:33,14,0,33	03:40,5,0,9	00:100,0,0,0	03:43,0,0,8	02:65,0,27,0	01:39,46,0,10	13:22,26,0,25	23:0,22,19,12	02:72,0,30,0	03:40,0,0,38	01:27,37,10,11	03:48,0,0,25	01:54,26,0,0	03:16,0,0,39	03:12,0,0,70
1_88	29	00:71,0,0,29	NA:39,89,0,0	03:26,0,0,33	00:65,0,0,0	00:73,0,13,0	00:50,0,16,0	03:66,0,0,40	03:62,0,1,37	00:43,29,0,0	00:46,0,0,0	03:33,21,0,13	00:41,0,9,0	NA:7,10,16,17	00:78,0,0,0	03:17,24,0,17	00:39,18,0,0	00:92,0,0,0	03:65,0,18,27	01:40,44,0,0	00:61,0,0,0	02:44,0,47,0	00:115,0,0,0	00:81,0,0,0	11:0,25,19,0	00:66,0,0,0	00:65,0,0,0	03:44,0,0,11	01:88,0,0,0	00:49,0,0,22	33:39,0,0,22	00:97,0,0,0	03:90,0,0,13	03:89,0,0,0	33:0,0,0,73	33:23,0,0,131	22:0,0,95,0	NA:73,0,0,0	00:99,0,0,0	00:34,0,0,0	00:45,0,0,0	00:80,0,0,0	33:0,0,0,72	01:70,10,0,0	00:39,0,0,15	23:0,0,0,59	00:106,0,0,0	11:24,16,0,0	03:39,0,0,5	03:35,0,0,32	00:72,0,0,22	00:8,0,0,44	00:60,0,0,0	03:40,4,0,41	00:106,0,0,0	02:52,0,37,0	00:41,0,24,16	33:43,17,0,16	33:47,0,17,19	00:66,0,0,0	01:57,70,0,0	33:26,0,0,60	22:59,0,24,0	03:17,50,0,23	01:31,13,0,0	00:29,0,9,0	02:32,0,19,8	03:25,0,0,14	03:32,0,0,15	11:25,43,0,0	33:43,0,0,65	01:43,9,0,0	01:55,17,0,0	00:36,0,0,7	02:29,0,18,0	00:52,0,0,31	22:26,16,24,0	03:28,17,0,33	23:53,0,35,25	NA:36,15,0,13	00:88,17,0,0	00:89,0,0,30	33:16,0,0,50	00:77,0,0,0	00:29,9,0,16	03:85,0,0,0	00:33,17,0,13	00:79,0,0,0	00:61,27,0,0	22:0,0,58,0	03:76,0,0,0	03:30,0,0,7	03:69,0,0,17	00:73,0,0,14	33:0,0,0,73	NA:54,0,0,14	00:56,0,0,24	00:33,0,0,40	33:0,0,0,133	02:42,0,34,0	03:45,0,0,50	33:26,0,0,19	00:66,0,0,28	01:25,13,0,13	03:75,0,0,27	03:11,0,0,54	00:48,0,0,26	33:35,0,4,8	03:6,0,0,37	02:19,0,56,13	00:47,14,0,0	00:81,0,0,0	01:16,80,0,0	00:110,0,36,0	00:81,0,0,0	33:51,0,0,16	33:16,0,10,32	01:19,49,0,31	03:58,17,0,0	00:87,0,0,17	00:113,0,0,0	23:27,0,28,48	00:97,0,0,0	00:66,0,0,0	03:27,19,0,52	00:109,0,0,0	00:60,0,0,0	00:42,0,0,57	00:51,0,17,0	03:25,0,0,11	03:30,0,0,61	00:33,0,17,22	12:0,38,53,0	00:71,0,0,24	00:52,0,0,53	00:42,0,37,0	22:0,26,93,0	00:63,0,0,14	00:129,0,0,0	03:52,0,42,23	12:0,21,83,0	23:16,0,42,30	02:29,0,33,32	00:67,0,0,0	33:0,0,0,116	02:116,0,0,0	33:0,0,0,92	13:0,15,0,64	00:71,0,0,0	03:113,0,0,0	00:56,0,21,0	00:79,21,0,0	13:0,26,0,51	03:69,0,0,18	00:142,0,0,0	00:35,19,0,0	02:66,0,0,24	02:13,0,47,0	03:34,0,0,66	00:27,0,16,17	00:54,0,0,23	00:81,0,0,0	00:79,0,0,0	00:40,0,0,0	00:71,0,25,0	01:39,0,18,0	02:60,0,24,0	03:40,0,0,52	11:0,38,17,0	00:101,0,0,0	00:78,0,0,0	NA:0,0,0,69	00:59,0,0,0	00:81,0,0,13	00:72,0,0,27	00:30,0,0,10	00:13,0,61,0	11:22,76,0,0	03:9,0,0,57	00:78,0,0,13	00:30,9,0,11	33:31,0,0,78	01:70,0,0,0	13:0,16,0,32	01:54,32,0,0	00:95,0,21,0	00:72,0,0,0	00:39,0,0,0	NA:41,14,0,0	00:42,0,0,0	02:64,0,21,0	00:111,0,0,0	00:41,0,0,0	11:0,32,0,8	33:49,0,0,29	00:28,0,0,0	33:0,0,0,110	00:81,0,0,15	01:59,27,0,0	03:71,0,0,23	00:62,0,0,30	22:0,0,73,0	03:0,37,0,90	11:0,60,34,0	11:0,112,0,0	03:44,0,0,15	00:81,0,0,0	00:74,0,0,0	00:30,9,0,0	00:37,0,0,43	33:0,0,0,73	02:60,0,11,0	00:92,0,0,0	02:16,15,17,11	23:14,0,8,36	00:63,0,0,0	03:98,0,0,24	00:78,0,0,17	00:67,0,0,0	03:19,0,0,37	00:104,0,0,0	33:0,0,0,111	00:66,0,0,22	00:93,0,0,0	33:74,0,0,25	00:52,0,0,16	NA:63,0,0,0	00:57,0,0,23	02:38,16,17,0	00:87,0,0,0	01:16,46,0,0	00:63,28,0,0	01:12,33,0,0	00:109,0,0,0	00:84,0,0,18	01:75,21,0,0	00:57,0,31,0	00:83,0,0,0	03:31,0,0,25	33:0,0,0,126
2_88	35	00:52,0,0,46	12:6,32,22,31	03:28,0,0,30	00:53,0,20,0	00:69,0,0,31	02:73,1,26,0	00:77,22,0,2	00:101,0,4,0	11:46,47,0,0	00:78,0,0,0	00:75,0,1,0	00:66,0,1,0	33:15,5,0,39	02:71,0,25,0	00:66,0,0,0	00:63,0,0,0	00:96,2,3,0	00:89,0,0,43	00:50,2,19,2	00:96,0,0,0	23:0,5,60,16	00:99,0,2,0	00:89,0,0,0	12:0,27,22,0	12:54,34,18,0	01:49,25,0,16	03:73,0,2,26	00:109,0,0,8	03:54,0,20,26	00:96,0,0,1	00:101,0,0,0	00:117,0,0,5	00:105,0,0,0	33:7,0,0,85	03:87,0,0,79	22:0,0,106,0	03:55,0,0,11	00:101,0,0,0	01:38,17,27,0	00:85,0,1,14	01:51,17,0,26	03:22,0,7,61	00:100,0,0,0	01:59,19,0,0	33:1,0,0,87	00:108,0,2,23	01:55,18,13,0	00:71,0,0,0	00:64,0,0,0	00:99,0,0,0	33:0,0,0,67	00:51,15,0,0	33:31,0,0,44	03:54,0,2,19	00:74,0,3,0	00:77,0,0,0	00:85,0,10,0	00:100,14,0,0	00:103,0,0,0	00:113,0,1,0	33:0,0,10,50	01:62,28,0,37	00:65,12,4,0	13:33,21,0,19	03:42,0,0,11	00:55,0,0,0	00:81,0,0,0	03:31,0,0,17	11:0,60,0,29	03:88,0,0,34	03:73,0,0,34	00:104,0,0,0	00:47,0,0,18	01:73,54,0,0	03:87,0,0,19	00:49,0,0,19	00:73,0,0,7	01:40,32,26,0	03:57,0,0,22	01:71,19,0,0	02:75,1,43,0	33:0,0,0,74	00:89,0,0,0	00:62,0,0,0	00:92,0,0,0	03:35,0,0,15	00:86,0,0,0	03:44,24,5,18	22:13,29,64,0	00:91,0,0,0	02:57,0,16,0	33:29,0,0,55	01:25,27,0,23	33:0,0,0,109	00:73,7,0,0	00:98,0,0,0	03:85,0,0,31	33:15,0,0,97	02:51,2,45,0	00:28,0,14,20	03:31,0,4,18	03:67,25,0,21	00:80,0,0,15	00:104,5,0,19	33:9,0,0,72	03:44,0,0,18	00:57,0,0,2	03:18,0,0,53	03:83,0,0,21	00:82,0,0,0	00:55,26,0,0	11:4,96,0,0	23:52,0,24,37	00:70,0,19,0	00:87,0,0,0	23:4,10,14,38	01:69,24,0,0	01:63,12,0,0	00:94,0,0,0	02:89,0,38,0	02:47,0,25,24	02:51,0,23,22	03:58,0,0,15	13:0,19,0,60	00:100,0,0,0	00:90,0,19,0	33:0,0,0,106	02:76,0,20,0	00:78,0,0,3	00:64,0,0,17	03:46,0,0,39	12:0,24,72,0	23:45,18,24,26	00:106,0,0,0	23:18,33,27,9	12:0,18,76,0	00:59,0,0,18	00:122,6,0,0	03:79,0,0,29	12:0,55,31,0	22:6,0,85,0	02:22,0,66,0	00:61,0,0,17	03:38,56,0,30	02:51,0,43,0	33:0,10,0,78	03:12,30,8,46	00:58,0,0,17	00:71,33,0,1	22:0,0,97,0	00:71,18,0,21	00:35,8,13,18	02:50,0,23,31	00:133,0,0,0	00:58,0,16,1	03:29,0,17,56	22:0,0,69,4	03:37,0,0,51	00:81,0,0,0	01:45,22,0,30	03:48,0,0,15	00:54,0,0,0	03:36,0,21,17	00:85,0,1,0	02:53,0,24,0	00:90,0,0,3	00:78,11,0,24	01:42,36,0,1	00:122,0,17,0	02:63,0,17,0	12:42,22,12,0	03:37,0,0,24	03:69,0,1,12	00:79,17,0,3	03:50,0,0,17	12:0,33,64,0	01:62,27,0,0	23:26,0,20,31	01:51,19,0,20	02:55,0,21,0	13:29,23,0,37	01:33,15,18,0	03:16,32,0,14	00:79,0,0,1	00:80,0,0,13	00:55,0,12,0	00:114,0,0,0	00:54,0,0,18	00:38,0,0,13	02:66,0,15,0	00:105,0,0,0	00:25,0,0,24	11:0,52,0,5	03:91,0,0,38	00:90,0,0,0	13:0,28,0,81	03:26,0,0,80	01:45,25,3,20	00:30,15,0,12	00:86,0,0,0	02:21,0,66,0	03:18,0,0,81	13:0,34,0,26	01:72,35,0,0	03:40,0,8,33	03:35,25,0,37	00:81,0,0,0	03:59,0,0,21	03:39,0,0,43	03:13,0,0,45	00:76,0,20,0	00:95,0,0,0	03:41,0,0,47	03:30,0,20,24	00:75,0,0,0	00:105,0,0,0	03:48,17,0,32	00:100,0,0,0	33:3,0,0,72	00:74,0,0,0	33:0,0,0,111	02:74,0,3,0	00:78,0,0,0	03:60,0,14,34	01:66,13,0,0	02:49,0,15,0	00:66,0,0,18	01:53,32,0,0	00:110,0,0,0	00:32,25,0,19	00:52,18,0,0	11:0,75,0,0	03:79,0,0,29	03:90,0,0,29	11:43,55,0,0	02:72,0,23,0	01:63,20,21,0	03:52,0,0,9	01:43,19,0,31
1_89	21	03:32,0,0,41	11:0,60,0,18	01:39,17,0,9	00:47,0,0,0	00:74,0,0,0	00:75,0,0,0	00:69,0,0,18	23:43,0,10,16	01:32,12,15,0	03:57,0,0,14	03:20,16,0,15	02:41,0,16,0	22:0,0,11,38	01:43,7,0,0	00:51,9,0,0	00:38,0,0,10	00:66,3,0,0	13:39,16,0,29	11:12,32,0,0	00:59,0,0,33	22:0,0,67,0	00:88,0,0,0	00:55,0,0,0	11:0,47,0,0	00:75,0,0,0	01:25,29,0,0	03:37,16,0,7	01:70,18,0,0	00:70,0,0,0	13:24,11,0,13	01:56,10,0,0	01:71,14,0,0	22:35,0,24,0	33:0,0,0,68	03:51,0,0,43	12:0,15,52,0	02:45,0,9,18	02:56,0,22,0	02:36,0,11,0	03:64,0,0,18	00:83,0,0,0	23:0,15,11,36	03:64,0,0,14	01:32,47,0,0	23:0,0,16,32	00:50,0,19,0	00:53,0,0,0	00:32,0,0,16	00:40,0,12,0	00:67,0,0,0	03:12,0,0,46	00:52,0,0,0	33:0,3,0,61	03:62,0,0,9	00:29,0,17,12	01:40,19,5,0	00:74,0,0,0	00:93,0,0,0	00:46,0,0,0	01:66,18,2,0	03:17,0,0,37	00:97,0,0,0	01:35,47,0,0	00:33,0,0,18	00:23,0,0,6	00:44,0,0,0	02:46,0,18,0	03:32,0,0,14	11:13,36,0,0	03:8,0,0,70	00:104,2,0,0	03:42,0,0,33	00:50,0,0,15	23:21,0,28,48	00:81,0,0,0	00:43,0,12,0	23:44,0,13,16	12:15,17,32,0	01:60,12,0,0	00:95,0,0,0	00:74,17,0,0	33:34,0,0,53	00:74,0,0,0	00:65,0,0,0	03:46,0,0,17	02:49,0,13,0	03:43,0,0,10	00:63,0,25,0	02:29,0,43,0	03:47,0,0,14	23:26,0,10,8	01:38,12,0,14	13:0,9,0,57	01:18,20,0,27	00:50,7,0,0	00:50,0,0,18	00:62,0,0,0	22:0,0,57,48	00:52,0,15,0	03:20,0,0,41	00:41,0,0,0	00:106,0,0,0	02:58,0,12,0	33:54,0,0,38	23:7,0,12,35	00:54,0,0,0	03:19,10,0,14	33:0,0,0,53	01:47,29,12,0	00:48,20,0,0	00:27,15,0,8	01:21,41,0,0	00:86,0,0,0	01:32,16,0,0	01:28,22,0,0	03:27,0,0,26	11:20,70,0,0	00:47,0,0,0	00:44,0,23,10	01:64,40,0,0	03:11,0,0,83	00:66,0,0,0	00:59,0,0,0	33:15,0,0,47	00:66,0,0,33	02:28,0,22,0	33:19,0,12,35	02:57,0,10,0	00:62,0,0,0	00:53,0,0,26	00:45,0,0,8	22:0,0,70,0	00:73,0,0,17	01:39,7,0,23	02:4,0,48,0	12:0,26,62,0	02:59,0,21,0	01:101,15,0,0	00:77,0,0,18	12:0,55,9,0	22:0,0,89,0	02:3,0,53,0	00:58,0,0,0	33:0,1,0,97	02:72,0,3,0	33:0,0,0,70	00:7,0,0,56	03:44,0,0,15	03:79,0,0,8	00:69,0,0,0	03:73,0,0,10	23:0,0,12,51	00:27,0,31,0	00:69,0,19,0	00:59,0,0,0	33:13,0,0,52	22:10,0,32,9	33:0,0,0,48	23:0,0,24,40	01:62,22,0,0	03:30,0,0,9	03:47,0,0,14	02:46,0,19,0	00:80,0,0,0	00:40,0,0,0	00:65,0,0,0	00:42,0,0,31	11:0,45,0,10	00:93,0,0,0	02:67,0,12,0	00:63,0,0,0	03:36,0,0,22	13:38,14,0,13	00:89,0,0,0	03:23,19,0,5	22:0,0,63,0	01:67,14,0,0	33:22,0,0,48	03:44,0,0,24	00:65,0,0,0	33:0,0,0,76	02:18,9,41,0	01:26,47,0,0	00:45,18,0,0	00:88,0,0,0	00:32,0,10,0	01:51,14,0,0	00:47,0,0,0	03:40,0,0,13	00:43,0,20,0	00:55,0,0,0	00:35,0,0,14	11:0,48,0,0	00:58,0,17,0	00:72,0,0,0	33:0,26,19,37	03:36,0,0,47	00:56,18,0,0	12:0,28,13,22	00:43,30,0,0	02:9,11,29,0	33:0,0,0,106	11:0,86,0,0	01:67,11,0,0	00:53,0,0,15	11:42,31,0,0	00:60,0,0,0	03:15,15,28,13	03:53,0,0,15	33:0,0,0,71	02:21,17,16,0	00:40,0,0,22	00:66,0,0,8	12:25,9,12,0	00:54,0,0,0	03:61,0,0,27	00:98,0,0,0	00:26,0,0,16	03:44,0,0,8	00:43,0,0,46	33:0,0,0,86	00:21,19,20,0	01:48,10,0,0	00:52,0,0,12	00:44,0,0,19	00:58,0,0,0	00:53,0,0,11	13:24,10,0,18	03:67,0,0,23	33:0,21,0,49	00:32,19,0,15	11:0,72,0,0	00:48,0,0,42	00:53,24,0,0	00:31,14,0,21	02:37,0,28,0	12:19,45,21,0	33:0,0,0,53	03:20,0,0,86
4_89	25	00:102,0,0,18	11:33,54,0,22	33:0,0,0,67	00:82,0,22,0	00:15,36,27,33	00:72,0,22,0	02:77,0,47,0	22:83,0,37,0	11:48,29,0,0	03:46,0,0,18	00:29,23,0,20	02:38,0,21,0	33:13,15,0,36	01:55,40,0,0	00:50,27,0,0	03:47,28,0,13	00:114,0,0,0	02:81,0,23,27	12:0,39,36,0	NA:128,0,0,0	12:0,0,102,0	00:132,0,0,0	01:64,33,0,0	11:0,39,25,0	03:63,0,0,35	00:109,0,0,0	00:54,21,0,0	03:115,0,0,15	00:100,0,0,0	03:66,0,0,30	00:96,0,0,11	02:54,0,47,0	00:94,0,0,0	33:0,0,0,91	03:21,0,0,123	13:0,10,54,28	01:59,27,0,0	02:69,0,31,0	03:52,0,17,14	00:94,0,0,0	00:86,0,0,0	03:14,0,0,65	01:117,12,0,0	23:18,26,8,23	33:0,0,17,67	02:76,0,45,0	33:22,21,0,29	00:83,0,0,0	33:46,0,0,22	00:83,0,0,21	23:21,0,32,37	00:58,0,23,0	03:44,5,0,49	02:46,0,33,16	00:76,0,0,8	00:51,0,21,0	00:114,0,0,0	00:136,0,0,0	00:90,0,0,0	11:47,79,0,0	33:50,0,0,39	00:127,0,0,0	00:52,38,0,0	NA:73,0,0,0	00:49,0,14,0	00:74,0,0,0	33:19,14,0,34	13:33,22,0,9	12:20,42,43,0	23:68,0,23,41	00:82,0,0,0	00:99,0,0,0	00:83,0,0,0	00:85,0,0,0	00:72,0,0,23	00:62,23,0,0	NA:129,0,0,0	22:41,0,55,0	02:33,18,17,21	00:66,24,0,0	03:60,0,0,91	00:88,1,0,40	00:62,0,19,0	03:31,13,0,25	03:66,0,0,28	03:49,29,0,11	13:61,13,0,24	00:88,29,0,0	22:29,0,73,0	00:106,0,0,0	02:41,0,9,0	00:99,0,0,0	00:114,0,0,0	33:19,0,0,48	00:75,0,0,0	00:70,0,0,46	00:75,0,0,20	33:0,0,0,151	00:89,0,0,0	13:0,17,0,70	11:46,8,0,14	33:23,0,0,76	00:41,0,19,25	33:48,0,0,58	00:51,0,0,40	22:37,0,40,0	23:17,0,24,35	33:0,0,0,66	03:88,0,0,9	13:23,36,0,13	00:55,27,0,16	01:19,87,0,0	33:50,0,26,9	00:69,0,0,0	22:44,0,47,0	33:40,0,0,37	01:78,60,0,0	03:62,0,0,25	22:42,0,8,48	02:111,0,26,0	33:73,0,0,43	02:71,0,42,0	03:61,0,0,16	33:0,0,0,90	00:106,0,0,0	00:104,0,0,0	00:22,0,0,72	00:101,0,0,0	00:32,0,31,0	03:77,0,0,33	00:102,0,0,0	22:0,64,47,0	00:126,0,0,0	00:110,0,0,0	03:14,36,22,21	12:0,34,68,0	01:81,29,0,0	33:74,0,0,64	03:93,0,0,38	11:0,71,0,31	11:0,35,59,0	22:20,0,78,0	03:30,0,0,61	11:0,60,0,64	00:145,0,0,0	33:0,0,0,79	33:0,31,0,66	NA:92,0,0,0	00:127,0,0,0	00:89,0,0,0	13:46,34,0,12	33:0,0,37,70	00:54,34,15,0	00:123,0,0,0	00:97,0,0,0	00:75,0,0,28	03:32,0,31,30	33:33,0,0,73	03:54,0,0,41	03:56,0,0,25	00:77,0,0,0	02:58,0,20,0	02:38,0,24,0	00:85,34,0,0	02:26,15,12,0	33:14,0,0,82	03:79,0,0,42	11:0,100,0,0	11:31,30,0,48	00:102,0,0,0	03:57,12,0,17	00:72,0,0,0	00:100,0,0,25	23:55,0,29,28	00:48,0,19,0	22:0,0,87,0	00:83,0,0,0	03:44,0,0,42	00:78,25,0,0	00:72,0,0,0	33:76,0,0,35	03:30,0,51,28	11:0,48,0,17	03:71,0,0,40	NA:39,33,0,34	00:81,0,14,0	01:34,18,22,0	00:52,0,0,0	00:54,0,0,12	00:71,0,22,0	00:86,0,0,37	00:57,0,0,16	11:0,78,0,0	00:76,0,0,33	00:66,0,0,0	33:0,0,0,116	02:95,0,33,16	00:105,0,0,0	00:75,11,0,0	00:62,28,0,0	22:0,0,92,0	33:0,0,37,76	11:0,101,0,0	01:84,40,0,0	01:33,18,0,38	03:20,17,29,34	00:90,0,0,0	00:64,0,0,31	03:80,0,0,25	33:29,0,0,57	00:105,0,0,0	00:103,0,0,0	33:0,0,0,56	00:91,0,0,0	00:48,14,0,0	00:148,0,0,0	03:79,0,0,62	00:101,0,0,0	11:4,44,0,20	03:59,0,0,24	33:0,0,21,112	00:106,0,0,0	22:35,0,25,34	33:60,0,0,34	00:89,0,0,16	11:15,42,28,0	00:98,0,0,0	00:80,0,0,0	00:118,0,0,0	13:24,47,0,17	00:51,18,42,0	11:0,69,11,0	00:113,0,16,0	12:61,34,23,24	33:34,17,0,36	00:105,0,0,16	00:113,0,0,0	03:44,0,0,38	33:39,0,0,80
1_90	64	03:55,16,0,50	13:0,38,5,71	00:24,0,0,92	02:78,0,24,0	00:140,0,0,0	01:63,55,3,0	00:125,0,40,0	00:116,0,22,0	11:0,139,0,0	00:60,0,0,53	00:82,0,0,20	33:30,0,27,26	01:25,18,22,19	00:92,17,3,0	02:49,11,26,0	01:63,29,0,0	03:88,0,0,39	00:170,0,2,0	11:27,66,0,0	00:121,0,0,0	12:0,36,93,0	03:109,0,0,21	03:56,0,19,32	11:0,60,23,0	03:107,4,0,35	00:91,0,0,0	00:84,27,0,0	00:136,0,0,0	00:140,0,0,3	03:59,0,2,60	00:98,0,0,0	00:75,0,24,0	00:132,0,0,0	03:39,41,0,51	13:5,50,0,142	22:4,35,52,30	13:48,34,0,17	02:36,0,49,28	00:101,2,0,0	00:108,0,31,0	03:83,0,0,29	33:4,29,29,57	03:58,0,0,49	00:35,64,0,19	00:38,0,0,86	02:82,0,90,0	03:59,0,0,36	03:85,0,0,23	02:59,0,19,26	00:86,0,0,0	NA:0,0,0,56	00:87,0,0,0	03:44,0,31,59	00:87,0,66,3	03:90,0,0,20	00:101,1,0,3	00:120,0,0,0	00:143,0,0,0	00:147,0,0,0	02:87,0,49,0	33:0,0,0,103	00:123,0,0,25	01:47,49,0,0	00:96,0,0,0	03:36,0,14,23	03:36,0,0,17	33:36,0,0,88	03:37,1,0,54	11:2,124,0,0	33:53,40,0,76	03:112,0,0,41	00:122,0,0,0	03:78,3,0,9	00:154,0,0,0	03:91,0,0,37	01:63,50,0,0	02:68,0,22,25	22:39,0,77,28	00:50,0,0,51	01:33,62,30,0	03:84,0,0,68	03:74,0,0,52	01:53,42,0,1	00:65,23,0,1	02:74,0,42,27	00:135,0,0,2	03:77,0,0,39	00:101,0,0,1	00:65,0,50,6	02:48,0,38,28	00:92,0,0,0	03:69,0,0,55	00:84,0,32,0	03:23,0,29,82	00:62,0,19,0	00:100,0,0,25	03:59,0,0,74	12:3,47,60,88	01:114,31,2,0	00:48,0,0,47	00:69,0,0,36	00:206,0,0,0	02:50,0,26,0	03:43,0,0,101	23:0,0,26,55	00:125,0,0,1	00:62,0,0,28	33:34,1,0,78	00:120,0,0,2	01:42,61,20,0	00:82,0,0,29	11:0,122,1,0	02:25,30,59,0	00:64,0,0,33	01:43,21,17,0	00:65,0,3,47	11:28,109,0,0	00:92,1,0,0	02:63,0,40,0	00:133,0,0,39	00:77,32,0,38	00:108,0,0,0	00:92,0,36,0	03:28,0,0,91	00:120,0,0,29	00:92,28,0,0	03:34,0,0,83	02:63,31,31,0	00:73,0,0,37	03:51,2,0,63	03:60,0,27,34	22:0,0,145,0	03:105,0,0,36	00:124,0,0,0	00:60,0,23,0	12:0,68,81,0	00:124,0,0,0	00:161,0,0,0	00:86,0,0,25	12:0,67,78,0	22:0,0,122,0	22:0,0,111,0	00:100,0,0,0	33:0,94,4,75	03:63,0,4,80	33:20,0,0,94	33:0,0,5,107	00:96,0,2,23	00:132,0,0,0	00:85,0,17,0	03:55,3,0,71	33:0,0,0,89	02:24,0,117,0	03:71,0,0,78	01:33,37,0,26	33:40,0,0,98	22:3,22,94,0	23:0,0,61,47	00:121,0,0,0	03:29,0,0,101	03:30,0,0,52	01:41,53,0,0	02:102,0,27,0	03:75,0,0,33	02:40,0,44,2	00:46,0,71,3	23:4,0,73,48	11:0,86,0,0	03:138,0,1,28	00:105,0,0,0	03:61,0,0,47	01:40,58,0,0	00:115,0,0,0	00:109,0,0,32	03:69,0,0,9	01:35,64,37,0	03:78,0,28,33	33:79,0,17,37	03:121,0,0,24	03:81,0,0,23	33:30,0,0,92	02:57,0,53,1	11:0,100,1,0	00:114,0,0,0	00:94,29,0,2	00:107,0,0,0	00:94,34,2,0	00:99,0,0,0	00:74,15,0,0	22:54,6,66,0	00:117,0,2,0	00:86,0,0,0	11:0,51,0,11	02:30,0,63,41	00:90,0,0,1	13:0,74,32,43	03:70,3,0,84	00:119,9,0,0	03:41,0,0,42	11:50,53,0,0	12:0,52,48,0	03:42,0,0,108	11:0,90,0,23	00:118,5,0,0	23:21,0,27,35	00:128,3,0,0	00:84,0,0,0	02:59,0,46,3	00:139,0,0,0	13:28,38,0,56	11:66,74,3,0	33:4,0,0,118	03:59,0,24,37	02:64,2,24,23	00:89,0,3,0	00:148,0,0,0	00:157,0,0,0	03:32,0,0,54	03:98,0,0,29	03:66,0,0,56	33:0,0,0,146	01:39,61,0,27	03:63,3,0,64	00:148,0,0,4	13:23,44,0,72	00:77,0,0,0	00:136,0,0,0	00:109,0,0,5	00:130,0,0,1	33:0,31,0,91	13:25,52,0,26	11:24,79,0,0	33:86,0,41,59	11:37,32,0,53	13:33,44,0,63	02:135,0,30,0	00:137,4,3,0	00:55,0,5,54	33:47,1,3,82
3_90	36	01:84,32,0,38	11:0,169,0,0	23:36,0,16,76	00:106,0,0,0	00:178,0,0,0	01:84,72,0,0	00:175,0,0,45	02:147,0,42,0	01:56,76,0,0	03:77,0,0,51	00:132,0,0,0	03:65,0,0,43	33:11,0,0,66	03:96,0,0,53	01:66,25,31,0	03:79,0,0,44	00:134,0,0,25	02:150,0,64,0	12:0,44,55,17	00:126,0,0,0	22:0,26,114,0	00:129,0,0,30	00:119,0,0,13	11:0,109,0,0	00:128,0,0,26	01:103,50,0,0	00:117,0,0,0	00:163,0,0,0	00:160,0,0,0	03:54,0,0,96	01:93,49,0,0	00:152,0,0,0	01:75,48,0,35	33:26,0,0,92	00:127,32,0,42	13:0,88,28,50	02:75,29,19,0	03:115,0,0,50	03:75,0,0,52	00:169,0,0,0	03:82,0,0,57	03:78,0,0,60	01:63,42,0,21	02:51,39,42,0	33:29,0,0,89	02:90,0,62,0	13:0,55,0,47	00:127,0,0,0	03:88,0,0,24	00:121,0,0,8	33:0,0,0,109	00:99,0,0,0	33:58,0,0,110	01:59,27,12,15	03:76,0,0,60	01:64,31,0,0	00:115,0,15,0	00:125,18,0,0	00:144,0,0,12	00:118,0,33,0	33:43,0,0,85	03:132,0,21,38	00:99,20,0,0	00:110,0,0,0	02:77,0,26,0	00:82,0,0,15	33:58,0,0,83	03:59,0,0,36	11:0,100,0,0	02:88,49,44,0	00:112,0,17,0	00:142,0,0,0	02:69,0,27,19	02:109,0,60,0	00:125,0,0,26	00:120,26,0,0	00:168,0,0,0	22:50,0,106,0	02:62,0,54,28	01:63,79,0,0	03:127,0,0,55	03:81,0,0,61	02:72,15,38,0	03:72,0,0,65	03:46,42,23,41	03:52,11,0,64	12:0,73,26,47	03:121,0,0,33	22:49,0,91,0	00:108,0,28,0	22:70,0,59,0	00:87,0,0,35	03:115,0,0,48	33:0,0,0,164	00:91,1,9,0	03:102,0,0,49	00:144,0,0,0	23:36,0,71,101	00:120,0,14,0	13:46,30,0,24	01:73,32,0,0	33:100,0,0,77	00:101,0,25,0	33:48,0,0,137	03:75,0,19,40	02:113,0,46,0	02:79,0,50,16	33:0,27,10,82	03:93,0,0,54	13:53,16,0,33	03:79,12,0,42	01:50,68,36,0	23:79,0,41,55	00:107,7,0,0	02:96,0,49,0	03:101,0,0,42	01:58,80,0,46	00:121,0,0,0	02:107,0,64,0	02:149,0,55,0	03:70,0,0,77	00:129,0,0,18	00:133,0,0,0	03:65,0,0,83	03:132,0,0,29	00:156,0,0,0	03:37,0,26,57	00:131,0,30,0	03:112,0,0,29	00:150,0,0,0	00:128,0,0,0	22:10,0,118,0	13:14,59,19,114	03:133,0,0,45	00:79,0,45,0	12:0,95,91,22	11:59,82,0,0	00:168,25,0,0	33:47,0,0,104	12:0,109,51,0	02:57,0,92,0	22:0,0,129,0	00:145,0,0,0	02:61,0,54,79	00:149,0,18,0	13:0,79,0,76	23:0,0,46,78	00:85,0,0,24	00:132,0,0,48	01:104,32,27,0	03:125,0,0,36	01:25,61,0,49	22:0,0,144,19	02:92,0,66,0	11:54,92,0,13	11:54,121,0,15	33:0,0,52,70	33:0,0,0,122	00:147,0,0,0	33:59,0,0,75	00:111,0,0,0	00:133,0,0,0	22:31,0,74,16	00:144,0,24,0	22:10,1,63,29	33:57,0,0,104	33:41,22,0,90	11:0,92,0,9	00:154,0,47,0	00:123,0,0,4	33:29,21,0,69	00:95,13,0,17	00:94,0,11,34	00:159,0,0,0	00:120,0,0,0	22:7,0,128,0	00:130,24,0,0	22:0,0,76,66	00:130,9,0,14	22:48,0,97,4	33:34,0,0,93	11:30,67,10,9	11:0,101,0,0	00:145,0,16,2	00:111,0,0,46	00:124,0,0,11	02:79,11,57,0	00:90,23,0,0	00:125,10,0,0	02:77,40,27,0	03:117,7,0,30	00:80,0,0,0	23:30,14,17,31	03:137,0,0,39	00:68,2,15,35	33:58,0,0,105	00:192,0,0,0	22:46,14,92,0	33:48,0,0,88	00:119,0,12,0	22:0,0,124,0	33:0,0,0,180	02:6,42,73,0	11:22,154,0,0	00:107,0,0,2	00:102,0,0,35	00:116,0,0,21	00:138,0,0,8	33:45,0,0,102	00:98,0,0,44	00:150,0,0,0	00:165,0,0,0	33:0,0,0,132	00:99,0,0,0	00:115,0,0,0	00:195,0,0,5	00:127,0,0,55	00:93,0,0,29	00:113,0,0,38	00:82,0,0,31	33:0,0,0,176	00:109,0,34,0	00:128,0,0,10	03:78,0,0,82	00:147,0,0,16	00:114,15,0,0	00:137,0,0,0	03:89,0,0,26	00:168,0,0,0	13:0,34,0,95	00:128,0,0,0	11:0,133,0,0	00:183,0,17,0	22:82,0,84,0	33:25,47,0,73	00:114,0,23,36	00:193,0,0,0	03:29,0,0,88	33:17,0,0,155
4_90	61	03:65,0,0,15	13:0,62,0,35	33:16,0,0,32	00:34,0,0,17	00:97,0,0,0	00:79,0,0,0	00:104,0,0,0	00:69,0,0,0	11:0,108,0,0	00:67,0,0,0	00:65,0,0,0	02:37,0,13,0	03:12,7,0,22	00:71,2,0,0	13:11,20,0,12	02:22,0,27,0	00:84,0,0,0	03:38,0,36,52	01:52,19,0,5	01:69,41,0,0	22:0,0,76,0	00:117,0,0,0	00:83,0,0,0	11:0,49,0,0	00:81,0,0,0	01:34,28,0,0	00:76,0,0,0	01:67,38,0,0	00:80,0,0,0	03:27,0,23,28	00:89,0,0,0	00:110,0,0,0	03:66,0,0,32	33:0,0,0,90	00:119,0,0,37	12:33,28,33,0	00:69,0,0,0	00:90,0,0,0	01:21,27,0,0	00:88,0,0,0	00:77,0,0,0	03:35,0,0,53	00:94,0,0,0	00:62,12,0,0	33:0,0,0,62	00:104,0,0,0	03:18,0,0,35	23:20,0,25,27	03:36,0,21,26	03:30,0,0,34	03:19,0,0,34	00:64,0,0,0	33:20,0,0,56	00:89,0,0,11	00:84,0,0,0	23:20,0,30,31	00:102,0,0,0	00:114,0,0,0	00:68,0,0,22	00:101,0,0,0	03:23,0,0,39	00:119,0,0,0	01:92,0,0,25	00:73,0,0,0	00:39,0,11,0	02:32,0,22,0	03:37,0,0,48	12:0,29,15,14	01:30,44,0,0	03:70,0,0,23	00:88,0,0,24	03:59,0,0,19	00:54,18,0,0	00:113,0,0,0	00:94,0,0,0	03:27,0,0,25	00:101,0,0,0	02:41,0,62,0	00:93,0,0,0	02:82,0,35,0	33:0,0,0,117	33:0,0,0,83	00:74,0,0,0	00:70,0,0,0	00:96,0,0,0	01:35,47,0,0	00:53,27,0,0	00:70,0,0,0	02:26,0,64,0	00:94,0,0,0	02:22,10,13,0	00:47,0,0,26	00:65,0,0,0	33:0,0,0,128	00:50,0,0,0	00:88,0,0,0	00:61,0,0,30	03:53,0,25,56	00:71,34,0,0	33:0,0,0,55	00:44,0,0,0	03:51,0,19,31	00:93,0,0,0	00:86,0,42,0	33:0,0,0,59	00:57,0,0,0	03:15,15,0,33	33:0,0,0,76	00:65,0,31,0	00:72,0,0,0	00:41,0,0,17	03:49,0,0,29	01:53,30,0,0	00:60,0,0,0	00:74,0,0,0	00:65,0,0,0	00:33,0,0,23	00:68,0,0,0	00:66,0,0,0	00:126,0,0,0	03:31,0,0,76	00:64,0,0,16	00:107,0,0,0	33:20,0,0,51	00:91,0,0,0	00:84,0,0,0	33:0,0,29,74	00:103,0,0,0	02:48,0,21,0	03:53,0,0,56	03:42,0,0,41	12:0,19,52,0	23:53,0,23,36	03:24,0,22,69	22:45,0,29,0	12:0,22,86,0	01:44,17,0,21	00:98,0,27,0	00:93,0,0,0	12:0,56,55,0	22:0,0,67,0	22:0,23,61,0	00:85,0,0,0	03:27,0,0,113	00:98,0,0,0	33:16,0,0,67	33:0,0,0,79	03:61,0,0,19	13:27,27,25,21	01:47,21,13,0	02:38,0,24,22	23:0,20,15,34	22:20,0,64,0	00:119,0,0,0	00:81,0,0,0	00:116,0,0,0	22:0,0,63,0	33:16,0,0,41	02:71,0,15,0	00:92,22,0,0	00:43,0,0,12	00:53,0,0,0	00:60,0,0,0	00:76,0,25,0	03:29,0,20,15	03:39,0,0,40	00:80,0,0,0	11:0,36,0,15	02:89,0,26,0	00:72,0,22,0	11:11,20,0,21	00:55,0,0,0	03:49,0,0,33	03:45,0,0,55	00:50,0,0,0	22:0,0,84,0	00:97,0,0,0	03:19,0,0,59	00:38,10,0,11	00:61,0,19,0	03:32,0,0,45	00:53,0,0,0	11:0,24,0,24	03:51,0,0,35	03:90,0,0,23	00:73,0,0,0	02:54,0,18,14	00:44,13,0,0	00:38,15,0,0	01:26,11,14,13	00:88,0,0,0	00:46,0,0,0	01:8,19,0,11	00:74,0,0,43	03:75,0,0,16	03:18,0,0,92	00:106,0,0,0	01:42,51,0,0	03:39,0,0,32	03:43,0,0,13	23:19,0,31,17	03:40,0,0,75	11:0,58,0,12	01:60,48,0,0	00:37,0,0,7	03:80,0,0,15	01:31,23,0,12	00:60,0,0,0	11:35,24,0,14	23:0,0,16,45	02:50,0,35,0	02:63,0,28,0	03:19,0,0,54	02:17,0,25,19	00:56,0,0,0	00:93,0,0,0	23:56,0,29,31	23:43,0,11,14	23:0,0,32,61	33:11,0,0,50	33:0,0,0,102	22:46,0,37,0	00:58,20,0,0	00:93,0,0,0	00:101,0,0,0	00:66,0,0,0	22:40,0,37,0	01:33,18,0,13	00:68,0,0,31	13:0,32,0,30	00:50,0,0,17	11:0,71,0,0	00:117,0,0,0	00:88,0,0,0	11:14,69,0,0	02:48,0,28,0	00:69,0,31,0	00:10,0,0,51	33:0,0,0,115
1_91	20	03:48,0,0,38	NA:19,55,0,12	NA:0,0,0,40	NA:60,0,19,0	NA:33,28,0,28	00:120,0,0,0	00:42,0,22,11	00:67,0,24,26	00:42,33,0,0	00:60,0,0,11	03:30,0,0,39	00:27,0,21,0	01:14,11,0,14	00:55,16,0,0	00:54,9,0,0	NA:56,0,0,10	00:67,0,0,0	03:55,0,33,25	NA:20,12,21,10	00:74,0,0,0	22:17,0,55,0	00:94,0,0,0	00:51,24,0,0	01:16,39,0,0	00:65,0,0,22	00:66,0,0,0	00:89,0,0,0	03:75,0,0,14	02:43,0,14,0	00:43,0,0,35	03:64,0,0,17	00:66,0,15,0	00:97,0,0,0	NA:0,0,0,64	03:48,0,0,53	23:0,0,39,57	NA:27,26,0,18	02:32,0,52,0	11:29,15,15,0	00:80,0,0,0	03:74,0,0,11	33:0,0,0,62	02:61,0,20,0	00:41,0,0,30	33:0,0,0,59	00:68,0,29,0	00:43,0,0,21	01:43,21,0,0	00:72,0,0,0	03:52,0,0,24	NA:0,0,16,57	NA:40,7,32,0	33:37,0,0,40	00:56,0,18,0	00:76,0,0,0	00:69,0,0,0	00:86,0,0,0	00:102,0,0,0	00:45,0,0,0	00:59,20,0,0	33:22,0,0,57	33:69,0,0,24	00:85,0,0,0	00:38,0,0,0	03:46,0,0,2	00:41,0,0,16	00:55,0,0,0	03:34,21,0,15	NA:0,31,20,19	00:29,0,0,73	NA:92,0,0,0	00:82,0,0,0	33:22,24,0,25	02:42,0,28,0	00:78,0,0,0	33:53,0,0,12	00:58,21,0,0	NA:37,0,40,0	00:42,0,0,16	01:66,19,0,0	00:51,0,0,19	33:28,0,0,35	00:83,0,0,0	00:26,0,0,33	00:74,0,0,0	00:51,0,0,0	00:51,0,0,13	01:49,20,17,0	11:36,14,17,0	00:57,0,14,0	00:52,0,0,0	00:68,0,0,0	00:63,0,0,11	23:0,0,12,45	00:62,0,0,0	00:68,0,0,0	00:61,0,0,14	03:40,0,0,72	02:66,0,20,0	22:20,0,10,36	00:47,0,0,10	00:69,0,0,57	00:92,0,0,0	00:69,0,0,19	NA:49,0,0,28	12:23,12,37,0	00:22,0,0,51	03:13,0,0,44	00:77,0,23,0	00:51,19,0,0	00:40,0,0,18	01:26,64,0,0	00:53,0,20,0	00:44,0,16,0	00:57,0,14,0	03:53,0,0,21	00:78,34,0,0	00:76,0,0,0	00:87,0,0,0	00:97,0,0,22	33:0,28,21,39	00:78,0,0,0	02:60,0,18,0	33:0,0,0,80	33:54,0,0,47	11:65,14,0,0	03:42,0,0,23	01:47,19,0,17	11:37,17,0,11	03:70,0,0,32	00:75,0,0,0	22:27,0,48,0	00:59,0,0,31	02:68,0,15,0	00:59,0,17,0	22:0,0,110,0	33:45,0,0,42	01:62,20,0,0	00:66,0,0,23	22:0,20,62,0	11:0,15,31,13	11:0,29,56,0	00:68,0,0,0	23:0,0,22,72	NA:47,29,20,0	33:15,0,0,66	33:24,0,0,54	00:42,0,0,16	02:53,0,24,0	NA:20,0,34,21	00:80,0,0,0	13:0,28,0,45	22:46,0,40,0	01:42,19,0,9	03:41,0,26,13	02:28,0,56,24	22:0,0,45,15	33:0,0,0,74	00:52,0,20,0	00:44,0,21,0	00:58,0,0,0	00:54,0,0,0	NA:64,0,0,0	00:70,0,0,20	02:41,0,14,0	03:37,0,0,31	00:82,0,0,25	11:0,55,0,0	00:124,0,0,0	01:68,12,0,0	NA:22,0,0,35	00:57,0,9,0	03:57,0,0,17	00:73,0,0,30	03:35,0,0,10	22:0,0,87,0	11:31,20,29,0	33:16,0,0,53	33:54,0,0,34	11:32,27,0,9	00:19,0,0,70	00:34,0,24,0	NA:0,68,0,0	01:40,16,0,14	00:60,15,0,0	00:42,0,15,0	00:59,0,0,0	11:18,30,0,0	NA:45,11,0,0	00:61,0,0,0	00:53,0,0,14	NA:39,0,0,0	11:0,53,0,0	00:87,0,0,0	00:55,0,0,0	33:0,0,0,95	33:49,0,19,21	00:85,0,0,0	03:56,0,0,22	00:56,0,0,17	00:38,0,31,0	00:60,0,0,47	11:0,57,0,25	33:58,24,0,27	NA:47,0,0,0	00:43,0,0,38	03:42,0,0,12	00:72,0,0,0	00:74,0,0,22	23:0,0,7,55	11:49,19,0,0	03:65,0,0,31	03:10,0,0,44	02:42,0,23,0	00:47,0,0,0	00:116,0,0,0	00:48,0,0,20	00:50,0,0,18	NA:0,0,0,24	00:59,0,0,16	33:23,0,0,74	00:77,0,0,0	00:78,0,0,0	22:49,0,53,0	00:82,0,0,0	00:54,0,0,0	03:40,12,0,13	01:53,13,0,0	00:90,0,0,0	13:15,24,0,11	NA:75,0,0,0	11:0,49,0,0	00:105,0,0,0	00:91,0,0,0	00:76,21,0,0	22:36,0,51,0	00:95,0,23,0	00:24,0,0,48	33:17,0,0,83
4_91	36	00:66,0,0,15	11:31,43,0,16	13:0,19,0,35	00:51,0,0,15	00:90,0,0,0	01:41,18,21,0	00:115,0,0,0	00:91,29,0,0	11:19,58,0,0	33:32,0,0,27	00:63,0,0,0	13:26,19,0,9	00:30,10,0,13	00:82,0,0,0	02:54,0,17,0	00:72,10,0,0	33:38,0,0,23	00:88,0,0,31	11:0,41,33,0	00:81,0,0,0	12:0,12,61,0	13:53,18,0,10	03:69,0,0,12	13:14,21,0,21	03:54,18,0,14	02:46,0,19,26	00:46,0,0,20	00:98,0,0,0	00:82,0,0,0	33:39,0,0,25	00:45,0,0,22	01:57,23,0,0	00:59,0,0,56	03:16,0,0,56	13:16,16,0,88	12:0,15,71,0	11:46,28,0,0	02:30,0,58,0	00:40,0,0,0	NA:25,0,0,37	03:68,12,0,11	33:0,0,0,56	33:20,19,0,48	03:44,0,0,13	03:16,0,0,52	12:45,18,25,0	33:23,0,0,19	01:45,20,0,0	00:65,0,0,0	00:53,0,19,32	33:0,0,0,80	00:63,0,0,0	03:22,0,0,90	00:74,0,0,5	00:91,0,0,0	00:63,0,0,0	00:50,0,15,0	00:59,21,0,0	01:41,19,0,8	12:29,27,59,0	33:0,0,0,98	00:120,0,0,0	11:61,25,0,0	00:41,0,0,9	00:35,0,13,7	03:42,0,0,16	23:9,0,12,26	00:41,0,0,41	11:0,70,0,0	00:81,0,0,22	00:70,0,0,0	00:90,0,0,0	03:53,0,0,10	00:60,52,0,0	03:71,0,0,19	00:50,0,33,0	02:76,0,15,0	12:0,18,68,0	01:54,19,0,0	01:38,56,0,0	00:111,0,0,25	03:17,0,0,46	00:97,0,0,0	00:29,0,12,23	23:66,0,27,16	00:58,0,0,0	00:51,0,0,7	00:84,0,0,0	02:42,0,20,0	00:80,0,0,0	22:8,0,38,0	01:46,13,0,28	03:82,0,0,24	03:44,0,0,41	00:59,0,0,12	00:84,0,0,0	00:82,0,25,0	23:0,0,40,77	00:101,0,0,0	03:38,0,0,36	00:65,0,0,11	33:19,0,0,97	00:76,0,0,0	00:91,0,0,0	03:31,27,0,15	00:73,0,0,0	03:47,0,0,21	33:0,0,0,41	00:98,0,0,0	00:57,0,18,0	00:53,31,0,0	00:41,45,0,0	02:56,0,47,0	00:71,0,0,0	00:26,11,64,0	03:7,0,12,31	01:56,55,0,0	03:60,0,0,23	00:107,0,0,0	00:99,0,0,35	00:67,0,0,24	00:94,0,0,0	00:63,0,0,0	33:20,0,0,61	03:23,0,28,37	00:46,0,20,0	33:0,0,0,98	00:84,0,0,0	00:57,0,0,0	03:34,0,21,32	00:74,0,0,0	12:0,27,52,0	03:69,0,0,36	00:120,0,0,0	00:61,0,11,0	22:0,41,66,0	00:84,0,0,0	11:48,54,0,0	00:110,0,0,0	12:0,0,102,0	11:0,39,56,0	22:8,0,83,0	00:65,0,0,0	22:22,31,77,0	22:13,0,43,29	33:0,0,0,89	33:0,0,0,77	00:74,0,0,0	00:82,0,0,0	33:35,0,19,57	00:55,0,0,23	33:14,0,0,65	22:18,10,70,0	01:95,32,0,0	03:69,0,0,19	23:0,37,30,26	22:0,0,85,0	00:63,0,0,15	03:46,0,9,20	03:65,0,0,28	00:62,0,0,15	00:58,0,0,17	00:51,0,13,0	00:99,10,0,0	12:28,11,25,0	03:74,0,0,14	00:66,0,0,38	01:23,10,0,37	03:100,0,0,15	11:16,32,20,32	00:37,0,0,24	02:33,0,23,0	03:16,0,0,62	00:89,0,0,0	00:24,0,13,6	22:0,0,69,0	02:49,14,32,0	03:21,0,0,58	00:111,0,0,0	00:45,0,0,0	00:66,0,0,17	22:7,13,35,0	11:12,50,0,0	00:81,23,0,0	00:84,0,0,0	23:12,0,35,18	00:48,0,0,0	02:33,0,15,0	03:49,0,0,8	00:81,0,0,0	03:46,0,0,53	03:23,0,0,24	11:0,33,0,0	00:97,0,0,0	00:60,0,0,0	33:0,0,0,79	03:71,0,0,21	33:65,0,0,14	01:47,20,0,0	03:29,0,0,42	23:0,0,57,21	23:33,0,30,50	13:0,74,0,32	02:39,20,34,0	00:48,27,0,0	12:40,19,31,16	01:67,39,0,0	03:42,0,0,34	02:24,0,28,61	33:0,0,22,71	00:65,0,21,0	02:65,0,33,0	00:64,0,0,0	00:56,0,0,0	33:38,0,0,25	00:24,0,43,61	02:57,23,37,0	02:60,0,26,0	23:0,7,13,14	13:0,27,0,54	03:29,0,0,96	03:64,0,0,17	00:45,0,0,25	00:62,14,0,0	00:80,0,0,0	00:48,0,15,0	00:84,0,0,0	01:42,16,0,0	03:67,0,0,29	11:29,51,0,0	12:19,21,50,0	11:0,47,0,0	03:77,0,0,33	00:85,0,0,0	12:20,47,15,0	22:58,0,44,0	00:82,0,0,0	13:22,9,0,28	03:52,0,0,57
2_92	108	03:64,0,0,12	13:0,32,21,11	33:0,0,0,37	02:26,0,12,0	03:39,0,0,18	01:30,8,10,0	00:85,0,0,0	00:44,0,0,0	01:4,27,0,0	03:16,0,0,18	00:39,0,0,0	03:18,0,0,23	00:16,0,0,4	00:50,0,15,0	02:14,0,13,0	00:49,0,0,0	03:18,0,0,27	00:77,0,0,0	11:27,15,0,0	00:39,0,0,0	12:0,22,16,0	03:39,0,0,12	03:21,0,0,8	11:0,24,8,0	03:12,6,0,26	00:52,0,0,0	00:66,0,0,0	03:52,0,0,15	03:5,0,0,9	33:18,0,0,40	00:27,9,0,0	00:50,7,0,0	03:28,14,0,9	03:10,0,0,26	01:67,24,0,19	12:0,9,35,18	01:29,5,0,0	00:40,0,0,25	01:4,12,0,0	00:34,0,0,0	03:40,0,0,13	33:20,0,0,38	03:26,0,0,3	00:51,19,0,0	03:8,0,0,26	02:31,15,14,0	33:0,4,0,21	03:18,0,0,10	03:28,0,0,6	00:51,0,0,0	33:0,0,0,24	00:27,0,0,0	03:21,0,0,56	00:21,10,0,1	00:39,0,6,0	03:26,0,0,3	00:44,0,0,0	00:55,0,0,0	00:32,0,0,0	02:19,0,13,10	33:0,0,0,48	00:50,20,0,0	01:51,20,14,0	00:17,5,0,0	00:30,0,0,0	23:16,0,3,11	03:8,0,0,14	01:21,8,0,0	01:4,31,0,0	00:72,0,0,0	00:24,0,0,7	03:88,0,0,16	00:19,0,4,0	00:25,8,0,0	03:11,0,0,44	00:30,0,0,0	01:50,17,0,0	02:20,24,10,0	03:20,0,0,5	01:19,12,0,0	00:61,0,15,0	00:30,0,0,30	00:45,0,0,0	03:37,0,0,21	02:42,0,16,3	00:33,0,0,7	03:35,0,0,5	02:35,0,13,0	00:20,0,5,0	02:44,0,15,0	02:16,0,2,0	00:23,0,11,8	00:34,0,0,0	33:0,0,9,20	00:38,0,0,0	03:28,0,0,17	33:10,0,0,47	33:0,0,0,85	00:35,0,5,0	33:19,0,0,15	03:12,0,0,10	33:14,0,0,49	03:40,0,0,20	00:54,0,0,13	33:0,0,0,29	00:45,0,0,5	23:12,0,0,16	33:0,0,0,45	00:83,0,0,20	01:20,14,2,0	03:23,0,0,9	11:0,31,0,0	02:17,0,39,0	02:26,0,14,0	00:57,0,0,0	00:13,0,19,0	03:14,13,0,41	00:42,12,0,0	03:40,0,18,28	00:87,0,0,0	33:29,0,0,54	00:46,0,0,0	00:14,0,0,0	33:0,15,0,45	00:79,0,0,0	01:25,4,0,0	33:0,0,0,87	00:36,0,0,0	02:14,0,7,0	00:40,0,0,31	02:22,0,15,0	12:0,25,32,0	00:47,0,0,20	03:51,0,0,39	02:55,0,2,0	12:0,20,56,0	03:63,0,0,9	00:77,0,0,0	03:23,0,17,30	22:0,7,37,0	23:13,0,26,23	22:0,4,23,11	00:58,0,0,0	33:1,22,0,57	01:60,15,0,0	33:0,0,0,34	03:17,0,0,43	00:35,0,0,0	00:66,0,0,0	22:21,0,12,0	01:34,7,20,0	33:0,0,0,43	00:42,0,0,0	00:71,0,0,20	02:30,16,6,0	33:33,0,0,31	23:0,0,19,5	23:24,0,10,10	02:30,0,7,15	03:6,0,0,47	03:29,0,0,10	01:15,14,0,10	00:19,0,0,9	00:43,0,0,18	22:18,0,9,0	02:26,0,8,0	02:18,7,13,14	11:0,43,0,0	00:75,0,0,0	00:45,9,0,0	03:24,0,0,11	01:18,9,0,0	00:46,0,0,4	00:62,0,0,0	03:18,0,0,2	12:0,12,27,0	01:33,19,20,0	03:20,10,0,29	03:21,0,0,20	00:9,0,0,4	03:24,0,0,22	00:10,0,7,0	13:0,22,0,4	03:52,0,0,14	00:64,18,0,0	00:25,0,5,0	03:33,0,0,9	01:17,15,0,0	01:6,6,12,0	03:19,0,0,9	00:52,0,0,15	00:17,2,0,0	13:0,14,0,9	00:57,0,0,0	00:4,0,0,0	33:0,0,20,32	00:63,0,0,0	00:31,0,11,0	00:35,0,0,0	00:50,0,0,0	22:14,0,21,0	33:0,0,0,80	11:15,27,0,0	00:31,17,0,0	00:17,0,0,0	01:31,11,0,0	00:37,0,0,0	00:33,0,0,16	03:24,0,0,20	33:7,0,0,36	00:58,0,0,0	00:37,0,0,0	33:10,0,0,16	03:9,19,10,4	00:28,0,0,0	00:72,0,0,12	03:61,0,0,12	00:54,0,0,0	33:3,0,0,8	00:52,0,0,0	03:19,0,0,52	01:35,6,0,0	00:28,14,0,0	00:36,0,0,0	03:21,0,0,23	00:35,7,0,0	03:38,0,0,10	00:33,0,0,7	00:49,0,0,16	13:0,19,0,14	01:4,18,0,4	11:0,24,3,0	03:28,0,13,25	13:17,17,0,39	03:19,14,0,11	01:28,11,0,12	01:44,13,19,0	03:4,0,0,20	33:0,0,0,78
3_92	25	03:97,0,0,15	13:0,85,0,15	33:11,0,0,66	02:67,0,17,18	00:95,0,0,20	01:23,57,10,0	00:116,0,0,0	00:97,0,0,0	01:14,65,0,0	03:19,12,0,65	00:77,0,0,18	00:16,0,6,37	00:60,20,0,0	00:87,0,0,0	02:19,15,66,0	00:84,0,1,0	03:24,0,0,81	00:119,0,0,25	12:18,42,16,0	00:82,0,0,0	22:0,60,33,0	03:39,0,0,51	00:34,0,0,59	11:0,51,0,0	33:41,0,0,53	01:53,11,0,0	01:69,8,0,0	00:142,0,0,0	00:66,0,0,0	03:36,0,0,65	00:81,0,0,19	00:80,0,0,0	00:103,0,0,0	NA:70,0,0,25	11:0,90,0,36	12:0,71,18,12	13:11,51,0,10	02:101,0,19,0	00:71,0,0,0	00:87,0,0,16	03:11,0,0,77	33:0,0,0,98	33:29,0,0,38	01:64,19,0,0	33:51,0,0,36	02:37,0,83,0	03:47,0,0,46	33:59,0,0,13	22:50,0,14,7	00:93,0,0,0	33:16,0,0,65	00:72,0,0,0	00:91,0,0,26	00:111,0,0,10	03:62,0,0,14	00:84,1,0,0	00:98,0,0,0	00:118,0,0,0	00:100,0,0,0	00:75,0,36,0	NA:0,0,0,92	03:82,0,0,32	01:43,58,0,0	03:57,0,0,19	02:28,0,22,10	00:47,0,0,21	03:16,0,0,55	NA:60,0,0,20	01:21,72,17,0	33:39,0,10,60	00:87,0,0,0	00:97,0,0,20	03:68,0,0,11	00:79,0,0,17	00:74,0,0,45	11:50,35,0,0	00:118,0,0,0	00:62,0,31,0	03:54,0,0,46	01:60,65,0,0	03:110,0,0,39	03:57,0,0,41	00:83,0,0,0	01:41,32,0,12	00:75,0,32,0	00:67,0,0,0	NA:61,0,0,32	00:71,0,0,16	22:33,0,41,13	23:0,10,54,32	00:70,0,0,0	00:69,0,0,30	02:85,0,35,0	33:28,0,0,86	00:43,0,29,11	00:104,0,0,0	00:90,0,1,0	03:40,0,37,39	00:104,0,0,0	33:26,0,0,61	00:69,0,0,0	00:124,0,0,0	NA:53,0,36,0	03:31,0,0,91	03:27,0,26,41	00:115,0,0,0	00:79,0,0,14	23:0,0,18,67	00:63,16,27,0	22:83,0,25,0	01:68,20,0,0	22:21,28,61,0	02:90,0,36,0	22:50,16,14,0	00:73,16,0,0	33:30,0,0,66	00:69,52,0,0	11:61,25,0,0	00:112,0,0,0	00:106,28,0,0	03:50,0,0,65	00:113,0,0,0	00:70,0,0,0	33:0,0,0,81	00:103,0,0,0	00:62,0,31,0	03:35,0,0,50	00:60,0,22,0	11:60,21,0,0	03:69,0,0,23	00:112,0,0,0	22:0,0,99,0	03:68,0,40,25	00:81,0,26,0	23:39,0,16,24	12:0,17,81,0	00:68,0,0,23	00:87,0,0,0	00:97,0,0,24	11:0,101,42,0	22:0,0,110,0	11:0,66,15,0	00:102,0,0,0	33:0,10,0,75	00:99,0,0,0	33:30,0,0,59	03:33,0,0,80	13:48,25,0,13	03:61,0,24,13	00:71,0,30,0	00:78,0,31,0	33:0,27,0,75	02:48,0,60,0	00:75,28,0,37	03:63,0,0,25	00:89,27,0,0	22:0,0,75,0	33:23,0,0,72	00:44,0,24,19	00:74,0,0,20	00:88,0,0,0	00:73,0,23,0	01:53,28,0,0	33:87,0,0,27	00:56,0,9,0	00:74,0,0,42	33:22,32,0,59	13:17,46,0,28	00:88,0,0,22	00:110,0,0,0	00:76,31,0,0	NA:86,0,0,0	00:101,0,0,0	00:120,0,0,0	00:52,0,15,0	22:0,0,117,0	00:102,0,0,0	33:24,0,0,64	33:18,20,0,41	NA:55,0,0,21	03:51,30,0,15	11:40,37,17,0	11:0,42,0,29	00:95,0,0,0	00:107,0,0,0	00:45,0,20,21	00:88,0,0,0	00:61,19,0,0	00:72,0,0,16	00:102,0,0,0	00:114,0,0,0	00:61,0,0,8	00:21,71,0,0	NA:92,0,0,17	00:59,0,0,0	23:0,0,28,74	22:23,0,26,58	00:108,0,0,0	00:78,17,0,0	00:92,0,0,0	NA:29,0,64,0	33:43,0,0,89	11:0,110,0,0	11:20,54,0,37	00:58,0,0,24	03:62,23,0,25	00:89,0,0,0	00:94,0,0,0	00:117,0,0,0	33:0,0,0,93	00:79,0,17,0	00:111,0,0,0	03:74,0,0,21	11:21,32,15,18	33:49,0,0,19	00:116,0,0,0	00:113,0,0,0	00:94,0,0,0	00:53,0,0,34	03:33,0,0,44	03:27,0,0,60	00:85,0,0,0	00:77,0,27,0	00:100,0,0,0	00:103,0,0,0	00:72,0,0,23	23:54,0,32,29	01:36,18,0,19	00:83,0,31,0	11:22,53,0,0	03:27,17,0,63	11:0,43,0,28	00:120,0,0,0	00:140,0,0,0	11:53,54,0,0	02:47,0,61,0	03:61,34,0,30	00:93,0,0,22	33:36,0,0,72
4_92	87	33:28,0,0,112	11:0,106,0,24	33:0,0,0,76	00:89,0,35,0	00:102,0,0,37	00:124,0,0,0	03:107,0,0,32	00:142,0,0,33	11:46,51,0,0	00:113,0,0,0	00:106,0,0,0	22:50,0,46,0	03:44,0,0,40	00:83,0,19,0	13:30,72,0,25	00:101,0,0,0	00:119,0,0,0	00:72,0,37,34	01:30,22,34,11	00:103,0,0,0	02:31,0,91,0	00:131,0,0,0	00:124,0,0,0	11:0,99,0,0	00:105,0,0,0	00:93,0,0,0	03:84,0,1,0	00:136,0,0,0	00:89,0,30,0	00:73,0,0,38	00:129,0,0,0	00:157,0,0,0	02:97,0,25,0	33:0,0,0,101	03:125,0,0,37	22:0,0,111,0	00:114,0,0,0	00:104,0,31,0	02:54,0,70,0	00:92,0,0,0	00:99,0,0,42	33:32,0,0,75	00:97,0,0,0	13:40,19,0,28	23:0,0,22,81	00:136,0,0,0	00:95,0,0,0	00:97,0,0,0	00:77,16,0,0	03:69,0,23,17	33:0,0,0,92	00:72,24,0,0	03:73,0,0,75	00:125,0,0,0	03:87,0,0,32	00:91,0,0,0	02:87,0,16,0	01:104,19,0,0	03:94,0,0,19	01:88,24,0,0	03:29,0,0,98	00:107,0,0,30	01:52,58,0,0	00:78,0,0,0	00:89,0,0,23	03:58,0,0,39	03:99,0,0,14	03:90,0,0,24	11:0,87,0,39	03:85,0,0,38	00:150,0,0,0	00:121,0,0,0	03:44,0,0,52	03:111,0,0,21	00:108,0,17,0	00:79,0,0,32	13:35,36,0,15	02:62,0,65,0	33:37,0,0,63	01:141,17,0,0	00:98,0,0,31	03:61,0,0,55	00:111,0,0,18	03:82,0,0,35	00:129,0,0,0	00:119,0,0,0	00:129,0,0,0	02:56,29,30,0	02:87,34,0,0	02:62,0,39,0	00:93,0,0,0	00:121,0,0,0	00:65,24,0,29	03:18,0,0,106	22:68,0,11,0	00:120,0,0,0	03:84,0,0,56	03:33,0,35,80	00:130,0,0,0	03:19,0,28,61	03:63,0,0,22	33:105,0,0,30	11:102,24,0,0	00:87,0,0,32	33:0,0,0,79	00:59,31,26,0	33:0,0,0,106	33:62,0,0,47	00:100,0,0,0	00:94,0,0,0	03:15,24,1,63	01:23,91,0,0	02:68,0,42,36	22:54,0,30,21	00:111,0,0,0	00:39,0,27,51	01:75,40,0,25	00:93,0,0,18	00:103,19,0,1	00:97,0,40,0	33:0,0,24,85	00:115,0,38,0	03:36,0,0,52	33:0,0,0,129	00:132,0,0,0	02:99,0,31,0	33:31,0,0,72	03:86,0,0,26	02:86,0,30,0	00:110,0,0,0	00:111,0,0,0	22:0,0,137,0	33:95,0,0,82	03:70,0,0,70	02:73,0,12,0	12:0,78,69,0	23:55,0,31,18	03:95,0,0,33	03:37,0,40,57	11:0,56,56,0	02:95,0,37,0	22:13,0,45,20	00:89,0,0,0	33:0,0,0,147	00:79,0,30,0	33:0,0,0,191	33:0,0,0,116	00:87,0,0,25	01:109,40,0,0	22:33,0,113,0	13:31,41,0,58	33:0,0,30,104	22:60,0,60,0	11:77,55,0,0	33:0,17,29,58	02:70,0,14,37	22:0,0,92,0	03:40,0,0,66	00:85,0,0,28	03:63,0,0,49	00:108,0,0,0	00:127,0,0,0	00:97,0,0,0	00:120,0,0,0	02:75,0,24,0	03:87,1,0,23	00:104,0,0,24	01:31,74,0,0	00:142,0,0,0	01:105,33,0,0	33:70,0,0,52	02:73,0,16,0	03:99,0,0,29	03:112,0,0,44	00:72,0,0,21	22:0,28,101,0	02:63,32,36,0	02:29,0,24,61	00:99,15,0,0	03:79,0,0,31	03:28,0,0,86	02:53,26,33,0	12:0,30,45,25	03:89,0,0,33	00:95,0,36,0	00:128,0,0,0	00:57,34,0,33	00:107,0,0,0	01:117,34,0,0	00:117,0,0,0	33:26,0,42,55	00:93,0,0,0	11:0,94,0,0	00:139,0,0,0	00:96,0,0,0	33:0,0,0,137	33:0,0,37,112	00:120,0,0,0	03:76,0,0,36	00:108,0,0,0	02:62,0,63,0	00:72,0,0,76	00:72,44,0,24	13:0,81,0,56	33:23,0,0,80	00:138,0,0,25	00:96,0,0,0	00:92,0,0,24	00:154,0,0,0	03:23,0,0,90	00:117,0,0,0	00:130,0,0,0	33:0,0,20,80	00:76,0,0,23	00:111,0,0,0	00:147,0,0,0	00:74,0,0,62	00:81,0,0,20	33:37,0,0,81	03:115,0,0,0	33:0,0,0,109	00:147,0,0,0	00:62,28,0,0	03:91,0,0,30	03:25,26,0,57	00:107,0,0,0	03:81,0,0,23	00:49,30,0,20	00:104,0,0,41	01:38,52,0,25	01:27,24,36,25	11:0,87,0,0	00:154,0,0,0	00:122,0,0,0	01:76,35,0,0	23:0,0,67,81	01:85,35,0,0	33:0,0,0,89	03:36,0,0,79
1_93	68	01:46,27,0,0	33:0,49,0,41	00:32,0,0,32	03:29,0,0,8	00:76,23,0,0	00:38,14,0,0	33:27,0,29,43	00:72,0,20,0	13:0,42,0,12	02:5,0,10,22	01:18,8,0,19	02:5,0,25,2	00:27,0,0,12	00:45,7,0,0	01:15,5,5,0	00:51,0,0,0	02:35,0,14,17	03:102,0,0,40	00:40,26,0,0	23:27,0,13,19	22:0,12,49,0	00:58,0,0,10	00:26,20,0,9	11:0,15,0,0	00:23,0,0,37	01:40,6,0,0	00:46,0,0,0	00:91,0,0,0	00:42,0,0,0	00:31,0,0,34	00:71,0,0,0	02:17,0,27,0	03:63,0,0,14	33:28,0,0,55	03:29,39,0,56	02:27,25,16,7	00:22,31,0,0	00:90,0,25,0	00:13,0,0,0	03:38,0,0,10	00:41,0,0,6	01:11,34,0,32	00:71,0,0,16	00:36,0,0,19	33:10,0,0,37	00:26,0,23,0	00:9,0,0,15	00:37,0,0,0	00:37,0,0,0	00:84,0,0,0	33:0,0,14,16	00:42,0,16,0	03:81,0,0,39	03:34,0,28,5	03:49,0,0,21	01:37,19,0,0	00:66,0,0,0	00:79,0,0,0	00:32,0,0,0	00:55,35,24,0	33:0,0,0,64	00:89,0,0,0	00:76,17,0,0	03:26,0,0,11	00:23,0,0,0	00:41,0,0,13	00:39,0,0,8	00:30,0,0,0	11:0,22,0,0	03:47,14,0,12	00:53,0,0,0	00:73,0,0,0	00:27,0,0,0	03:15,0,0,16	01:36,27,0,10	00:42,0,0,11	00:63,0,0,0	02:32,0,69,0	00:46,0,0,0	01:25,36,0,29	01:55,16,0,22	03:26,0,0,17	00:68,0,0,0	03:25,0,0,9	00:66,0,26,0	00:34,0,0,0	00:49,0,0,11	00:30,0,0,7	03:37,0,0,7	00:54,0,17,0	00:28,0,0,0	00:31,0,0,18	01:27,14,0,9	33:0,0,0,64	00:61,0,0,0	00:37,0,0,15	00:48,0,0,20	02:24,0,65,0	00:82,0,0,0	33:19,0,0,34	00:18,0,15,14	03:46,0,0,21	00:27,0,15,0	00:76,0,0,22	03:13,0,11,26	03:50,0,0,12	00:33,0,0,4	33:0,0,0,45	00:106,0,0,0	00:58,0,0,0	13:12,16,0,40	01:21,52,0,0	22:48,0,41,0	00:45,0,0,17	00:58,0,0,0	33:13,0,0,39	01:15,70,0,0	00:34,0,11,0	00:87,0,0,0	00:117,0,0,0	33:44,0,0,46	12:34,18,13,0	00:68,0,0,0	23:0,0,20,70	00:75,30,0,0	00:62,0,0,0	03:24,0,0,59	01:14,10,13,11	01:23,7,0,0	00:67,0,0,18	00:56,0,0,0	22:0,0,92,0	03:68,0,0,12	03:55,0,0,21	22:35,0,35,0	12:0,60,53,0	03:52,0,0,11	02:64,0,33,0	03:59,1,0,12	11:0,42,48,0	02:9,0,50,19	02:20,0,64,0	00:65,0,0,0	03:39,32,0,47	01:45,39,0,29	33:0,0,0,64	33:16,0,0,53	00:48,0,0,0	00:79,0,0,0	22:17,0,53,0	01:46,17,0,24	03:19,0,0,53	00:51,0,0,0	00:103,0,0,0	00:44,0,17,0	03:43,0,1,46	22:20,0,22,15	33:0,0,0,54	02:30,0,23,24	00:56,0,0,0	03:30,0,0,12	03:41,0,0,15	02:23,0,11,0	00:78,0,0,0	02:29,0,4,0	00:56,0,0,24	00:40,0,0,13	13:0,48,0,23	00:45,0,0,0	02:56,0,12,0	03:29,0,0,21	00:39,0,0,0	03:45,0,0,7	00:60,0,0,27	03:9,8,0,7	22:0,0,61,0	11:36,23,0,0	33:15,0,0,48	33:0,0,10,44	01:11,17,0,0	03:14,0,0,51	23:20,0,7,7	13:0,17,0,6	03:44,23,0,17	00:71,0,0,0	01:54,15,0,0	00:37,0,0,0	00:28,11,0,0	00:32,0,0,0	02:47,0,19,0	00:62,22,0,0	00:15,0,13,0	12:0,27,4,0	03:55,0,0,11	00:24,0,0,0	23:0,0,7,27	03:24,0,19,44	12:37,19,13,0	33:32,0,0,30	01:36,23,0,0	22:0,0,64,0	33:0,0,0,97	01:17,49,0,0	01:18,57,0,0	01:14,7,0,0	03:43,0,0,38	00:44,0,0,0	03:26,12,0,20	33:22,0,0,29	33:0,0,0,33	00:49,0,0,0	00:65,0,0,0	02:13,0,7,16	02:11,0,15,5	00:35,0,0,0	03:66,0,0,14	01:33,22,0,43	00:55,0,0,14	03:11,0,0,17	03:42,0,0,36	03:73,0,0,60	00:87,0,0,0	00:59,0,0,0	02:44,0,13,0	03:52,0,0,15	13:32,4,0,13	01:32,16,8,0	00:28,29,0,0	00:83,0,0,0	11:0,37,0,0	01:50,25,0,0	12:0,15,4,0	00:80,0,0,0	33:17,0,0,65	02:20,27,15,0	00:59,0,0,0	11:26,30,0,0	33:18,0,0,11	03:28,0,0,72
2_93	37	03:34,0,0,26	13:0,32,0,34	33:16,0,0,46	00:29,0,8,0	03:28,18,0,21	00:60,0,0,0	00:33,0,18,14	00:44,13,22,0	01:13,30,0,19	03:29,0,0,35	00:53,0,0,18	03:16,0,8,10	00:16,6,0,8	00:52,14,0,0	02:28,0,4,0	00:45,0,0,0	03:52,0,0,18	03:55,0,0,26	12:14,21,5,0	00:68,0,0,0	12:0,15,45,0	03:54,0,0,8	03:40,11,0,14	11:0,43,0,0	03:31,0,0,25	00:36,11,0,0	00:44,14,0,0	00:86,0,0,0	02:38,0,16,0	03:25,0,0,28	01:48,20,0,0	01:26,25,15,0	01:47,12,0,0	33:0,0,0,45	03:31,0,0,85	23:0,0,41,18	00:25,10,0,7	03:21,0,36,10	02:37,0,7,0	00:62,0,0,0	03:40,0,0,20	33:0,0,0,65	00:78,0,0,0	00:24,10,0,15	33:0,0,0,32	01:46,22,24,0	03:15,0,0,18	00:53,0,0,14	00:29,0,17,0	00:50,0,0,0	33:0,0,8,27	01:22,7,8,0	03:32,1,0,24	01:29,8,9,0	02:26,0,15,19	00:49,0,0,0	00:65,0,0,0	00:69,0,0,0	00:52,0,0,0	03:34,23,0,14	33:0,0,0,45	03:74,0,0,16	02:39,19,16,0	00:36,0,0,9	00:52,0,0,0	00:40,0,0,0	03:68,0,0,12	00:23,0,0,0	13:10,25,0,11	00:33,17,0,20	00:90,0,0,0	00:47,0,0,0	23:18,0,6,30	00:49,0,0,9	03:64,0,0,17	00:49,0,0,11	00:63,0,0,0	00:44,0,15,0	00:53,0,0,0	02:29,0,8,20	03:57,0,0,55	03:36,0,0,37	22:50,0,6,0	00:19,0,0,0	03:46,0,0,8	00:47,0,0,9	00:65,0,0,0	00:37,0,0,0	00:73,0,0,0	00:56,0,0,0	02:46,0,10,0	00:38,0,0,15	00:41,0,0,15	33:0,0,0,75	00:52,0,0,0	00:22,15,0,14	00:44,24,0,0	33:32,0,14,54	00:54,0,22,0	33:8,0,0,30	00:51,0,0,0	33:42,0,0,35	00:40,4,0,0	00:74,0,0,0	33:15,0,0,31	00:43,0,0,0	00:35,0,0,0	33:13,0,0,42	00:71,0,0,0	00:70,0,0,0	00:42,0,0,0	00:37,0,0,11	00:56,23,0,0	00:28,0,22,0	00:44,0,0,0	00:46,0,0,0	00:48,0,0,0	00:67,0,0,0	00:83,0,0,0	00:92,0,0,0	00:53,0,0,22	00:38,0,13,0	00:37,0,0,8	33:0,0,0,61	00:68,0,0,0	02:53,0,19,0	33:0,0,0,63	00:85,0,0,0	02:19,0,10,0	03:13,0,0,25	00:25,0,0,11	12:0,17,65,0	03:60,0,0,16	00:62,0,0,0	00:31,0,6,0	22:0,0,85,0	00:71,0,0,0	00:84,22,0,0	03:32,0,0,46	11:0,30,31,0	22:15,0,30,17	12:0,12,36,0	00:52,0,0,0	13:0,19,0,66	00:37,19,14,0	33:0,9,0,38	33:17,0,15,22	00:52,0,0,0	00:62,0,0,0	00:21,0,28,0	02:55,0,6,0	33:0,14,0,27	02:23,0,17,15	03:68,0,0,17	00:19,0,22,11	03:22,0,0,46	22:0,0,26,11	03:17,0,0,40	23:20,0,19,16	03:59,0,0,10	00:37,0,0,0	00:25,0,0,0	00:41,0,0,15	00:53,0,15,0	02:30,0,14,0	03:30,0,0,24	00:46,14,0,0	11:0,28,0,10	00:84,0,0,0	02:41,0,9,0	00:24,0,0,5	00:20,0,0,11	03:32,0,8,11	00:37,0,0,14	00:43,0,0,0	22:0,0,72,0	12:9,33,25,0	33:13,0,0,27	00:48,0,0,11	00:42,0,15,0	12:0,11,16,35	22:3,20,9,0	00:22,32,0,0	00:49,0,0,20	00:79,0,0,0	00:43,0,0,0	00:54,0,0,0	00:48,0,0,0	00:36,0,0,0	02:34,0,11,0	00:60,0,0,0	00:47,0,1,0	13:0,31,0,7	01:29,16,0,20	00:47,0,0,0	13:0,27,0,45	03:35,0,0,38	00:36,0,22,0	02:35,0,12,0	02:33,0,18,0	02:5,0,25,0	03:19,0,0,51	33:0,21,0,36	11:21,57,0,0	33:7,0,7,22	00:59,0,0,0	00:50,0,0,0	00:52,0,0,0	03:19,0,0,19	03:7,0,0,56	01:51,20,0,0	03:38,0,0,7	03:22,0,0,52	03:40,0,0,18	00:57,0,0,0	01:88,15,0,0	01:63,16,0,0	00:50,0,0,0	33:7,0,0,39	00:58,0,0,0	33:0,0,0,45	03:61,0,0,14	03:47,0,0,20	03:40,0,0,5	00:75,0,0,0	33:25,0,0,25	03:55,0,0,21	03:51,0,0,11	02:39,0,16,0	03:11,15,0,32	03:57,0,0,12	13:0,46,0,11	00:81,0,0,0	01:45,20,0,0	03:46,0,0,15	03:42,0,11,19	11:36,47,0,0	00:25,0,0,13	01:14,28,0,49
1_94	31	33:80,3,0,21	11:28,54,0,25	00:30,0,0,54	NA:5,27,0,14	00:83,0,0,0	00:25,0,0,0	NA:57,0,0,37	03:49,0,0,21	11:15,57,0,0	NA:60,0,0,0	00:55,0,0,0	22:14,0,33,0	NA:5,13,0,6	00:38,0,15,0	01:18,9,0,0	00:43,0,0,0	00:68,0,0,0	22:60,0,57,0	00:45,11,0,13	00:70,0,0,20	02:8,0,58,0	00:92,0,0,0	NA:46,0,6,0	NA:0,20,7,0	00:29,0,0,7	00:50,0,0,0	00:82,0,0,0	00:86,0,0,34	00:37,0,0,13	02:9,0,12,22	00:95,0,0,4	00:63,0,0,0	NA:86,0,0,22	33:0,0,0,70	03:111,0,0,47	22:37,0,19,0	00:41,0,0,0	00:93,0,0,0	11:9,10,0,0	00:26,0,0,0	00:72,0,0,0	33:0,16,0,70	00:61,0,0,0	11:28,33,0,10	33:0,0,0,63	00:71,0,0,0	03:13,0,0,21	00:27,0,0,7	02:7,0,15,25	NA:40,10,0,62	33:0,0,0,51	00:43,0,0,0	33:36,0,0,74	00:62,0,0,12	00:52,0,0,5	03:30,0,0,19	00:66,0,0,0	00:72,0,0,0	00:42,0,0,0	00:106,6,0,0	NA:13,0,0,49	00:96,0,0,0	03:27,0,0,15	NA:21,0,6,0	22:9,0,14,0	02:41,3,35,0	03:21,0,0,13	33:8,9,0,15	11:17,10,0,0	00:89,0,0,0	03:42,0,0,21	00:19,0,0,17	01:14,8,0,0	00:50,0,0,0	00:79,0,0,0	00:52,0,0,0	00:73,0,0,0	NA:28,0,31,24	00:36,0,0,8	02:27,9,17,0	33:20,0,0,28	33:0,0,0,29	00:55,0,23,0	NA:64,0,2,0	00:63,40,0,0	00:22,0,0,18	00:39,24,0,20	00:64,0,0,0	02:61,0,10,0	02:78,0,16,0	00:39,0,6,0	00:41,0,0,0	00:58,2,17,0	33:0,0,0,43	00:71,0,0,0	00:75,0,0,0	00:68,0,0,5	03:63,0,0,55	NA:44,0,0,0	33:17,3,0,54	33:30,16,0,15	00:52,0,0,45	00:22,0,0,0	00:88,0,0,6	33:13,0,0,43	NA:76,0,0,0	NA:12,0,0,53	33:0,0,13,42	00:74,0,42,0	00:55,0,0,0	03:67,0,0,11	11:15,60,0,0	NA:104,0,12,0	NA:29,21,8,0	00:61,2,0,0	00:40,0,0,13	NA:86,31,0,0	03:15,0,0,13	03:61,0,0,43	00:111,0,0,0	03:43,0,0,53	NA:50,19,2,0	00:67,0,0,0	23:0,0,27,62	00:114,0,0,0	00:35,0,2,0	03:57,0,0,43	00:68,0,0,15	00:22,0,10,17	00:40,0,0,74	NA:72,0,0,0	12:0,58,49,0	03:73,0,19,29	00:50,0,0,30	NA:83,0,12,0	12:0,31,85,0	NA:78,0,0,28	00:96,0,34,1	03:40,0,16,18	12:0,80,15,0	22:0,0,79,0	22:0,1,14,0	00:40,0,0,0	12:0,17,44,66	03:67,0,13,24	03:16,0,0,29	33:0,0,0,68	00:54,0,0,0	NA:53,39,1,0	00:80,0,1,0	00:36,0,0,44	33:0,0,0,84	22:21,0,24,0	03:59,18,0,17	NA:30,11,14,0	03:53,0,0,48	22:0,0,38,0	33:23,0,14,26	01:50,30,1,0	03:26,13,0,11	NA:33,0,0,26	11:34,41,0,0	02:31,0,11,0	03:71,0,0,36	02:16,0,19,0	02:45,0,21,9	33:8,1,8,12	11:0,85,0,13	03:40,0,0,12	00:63,0,31,0	00:22,6,0,10	NA:26,7,0,0	00:36,0,0,15	00:62,0,0,19	NA:25,8,0,5	12:0,17,41,0	00:29,0,0,0	NA:26,3,0,44	00:19,15,0,5	00:21,0,13,0	03:11,0,0,33	02:44,0,5,0	11:0,12,0,8	00:46,1,0,0	03:83,0,0,39	00:55,0,10,0	02:39,0,15,0	00:53,0,0,0	00:40,0,3,4	11:6,12,36,0	00:54,0,0,0	00:37,0,0,0	00:13,10,5,0	02:11,0,9,16	03:18,0,0,2	13:0,5,0,32	33:45,0,0,69	00:58,18,1,0	33:23,0,0,59	11:28,28,0,0	00:30,15,33,0	33:25,0,0,74	11:0,51,0,40	13:3,57,0,15	00:45,0,0,1	33:24,0,0,13	00:44,0,0,11	00:71,0,0,0	NA:32,0,0,12	23:1,0,7,15	00:44,0,0,13	NA:44,0,18,24	00:17,0,0,22	22:4,0,17,15	00:45,0,0,15	00:113,0,0,0	NA:63,0,22,21	NA:53,0,2,15	NA:0,0,6,15	03:26,10,0,53	00:26,16,0,56	00:67,0,12,0	00:99,0,0,5	00:66,1,0,0	03:62,0,0,22	NA:73,0,0,0	22:52,0,17,23	00:27,13,0,1	00:75,0,0,0	11:0,48,7,2	00:72,0,0,0	11:0,33,0,0	00:86,0,0,0	00:119,0,0,0	01:18,70,0,0	02:62,0,25,0	00:51,0,2,0	00:18,15,0,14	33:0,0,0,78
2_94	38	33:42,0,0,50	33:0,53,0,31	33:17,0,0,49	02:39,0,13,15	03:58,30,0,19	03:92,0,0,0	00:65,0,37,0	00:75,0,32,0	03:19,39,0,24	00:43,0,2,23	00:48,0,2,31	00:41,0,14,0	03:9,13,0,31	00:50,9,0,5	00:56,0,0,0	00:69,0,0,0	00:85,2,0,0	33:46,3,0,50	23:0,23,14,19	02:42,0,36,0	22:0,0,87,0	00:95,0,0,0	00:52,22,0,0	11:0,57,0,0	00:66,0,0,25	03:45,0,0,27	01:63,8,0,0	03:42,0,0,52	00:74,0,8,0	00:41,0,7,17	03:69,0,0,15	02:50,0,35,0	02:69,2,22,0	03:0,0,0,75	03:49,0,0,55	22:1,0,50,11	02:33,24,9,0	00:43,0,28,0	00:72,0,8,0	01:32,25,0,3	00:53,0,0,14	33:0,0,1,79	00:91,0,0,0	00:66,0,0,29	23:0,0,14,60	00:58,0,31,0	00:47,0,0,31	00:68,0,0,0	00:68,0,0,0	00:66,0,0,0	00:30,0,6,10	00:32,9,16,1	33:57,0,0,24	00:56,0,27,0	03:48,0,0,20	00:73,0,0,0	02:62,0,6,0	01:72,9,0,0	03:55,0,5,10	11:18,81,0,0	03:17,0,0,47	00:79,0,2,12	13:31,14,0,27	03:57,0,0,17	00:67,0,1,0	00:51,0,0,0	03:111,0,0,12	03:33,0,0,9	11:0,40,0,4	00:69,30,0,0	00:105,0,0,0	00:96,0,0,0	00:43,14,0,8	03:14,0,0,79	00:73,0,0,0	00:27,0,0,35	03:69,0,0,29	00:53,0,44,0	00:67,0,0,1	00:62,0,0,20	00:72,0,0,36	13:0,18,0,54	00:82,0,3,0	02:57,0,13,0	03:68,0,0,20	00:48,3,0,0	00:86,0,0,0	00:44,8,0,17	02:43,15,24,0	02:56,0,28,0	00:45,0,0,0	02:55,0,19,0	00:57,0,0,37	33:0,0,0,84	00:54,0,1,0	02:43,0,16,26	03:47,0,0,46	03:37,0,27,56	00:79,0,0,0	03:11,0,12,37	03:42,0,13,7	00:74,0,0,0	02:56,0,11,0	01:77,18,0,0	33:0,0,0,74	00:59,12,0,0	03:21,0,0,39	23:17,0,33,40	00:90,0,0,0	12:36,11,12,0	01:11,16,0,30	12:0,63,19,0	00:110,0,0,0	00:46,0,0,21	00:81,0,0,0	03:42,0,0,15	00:63,25,0,0	00:53,0,24,0	00:85,0,0,0	03:76,0,0,44	01:57,47,0,0	01:58,19,0,0	00:54,0,18,0	33:0,0,0,82	00:72,6,0,15	00:66,19,0,0	00:28,0,1,35	03:43,21,0,27	02:53,0,1,14	03:53,0,0,34	01:60,27,0,0	02:0,0,76,0	00:69,0,21,0	00:107,0,0,0	01:29,35,0,13	22:0,26,90,0	00:88,0,0,0	01:80,18,0,0	03:60,0,1,49	12:0,40,27,0	02:23,0,58,6	22:0,0,61,0	03:55,1,0,32	13:0,59,0,67	02:50,8,43,0	13:0,16,0,64	12:18,35,20,2	00:82,0,0,0	00:96,0,0,0	02:39,0,35,0	00:91,0,0,0	13:5,20,0,38	13:9,46,14,18	00:95,0,0,0	03:59,0,5,11	33:22,2,0,80	22:0,0,47,5	03:36,0,0,38	00:85,0,0,0	00:91,0,0,1	00:63,0,0,0	00:70,0,1,0	03:37,0,0,25	12:35,57,18,0	01:34,18,0,0	03:33,0,0,63	01:58,12,0,0	13:0,44,0,11	03:72,0,0,49	00:82,0,0,0	00:54,0,2,8	03:57,0,0,9	02:66,0,13,0	00:78,11,1,5	00:29,0,25,2	22:0,12,99,0	01:76,28,0,0	03:47,0,19,16	03:39,0,0,30	02:40,0,17,0	03:36,0,0,24	12:6,19,54,0	11:0,73,0,10	00:85,0,0,6	00:90,0,0,0	02:29,2,23,16	00:88,0,0,1	00:69,0,8,0	03:44,0,0,29	02:79,0,0,0	00:57,0,0,16	03:30,0,0,35	11:0,53,3,0	03:62,0,0,30	00:71,0,0,0	33:0,0,0,78	33:27,0,0,76	02:44,0,23,19	01:36,31,0,0	00:59,0,0,15	22:1,0,41,12	33:0,0,17,72	11:0,69,0,7	00:69,0,16,0	00:41,0,0,1	01:24,34,10,0	00:52,27,0,0	00:64,0,0,14	00:48,0,13,1	33:0,0,10,56	02:53,0,36,0	00:84,0,13,0	03:59,0,0,47	02:33,0,37,0	00:46,0,0,8	00:75,0,9,0	00:78,0,19,0	00:61,0,12,0	33:0,0,14,63	00:55,13,0,0	33:0,0,0,117	00:68,0,0,18	00:77,0,0,0	00:80,6,0,0	00:85,0,0,0	00:74,0,0,0	00:110,0,0,0	00:53,6,0,0	00:53,0,0,14	11:0,79,1,0	01:13,43,11,1	11:0,48,0,0	00:90,0,0,16	00:96,0,0,0	00:76,0,9,0	00:70,0,18,0	00:91,0,0,0	03:49,0,0,18	33:0,0,0,105
4_94	62	33:51,0,0,50	13:55,86,0,30	33:0,0,1,108	00:84,0,0,0	00:129,0,0,0	00:88,19,0,0	03:121,0,0,31	01:104,40,0,0	11:24,87,0,0	03:65,0,0,61	00:72,0,0,25	01:34,22,0,8	01:40,35,0,0	00:116,0,0,0	00:80,0,13,0	00:84,0,0,16	00:72,0,0,24	00:163,0,0,0	01:39,37,0,18	01:89,37,0,0	22:0,33,103,0	01:79,39,0,17	00:89,0,0,10	13:29,35,0,26	00:101,0,0,31	02:65,0,16,0	13:44,26,0,24	01:78,33,0,48	00:132,0,0,0	33:26,0,0,68	02:55,0,23,33	13:39,42,0,22	00:126,0,0,0	23:24,0,0,71	33:0,42,0,155	22:0,25,62,37	01:30,42,0,20	22:29,0,89,0	02:44,25,30,0	33:66,0,0,55	00:102,0,0,25	13:0,31,0,92	03:26,0,38,52	03:74,0,0,35	03:25,0,0,71	01:81,55,29,0	03:45,0,0,30	01:42,43,0,0	03:80,0,0,22	03:61,0,0,36	03:17,0,0,48	03:51,0,0,33	23:33,0,30,62	03:113,0,0,15	00:98,0,0,0	00:119,0,0,0	00:157,0,0,0	00:176,0,0,0	01:83,30,0,0	01:80,26,28,0	03:67,0,0,54	00:143,0,0,0	01:72,57,0,0	00:76,0,0,0	01:42,19,0,18	00:45,0,0,17	03:67,0,0,51	03:38,0,0,27	11:0,97,0,0	03:83,0,0,77	03:113,1,0,40	02:84,0,25,0	00:57,21,0,0	03:61,0,47,49	00:75,0,0,28	01:67,22,0,0	00:161,0,0,0	22:51,0,88,0	00:82,0,0,0	01:45,92,0,0	03:100,0,0,54	03:54,0,0,59	12:48,21,17,0	23:35,0,13,16	00:104,0,27,0	00:108,0,0,0	23:43,0,28,51	00:121,0,0,0	22:58,0,42,0	00:76,0,29,0	00:82,0,0,0	03:71,0,0,43	00:93,0,0,0	33:0,0,48,84	03:55,0,0,28	33:62,0,0,80	03:99,0,0,47	12:47,39,45,29	03:57,0,35,29	03:56,0,0,16	00:85,0,0,0	00:142,0,0,20	03:49,0,0,14	01:129,35,0,0	03:62,0,0,45	02:36,0,67,0	00:74,0,0,0	33:23,0,0,66	00:117,0,33,0	01:78,12,0,0	00:100,0,0,0	00:83,21,0,0	02:74,0,29,32	00:94,0,0,0	02:76,0,33,0	03:31,0,0,49	01:86,37,0,0	03:83,0,0,22	03:82,0,0,31	00:154,0,40,0	03:24,0,23,92	02:44,0,63,0	03:70,0,0,37	33:0,0,0,82	00:106,0,0,19	00:125,0,0,0	33:34,0,0,93	03:112,0,0,32	00:55,19,0,0	03:55,0,0,74	00:110,0,0,0	12:25,36,57,0	02:69,0,31,33	03:110,0,0,37	22:69,0,28,0	02:29,44,72,0	23:21,0,56,65	03:41,0,0,109	00:100,0,0,40	11:0,124,0,0	02:33,0,84,0	00:52,0,38,0	00:109,0,0,0	13:0,21,0,153	00:166,0,0,0	33:0,0,0,104	33:0,0,0,113	00:64,0,0,18	00:130,0,0,0	02:75,0,39,0	13:22,40,0,53	33:0,33,0,80	02:69,0,45,20	01:120,34,0,0	03:92,0,0,17	00:58,0,0,57	02:28,0,69,0	33:0,0,0,90	03:73,0,0,15	00:137,0,0,0	00:64,0,0,18	00:45,0,26,0	03:68,0,0,23	00:125,0,0,0	00:81,0,0,0	00:86,0,0,0	03:74,0,0,62	01:23,30,0,19	00:149,0,0,35	00:126,0,0,0	02:48,0,36,29	03:42,0,0,30	00:58,0,8,22	00:136,0,0,0	13:0,24,0,52	12:0,59,72,0	01:81,43,0,0	02:47,0,35,24	00:79,0,0,30	02:61,0,24,0	13:0,42,0,55	11:0,56,20,0	01:45,25,0,20	00:108,22,0,0	01:98,57,0,0	00:106,0,0,0	00:141,0,0,0	01:28,56,0,0	00:59,21,0,0	00:122,0,0,0	00:104,0,0,0	00:54,27,0,0	13:14,29,0,21	00:150,0,0,0	01:84,35,0,0	13:0,45,0,95	00:74,0,0,35	01:75,44,0,0	00:97,0,0,0	00:85,0,0,0	22:0,0,131,0	33:0,0,0,129	01:33,49,0,23	00:102,34,0,0	00:77,0,0,0	01:70,35,0,0	03:58,0,0,32	00:34,44,0,24	00:114,0,0,0	33:0,0,0,78	00:120,0,0,0	00:104,0,0,0	00:110,0,0,38	13:48,39,0,13	00:87,0,0,0	03:112,0,0,49	03:125,0,0,17	00:69,0,0,22	03:38,0,0,77	00:119,0,0,0	33:0,0,0,143	00:137,0,0,0	01:76,19,0,0	00:134,0,0,0	01:120,21,0,0	00:79,0,0,24	00:84,0,39,0	01:36,29,0,25	00:128,0,0,0	01:34,81,0,0	02:85,0,22,0	11:0,97,0,0	03:61,0,41,50	03:53,0,43,35	01:55,68,0,0	02:77,0,19,29	00:138,0,0,0	03:27,0,0,53	13:40,54,0,75
2_95	132	33:45,0,0,99	11:26,128,0,0	13:42,24,0,40	00:57,24,0,21	00:134,0,0,0	00:121,0,0,0	03:99,0,0,39	02:94,0,47,0	11:0,124,0,0	03:83,0,0,25	03:99,0,0,24	02:49,0,20,0	13:0,35,0,34	01:93,21,0,0	00:70,22,0,0	00:91,0,0,0	01:81,36,0,0	01:80,38,58,0	01:37,40,0,22	01:75,38,0,25	22:21,0,95,0	00:159,0,0,0	00:106,0,0,0	11:0,91,0,0	00:124,0,0,0	01:70,17,0,0	13:51,20,0,25	11:39,84,0,0	00:116,0,0,0	13:0,38,24,44	12:46,33,18,0	13:60,41,0,25	00:118,0,0,0	33:0,36,0,92	03:49,0,0,141	12:45,34,57,0	02:48,0,19,0	02:65,26,30,0	02:60,36,21,0	33:61,0,0,57	00:71,0,25,0	12:17,23,32,22	03:53,14,0,16	00:93,32,0,0	33:0,0,0,98	02:89,0,30,0	00:96,0,0,33	00:95,0,0,0	03:65,0,22,23	03:56,0,0,45	03:18,0,0,87	00:84,0,0,0	23:30,0,20,52	03:33,0,0,44	00:106,0,0,0	01:55,29,26,0	00:98,0,0,18	00:109,0,0,21	00:96,0,29,0	01:124,45,0,0	03:37,0,0,81	00:163,0,0,0	01:61,26,0,33	00:85,0,0,0	13:0,16,25,41	00:88,0,0,0	02:59,0,39,33	03:41,0,0,45	11:0,80,0,0	03:134,0,0,37	00:76,0,0,75	02:82,0,25,0	03:40,24,0,25	00:139,0,0,0	00:102,0,26,0	01:76,23,0,0	02:66,0,30,23	12:29,36,69,0	01:80,25,0,0	02:78,0,71,0	33:41,0,0,129	33:19,0,0,97	02:60,0,26,11	02:63,0,16,0	00:98,0,0,28	00:81,0,0,0	02:60,31,28,0	00:73,0,0,29	02:40,0,73,30	00:125,0,0,0	02:32,22,21,0	03:59,0,0,59	00:141,0,0,0	33:44,0,0,113	00:94,0,0,0	03:65,0,0,86	00:62,0,0,81	03:54,0,100,33	00:104,33,0,0	33:23,2,0,69	00:100,0,0,0	03:68,0,31,27	00:94,0,0,0	03:62,0,36,37	33:0,0,0,86	00:104,0,0,0	03:28,22,0,44	33:0,0,0,109	01:20,22,57,0	00:100,0,0,0	00:73,0,0,19	00:101,34,0,0	00:165,0,0,0	01:34,47,0,0	01:69,41,0,0	03:85,0,0,22	01:24,83,0,34	00:83,0,0,20	00:102,0,1,29	01:127,57,0,0	03:63,0,0,70	00:51,15,0,18	00:92,0,0,0	33:28,0,29,61	00:120,0,0,0	02:106,0,32,0	33:0,0,30,68	00:154,0,0,0	00:93,0,0,0	00:117,21,0,0	00:104,0,0,0	11:0,65,60,0	33:25,0,0,92	03:107,0,0,30	02:69,0,47,0	12:0,32,103,0	00:87,0,0,30	00:147,0,0,0	02:29,0,54,55	12:0,93,38,0	02:25,0,80,0	23:0,0,64,37	00:102,0,0,0	33:0,0,43,110	00:133,0,0,0	33:33,0,0,110	33:0,0,0,105	03:56,0,0,51	03:67,37,0,26	00:136,0,0,0	00:112,0,0,0	33:0,0,0,98	00:81,0,26,0	02:181,0,1,0	01:55,24,26,0	01:102,30,0,0	22:22,0,58,0	03:20,0,0,82	00:64,35,0,26	33:69,0,0,57	00:80,0,0,0	02:44,25,25,0	00:75,0,0,28	00:133,0,0,0	00:91,1,0,0	00:51,0,0,65	03:86,0,0,35	01:20,74,0,0	00:96,0,0,32	00:124,0,0,0	23:52,0,29,23	00:70,0,17,0	00:132,0,0,0	02:120,0,21,0	03:39,0,19,15	22:0,0,132,0	01:62,33,0,23	03:57,0,0,43	03:58,0,0,24	01:43,20,0,0	33:33,0,0,94	02:24,0,79,0	13:24,53,0,28	00:91,0,33,0	00:133,0,0,0	00:56,0,28,0	01:104,32,0,0	00:99,0,0,0	00:77,0,0,25	00:111,0,0,0	00:121,0,0,0	00:110,0,0,0	11:0,73,0,0	00:103,34,0,0	00:72,0,19,0	33:0,0,34,99	01:95,27,0,0	01:25,92,0,0	23:58,0,12,19	02:59,0,16,0	12:0,23,75,0	33:0,0,0,149	11:35,97,0,0	11:67,78,0,0	00:69,0,0,0	11:19,98,0,0	00:124,0,0,0	03:93,0,0,24	03:97,0,0,26	33:0,0,0,112	02:52,0,61,0	00:138,0,0,0	00:134,0,0,0	11:0,49,33,24	03:75,0,0,14	03:138,0,0,48	00:141,0,0,0	00:102,0,0,0	03:40,20,0,63	03:62,0,14,18	03:71,0,0,55	00:170,0,0,0	01:88,38,0,0	00:137,0,0,0	00:117,0,0,0	00:72,17,0,0	02:68,0,54,0	13:54,15,0,33	03:86,0,0,39	13:0,59,0,58	03:30,52,0,25	11:0,94,0,0	00:165,0,0,0	00:93,0,0,30	01:51,60,22,0	00:97,0,27,0	02:67,20,51,0	03:53,0,0,50	33:35,0,0,115
3_95	36	00:73,0,0,0	23:0,0,23,67	33:0,0,0,49	01:55,22,0,0	00:100,0,0,0	02:49,0,14,0	00:88,0,0,0	00:87,0,0,0	01:16,52,0,0	00:87,0,0,0	03:59,0,0,12	02:31,0,15,0	13:43,13,0,11	02:33,0,17,0	00:47,0,0,0	03:16,23,0,9	00:40,0,26,0	00:80,0,0,20	13:14,18,0,22	00:56,36,0,0	22:0,0,74,0	00:90,0,0,0	00:61,0,0,0	01:8,26,0,0	00:85,0,0,0	00:62,0,0,0	00:73,0,0,0	33:22,19,0,53	03:64,0,0,26	03:30,0,0,31	03:60,0,0,27	00:98,0,0,0	03:49,0,0,20	33:0,0,0,57	00:95,0,0,23	22:0,0,68,0	00:61,0,0,13	00:67,0,0,0	01:45,27,0,0	00:66,0,0,19	00:78,0,0,0	03:15,41,0,21	00:72,0,0,0	01:23,44,0,0	33:0,0,0,84	00:71,0,29,0	13:33,10,0,9	03:51,0,0,14	03:63,0,0,12	00:34,0,0,17	33:14,0,0,44	00:39,0,0,0	33:0,5,0,64	03:57,0,32,4	00:60,0,0,0	03:64,0,0,23	00:90,0,0,0	00:99,0,0,0	00:70,0,0,0	00:84,0,0,0	33:24,0,0,39	01:66,19,0,0	00:64,0,0,0	01:32,9,0,0	00:48,0,0,7	22:30,0,9,0	00:71,0,0,0	01:24,13,0,9	01:16,24,0,24	00:84,0,0,18	03:50,0,0,36	33:32,0,0,26	00:45,14,0,0	01:21,131,0,0	03:21,0,0,51	00:72,0,0,0	00:53,0,0,16	01:69,15,0,0	00:68,0,0,0	12:25,44,14,0	23:57,0,32,22	33:23,0,0,52	00:87,0,0,0	00:74,0,0,0	00:58,0,0,0	03:40,0,0,11	00:98,0,0,0	00:62,0,0,0	02:21,0,45,16	00:92,0,0,0	02:59,0,13,0	03:37,0,0,28	00:67,7,0,0	33:0,1,0,86	00:36,0,0,14	00:52,0,0,0	03:59,0,0,28	33:62,0,0,56	02:65,0,31,0	03:17,0,0,42	03:37,0,0,28	03:27,0,0,65	00:77,0,0,0	00:104,0,0,0	33:29,0,0,19	03:64,0,0,27	00:48,0,0,0	33:34,0,0,28	03:57,0,0,19	00:63,0,0,0	00:31,0,0,36	01:19,49,0,0	02:36,0,37,0	00:67,0,0,0	00:72,0,0,0	23:33,0,16,17	13:42,30,0,27	12:37,16,17,0	00:86,0,0,0	00:115,0,0,0	03:40,0,15,26	00:102,0,0,0	00:69,0,0,0	13:13,22,0,38	00:97,0,0,0	00:94,0,0,0	33:19,0,0,60	02:60,0,29,0	00:51,0,15,0	00:86,0,0,0	03:32,0,0,33	12:0,50,35,0	33:12,0,0,71	03:67,0,0,18	00:65,0,0,0	12:0,22,64,0	03:30,0,0,32	03:60,0,0,28	23:22,0,17,51	12:0,52,9,0	02:17,0,60,0	23:0,0,49,13	00:69,0,0,0	33:0,0,27,71	00:97,0,0,0	33:38,0,0,40	33:0,0,0,57	00:80,0,0,0	00:49,32,0,0	01:61,23,16,0	00:97,0,0,0	03:17,0,0,54	02:36,0,54,0	00:71,0,0,18	00:58,0,16,0	33:22,0,0,75	22:0,0,46,0	33:13,0,0,53	03:55,0,0,15	01:49,31,0,0	00:47,0,0,0	00:52,0,0,17	00:53,0,0,14	01:47,12,26,0	01:36,5,0,0	03:46,0,0,42	00:53,15,0,0	11:0,52,0,16	03:78,0,0,25	00:56,20,0,0	00:66,0,0,0	03:32,0,0,15	01:40,21,0,17	00:63,0,0,22	02:43,0,10,0	22:0,0,69,0	00:76,0,0,0	03:17,8,0,39	03:39,0,0,33	00:67,0,0,0	03:48,0,0,22	22:13,0,44,0	11:0,52,0,11	00:71,0,0,0	00:61,0,0,0	02:40,0,17,0	00:59,0,0,20	03:36,13,0,17	13:0,39,12,14	00:53,0,0,21	00:71,0,0,0	33:45,17,0,10	13:0,21,0,24	00:73,0,0,0	00:68,0,0,0	33:0,0,54,32	03:45,0,0,33	01:21,43,21,0	01:36,21,0,0	00:76,0,0,0	02:28,0,34,0	33:15,0,0,63	11:19,64,0,0	01:48,14,0,0	00:52,0,0,0	11:34,41,0,0	00:69,0,0,0	03:67,0,0,11	03:35,0,0,26	33:19,0,0,65	02:60,0,16,0	00:79,0,0,0	00:62,0,0,17	12:16,17,25,24	00:47,0,0,0	03:91,0,0,18	00:85,0,0,0	00:51,0,0,10	03:37,20,0,16	00:67,0,0,11	33:0,0,0,68	00:90,0,0,0	01:33,16,0,20	00:99,0,0,0	00:86,0,0,0	00:68,0,0,0	00:89,0,0,0	03:55,0,0,13	03:59,0,0,16	13:0,38,6,15	13:34,15,0,19	11:0,68,0,0	00:85,0,0,0	00:73,0,0,0	00:57,19,0,0	00:85,0,0,0	02:27,49,10,0	03:44,0,0,9	33:41,0,0,54
2_96	110	03:52,0,0,44	13:38,67,0,24	33:58,0,0,31	02:51,0,13,0	33:53,0,14,29	00:74,0,0,0	00:102,22,0,0	00:106,0,0,2	02:16,26,13,13	00:66,0,0,0	00:75,0,0,0	00:44,0,1,0	03:13,14,0,22	00:105,0,0,0	00:49,1,0,0	03:79,0,0,19	00:120,0,0,0	03:124,0,1,31	02:72,0,21,0	00:82,0,1,21	22:2,0,53,18	00:107,0,0,0	00:94,0,0,0	11:0,42,0,0	00:92,0,0,0	03:62,0,0,11	00:69,0,0,0	00:54,0,0,64	02:30,0,34,0	03:58,0,0,17	00:99,0,2,0	00:150,0,0,0	03:46,0,1,44	03:40,0,18,38	00:147,0,0,0	22:0,0,113,0	00:68,0,0,0	03:68,0,1,34	02:37,0,20,0	03:36,0,0,23	03:56,0,0,9	33:0,0,0,82	00:97,0,0,0	01:52,17,0,0	33:22,0,0,49	00:132,0,0,0	00:46,0,0,0	00:43,0,0,0	01:18,24,18,15	03:28,0,0,54	33:24,0,0,45	01:60,14,0,0	03:33,0,0,103	00:73,0,27,0	03:55,0,0,25	00:32,29,15,0	00:86,0,0,10	00:92,0,0,13	00:50,0,19,0	01:48,47,0,0	23:21,20,20,16	03:95,0,0,28	01:51,50,0,0	00:62,0,0,0	00:43,0,0,0	00:42,18,0,0	00:45,0,0,2	03:41,0,0,21	13:0,27,33,17	00:58,0,33,22	00:80,0,0,0	00:83,0,0,1	13:22,17,0,18	00:61,0,0,1	01:58,40,0,0	03:56,0,0,17	03:78,0,0,16	22:0,0,83,31	00:47,0,0,17	01:73,22,0,0	00:118,0,0,26	33:0,0,0,80	00:79,0,0,11	00:40,0,15,1	03:70,0,0,21	00:41,19,0,0	03:37,0,0,38	01:54,25,0,0	12:0,18,55,1	00:89,0,0,0	00:26,0,0,0	00:84,0,0,0	03:76,0,0,27	03:22,0,0,73	03:40,0,0,28	00:47,0,0,55	02:30,0,32,63	33:0,0,73,66	00:78,0,0,16	23:0,0,14,67	03:25,0,7,14	00:140,0,0,0	00:104,0,0,0	00:92,22,0,0	03:50,0,0,30	01:43,19,22,0	33:18,0,0,41	03:16,0,0,41	00:98,0,0,0	00:52,13,0,0	13:21,16,0,49	11:22,89,0,0	02:90,0,26,0	00:40,0,0,20	01:60,20,3,0	00:18,0,15,40	00:64,26,0,19	00:41,0,44,0	00:116,0,0,0	03:107,0,0,39	01:66,25,0,23	00:85,0,1,0	02:53,0,23,0	33:0,0,0,101	33:32,23,0,61	01:48,26,0,0	33:0,0,0,83	11:43,18,0,27	11:16,21,0,7	00:89,0,0,1	00:66,0,0,29	22:0,0,106,0	00:78,0,0,25	03:93,0,2,24	02:37,0,52,0	22:0,0,112,0	00:98,0,0,1	02:62,0,64,0	00:116,0,0,0	11:0,69,27,0	22:0,0,100,0	22:0,0,94,0	00:65,0,14,0	33:0,0,0,170	00:152,0,0,0	33:1,0,0,93	33:0,0,0,87	00:77,0,0,0	00:86,0,1,0	00:58,0,16,0	03:46,0,0,33	33:0,1,18,55	00:109,0,3,0	00:147,0,0,0	01:53,25,0,0	00:113,0,0,0	22:19,0,66,0	03:55,0,0,38	00:55,0,0,10	13:15,48,0,27	00:54,0,0,16	00:74,0,0,0	00:34,0,0,0	00:107,0,2,0	00:38,0,10,0	00:80,0,0,1	03:64,0,0,58	01:0,103,0,2	00:118,0,0,0	00:63,0,28,0	03:35,21,0,26	00:59,0,0,0	00:87,0,0,25	00:111,0,0,0	00:36,10,0,0	22:0,1,84,0	01:78,26,0,1	03:22,0,0,77	33:0,35,0,42	03:11,0,12,20	03:34,0,0,46	02:45,0,35,0	11:0,30,0,11	00:116,1,0,0	03:83,0,0,32	03:68,0,0,18	00:68,0,0,0	03:34,4,0,12	01:36,10,0,0	00:60,0,18,0	00:99,0,0,0	00:39,1,0,0	11:16,20,0,11	01:62,34,0,32	00:63,0,0,0	33:0,0,0,115	03:53,0,0,56	01:37,57,0,0	00:77,0,0,0	00:57,0,0,0	00:32,25,46,0	33:0,0,0,142	12:0,73,19,0	01:42,49,0,0	03:44,0,0,15	12:46,46,27,0	00:31,0,0,37	03:51,12,0,12	33:27,0,0,73	33:0,0,0,79	00:108,0,0,0	00:99,0,0,0	00:53,0,0,10	03:19,0,0,49	01:43,11,0,0	00:113,0,0,32	33:61,0,0,48	00:103,0,0,0	03:4,0,0,21	00:54,0,0,38	23:0,0,34,79	02:90,0,24,0	00:89,0,0,0	03:61,0,0,45	03:45,0,0,38	00:70,19,0,1	00:55,0,15,0	03:58,0,0,12	03:83,0,0,23	13:2,29,0,30	03:65,0,0,27	11:0,41,0,1	03:118,0,0,35	00:57,28,0,34	00:54,0,29,19	00:90,0,0,23	01:28,67,0,0	23:14,0,3,26	23:2,19,26,61
3_96	35	00:57,0,0,20	13:0,48,0,39	03:41,0,0,36	00:69,0,22,0	01:60,27,0,22	02:54,5,33,0	22:84,0,20,0	02:101,0,25,0	11:21,67,0,5	03:61,0,6,41	00:63,0,5,20	02:38,0,18,7	33:26,0,0,45	01:61,16,0,5	00:32,6,7,40	00:63,1,0,0	02:49,0,26,11	00:114,0,0,32	01:46,24,12,0	00:105,0,0,0	22:23,18,29,0	00:97,0,0,8	01:53,19,5,4	11:0,59,0,6	03:56,0,0,37	00:73,0,0,0	03:43,0,0,35	00:108,0,0,0	00:82,0,27,0	33:22,5,0,54	00:84,23,0,0	02:57,17,26,0	00:87,24,0,0	33:0,0,0,85	03:78,0,0,41	23:0,0,54,42	01:67,26,0,0	02:37,0,28,8	00:64,0,19,0	00:122,0,0,0	00:72,2,0,20	33:0,0,0,82	01:50,22,0,2	03:71,0,0,26	03:48,0,0,39	00:75,25,23,0	33:22,5,0,43	03:63,0,0,48	00:114,0,0,0	00:91,0,0,0	23:0,0,11,46	02:36,14,17,5	03:58,0,0,54	02:66,19,26,0	00:88,0,9,0	00:81,0,0,0	00:78,0,0,20	03:86,0,0,29	00:58,10,31,0	00:53,28,4,18	33:0,0,0,85	00:96,1,0,23	01:49,31,17,0	00:82,0,0,0	00:83,0,0,0	00:73,3,0,0	00:126,0,0,16	01:38,49,0,0	12:0,16,48,26	01:97,21,0,23	00:117,0,0,0	00:81,0,0,0	00:52,6,9,14	33:48,0,49,9	00:119,0,0,12	03:55,0,0,31	00:88,0,0,9	02:44,0,52,0	00:84,0,0,7	03:91,0,0,18	03:108,0,0,26	33:8,0,0,102	00:95,0,0,0	11:50,28,0,8	00:104,0,0,0	00:81,15,0,0	00:104,0,0,11	03:63,19,0,8	22:20,20,59,0	03:53,0,0,43	00:65,0,0,0	00:92,0,0,0	23:22,0,44,35	33:0,0,0,115	02:40,0,53,0	03:60,0,0,20	03:73,19,0,11	23:66,0,32,69	00:114,0,0,0	33:15,0,0,70	02:57,0,9,15	00:75,0,0,37	00:77,10,0,0	03:60,0,0,66	33:13,0,0,64	00:108,0,9,0	33:0,0,0,76	33:0,0,0,77	00:114,0,0,0	00:84,8,0,0	33:20,0,0,48	01:28,59,0,4	00:45,5,58,0	03:39,0,16,19	00:75,0,6,0	23:46,0,15,28	13:18,45,9,26	02:66,0,14,0	02:69,0,23,0	00:152,0,0,0	03:27,0,8,65	00:98,8,0,0	00:93,0,0,0	33:0,0,0,113	01:73,32,0,0	00:116,0,0,0	33:24,0,0,73	00:47,0,0,61	01:52,24,6,0	03:96,0,0,19	02:58,11,19,0	22:0,0,100,0	00:79,0,0,13	00:92,0,0,15	01:10,19,35,0	12:12,61,36,0	00:61,0,3,18	00:113,0,10,0	03:48,0,0,58	12:0,42,48,0	22:3,0,70,20	02:26,0,54,0	00:94,0,0,0	33:0,0,0,131	01:95,21,0,0	13:0,23,0,71	00:26,0,0,81	00:68,0,24,11	00:104,0,0,13	02:43,16,49,0	00:68,31,0,0	33:0,0,0,94	00:39,0,60,0	00:128,6,0,0	00:87,0,0,3	00:95,0,0,22	NA:0,0,59,23	33:0,0,0,98	00:79,0,24,0	00:108,0,0,0	00:74,0,0,0	00:95,5,0,0	00:64,0,0,6	00:114,0,0,0	00:38,0,0,21	00:69,4,0,33	03:69,11,0,22	NA:0,53,12,15	02:78,0,52,0	03:65,0,0,27	00:59,38,0,16	00:79,0,0,0	33:45,0,10,33	00:79,0,0,43	00:62,0,0,0	22:0,0,102,0	00:89,0,0,0	33:39,0,0,48	00:41,0,0,47	02:48,26,23,0	00:66,0,0,35	00:78,0,0,0	01:21,63,0,0	00:65,18,0,14	13:40,23,0,37	00:93,0,0,0	02:67,0,24,1	NA:83,20,0,0	03:55,4,0,20	11:56,23,0,0	00:100,0,4,0	00:98,0,0,0	01:9,50,0,0	00:131,0,0,0	03:54,0,0,22	33:40,0,0,84	00:74,0,0,36	00:107,0,0,0	00:100,0,0,3	00:82,0,0,0	22:0,0,80,0	33:8,0,0,122	11:6,106,0,0	03:46,32,0,28	00:75,0,0,11	03:65,0,0,27	00:69,0,0,0	00:69,17,0,0	00:115,0,0,0	23:0,0,26,74	00:102,0,0,0	00:88,0,0,28	03:27,0,0,79	02:51,0,21,27	00:71,0,0,0	00:117,0,0,0	00:84,0,0,44	00:68,0,0,15	33:0,0,0,104	00:79,0,0,12	03:26,0,0,76	00:108,0,6,0	01:64,25,0,0	00:118,0,0,15	00:61,0,0,24	00:88,0,0,0	00:106,0,0,0	00:83,21,0,0	00:106,0,0,0	03:18,26,0,41	01:85,29,0,0	11:0,75,0,0	33:33,0,0,81	13:35,20,0,51	13:13,49,0,25	00:109,0,0,13	00:121,0,0,0	00:49,0,0,37	13:0,26,0,89
4_96	77	02:36,0,29,18	11:21,59,14,0	33:0,0,0,57	00:62,17,0,0	00:84,0,0,0	02:72,0,14,0	00:89,0,0,0	00:101,0,0,0	11:0,63,0,0	02:28,0,24,20	00:53,0,0,18	00:40,0,0,0	33:23,0,0,47	02:58,0,21,0	00:60,11,0,0	00:71,0,0,0	00:87,0,0,0	00:116,0,0,0	02:21,29,21,0	33:39,0,0,47	02:45,0,55,0	00:96,0,0,0	00:55,0,15,0	11:0,34,15,0	11:42,23,0,27	01:34,12,0,0	00:52,25,0,0	00:78,28,0,0	33:37,0,0,33	00:39,0,0,43	33:39,0,0,41	00:94,0,0,0	00:94,0,0,0	33:0,0,0,78	00:60,0,0,74	22:55,0,46,0	03:45,0,0,37	00:61,0,1,38	00:36,36,0,0	00:67,0,0,23	00:70,0,0,0	03:16,0,0,62	03:67,0,0,19	01:48,42,0,0	33:0,0,0,69	00:83,0,32,0	01:9,20,0,35	00:66,0,1,0	00:52,0,17,0	00:69,0,0,12	03:21,0,0,44	00:46,0,0,16	33:27,0,0,74	03:18,0,23,30	00:53,16,0,0	02:48,0,22,0	01:66,20,0,0	02:81,0,23,0	00:77,0,0,0	00:42,22,0,1	33:0,1,0,69	12:24,25,60,0	00:45,26,0,14	01:58,20,0,0	00:61,0,12,0	00:46,0,0,13	00:53,0,0,41	00:50,0,0,13	11:0,71,0,0	01:76,18,0,0	33:48,0,0,55	00:78,0,0,0	03:47,24,0,26	01:79,42,0,0	33:43,0,0,54	00:61,18,0,0	00:52,0,0,17	00:28,0,19,26	00:76,0,0,0	00:103,0,0,0	03:52,0,0,64	33:0,0,0,81	00:59,15,0,0	00:85,0,0,0	03:52,0,0,44	01:51,44,0,0	00:85,0,0,0	01:38,26,0,18	02:20,0,46,16	00:78,0,0,0	02:35,0,12,0	00:77,0,0,0	00:71,29,0,0	23:14,0,20,50	02:33,0,11,14	00:55,0,0,33	01:32,19,0,15	22:51,0,59,0	22:60,0,24,0	01:57,15,0,0	03:46,0,0,17	03:48,0,0,45	01:38,20,0,0	00:115,0,0,0	03:51,0,0,25	00:77,0,0,0	03:41,0,0,24	33:0,0,0,64	02:9,0,85,0	00:53,0,0,0	00:70,0,0,0	02:13,28,33,0	02:72,0,24,0	00:46,0,0,17	00:50,0,19,0	03:22,0,0,70	02:25,53,25,0	00:36,21,16,0	03:59,0,0,27	00:98,0,0,0	03:23,0,31,44	00:31,24,0,20	00:73,0,0,0	33:0,0,0,79	00:108,0,0,0	00:74,0,0,0	03:20,0,0,52	00:77,0,0,0	01:52,12,0,0	00:62,0,0,16	01:73,24,0,0	22:0,20,58,0	33:21,0,0,67	00:69,0,0,8	02:46,0,34,0	22:0,20,68,0	00:100,0,0,0	00:100,0,0,0	00:53,0,0,25	12:0,67,10,0	22:0,0,88,0	22:0,0,68,0	00:78,0,0,0	03:29,0,39,41	03:65,0,0,16	33:20,0,0,53	33:24,0,0,80	03:52,0,0,19	03:35,36,0,30	00:77,0,0,0	03:42,0,0,38	33:0,0,0,62	02:9,0,50,0	00:93,0,0,0	00:47,0,26,7	03:66,0,0,19	22:0,0,62,0	33:11,0,0,69	03:30,24,0,13	00:56,25,0,0	00:67,1,0,0	03:43,16,0,29	00:37,0,0,40	02:81,0,16,0	00:58,0,0,0	00:78,0,0,0	33:26,0,0,71	22:0,37,16,24	00:83,0,0,30	03:66,0,0,19	03:15,0,16,42	00:57,12,0,0	02:76,0,16,0	03:77,0,0,24	00:52,0,0,16	22:29,0,61,0	00:37,23,0,27	33:0,0,0,92	01:39,15,0,32	03:70,0,0,24	03:25,15,0,56	02:15,20,40,0	11:13,32,0,14	00:86,0,0,0	22:56,0,28,0	00:72,0,0,0	00:64,0,0,0	00:43,0,0,15	00:44,21,0,0	00:81,0,0,0	00:82,0,0,0	00:54,0,0,0	33:0,10,6,31	00:84,0,0,0	00:94,0,0,0	33:0,0,0,95	00:102,0,0,0	00:38,49,0,0	00:77,0,0,0	33:61,0,0,20	22:33,0,44,0	13:35,25,0,39	12:0,67,22,0	11:28,49,0,33	00:61,0,0,25	01:43,32,0,0	00:46,0,0,10	00:73,0,0,0	03:54,0,0,36	33:18,0,0,52	01:63,25,0,0	33:51,0,0,31	01:36,17,0,0	02:51,0,18,0	00:44,8,0,0	00:95,0,0,0	00:73,0,0,17	00:73,0,0,0	33:40,0,0,39	00:48,0,0,19	33:0,0,18,89	00:89,0,0,0	00:53,0,24,0	00:83,0,0,0	02:68,0,20,0	01:20,16,8,25	00:105,0,0,0	NA:19,20,14,21	00:65,0,31,0	13:28,29,0,18	01:21,38,0,19	11:14,37,0,28	00:85,0,16,0	00:91,0,0,0	00:72,10,0,0	02:59,0,23,0	13:0,88,0,25	33:34,0,0,33	03:40,0,0,31
1_97	67	00:11,0,0,10	13:0,10,0,23	03:4,0,0,7	01:13,0,0,0	00:13,0,0,0	00:6,0,1,0	01:11,5,0,0	00:7,5,0,0	00:4,15,0,0	00:16,0,0,0	00:5,0,0,3	00:4,2,0,0	00:5,0,0,0	22:11,0,1,0	00:6,0,0,0	00:5,0,0,3	00:13,0,4,0	02:17,0,10,0	11:5,3,0,0	00:18,0,0,0	02:5,0,8,0	00:9,2,0,0	NA:15,0,0,0	11:0,1,0,2	00:12,0,3,0	00:5,7,9,0	00:3,0,0,8	03:21,0,0,7	03:2,2,0,1	33:2,0,0,10	00:8,0,5,0	00:9,4,0,1	33:3,0,0,3	03:1,0,0,2	00:23,0,0,12	22:0,0,18,0	00:10,1,0,0	00:41,0,9,0	11:0,1,0,1	00:9,0,2,4	00:21,0,0,0	33:0,0,0,24	00:4,0,0,2	02:3,0,1,0	33:0,0,0,10	00:9,1,0,0	33:7,0,0,7	33:2,0,0,1	00:3,0,0,1	03:5,0,0,3	NA:0,0,0,2	00:4,0,0,5	33:2,0,0,9	00:11,0,0,0	00:10,0,0,0	23:6,0,3,2	03:19,0,0,0	03:27,0,0,0	00:3,2,0,0	00:11,4,0,0	33:0,0,0,15	02:17,0,4,0	00:20,0,0,0	00:4,0,0,0	00:3,0,0,0	12:5,0,3,0	00:3,0,0,3	NA:4,0,0,0	11:4,5,0,0	00:15,0,0,0	00:4,0,0,7	03:17,1,0,2	03:4,0,0,2	00:2,4,0,7	00:27,0,0,0	00:11,0,0,0	33:7,0,0,0	00:19,0,20,0	00:4,0,0,1	02:2,0,4,0	03:10,0,0,2	03:9,0,0,5	00:4,1,0,0	02:4,0,0,3	00:7,2,0,0	00:5,0,4,2	00:7,2,0,5	03:8,0,0,3	03:15,0,0,2	00:13,0,0,1	22:3,0,4,0	03:7,0,0,5	03:16,2,0,1	33:0,5,0,4	00:12,1,0,0	00:16,0,0,0	00:9,0,0,0	23:3,0,12,7	02:9,2,4,0	13:3,0,0,6	NA:9,0,0,0	03:15,0,0,4	03:4,0,0,3	00:15,0,0,8	33:4,0,0,9	NA:5,0,1,0	00:9,0,0,0	03:2,1,0,5	00:43,0,0,0	00:11,0,0,0	00:8,0,1,0	01:1,11,7,0	00:18,0,9,0	01:3,2,1,0	00:4,0,2,0	NA:3,0,0,1	01:3,16,0,0	03:13,0,0,3	03:18,0,0,8	00:30,0,0,0	00:15,0,4,13	01:12,1,0,0	00:7,0,0,0	NA:4,0,3,5	00:18,0,0,0	00:8,0,0,0	03:15,0,0,16	00:11,0,0,0	00:4,0,1,0	00:12,6,0,10	00:10,0,0,0	11:0,18,5,0	03:9,0,0,12	NA:19,0,0,0	NA:15,0,4,0	22:0,9,9,0	NA:20,0,0,5	00:20,0,0,0	33:7,0,0,7	11:0,19,11,0	22:0,0,15,1	22:0,0,14,0	00:10,0,0,0	23:0,0,13,27	00:16,5,0,0	00:4,0,0,7	33:3,0,0,0	03:4,0,0,2	11:2,5,0,12	00:6,0,9,0	00:10,0,0,0	33:0,0,0,23	22:2,0,11,0	00:19,0,0,0	22:6,0,10,0	00:11,0,0,5	22:0,0,6,2	33:0,0,0,17	01:24,5,0,0	00:3,0,0,2	NA:9,0,0,0	01:3,4,0,0	00:16,0,0,0	02:10,0,6,0	03:2,0,0,1	00:8,0,0,5	03:8,0,0,0	11:3,6,0,0	02:12,0,6,0	00:9,0,0,0	33:0,0,0,2	NA:9,0,0,0	03:11,0,0,2	03:5,0,0,11	00:10,0,0,4	22:0,0,14,0	00:12,0,0,0	33:5,0,0,2	00:3,0,0,0	00:1,4,0,3	00:1,0,0,4	00:6,0,0,1	13:0,6,0,1	00:15,0,0,1	33:17,0,9,12	00:21,0,0,0	NA:17,0,9,0	00:9,0,0,0	00:4,0,0,0	00:7,4,0,0	00:10,0,0,0	00:6,0,0,0	03:0,3,0,0	00:17,0,0,0	03:6,0,0,0	33:0,0,0,15	00:10,7,0,6	00:6,4,0,0	00:5,0,0,1	NA:10,3,0,0	22:0,0,13,0	33:0,0,0,51	11:0,15,0,0	11:3,6,0,0	00:5,0,0,0	03:7,0,0,17	00:8,0,0,0	00:7,0,0,0	NA:9,0,0,2	33:0,0,0,11	00:16,0,0,0	00:14,0,0,0	33:0,0,0,3	00:4,0,0,0	NA:10,1,0,0	00:17,0,0,0	33:10,0,0,31	00:9,0,0,6	03:0,0,0,1	03:11,0,0,6	02:6,0,10,6	00:7,0,5,0	00:16,0,0,0	00:4,0,0,2	00:9,0,0,1	00:16,0,0,0	02:11,0,1,0	00:3,2,0,0	00:10,0,0,0	11:0,13,0,2	01:3,3,0,0	12:0,9,0,0	22:17,0,4,0	00:18,0,0,0	01:13,6,0,0	00:21,0,0,0	02:8,0,2,0	00:5,0,0,7	33:0,0,0,33
3_97	84	03:74,0,0,59	33:38,0,0,101	33:29,0,0,53	00:67,30,0,0	02:89,0,26,0	00:97,0,0,0	00:128,0,0,0	00:141,0,0,0	11:0,82,0,0	00:95,0,0,0	00:85,0,0,0	02:37,0,31,0	03:20,0,0,38	00:72,0,29,0	13:45,20,0,20	03:43,0,0,34	00:114,0,0,0	33:50,0,35,91	00:120,26,0,0	00:104,0,0,0	02:41,0,65,0	00:155,0,0,0	00:107,0,0,0	11:0,48,18,0	03:60,0,0,25	00:73,21,0,0	00:112,0,0,0	00:100,0,0,43	00:54,0,0,19	00:77,0,0,39	03:80,0,0,18	00:124,0,30,0	03:30,0,0,84	33:0,0,0,78	03:99,0,0,93	23:0,0,99,21	00:92,0,0,0	00:142,0,0,0	00:45,13,0,0	33:40,0,0,35	03:74,0,0,18	00:58,30,0,37	03:65,0,0,44	01:59,12,0,0	33:0,0,0,96	01:102,35,0,0	00:46,0,0,20	13:17,16,0,27	01:59,23,0,29	00:121,0,0,0	33:0,0,0,82	00:79,0,0,0	33:0,0,0,136	02:72,0,42,17	00:69,0,0,14	00:61,0,0,32	01:112,37,0,0	02:127,0,37,0	03:52,0,0,26	01:107,39,0,0	03:24,0,0,70	00:141,0,0,0	00:139,0,0,0	00:81,0,0,0	01:40,17,9,0	00:23,32,19,0	00:64,0,0,0	33:15,27,0,35	01:50,41,0,0	13:70,34,0,31	00:105,0,0,0	00:79,0,0,31	01:68,21,0,0	00:79,0,0,0	33:44,0,0,96	01:48,21,0,0	00:74,0,0,21	02:68,22,29,0	00:89,0,0,0	01:50,25,45,0	03:78,0,0,80	33:0,0,25,91	01:68,15,0,0	03:37,0,0,38	00:123,0,0,0	03:57,0,0,21	00:74,0,0,21	00:71,32,0,0	00:91,0,0,0	01:66,30,0,17	00:44,0,22,0	03:82,0,0,34	00:114,0,0,0	03:38,0,0,81	00:74,0,1,22	00:116,0,0,0	00:118,0,0,0	03:36,0,0,129	00:137,0,0,0	33:0,34,0,83	00:61,0,0,17	03:61,0,0,63	00:99,0,0,0	00:156,0,0,0	33:0,0,0,92	00:107,0,0,0	00:73,0,0,0	03:15,0,0,69	00:102,0,31,0	00:73,0,0,0	00:50,20,0,0	01:32,83,23,0	03:39,0,78,45	00:57,0,13,0	02:37,0,30,17	33:29,0,0,68	01:66,59,0,0	00:99,0,0,0	00:100,0,42,0	00:88,43,0,32	03:71,0,0,55	00:41,14,24,0	00:70,0,0,0	03:66,0,0,61	00:140,0,0,0	00:90,0,0,0	00:85,0,27,39	00:36,0,46,0	00:62,0,0,0	02:22,0,35,61	00:94,0,0,0	22:0,0,122,0	13:26,53,0,34	03:116,0,0,42	00:115,0,0,0	01:57,44,28,0	00:44,0,0,73	00:152,0,0,0	00:102,24,0,0	22:0,60,85,0	23:0,0,72,25	22:0,0,93,0	01:75,23,0,0	13:35,81,0,52	00:149,0,0,0	02:36,0,26,29	33:0,0,0,113	02:47,0,25,23	02:96,0,29,0	00:67,0,34,0	03:70,24,0,13	33:0,0,27,76	23:26,0,53,29	00:165,0,0,0	00:59,0,27,0	33:25,0,34,62	01:57,28,13,0	33:51,0,0,78	03:77,0,0,25	33:33,21,0,54	00:74,0,0,0	33:20,0,0,65	01:46,25,0,0	03:112,0,0,25	00:60,0,0,0	00:95,0,0,27	03:63,0,0,57	01:29,69,0,0	00:104,0,41,0	03:84,0,0,36	03:45,0,0,41	00:73,0,0,0	00:122,0,0,0	00:60,26,0,50	00:49,0,0,0	22:0,0,106,0	33:67,0,0,58	33:0,0,0,82	33:27,0,0,79	02:47,0,18,0	02:30,0,28,55	11:74,26,0,0	02:14,15,16,17	11:24,79,0,0	00:83,0,0,25	03:97,0,0,22	01:71,16,0,0	00:53,0,0,16	02:35,0,20,0	00:82,0,28,0	00:115,0,0,0	01:25,16,0,15	13:9,17,0,24	33:48,0,0,105	00:87,0,0,0	33:0,0,0,140	03:65,0,0,84	01:40,20,0,28	03:49,0,0,49	02:70,0,25,0	02:31,0,72,0	33:0,0,0,154	11:0,67,0,23	01:72,72,0,0	03:49,0,0,40	00:103,0,0,30	03:67,0,0,22	00:83,0,0,0	00:32,0,0,51	03:22,0,0,86	01:73,25,0,0	03:80,0,0,49	33:0,15,0,55	03:58,0,17,18	00:70,0,0,0	00:148,0,0,0	00:89,39,0,0	01:83,40,0,0	03:43,0,0,39	00:99,0,0,28	03:53,0,0,98	00:109,0,0,0	12:35,35,30,0	00:91,0,32,0	03:65,0,0,17	01:59,17,0,0	03:71,0,0,17	00:80,0,0,0	02:104,0,21,0	01:42,65,0,0	00:53,24,0,0	01:24,27,15,0	00:142,0,0,0	03:112,0,0,35	00:95,22,0,0	00:82,0,24,0	11:52,60,0,0	03:34,0,0,17	33:0,0,0,155
4_97	80	03:64,0,0,58	11:0,174,0,0	33:0,0,0,56	00:76,0,0,0	01:107,36,0,0	00:97,0,0,0	02:97,0,43,0	02:58,0,75,0	11:0,105,0,0	03:44,0,0,54	03:46,0,12,25	22:0,0,63,0	00:39,0,0,31	01:56,26,0,18	03:23,16,0,35	NA:90,0,0,0	00:101,0,0,0	00:167,0,0,0	11:0,79,0,0	00:110,0,0,0	22:0,33,109,0	00:116,0,0,17	01:79,35,0,0	11:0,45,0,0	03:36,0,0,46	00:57,0,21,0	00:85,0,20,0	00:138,0,0,0	00:92,0,0,0	NA:0,0,0,90	00:123,0,0,0	22:98,0,15,0	02:55,0,48,0	33:24,0,0,83	33:0,0,0,200	23:0,0,59,64	01:56,25,0,0	02:122,0,25,0	02:27,0,29,0	00:65,0,0,23	00:68,24,0,0	33:0,0,0,127	00:88,0,0,26	13:18,48,0,12	23:0,0,46,39	02:67,0,69,0	03:26,0,15,17	00:81,0,0,0	00:83,0,0,0	00:115,0,0,0	02:47,0,13,15	22:71,0,18,0	03:30,0,0,99	22:32,0,27,27	00:106,0,0,0	00:96,0,0,0	00:103,0,0,0	00:123,0,0,0	00:76,0,0,0	01:107,36,0,0	03:35,0,0,75	00:87,38,0,32	01:61,27,43,0	00:65,0,0,0	00:59,0,0,0	00:75,0,0,21	01:56,20,0,0	01:39,27,0,0	12:0,34,20,23	03:98,0,0,42	00:101,0,0,0	00:117,0,0,0	00:39,0,0,15	00:85,0,0,0	00:126,0,0,0	00:60,0,0,19	00:95,0,0,0	02:83,0,52,0	03:67,0,0,24	00:93,19,0,0	03:77,0,0,88	00:43,0,0,42	22:89,0,30,0	03:69,0,0,22	03:103,0,0,29	00:69,0,0,0	03:74,0,0,27	00:71,20,0,0	02:21,27,40,0	00:116,0,0,0	00:49,0,0,13	00:119,0,0,0	00:63,0,0,51	03:62,0,0,60	00:88,0,0,0	00:111,0,0,0	00:139,0,0,0	33:96,0,0,84	00:122,0,0,0	33:30,0,0,71	03:51,0,0,23	03:104,0,0,36	02:63,0,23,0	03:104,0,0,41	03:53,0,0,53	02:66,0,24,0	03:43,0,17,23	33:0,17,0,56	00:102,0,0,40	01:67,20,0,0	00:63,30,0,0	11:0,86,23,0	00:105,0,38,0	00:61,0,29,0	02:28,0,49,26	03:17,0,0,99	01:58,65,0,0	00:82,0,0,0	00:139,0,0,0	00:167,0,0,0	02:36,0,31,81	00:42,20,0,20	00:77,0,0,0	33:0,0,0,139	00:145,0,0,0	22:93,0,27,0	03:47,0,0,71	00:85,0,0,0	00:75,0,0,0	03:28,42,0,65	00:94,0,0,0	22:0,0,116,0	00:136,0,0,28	00:124,0,0,0	01:79,39,0,0	11:0,111,41,0	00:86,22,0,0	03:118,0,0,59	03:72,0,0,44	12:0,90,45,0	22:30,0,75,0	22:0,0,85,0	00:87,0,0,21	13:39,59,0,54	00:130,0,0,22	03:42,0,0,65	33:21,21,0,37	00:92,0,0,0	00:161,0,0,0	02:41,20,38,0	03:96,0,0,14	33:0,0,0,92	02:51,24,20,0	03:131,0,0,22	01:62,10,0,17	03:29,0,0,81	22:0,0,85,0	23:21,0,22,70	00:106,0,0,0	03:80,0,0,37	03:57,0,0,19	01:70,24,0,0	00:44,0,0,13	02:62,18,34,0	00:40,33,0,0	03:35,0,0,84	33:30,0,0,75	12:1,83,19,0	03:41,0,0,72	00:119,0,0,0	03:67,18,0,24	00:70,0,0,0	03:89,0,0,25	03:96,0,0,32	02:23,0,32,0	22:0,0,117,0	00:132,0,0,0	03:57,0,0,46	00:107,0,0,0	03:55,0,0,21	00:128,0,0,0	00:65,0,29,0	33:0,18,0,61	33:106,0,0,17	02:100,0,25,0	00:75,0,24,0	00:28,0,0,43	01:42,38,0,0	00:25,17,0,29	00:83,0,0,30	00:117,0,0,0	00:49,0,0,14	13:0,36,0,24	03:93,0,0,36	00:41,0,0,0	13:0,26,0,86	03:64,0,0,65	03:86,0,0,32	03:59,18,0,16	01:85,25,0,0	01:89,33,0,0	33:0,0,0,135	11:0,138,0,0	01:65,65,0,0	33:20,0,0,52	00:87,28,0,0	00:101,0,0,0	02:40,0,18,25	03:62,0,0,36	33:0,0,0,99	01:92,19,0,0	03:82,0,0,23	03:54,0,0,42	00:58,17,0,0	00:77,0,0,0	00:113,0,0,37	03:103,1,0,35	03:77,0,1,26	03:37,0,0,38	33:82,0,0,31	33:0,0,0,149	12:70,17,29,0	00:67,41,0,0	00:104,0,0,0	00:74,17,0,0	01:55,24,0,20	00:115,0,0,0	00:44,0,0,52	00:60,0,24,30	01:57,22,0,19	00:33,35,0,45	11:0,46,0,11	00:156,0,0,0	02:95,0,38,0	01:82,30,0,0	00:118,0,0,0	01:28,66,47,0	03:33,0,0,36	33:32,0,0,132
2_98	41	03:71,1,0,18	11:0,116,0,0	03:38,0,0,38	00:74,0,0,0	00:117,0,0,0	00:90,15,0,0	03:61,39,0,31	00:120,0,3,0	12:0,39,21,20	03:46,0,0,55	01:60,23,0,4	03:24,0,2,38	00:35,17,0,14	00:86,0,0,0	02:33,1,35,0	00:45,2,0,26	03:65,0,0,40	00:115,0,0,0	11:27,32,0,0	03:52,0,0,53	22:0,45,60,0	03:57,0,0,38	03:45,0,0,34	11:0,63,0,0	03:50,0,0,44	01:60,22,0,0	01:64,23,0,0	00:77,0,0,41	00:75,0,14,0	03:48,0,0,37	01:77,22,0,0	01:66,29,0,0	01:57,23,0,0	33:22,0,0,63	33:28,39,0,73	23:0,17,54,13	03:33,15,0,15	23:32,0,20,17	00:77,0,20,0	00:94,0,1,0	00:76,0,0,23	33:0,0,1,86	00:83,0,0,18	01:74,34,0,0	33:28,0,0,64	01:68,26,30,0	13:21,18,0,34	00:83,0,0,0	00:63,0,21,0	01:45,13,0,18	33:0,0,0,72	00:88,0,0,0	33:32,0,0,66	13:29,14,28,18	02:59,0,19,0	00:66,0,22,0	00:83,0,0,21	00:87,0,0,26	00:76,0,23,0	03:36,17,25,23	03:28,17,0,28	00:118,0,0,0	12:22,57,16,0	00:64,0,0,0	00:78,0,1,0	00:59,0,0,16	00:56,0,0,62	00:68,0,0,2	13:0,55,24,37	00:95,0,0,27	00:116,0,0,0	00:100,0,0,0	23:44,0,25,33	00:122,0,0,0	03:27,28,0,39	03:82,2,0,27	00:87,0,0,0	02:30,0,47,21	00:75,0,0,13	00:81,21,0,0	00:99,0,0,34	33:18,0,0,86	00:77,0,0,14	00:41,1,16,0	03:49,0,20,28	00:94,0,0,0	00:65,0,0,31	01:74,14,0,0	01:60,19,25,0	00:85,1,0,5	00:89,0,0,0	02:81,0,32,0	03:67,0,2,12	33:0,0,0,110	00:46,0,0,15	02:38,0,25,20	03:41,0,0,47	33:0,0,53,69	00:96,0,0,37	02:15,0,5,33	03:30,0,0,38	00:123,0,0,0	02:55,0,26,0	01:57,60,0,3	33:22,0,0,72	01:20,17,20,19	33:34,0,0,42	03:26,0,0,68	03:77,0,0,25	00:53,22,0,0	03:43,0,0,27	01:50,50,0,0	00:83,0,26,0	00:76,0,0,0	00:99,0,0,0	00:51,0,0,28	02:52,0,25,22	00:66,0,25,0	00:87,0,0,0	03:116,0,0,32	13:6,22,0,98	01:47,59,0,0	00:93,0,0,0	33:0,0,28,67	00:106,0,0,0	02:100,0,22,0	03:47,0,0,30	00:83,24,0,0	00:87,0,0,0	03:65,0,0,24	01:48,23,0,0	22:0,0,94,0	00:83,0,0,24	00:109,0,0,0	02:41,28,20,0	22:0,16,96,0	03:66,0,0,27	00:124,0,0,0	03:60,0,0,72	12:0,94,12,0	23:0,0,83,26	22:0,0,80,0	00:94,0,0,0	33:0,0,44,104	01:67,32,0,0	33:0,0,1,99	03:33,0,0,59	03:21,0,23,48	00:97,0,0,12	02:76,3,22,0	00:69,31,0,1	33:0,0,0,84	00:61,0,21,0	00:117,0,0,0	02:50,0,22,22	03:61,0,0,22	00:35,0,18,16	33:0,0,0,86	03:53,0,0,21	00:88,0,0,0	00:69,0,1,0	00:86,0,0,0	00:99,0,0,0	00:57,0,37,0	00:55,0,0,20	03:37,1,0,50	03:69,0,0,18	11:0,66,0,0	00:91,0,29,0	00:81,0,0,0	03:15,17,0,36	00:66,0,0,0	00:66,0,0,18	03:74,0,0,16	01:50,16,0,0	22:27,4,84,0	00:84,1,0,0	33:27,0,0,68	00:81,0,0,25	00:75,0,0,0	03:49,0,0,58	00:64,0,0,17	11:0,57,29,0	03:86,0,0,17	03:49,0,0,54	00:70,0,0,0	02:54,0,35,0	00:85,0,0,0	00:76,0,0,0	01:21,78,0,0	00:72,0,21,4	00:72,0,0,0	11:33,33,0,0	01:79,24,0,0	00:39,0,0,52	33:25,0,26,48	23:24,0,31,63	00:76,0,0,0	03:29,14,0,28	00:55,32,0,0	02:22,0,44,0	03:44,0,0,72	13:0,44,0,48	13:5,90,0,31	00:60,0,0,27	33:37,0,0,61	00:75,0,0,0	00:89,0,0,0	00:71,0,0,19	23:0,0,15,68	00:78,32,0,0	03:37,0,0,60	03:80,0,0,21	02:25,0,25,15	00:64,0,0,0	00:87,43,0,0	03:51,41,0,34	03:67,0,0,26	33:0,0,0,72	03:35,0,0,39	33:1,0,0,94	02:38,0,22,36	00:83,0,0,20	03:75,0,0,43	00:96,0,0,0	00:47,26,0,15	00:87,0,0,3	00:81,19,0,0	00:104,0,0,0	13:0,11,0,63	00:81,0,0,0	11:22,26,13,0	00:114,0,0,0	00:90,0,0,1	01:43,49,0,0	03:100,1,0,33	00:66,62,0,42	33:21,0,0,51	33:0,0,0,99
4_98	38	03:40,3,0,21	00:49,21,0,35	33:53,0,1,28	01:47,10,0,0	00:116,0,0,0	00:57,0,0,18	00:61,15,0,0	00:117,0,0,0	01:13,39,0,14	00:56,0,0,16	03:41,0,0,14	00:49,0,0,7	03:28,8,0,12	00:64,0,0,0	01:18,13,10,0	00:54,0,0,0	02:31,0,12,22	00:109,0,0,0	11:22,43,0,0	03:26,0,0,37	02:30,18,31,0	00:76,0,0,16	00:42,0,0,13	11:0,52,0,0	00:59,0,0,19	01:56,10,0,0	00:67,0,0,0	01:35,20,0,20	00:65,0,14,0	03:20,0,0,31	00:91,0,0,0	02:50,0,18,0	03:66,0,0,26	13:20,18,0,27	33:38,41,0,68	22:0,16,56,0	00:35,23,0,0	01:54,14,0,0	00:45,0,14,0	03:54,0,0,22	02:40,0,10,18	03:22,0,0,52	01:28,22,0,24	00:70,0,0,0	33:10,0,0,42	00:68,0,30,0	01:33,13,0,24	00:60,0,0,0	00:44,0,11,0	11:16,13,0,9	03:10,0,0,32	00:60,0,0,0	33:14,0,0,58	03:45,0,22,7	03:24,0,11,16	02:60,0,24,0	00:50,0,0,17	03:57,0,0,19	02:50,0,30,0	01:9,40,0,15	03:20,8,0,26	00:83,0,0,0	00:58,0,19,0	03:33,0,0,11	33:20,0,0,37	00:46,0,0,0	00:49,0,0,24	00:27,0,0,0	11:0,52,14,0	03:56,0,0,42	03:65,0,0,14	00:56,0,0,0	00:45,0,17,0	00:87,0,0,0	02:22,10,31,20	00:90,0,0,0	03:63,0,0,20	00:74,0,26,0	03:54,0,0,14	02:45,17,9,0	03:82,0,0,30	03:33,0,0,41	13:15,23,0,5	00:34,0,0,10	33:23,0,0,41	00:71,0,0,0	00:73,0,0,0	03:33,0,0,27	03:42,0,0,42	00:66,23,0,0	00:51,0,0,0	00:50,0,29,0	00:84,0,0,0	00:67,0,0,22	00:40,0,0,12	03:26,0,15,23	03:29,0,0,50	23:27,0,28,40	00:85,0,0,0	03:35,0,0,34	03:27,0,0,16	00:102,0,0,0	02:31,0,22,0	00:47,29,0,26	33:0,0,0,43	00:83,0,0,0	03:19,0,0,38	33:0,0,0,75	02:22,14,25,18	00:60,0,0,0	00:63,13,0,0	11:30,33,0,0	00:103,0,0,0	12:14,30,26,0	00:58,16,0,0	03:27,0,0,25	01:36,34,32,0	03:57,0,0,11	03:73,0,0,22	00:78,22,0,0	00:46,0,0,50	01:55,40,0,0	00:69,0,0,0	23:0,0,13,49	00:69,0,0,0	00:76,0,23,0	03:32,0,0,42	00:93,0,0,0	02:46,0,21,0	03:61,0,0,20	00:75,0,0,0	12:0,18,55,0	01:50,14,0,78	00:85,0,0,0	00:50,0,11,0	11:0,64,28,0	01:72,5,0,0	00:106,0,0,0	00:59,0,0,39	12:0,59,30,0	22:0,0,89,0	22:0,0,64,0	00:90,0,0,0	13:0,27,46,42	03:60,2,0,26	33:30,0,0,54	33:0,0,0,52	00:50,0,0,11	00:38,24,0,10	01:63,21,0,0	33:32,0,0,35	13:0,10,0,61	02:17,0,58,0	33:34,0,0,31	01:56,12,0,0	33:13,0,0,86	22:0,0,60,0	23:0,0,12,53	00:49,0,0,26	13:5,63,0,19	33:34,0,0,28	13:24,15,0,25	00:83,0,0,0	00:80,0,0,0	02:32,0,6,7	02:73,0,7,0	12:49,30,10,0	11:0,54,0,0	00:96,0,13,0	00:66,0,0,0	03:3,4,0,27	13:20,6,0,20	00:26,0,19,8	00:62,0,0,23	00:47,0,0,0	01:29,10,47,0	00:97,0,0,0	00:34,0,0,42	03:43,0,0,19	00:42,0,0,23	03:48,0,0,10	12:19,18,8,0	33:0,20,0,41	00:78,0,0,0	00:35,0,36,7	03:25,0,0,16	00:60,0,10,0	01:35,22,0,0	01:35,21,0,0	22:27,15,24,0	00:69,0,0,0	NA:44,0,0,0	11:1,27,0,13	02:75,0,7,0	00:59,0,0,9	13:14,6,0,54	33:42,0,0,45	00:70,0,0,0	33:38,0,0,38	11:9,31,0,14	12:0,4,61,0	33:0,41,0,58	11:0,8,66,0	00:55,55,0,0	03:40,0,0,1	00:65,0,0,11	01:32,32,0,0	02:60,0,7,0	00:55,0,0,17	23:0,0,21,37	12:52,3,28,0	23:44,0,32,7	03:10,24,0,45	02:31,0,28,0	03:54,0,0,20	00:75,0,0,0	03:36,0,0,61	23:16,0,34,10	02:12,0,39,43	00:51,0,0,12	33:0,0,0,104	12:26,10,46,0	00:72,0,0,0	00:80,0,0,14	03:99,0,0,11	00:70,0,0,0	01:64,41,0,0	00:47,24,0,0	00:88,0,0,0	13:0,31,0,49	01:73,8,0,0	11:0,75,0,0	23:64,0,40,6	01:90,8,0,0	13:39,44,0,14	00:48,0,30,12	00:66,23,0,0	03:20,0,0,37	03:65,0,0,26
4_99	65	33:73,4,0,57	33:50,36,0,79	03:43,0,0,58	00:118,0,0,0	00:171,0,0,0	03:79,33,0,30	12:106,62,42,0	02:155,0,42,0	01:73,54,0,0	00:54,0,0,51	03:72,0,0,55	02:48,0,24,25	13:29,40,0,21	01:108,32,0,0	00:73,0,32,0	00:103,0,1,33	00:119,0,0,37	00:213,0,0,0	01:59,38,0,19	00:118,0,0,0	22:0,43,96,0	00:152,0,0,25	01:75,27,0,29	11:30,62,0,0	03:61,0,0,77	03:90,0,0,37	00:126,0,0,0	00:127,0,0,41	00:97,0,0,0	03:62,0,0,59	00:104,0,0,32	02:125,0,34,0	00:146,0,0,0	13:30,0,0,101	33:0,55,0,165	23:0,31,52,84	01:33,54,0,35	02:76,0,86,0	00:62,10,0,0	33:90,0,0,23	00:99,0,0,31	33:0,0,0,141	00:100,0,42,35	03:108,0,0,26	33:25,0,0,95	23:44,0,60,59	23:37,0,25,56	00:67,33,0,0	00:120,0,0,0	00:120,0,0,32	33:0,0,0,109	00:105,0,0,0	33:40,0,0,112	03:102,0,0,37	00:145,0,0,0	00:102,0,0,0	00:119,0,18,0	01:127,29,0,0	00:131,0,0,0	00:96,39,40,0	23:40,0,50,53	00:157,0,0,0	01:73,72,0,0	00:100,0,0,0	00:61,0,0,14	00:91,0,0,25	00:83,0,0,17	13:30,25,0,50	12:0,90,40,0	03:109,0,0,74	00:133,0,0,0	00:148,0,0,0	00:70,25,0,0	00:74,0,26,0	00:119,0,0,35	00:126,0,0,0	00:163,0,0,0	01:83,27,48,0	03:93,0,0,21	00:81,71,0,0	00:213,0,0,0	33:26,0,1,108	03:105,0,0,15	02:111,0,24,0	03:83,0,34,35	00:118,0,0,0	00:108,0,0,25	00:143,0,0,0	02:103,0,30,0	00:116,0,40,0	02:70,0,14,0	01:77,40,0,25	33:83,0,0,56	03:37,0,34,83	00:121,0,0,0	03:104,0,0,53	01:128,45,1,0	02:128,0,56,47	00:90,0,33,0	03:92,0,0,38	00:108,0,0,0	03:82,0,0,84	00:152,0,0,0	00:181,0,0,0	03:66,0,0,69	00:101,0,37,0	03:87,0,0,30	33:27,0,0,74	00:121,0,50,0	00:116,0,0,0	03:85,0,0,34	11:47,103,0,0	00:148,0,0,38	00:101,0,0,0	02:98,0,30,0	01:28,24,0,56	01:127,44,0,0	00:129,0,0,0	00:141,0,0,0	00:151,0,55,0	23:0,0,76,81	03:67,0,37,38	00:88,0,0,22	33:0,0,0,140	00:117,0,0,37	00:131,0,0,0	03:74,0,0,74	00:123,0,0,0	00:71,20,0,0	00:112,0,0,44	03:112,0,0,38	22:35,0,114,0	02:75,0,49,42	03:144,0,0,48	03:126,0,0,39	12:0,119,88,0	00:105,0,0,30	00:89,0,0,111	23:47,0,41,75	12:0,123,46,0	02:31,0,115,0	23:0,0,101,26	00:127,0,0,0	33:0,0,0,205	02:148,0,42,0	33:0,0,0,135	03:27,0,0,114	00:98,0,0,31	00:166,0,0,0	22:106,0,46,0	00:113,0,0,47	03:34,44,0,47	02:91,0,31,31	00:196,0,0,0	01:94,35,0,0	00:73,0,0,92	22:0,0,120,0	33:0,0,0,144	00:129,0,0,0	03:121,0,0,42	00:81,0,0,22	01:61,33,31,0	33:35,0,0,53	00:178,0,0,0	00:96,0,1,0	01:97,45,1,0	01:66,50,0,33	11:0,97,0,33	02:120,0,67,32	03:129,0,0,46	00:109,0,0,27	00:123,0,0,0	03:42,0,25,66	00:170,0,0,0	00:40,16,0,22	22:0,0,169,0	00:176,0,0,0	33:36,0,0,88	03:69,0,0,71	00:74,0,25,0	03:32,0,0,124	02:58,26,78,0	11:0,89,0,30	00:123,47,0,0	00:132,25,0,0	01:122,30,0,0	00:128,0,1,0	00:52,61,0,0	01:46,42,0,0	02:114,0,24,0	02:113,0,51,0	00:59,20,0,0	13:15,20,0,39	00:160,0,0,0	01:25,22,0,0	33:0,34,0,122	00:123,0,0,50	12:81,37,34,0	03:98,0,0,44	01:103,46,0,0	02:35,0,106,0	03:41,0,0,148	13:0,84,0,93	01:90,96,0,0	03:92,0,0,17	01:82,69,0,0	00:98,0,0,24	33:0,35,0,87	03:123,0,0,26	33:0,0,0,149	00:169,0,0,0	00:182,0,0,0	03:57,0,0,50	01:101,35,0,0	00:108,0,0,0	03:163,0,0,29	00:154,0,0,0	00:102,0,0,35	00:57,0,0,40	00:147,0,0,0	03:46,0,0,126	00:170,0,0,0	01:126,29,0,0	02:117,0,61,0	00:170,0,0,0	03:65,0,0,67	00:122,0,46,0	00:76,23,0,22	00:162,0,0,0	01:18,86,0,0	11:114,46,0,0	01:26,66,0,0	23:41,0,72,41	03:90,0,47,36	11:46,108,0,0	00:134,0,0,48	01:129,65,0,0	00:39,0,0,41	13:54,33,0,70
2_100	92	03:19,7,0,64	13:5,27,0,65	33:0,0,0,68	02:60,0,19,0	03:75,0,2,33	01:75,14,2,0	01:56,39,0,23	00:128,0,0,0	01:26,37,0,22	03:70,15,0,12	00:66,3,0,0	03:39,0,12,15	01:39,20,0,0	00:104,0,0,0	02:52,1,12,0	00:84,7,0,0	03:80,0,0,11	00:123,0,0,38	01:81,14,0,0	00:83,0,4,0	12:7,17,73,0	03:89,0,0,14	03:71,0,0,13	11:0,56,3,0	03:68,0,0,12	03:68,0,0,22	00:92,0,0,0	00:84,5,0,22	00:67,0,14,0	03:58,0,0,39	00:92,0,31,0	00:102,0,0,15	00:126,0,0,0	03:29,0,4,66	13:26,31,0,115	12:4,25,82,0	01:83,17,0,0	00:68,0,63,0	00:34,6,8,0	00:38,0,0,19	03:72,0,0,13	33:26,21,0,38	03:66,7,0,14	00:57,7,0,0	03:15,0,0,69	02:103,0,26,0	03:54,0,0,15	00:46,0,0,0	00:74,0,2,17	00:45,0,0,33	33:20,9,0,26	01:49,30,0,0	00:62,0,17,29	00:97,0,0,11	00:81,0,0,18	00:57,19,0,0	00:115,0,0,0	00:137,0,0,0	00:85,0,1,0	02:99,0,23,0	33:2,0,0,85	03:103,0,0,28	01:84,24,0,0	00:60,0,2,0	00:25,0,5,7	03:43,0,0,14	03:25,4,0,13	00:59,0,0,4	13:0,40,13,27	00:99,0,27,0	00:65,0,0,21	00:87,0,0,13	03:50,0,0,14	00:32,16,0,16	03:94,0,0,24	03:61,0,0,23	00:93,0,0,0	22:60,0,64,0	00:60,0,0,16	01:100,22,0,0	00:152,0,0,0	03:38,0,0,55	00:100,0,1,0	00:63,0,0,17	02:73,0,19,4	00:88,0,0,5	03:87,0,0,19	01:42,27,0,19	01:48,29,0,8	02:69,22,20,0	00:50,0,0,0	03:48,0,0,42	03:64,0,0,41	33:21,0,0,83	00:59,0,0,10	00:99,4,0,0	00:98,7,0,0	23:31,0,69,46	00:73,19,5,0	02:25,0,26,43	00:54,0,0,5	00:126,0,0,0	02:61,0,22,0	33:19,0,0,149	12:5,35,16,33	03:48,0,0,22	00:45,0,0,30	03:34,0,0,38	00:113,0,0,0	03:62,0,0,27	00:66,3,0,19	11:40,71,0,6	03:64,9,30,30	01:56,23,1,0	03:65,0,0,31	01:30,18,13,2	01:71,24,0,26	00:82,0,0,0	03:66,0,24,33	00:126,0,0,0	03:55,0,0,64	00:81,0,0,0	00:78,0,0,0	03:32,0,0,67	00:133,0,0,0	02:70,0,20,0	33:0,0,0,109	02:44,0,21,0	00:48,0,11,0	00:80,2,0,40	03:51,0,21,34	22:0,25,108,0	23:44,0,30,35	00:116,0,0,0	03:28,0,35,23	12:0,49,84,0	00:79,0,0,25	00:115,1,0,0	33:6,0,0,133	11:0,111,3,0	22:0,0,93,0	22:0,16,51,0	00:75,0,0,0	23:0,33,34,76	02:93,0,32,0	33:3,0,0,91	03:18,0,0,64	02:40,3,27,17	00:116,0,0,0	02:50,0,17,0	01:63,29,21,0	03:19,0,0,71	02:70,0,30,0	00:109,0,0,28	03:98,0,0,14	00:133,0,0,0	02:53,0,42,0	33:15,8,0,95	00:52,0,0,45	00:85,0,0,14	00:87,0,0,0	00:64,0,0,0	03:49,0,0,18	02:82,0,33,5	00:50,0,9,0	03:66,0,0,26	00:82,0,0,29	11:17,89,0,0	00:133,8,0,0	00:64,21,4,0	23:50,0,13,15	01:45,19,0,0	00:125,0,0,0	00:123,0,0,0	00:31,17,0,0	02:21,0,73,0	00:70,0,27,6	00:59,0,0,14	02:14,0,49,12	00:42,0,0,5	33:0,0,0,84	02:43,4,38,0	11:0,70,0,0	00:106,0,0,0	00:82,30,0,0	00:65,0,19,0	00:61,4,0,0	00:51,0,0,0	00:41,0,0,0	02:66,0,26,0	01:30,63,0,18	02:30,0,21,0	11:0,50,0,3	02:82,0,26,0	00:46,0,0,0	13:0,36,0,81	13:23,24,24,34	01:68,28,0,0	33:48,0,0,36	01:43,44,0,8	01:48,22,42,0	03:64,0,0,68	13:0,52,21,25	01:35,79,0,0	33:23,0,0,24	00:86,0,0,28	00:63,0,0,4	02:60,0,27,0	00:106,0,0,5	03:27,0,0,68	01:67,44,0,0	03:63,0,0,19	03:20,0,0,30	00:63,0,1,5	00:60,0,0,0	00:134,0,1,0	00:95,0,0,20	03:38,0,0,39	03:18,3,0,45	03:35,0,5,53	33:6,0,0,113	01:51,22,21,0	00:123,0,0,0	03:41,0,0,90	03:69,4,0,34	02:30,4,11,16	00:82,15,0,0	00:70,0,0,4	00:101,0,7,0	13:19,21,0,44	11:40,54,0,1	01:12,34,0,4	23:63,0,43,43	01:82,28,0,0	13:8,70,0,25	00:56,0,40,21	13:49,29,0,21	03:30,0,0,24	33:11,0,0,109
4_100	63	03:80,0,0,18	03:71,31,0,25	03:25,0,0,48	01:66,27,0,0	02:69,0,34,0	00:84,0,23,0	00:113,0,0,0	00:117,0,1,0	12:27,65,20,0	00:65,0,0,25	00:54,18,0,0	02:27,0,22,13	33:22,10,0,39	02:71,0,44,0	00:33,16,12,0	03:43,21,0,13	00:96,0,3,25	00:124,0,1,0	01:23,52,0,0	00:119,1,0,0	22:1,21,74,0	00:108,0,0,15	00:77,0,0,11	11:0,57,15,0	00:81,0,0,39	03:54,0,0,15	00:89,0,0,0	03:74,0,1,34	03:90,0,0,28	33:26,0,0,66	00:75,37,0,0	00:64,25,0,0	33:22,32,0,57	03:34,0,0,59	00:81,0,0,57	22:0,0,58,20	00:79,0,0,0	03:49,0,0,63	01:55,15,0,0	03:76,0,0,21	00:70,0,0,3	33:3,0,0,77	00:100,0,0,0	01:69,27,0,0	33:0,0,0,87	00:97,34,0,0	03:19,23,0,44	03:59,0,0,20	13:17,23,0,40	03:50,0,1,35	33:3,0,0,55	00:70,0,0,0	33:0,1,0,71	00:88,22,0,2	03:35,0,17,26	03:55,0,16,18	00:124,0,0,0	00:147,0,0,0	00:119,0,0,0	01:26,58,0,28	23:23,0,40,47	00:118,0,0,0	01:23,57,39,0	00:67,0,0,0	00:73,0,16,3	02:41,0,12,0	00:56,0,0,47	13:49,16,0,18	01:35,56,1,0	00:123,0,5,0	00:121,0,0,0	03:78,0,0,18	01:42,35,23,0	00:132,0,0,4	01:28,30,0,53	00:76,21,0,0	00:82,0,1,0	01:60,33,1,0	03:39,28,0,28	02:78,22,31,0	03:67,0,0,58	33:0,0,0,101	03:66,0,3,17	00:58,20,0,1	00:89,0,0,3	00:42,57,0,0	03:71,0,0,26	00:73,27,0,1	00:81,0,31,3	00:113,0,0,0	02:84,0,20,0	00:100,0,0,0	03:80,0,0,24	33:4,0,0,94	00:53,0,20,0	03:50,0,0,56	00:107,0,0,36	33:33,0,2,105	02:84,0,43,0	03:31,0,0,36	00:86,0,0,0	03:69,0,0,57	00:29,30,0,18	00:130,1,0,0	33:0,0,0,84	00:122,0,3,0	03:21,0,10,38	23:0,0,29,64	00:117,0,0,0	00:86,22,0,0	01:64,12,0,0	01:39,58,0,0	00:103,0,0,0	01:53,15,0,0	00:87,0,0,0	00:84,0,14,0	01:32,54,0,26	00:86,0,3,0	00:53,32,0,29	00:125,0,0,1	03:19,0,0,89	00:111,0,0,0	00:78,0,0,20	03:32,0,0,58	02:86,0,28,0	00:83,0,18,0	03:62,0,0,51	00:116,0,0,0	02:79,0,26,0	03:65,0,0,32	02:40,28,26,0	12:0,22,62,0	00:127,4,0,0	00:91,0,0,24	00:78,0,19,0	22:2,0,124,0	00:49,0,30,28	00:97,0,0,38	03:56,0,0,54	12:0,59,45,0	22:29,0,70,0	12:20,18,36,0	02:89,0,30,0	13:0,36,1,113	00:104,2,0,0	33:0,0,0,93	33:25,0,0,70	00:89,0,1,0	00:107,1,0,0	02:31,35,44,0	02:28,19,19,20	23:0,0,23,80	00:59,0,53,0	33:40,22,0,58	00:60,0,0,26	00:90,0,0,33	22:0,0,48,19	03:22,0,0,63	03:80,0,0,27	33:22,0,30,45	01:49,14,0,0	03:36,22,0,38	00:80,0,0,20	00:83,0,0,30	22:34,0,28,0	00:84,13,0,2	03:27,33,0,48	01:16,52,0,0	00:111,0,0,0	01:38,32,0,25	00:87,0,0,0	02:57,0,12,0	03:46,0,0,45	00:102,0,0,0	00:76,0,0,0	12:0,26,64,0	02:45,0,46,0	33:0,0,0,101	03:56,0,0,39	00:75,0,0,27	00:68,0,0,22	23:0,0,63,14	11:0,88,0,0	00:106,1,0,0	00:63,32,0,0	00:42,17,22,0	00:110,0,0,0	01:45,41,0,0	01:47,58,0,0	00:92,0,0,0	00:80,0,0,30	00:91,0,0,0	13:0,56,0,11	00:127,0,0,0	01:66,37,0,0	33:0,0,1,121	03:54,0,0,47	00:113,0,0,0	00:69,0,0,23	11:36,85,0,0	02:41,21,26,0	00:122,0,0,2	12:25,24,14,28	11:0,96,0,27	00:85,0,0,0	03:46,0,0,41	00:84,0,0,0	00:99,1,0,0	00:85,0,0,0	33:1,0,25,75	02:72,0,36,0	02:46,0,29,17	02:83,0,21,2	02:44,0,49,0	03:59,0,0,10	00:106,0,0,0	03:62,0,1,50	00:91,0,0,0	33:0,0,0,79	03:63,0,0,24	33:36,0,0,81	03:82,0,2,22	03:59,0,0,23	00:117,0,0,0	03:85,0,0,22	03:40,0,22,21	03:77,0,0,18	00:93,0,0,0	00:109,0,0,0	01:44,38,0,1	01:23,33,21,0	13:0,74,0,26	00:151,0,0,0	00:117,0,0,2	01:61,27,0,0	02:59,33,25,0	02:50,34,43,0	03:56,0,0,21	33:0,21,0,96
1_101	16	03:56,0,0,11	03:25,15,0,31	03:24,0,0,20	00:31,8,0,8	00:63,0,0,0	00:26,0,27,0	NA:64,17,0,0	00:58,0,0,0	01:18,37,0,0	00:39,9,0,0	NA:42,0,0,23	00:27,0,14,0	NA:2,28,0,9	00:59,0,4,0	NA:32,24,0,0	00:48,0,0,0	00:70,0,0,0	03:55,0,0,16	00:51,2,0,1	NA:42,0,19,2	22:16,0,37,0	00:77,0,0,0	00:62,0,0,0	NA:0,43,0,0	00:76,0,0,0	03:49,0,0,14	00:42,0,0,0	01:50,20,0,13	NA:53,0,0,17	00:51,0,0,4	00:51,0,0,20	00:83,0,0,0	NA:56,0,0,7	23:0,0,9,33	33:20,0,0,82	22:0,0,45,10	00:55,0,0,0	NA:84,0,0,0	01:26,16,0,0	NA:24,0,0,38	00:54,0,0,17	03:20,6,0,36	11:43,14,10,0	01:38,19,0,0	33:0,0,0,46	03:52,0,0,26	02:48,0,11,3	00:32,0,0,5	00:22,0,0,11	NA:83,5,0,0	13:8,11,0,36	NA:47,0,0,0	00:18,0,0,33	NA:48,0,0,12	00:45,0,8,2	00:35,0,4,6	NA:25,0,21,0	NA:28,24,0,0	00:54,0,0,1	00:70,5,0,0	22:0,0,21,40	00:102,0,0,0	00:53,18,0,0	NA:76,0,0,0	00:30,0,0,7	00:32,2,5,0	03:19,0,0,13	33:11,3,0,25	11:3,35,7,0	00:49,0,13,13	00:90,0,0,0	00:38,0,0,24	00:53,6,0,0	01:28,43,0,26	00:70,0,0,0	22:33,0,12,0	00:75,0,0,0	02:21,0,52,0	00:47,0,0,5	00:53,11,10,0	03:56,5,0,25	03:26,0,0,33	00:38,11,0,0	NA:37,0,0,29	00:56,8,0,0	00:49,0,0,24	03:26,10,0,12	00:51,0,0,7	22:29,0,20,3	00:64,0,0,0	00:45,0,5,0	00:48,0,0,0	11:38,15,0,0	33:0,0,9,59	NA:27,11,0,0	00:74,0,0,0	00:65,0,0,0	03:57,0,1,49	02:53,0,18,0	33:25,0,0,35	00:59,0,0,0	13:13,15,0,34	03:29,4,0,13	33:47,0,0,29	00:21,24,0,7	22:26,0,14,12	00:23,0,0,10	00:17,14,0,35	NA:53,0,0,0	13:21,13,9,6	00:48,0,0,0	11:3,50,12,0	33:42,0,11,17	01:47,14,0,0	23:9,0,25,18	00:6,13,0,17	01:38,49,0,0	NA:55,0,0,0	00:46,0,5,26	00:75,0,0,11	33:4,0,17,79	00:63,0,0,5	00:60,0,0,0	00:37,0,0,27	00:65,0,10,0	02:39,0,32,8	03:18,0,0,37	00:69,0,0,0	00:38,7,1,0	00:69,0,0,0	03:20,0,0,24	22:0,9,74,0	00:62,10,0,14	03:71,15,0,10	33:0,4,18,35	12:0,28,49,0	01:40,32,0,0	00:43,0,0,30	03:50,0,0,46	13:0,41,6,39	12:7,34,35,0	22:0,0,64,0	33:37,0,0,23	33:0,0,0,105	00:52,12,0,0	33:0,0,10,59	00:9,0,0,55	00:56,0,0,9	00:60,0,0,4	00:39,0,19,0	13:27,28,0,12	33:0,0,0,54	02:26,0,44,0	00:86,0,0,19	00:64,0,0,0	11:51,32,0,8	22:8,0,31,0	00:34,0,0,22	00:74,0,0,0	NA:51,1,0,0	00:49,0,0,0	00:33,11,0,3	00:38,0,0,19	00:75,0,0,0	00:39,0,0,3	00:57,0,0,13	03:41,9,0,33	NA:0,57,0,0	00:88,0,6,0	00:54,13,0,0	22:6,0,16,16	01:33,14,0,0	NA:36,0,0,20	03:58,0,0,13	00:58,0,0,0	22:0,0,52,0	11:50,26,0,0	03:14,7,0,22	33:34,0,0,24	00:40,0,0,16	03:27,0,0,26	01:25,10,9,0	11:0,40,0,0	03:49,0,0,20	00:55,11,0,8	00:49,0,0,3	02:40,0,18,0	02:26,0,10,0	00:37,0,8,0	00:72,3,0,0	NA:75,0,0,0	00:29,3,0,2	13:0,18,0,3	00:66,4,0,0	03:31,0,0,17	13:0,21,11,30	00:68,0,0,31	00:47,0,15,0	00:65,6,0,0	00:51,0,0,0	NA:21,8,30,0	03:25,0,0,43	13:14,31,7,17	NA:49,18,0,0	33:23,0,0,15	00:40,18,8,0	00:35,0,0,0	03:27,0,0,14	00:63,0,0,17	33:12,0,0,49	00:65,0,3,0	00:69,0,0,0	33:15,0,0,26	00:54,0,3,9	00:44,0,0,0	00:77,0,0,0	00:81,0,0,9	00:37,0,0,8	33:22,0,0,22	00:46,0,0,21	33:0,0,0,83	00:46,0,7,0	00:37,0,0,7	00:24,0,19,16	00:77,0,0,0	00:49,0,0,0	00:56,0,0,0	00:61,8,0,0	00:48,28,0,0	NA:0,7,31,3	03:47,0,0,22	NA:0,50,0,0	00:85,0,0,9	00:78,0,0,0	01:40,28,0,0	00:64,0,0,3	33:20,21,0,32	22:14,0,18,15	33:27,0,0,51
2_101	41	03:70,0,0,24	13:0,68,0,24	33:0,0,0,69	02:44,19,19,0	03:65,36,0,31	00:134,0,0,0	00:72,0,37,0	00:68,0,40,0	01:39,93,0,0	03:52,1,0,58	00:70,0,0,17	03:22,0,35,21	00:38,0,0,46	00:42,25,18,0	02:57,0,20,0	00:82,0,0,0	03:84,0,0,15	03:85,0,0,37	12:0,45,13,0	00:93,0,0,0	12:0,33,73,0	03:86,0,0,17	03:50,32,0,13	11:0,79,0,0	03:30,0,0,51	00:88,0,0,0	00:82,0,0,0	00:99,0,0,21	02:51,0,22,24	03:18,0,0,64	01:78,16,0,0	01:45,21,24,0	01:53,34,0,17	33:0,0,0,86	03:64,0,0,86	23:0,0,53,43	00:58,39,0,0	03:34,0,17,32	02:53,15,18,0	00:109,0,0,0	03:76,0,0,14	33:0,0,0,92	00:94,0,0,0	00:67,0,0,27	33:0,0,0,96	01:50,29,48,0	03:25,0,0,67	00:73,0,0,22	00:66,0,0,7	00:101,0,0,0	33:0,0,19,51	01:29,17,29,0	03:60,0,0,53	01:50,25,30,0	02:61,0,18,0	00:71,0,0,17	00:92,0,0,0	00:114,0,0,0	00:120,0,0,0	03:50,24,0,25	33:0,0,0,82	03:79,0,0,21	02:76,0,25,0	00:75,0,0,0	00:51,0,0,0	00:77,0,11,0	03:92,0,0,17	00:41,35,0,0	13:16,27,31,19	00:73,0,0,41	00:108,0,0,0	00:86,0,0,16	23:50,0,25,28	00:121,0,0,0	03:60,0,0,30	03:57,0,0,29	00:88,0,0,0	02:83,0,16,0	00:98,0,0,1	00:91,0,24,0	00:67,38,0,28	03:34,0,0,86	02:81,0,21,0	00:81,0,0,0	03:41,0,0,54	01:65,35,0,0	00:104,0,0,0	00:96,0,2,0	00:59,0,0,34	00:90,0,0,0	00:82,0,17,0	00:89,0,1,0	00:110,0,0,0	03:21,0,0,113	02:37,0,29,32	00:86,0,0,0	00:89,0,0,0	03:43,0,0,90	00:104,0,0,0	03:21,0,0,64	03:67,0,0,19	00:135,0,0,23	12:32,22,13,0	00:130,0,0,0	33:0,0,0,77	00:69,0,27,0	03:65,0,0,28	33:0,0,0,89	00:71,0,30,0	00:86,0,0,0	01:65,9,0,0	01:50,47,0,0	00:93,0,0,25	02:63,0,15,0	00:102,0,0,0	03:74,0,0,23	02:66,33,20,0	00:68,0,0,0	00:79,0,0,0	00:153,0,0,0	03:45,0,0,56	01:84,22,0,0	00:78,0,0,0	33:0,0,19,67	00:120,0,0,0	00:114,0,0,0	03:24,0,0,63	00:64,0,41,0	02:53,0,30,0	00:101,0,0,0	01:47,26,0,26	22:0,56,49,0	03:48,0,0,59	00:101,0,0,20	02:63,0,20,0	22:0,0,101,0	00:99,0,0,0	11:21,67,28,0	03:56,0,0,63	22:0,41,41,0	01:32,20,58,0	22:0,0,79,0	00:73,0,0,0	23:0,0,56,60	22:49,0,51,0	13:0,25,0,66	23:0,0,24,64	00:74,0,32,0	00:97,0,0,0	23:41,0,35,20	01:56,28,0,23	13:0,17,0,59	23:36,0,25,22	01:106,31,0,0	33:19,0,0,63	23:59,0,25,35	22:19,0,66,0	03:33,0,0,52	03:79,0,0,18	03:70,29,0,18	00:48,0,0,19	00:74,0,0,0	03:65,0,0,29	02:71,0,30,0	02:49,0,24,0	00:97,0,0,0	01:65,27,0,0	03:19,43,0,17	00:131,0,0,0	01:49,24,14,0	00:83,18,0,0	23:20,0,16,43	23:29,0,22,31	00:117,0,0,0	00:61,0,0,0	22:0,0,129,0	12:15,75,23,0	33:0,0,0,97	03:33,20,0,28	02:31,0,37,0	03:14,0,0,67	12:32,20,14,0	11:0,37,0,42	00:97,0,0,0	00:86,0,0,0	00:79,0,0,0	00:69,22,0,0	01:59,14,0,0	01:73,15,0,0	00:55,0,14,0	00:104,0,0,0	00:70,0,0,0	11:0,60,0,0	03:53,0,0,91	00:90,0,0,0	33:0,0,0,102	33:68,0,0,61	02:58,25,29,0	03:52,0,14,20	00:64,0,25,0	02:19,0,61,0	03:38,0,0,76	13:0,92,0,18	13:32,35,0,28	02:75,0,14,0	03:70,0,0,22	00:38,0,0,35	00:106,0,0,0	00:65,0,0,37	23:35,0,14,61	00:116,0,0,0	03:67,0,0,26	00:50,0,0,31	02:29,0,17,44	00:86,0,0,0	00:83,24,0,0	00:60,38,0,0	00:100,0,0,0	33:0,0,0,94	00:61,0,0,18	33:0,0,0,82	00:76,0,0,27	00:79,0,0,34	00:116,0,0,0	03:69,0,0,26	00:48,16,0,0	03:79,0,0,11	01:58,26,0,0	00:92,0,0,0	11:0,67,0,14	00:113,0,0,0	11:24,46,0,0	03:72,0,0,34	03:78,0,0,29	01:43,57,0,0	22:52,0,60,0	00:89,0,0,24	03:26,0,0,61	33:0,0,0,114
1_102	40	00:50,8,0,29	13:0,43,0,49	23:43,0,3,15	00:76,0,5,0	00:104,0,0,4	01:60,34,9,0	01:87,16,0,0	02:94,5,19,0	13:9,40,1,19	03:78,0,0,20	02:44,18,2,0	02:37,1,9,0	13:36,17,0,8	03:73,0,0,20	00:64,15,0,0	00:45,0,0,13	01:53,24,15,0	03:138,0,0,0	01:51,37,0,0	03:51,0,0,57	22:0,0,107,0	02:70,4,18,0	00:82,0,0,0	12:0,40,13,2	03:70,0,0,15	01:26,40,4,11	02:58,0,16,2	03:66,0,0,31	02:57,0,34,0	03:39,0,0,26	00:84,0,0,3	00:98,6,4,0	00:79,0,0,0	33:3,0,0,70	00:72,0,0,71	02:24,0,61,0	02:60,3,0,10	00:72,0,5,0	02:23,0,33,0	02:40,10,21,13	01:77,19,0,0	33:0,45,0,49	00:95,0,0,2	00:36,30,0,2	03:16,0,0,74	02:83,3,53,0	00:53,0,0,5	00:78,1,0,0	02:49,0,11,0	03:15,0,0,54	33:17,0,0,54	01:57,0,0,0	03:7,0,0,109	22:33,0,67,0	03:46,13,0,23	02:59,0,13,0	03:67,0,1,23	03:73,3,0,26	00:69,1,0,4	02:61,6,24,0	33:21,0,0,47	13:48,25,0,28	02:56,5,17,0	00:63,0,0,0	00:54,0,0,14	00:52,0,0,0	00:72,0,0,22	03:34,0,0,14	11:0,44,0,42	03:70,0,0,66	00:95,0,0,29	00:94,0,0,0	13:10,21,0,53	01:47,68,0,9	00:71,0,0,13	03:43,13,0,17	00:81,0,23,6	00:87,0,23,0	00:93,0,0,0	00:83,6,0,0	01:60,31,0,31	33:4,4,0,89	00:73,10,0,0	00:61,0,1,3	03:36,2,0,31	00:89,0,0,4	00:112,6,0,0	22:62,0,20,0	02:33,0,45,0	00:73,0,5,0	00:92,0,0,0	02:56,0,23,0	03:49,0,0,43	33:0,0,1,97	11:38,24,0,14	02:59,0,20,12	03:70,0,0,24	33:60,0,0,75	00:83,0,18,0	23:16,0,17,42	00:88,0,0,0	00:110,0,0,15	00:80,0,0,0	00:110,0,0,0	03:40,0,0,39	01:75,32,0,0	NA:20,10,0,9	03:37,1,23,25	02:75,0,31,0	00:74,0,0,0	03:16,0,0,53	11:0,74,26,0	00:107,0,3,0	00:59,4,0,0	00:56,0,0,0	03:41,0,16,17	01:37,64,0,0	00:67,0,0,2	03:53,0,0,20	03:114,0,0,29	13:6,23,18,46	00:81,6,0,0	02:73,0,32,0	33:17,0,3,65	03:60,0,0,29	01:62,30,0,0	23:40,0,14,35	01:62,33,0,0	03:58,0,0,22	03:86,0,0,3	03:36,0,0,38	22:0,1,98,0	13:50,0,0,91	03:68,32,0,11	02:23,3,38,9	12:0,0,117,0	33:52,0,0,53	00:111,0,0,0	03:57,0,0,58	12:0,32,47,0	12:0,0,93,13	12:1,28,54,0	00:64,0,0,1	22:0,2,46,60	00:103,12,0,0	03:47,0,0,44	33:6,3,0,91	01:49,21,0,16	01:76,21,0,0	02:71,0,38,0	02:102,0,0,0	03:0,0,0,91	02:62,1,36,0	00:151,0,0,0	02:57,0,26,0	00:69,0,0,39	22:0,0,77,10	13:2,17,0,62	01:69,14,0,0	00:122,0,0,0	01:36,0,0,15	01:66,14,0,0	00:87,0,0,0	03:73,0,0,28	00:60,0,1,12	00:77,0,4,4	03:101,0,0,0	11:0,45,0,27	01:40,34,33,26	02:63,0,17,0	00:46,14,0,26	03:45,0,0,19	01:20,12,10,11	00:83,0,0,4	00:45,16,0,0	22:2,0,93,0	03:76,2,0,23	03:37,0,0,59	03:60,0,0,9	00:50,0,13,0	33:13,0,0,67	12:23,37,20,0	11:0,64,0,0	00:109,2,0,10	00:46,19,0,16	00:77,0,0,0	01:51,13,16,0	33:18,16,0,28	01:55,17,0,0	00:59,16,0,0	00:101,0,0,0	00:75,0,0,0	13:0,12,0,33	00:92,0,0,0	00:66,25,0,0	23:0,25,0,84	03:59,7,0,28	01:96,16,0,0	03:54,0,0,29	03:56,0,0,28	00:39,10,39,0	03:51,0,0,70	01:0,60,0,11	03:62,18,0,25	01:78,0,0,1	03:35,38,0,18	03:28,0,0,48	00:53,14,0,0	00:91,0,1,0	23:0,0,1,63	00:85,0,14,0	00:96,0,0,0	00:84,0,1,14	00:48,28,0,9	01:33,16,0,28	00:114,0,0,7	03:85,0,0,32	00:91,0,0,0	00:37,0,0,32	03:24,0,0,63	23:44,0,33,37	02:73,0,37,0	00:112,0,0,0	03:85,0,0,36	03:94,0,0,26	03:89,0,0,0	03:19,0,36,36	03:27,30,0,21	03:78,0,0,19	11:0,53,0,13	03:73,0,0,18	12:0,65,0,0	03:92,0,0,24	00:73,0,0,12	01:19,67,0,0	02:82,0,26,0	02:37,20,23,0	23:21,0,0,33	33:3,0,0,109
2_102	62	03:15,0,0,62	11:28,63,0,18	03:26,0,0,48	00:44,5,7,0	00:73,1,0,15	00:86,0,0,0	03:83,0,2,34	00:95,0,1,0	12:14,48,28,0	03:53,0,0,12	01:52,31,0,2	03:30,0,2,9	03:16,0,0,24	00:81,2,4,0	02:37,0,8,0	03:44,0,0,15	03:64,0,0,13	00:118,0,1,12	12:0,22,35,0	03:37,35,0,30	12:0,20,63,0	03:80,0,0,20	03:79,3,0,16	11:0,73,0,0	03:64,0,0,18	01:53,14,0,0	01:53,13,0,0	00:75,0,0,29	00:55,0,10,2	03:32,0,0,13	01:67,12,0,0	01:40,21,2,17	01:76,20,0,0	33:0,0,0,76	03:65,0,0,90	23:0,0,49,38	03:17,0,0,32	23:46,0,28,23	00:45,1,5,0	00:56,0,0,11	00:72,0,0,22	33:0,0,0,98	00:78,0,0,0	01:58,30,0,1	33:0,0,0,52	01:95,31,1,0	03:26,0,0,8	03:50,0,0,17	02:44,0,12,2	00:57,0,0,23	33:0,0,2,67	01:44,12,2,0	13:15,5,0,41	01:77,17,4,0	23:50,0,15,18	00:78,0,0,4	00:98,0,0,0	00:110,0,0,0	00:52,0,0,20	03:40,28,0,28	33:19,0,0,53	00:108,0,0,24	12:44,31,20,0	03:15,0,0,23	00:69,0,0,0	00:56,0,3,0	03:61,0,0,18	01:50,1,0,0	01:18,35,2,9	03:35,0,0,56	00:107,2,0,0	00:90,0,0,2	23:2,0,10,53	00:65,24,0,0	03:68,0,0,17	00:34,0,0,20	00:54,0,0,14	00:58,0,38,0	00:43,0,16,0	00:84,0,2,0	00:114,0,0,6	03:20,0,0,60	00:96,0,0,0	00:26,0,0,11	03:67,0,0,21	00:29,0,0,23	00:82,0,0,0	00:42,24,3,0	00:84,4,4,0	00:73,0,0,0	00:53,0,2,0	23:37,0,20,24	03:25,20,0,18	33:0,0,0,82	00:58,5,0,0	23:43,0,25,28	03:80,0,0,28	33:0,0,0,151	02:65,3,41,0	03:8,0,6,33	03:34,0,0,27	00:122,0,0,6	02:61,0,12,0	01:104,38,0,0	33:5,0,0,51	00:40,5,21,0	03:35,0,0,18	33:34,0,0,33	03:87,0,0,24	01:43,10,0,0	01:35,18,0,11	01:25,59,0,0	00:76,0,18,0	00:47,6,1,0	00:63,0,0,0	00:52,0,0,27	02:23,52,24,0	00:80,0,0,0	02:79,0,26,0	00:76,0,0,39	33:37,0,0,63	01:31,27,3,0	00:49,0,0,4	03:37,0,20,54	03:45,0,0,36	00:73,0,0,0	00:50,0,0,49	00:119,0,0,0	03:58,0,3,0	03:52,0,9,28	01:51,14,0,0	12:0,17,71,0	03:29,22,0,36	03:64,0,0,29	01:47,20,15,0	22:35,29,57,0	02:20,23,30,14	00:113,0,0,4	01:58,33,0,23	01:30,65,0,0	12:0,25,52,0	22:0,0,53,0	03:64,0,0,31	12:0,64,46,33	00:115,2,0,0	13:0,16,0,66	13:0,14,0,63	00:48,11,0,2	03:93,0,0,2	01:17,30,34,0	03:39,0,0,59	13:0,30,3,40	01:54,20,17,0	00:140,0,0,0	00:80,0,0,0	33:33,14,0,51	23:0,0,61,23	00:49,0,0,21	02:23,14,25,0	00:67,20,0,0	00:23,0,0,11	00:40,0,0,16	00:77,0,0,0	01:73,22,4,0	01:23,10,0,0	03:52,0,0,18	03:26,27,0,43	11:0,39,0,9	03:80,0,4,39	00:76,0,0,11	00:19,4,0,19	00:32,0,0,6	00:42,0,10,15	00:71,0,0,0	02:45,0,11,0	22:21,0,59,3	00:77,0,0,0	03:31,0,0,26	00:56,0,0,15	00:74,0,0,0	03:48,0,0,0	02:19,9,11,0	11:1,44,0,14	00:79,0,0,0	03:83,0,0,21	02:17,0,21,23	02:85,0,23,0	00:39,11,0,2	03:20,10,0,6	01:32,20,18,0	00:68,31,0,0	03:11,0,15,25	01:16,24,0,0	00:119,0,0,0	03:58,0,0,24	03:26,4,0,79	03:39,0,30,37	00:62,4,0,0	01:55,16,0,0	00:49,0,0,14	22:0,1,61,0	33:13,0,2,95	11:0,60,4,0	00:29,44,1,0	00:38,13,0,0	11:15,48,0,26	00:85,0,3,0	00:63,0,0,0	00:63,1,0,7	33:0,0,0,52	22:44,0,53,3	00:79,0,0,0	00:59,0,0,30	00:14,0,11,0	00:50,0,0,2	00:107,0,0,16	03:61,0,0,68	03:29,0,3,38	33:0,13,0,41	03:16,2,0,55	33:31,3,0,68	02:45,0,39,0	00:67,0,0,16	03:55,0,0,27	00:75,0,0,0	00:50,0,0,0	00:45,0,18,15	00:51,19,0,0	00:86,0,0,0	13:0,49,0,14	13:23,15,0,34	01:25,37,0,9	02:92,0,42,0	00:110,0,1,0	01:18,80,0,0	02:61,0,36,4	01:52,32,19,0	03:14,0,0,25	13:2,59,0,60
3_102	65	00:65,0,0,30	13:0,58,0,16	33:0,0,0,54	00:57,0,0,0	00:97,2,0,0	03:74,0,0,24	00:71,0,7,43	02:31,0,21,29	11:0,106,0,0	03:59,0,0,22	00:73,0,0,12	00:21,0,31,0	03:18,0,0,46	00:78,10,1,0	11:4,42,0,0	02:42,0,27,0	00:78,0,0,0	03:43,0,37,36	01:67,10,0,0	01:52,47,0,0	23:26,0,37,17	03:76,0,0,12	02:59,13,5,0	13:0,53,0,12	00:86,0,0,15	12:34,20,6,0	02:72,0,12,0	12:57,37,14,0	00:87,0,0,0	03:51,0,0,34	00:77,0,0,0	00:93,0,8,0	00:93,0,0,0	33:0,0,0,71	00:111,0,0,22	13:0,22,35,27	01:56,15,0,0	02:51,0,22,0	00:60,0,0,0	00:105,0,0,0	01:73,16,0,0	03:24,0,0,49	00:85,0,0,0	00:36,0,0,49	13:0,0,0,73	02:84,0,50,0	00:44,0,0,4	02:43,0,13,0	00:71,0,0,0	03:51,0,0,22	03:24,0,6,25	00:48,0,2,0	33:16,0,0,94	00:85,0,9,0	00:75,0,0,0	02:47,0,17,0	00:98,0,0,0	00:110,0,0,0	03:61,0,0,30	00:91,11,0,0	03:23,0,0,34	00:98,0,0,0	02:78,0,20,0	00:61,0,0,0	00:67,0,0,0	03:18,0,0,27	03:67,0,0,33	02:34,0,14,0	11:0,66,0,0	33:0,17,0,118	02:83,0,11,0	00:71,0,0,0	00:44,0,0,27	00:80,0,0,15	01:102,17,0,0	03:32,0,0,44	00:50,28,0,0	22:32,0,56,0	00:37,0,0,20	03:85,0,0,19	33:42,0,0,52	33:34,12,0,39	00:74,0,0,0	00:41,0,6,18	00:95,0,0,0	01:55,23,0,0	00:82,0,0,0	03:33,0,26,17	02:51,0,35,0	00:47,0,49,0	00:57,0,0,0	00:75,0,0,0	03:64,0,0,25	33:0,0,0,98	00:49,0,0,0	03:63,0,0,18	03:44,0,0,60	02:55,0,31,47	00:102,0,0,0	33:0,0,0,59	02:16,0,16,17	00:66,0,0,35	00:55,0,0,0	00:123,0,0,0	33:0,0,0,56	00:93,0,0,0	33:12,0,0,45	33:0,0,6,70	00:96,0,0,0	00:62,0,10,0	03:13,8,0,47	13:0,50,7,25	01:47,24,29,0	03:20,0,24,20	00:77,0,0,0	03:51,0,0,29	11:49,21,0,0	02:53,0,21,0	00:77,0,0,0	00:110,0,0,0	03:31,0,0,67	00:79,0,0,0	00:99,0,0,0	33:0,0,0,80	01:80,17,0,0	00:106,0,10,0	33:0,0,0,83	03:45,0,0,61	00:69,0,0,0	33:31,0,0,77	03:55,0,0,15	22:0,0,93,0	00:103,0,0,0	00:55,0,0,19	01:16,17,29,0	11:0,74,18,0	00:52,0,0,51	00:101,0,0,0	00:51,0,0,50	12:0,56,31,0	22:0,0,87,0	22:0,0,66,0	00:80,0,0,0	13:0,26,0,93	03:69,0,0,25	33:0,0,0,89	33:0,0,0,71	03:30,0,0,38	03:71,0,0,24	00:57,0,13,0	03:41,11,0,12	33:0,0,0,69	22:53,0,48,0	03:92,0,0,24	01:56,17,0,0	03:41,0,0,45	22:21,0,60,0	23:0,0,12,69	00:41,0,19,26	03:78,0,0,22	03:46,0,0,9	01:57,7,0,0	00:90,0,0,0	00:100,0,0,0	23:15,0,25,22	02:59,0,17,0	02:32,0,14,28	11:0,65,0,0	00:114,0,0,0	00:105,0,0,0	00:55,0,0,15	01:55,14,0,0	02:70,0,28,0	00:91,0,0,0	00:31,14,0,8	11:0,38,41,0	03:58,0,0,28	00:90,0,0,0	00:52,0,20,0	00:71,0,0,0	23:0,0,16,49	02:36,0,15,0	11:0,67,0,0	00:76,0,0,22	00:95,0,0,0	00:80,0,0,0	01:67,25,0,0	00:65,0,0,0	01:39,20,0,0	02:61,0,23,0	00:81,24,0,0	00:35,0,18,0	11:0,44,0,0	23:65,0,34,28	00:93,0,0,0	13:0,21,0,85	03:76,0,0,31	02:68,0,25,0	03:56,0,0,17	01:38,26,0,0	12:0,17,69,0	03:58,0,0,44	13:0,42,18,16	01:64,45,0,0	03:22,21,0,15	00:74,0,0,25	01:58,20,0,0	02:52,0,19,0	03:38,0,0,31	33:0,0,0,86	01:69,25,0,0	03:51,0,0,12	03:32,0,0,67	02:37,0,39,0	00:58,0,0,0	00:92,0,0,0	00:96,0,0,0	33:42,0,0,34	03:23,25,0,45	33:46,0,0,36	33:0,0,0,87	13:52,23,0,26	00:71,0,0,29	00:79,0,0,0	03:62,0,0,22	00:66,0,0,0	00:85,0,0,0	03:50,0,0,36	03:77,0,0,34	03:26,37,0,9	00:69,0,0,0	12:0,61,23,0	00:76,0,0,31	00:79,0,0,0	01:42,60,0,0	02:21,0,75,0	01:50,55,0,0	00:25,0,0,24	03:70,0,0,25
2_103	33	00:105,2,0,0	13:0,61,0,49	33:0,0,5,75	01:77,25,0,0	00:123,0,0,0	01:32,67,0,0	00:116,0,0,0	01:58,30,19,0	13:0,52,0,26	02:16,0,20,45	03:43,0,6,13	22:0,0,68,23	33:20,0,0,49	23:31,0,40,39	01:32,28,28,0	01:71,13,0,0	00:49,24,0,26	00:122,0,0,0	11:0,60,0,0	00:106,0,0,0	23:0,24,44,15	01:40,28,19,24	00:81,0,0,16	13:0,39,19,12	00:48,0,0,44	02:43,15,30,0	03:56,0,19,18	03:90,0,1,21	03:62,0,0,20	33:0,0,0,115	00:135,0,0,0	00:117,0,0,0	03:83,0,0,27	03:57,0,0,44	03:58,51,0,40	12:32,62,33,0	01:52,55,0,0	03:77,0,0,35	11:24,41,19,0	03:47,0,23,26	00:35,22,0,20	23:0,0,32,70	03:44,0,0,44	03:57,0,0,14	33:51,0,0,43	02:35,0,95,0	23:15,0,10,33	03:58,0,0,21	03:67,0,0,10	00:108,0,0,0	23:0,0,14,65	03:57,0,0,20	03:54,0,0,49	00:102,0,21,0	00:58,30,0,0	03:57,0,0,21	02:86,0,20,0	01:98,23,0,0	01:58,16,0,0	02:40,0,89,0	33:0,0,0,107	03:61,25,0,32	00:47,18,16,0	00:77,0,0,0	00:46,0,0,0	02:40,0,21,12	00:57,0,2,15	13:30,17,0,21	00:41,53,0,0	00:94,0,0,20	00:106,0,0,0	03:66,0,0,34	02:52,0,15,25	00:85,25,0,0	00:66,0,0,37	00:100,0,0,0	00:87,0,0,0	03:54,0,22,13	02:76,0,18,0	02:39,38,35,0	33:40,40,0,67	03:55,0,0,52	00:102,0,0,0	00:92,0,0,0	00:76,0,23,0	03:46,30,0,15	00:67,0,0,17	01:72,25,0,0	00:64,0,17,0	00:66,0,27,0	02:38,0,15,0	00:54,0,0,24	01:100,39,0,0	33:0,0,0,90	00:68,0,0,0	00:102,0,0,0	00:111,0,0,0	33:36,0,49,52	00:88,0,0,0	33:21,0,0,68	03:43,0,0,12	03:101,0,0,27	00:79,0,12,0	00:83,0,0,23	33:0,0,23,71	02:74,0,21,0	00:76,0,0,17	03:23,0,0,54	00:125,0,0,0	00:85,0,0,0	00:104,0,0,0	01:31,63,0,27	00:86,27,0,0	01:64,13,0,0	00:80,0,0,0	03:72,0,0,18	01:39,70,0,0	00:88,0,0,0	00:105,0,0,0	03:92,0,0,38	00:56,0,0,34	01:74,28,0,0	00:94,0,0,0	03:34,0,0,59	00:109,0,0,0	00:96,0,0,0	33:0,0,0,96	00:62,0,24,0	02:46,0,17,0	00:91,0,0,31	00:84,0,0,22	11:0,48,58,0	00:121,0,0,0	00:118,0,0,0	01:61,26,0,0	02:38,42,39,0	00:107,1,0,0	02:95,0,43,0	03:89,0,0,39	22:0,0,96,0	23:0,0,48,31	22:0,0,91,0	00:74,0,0,0	33:0,49,0,85	01:30,36,0,36	33:0,0,0,94	03:31,0,0,41	02:67,0,44,0	00:129,0,0,0	12:27,28,33,0	00:70,0,0,39	33:0,0,0,103	00:61,0,40,0	01:43,48,0,46	02:27,25,23,0	03:21,0,0,74	33:0,0,32,54	03:28,0,34,44	00:101,0,0,0	00:65,0,0,38	00:57,0,2,35	00:63,33,0,0	00:48,0,0,0	01:75,33,0,0	01:11,22,28,0	33:0,0,24,61	00:88,0,38,0	11:0,80,0,0	03:91,0,0,33	00:102,0,0,0	03:53,0,0,38	00:48,25,0,0	00:110,0,0,0	03:72,0,0,36	NA:52,0,11,0	22:0,30,56,0	00:106,0,0,0	00:96,0,0,0	00:99,0,0,0	00:75,0,0,0	03:30,0,0,69	02:47,0,52,0	11:0,78,0,0	03:59,0,0,40	00:109,0,0,0	02:69,0,19,0	00:84,0,0,0	00:61,0,0,0	03:48,0,0,13	00:65,0,24,0	00:124,0,0,0	03:53,0,0,20	11:0,59,0,0	00:69,0,56,0	00:37,0,0,0	33:0,32,0,96	03:46,0,0,76	00:94,0,0,0	01:36,30,0,26	00:53,39,0,0	22:0,31,68,0	33:0,0,0,127	11:0,103,0,0	00:85,14,0,0	00:42,14,0,25	01:72,29,0,0	00:101,0,0,0	00:56,0,33,0	00:95,0,0,14	33:0,0,0,100	02:27,38,29,0	00:72,0,0,34	03:63,0,0,15	02:70,0,40,0	00:66,0,8,0	00:139,0,0,0	00:98,0,0,0	00:56,0,0,30	33:30,0,0,41	00:65,0,0,46	33:0,0,0,123	00:71,52,0,0	00:112,0,0,0	00:149,0,0,0	00:68,0,0,38	00:93,0,0,0	00:90,0,0,0	00:81,0,0,0	00:104,0,0,0	11:0,60,0,24	01:23,64,0,0	11:0,57,0,0	00:89,0,0,32	00:76,45,0,0	00:60,0,0,41	00:111,0,0,0	00:116,0,0,0	03:20,0,0,52	33:0,0,0,133
1_105	11	00:54,0,0,6	13:0,68,0,12	33:0,0,0,52	00:57,0,0,0	01:64,16,0,0	00:45,31,0,0	02:41,0,15,7	02:49,0,24,10	01:20,36,0,0	03:28,0,0,35	03:38,0,0,13	02:8,0,12,16	33:16,0,0,20	01:54,14,0,0	01:9,13,16,0	00:45,0,0,0	00:42,0,0,19	00:75,0,9,0	01:33,27,0,0	00:66,0,0,0	22:10,16,29,0	00:52,0,0,18	01:18,8,0,19	11:0,29,0,0	03:31,0,0,40	00:66,0,0,0	00:60,0,0,0	00:61,0,0,0	00:53,0,0,0	03:24,0,0,42	00:56,0,0,0	02:43,0,13,0	00:73,0,0,0	33:19,0,0,43	03:44,33,0,22	23:0,13,33,17	01:23,34,0,0	02:45,0,18,0	00:36,0,0,0	00:68,0,0,0	00:49,0,0,26	13:0,8,0,63	00:52,0,0,16	03:30,0,0,14	33:12,0,0,29	02:42,0,59,0	03:14,0,0,29	00:36,0,0,0	03:35,0,0,0	00:51,0,0,0	23:0,0,10,39	02:30,0,8,0	03:53,0,0,27	02:47,0,41,0	00:64,0,0,0	00:65,0,0,0	01:71,14,0,0	02:76,0,16,0	00:67,0,0,0	01:38,11,29,0	33:0,0,0,56	00:85,0,0,0	00:39,26,0,0	00:50,0,0,0	00:51,0,0,0	00:10,0,0,20	00:29,0,0,28	13:13,11,0,12	02:10,21,12,0	33:31,0,0,58	00:106,0,0,0	00:88,0,0,0	00:34,0,0,6	02:93,0,0,0	00:28,0,0,27	00:48,0,0,0	00:67,15,0,0	02:43,0,38,0	03:43,0,0,21	01:16,37,0,0	33:43,0,0,40	33:30,0,0,36	00:52,0,0,0	00:35,0,0,2	00:44,0,29,0	00:53,0,0,0	00:70,0,0,0	00:20,0,30,0	03:32,0,0,12	03:14,0,27,19	03:47,0,0,15	00:61,0,0,0	03:57,0,0,0	23:0,0,25,64	00:56,0,0,0	03:53,0,0,23	00:48,0,0,38	33:0,0,0,127	00:66,0,0,0	00:16,0,0,17	00:27,0,0,28	03:38,0,0,53	01:52,8,0,0	00:91,0,0,0	03:9,0,0,33	02:55,0,12,0	03:17,0,0,21	03:22,0,0,37	23:38,0,31,9	03:45,0,0,16	00:32,0,0,32	11:0,51,0,0	00:36,0,28,0	23:0,0,53,5	00:50,0,0,0	03:17,0,0,23	11:39,49,0,0	02:33,0,6,0	03:73,0,0,0	00:109,0,0,0	33:0,0,0,67	01:38,28,0,0	00:72,0,0,0	23:0,0,26,40	00:69,0,0,0	01:57,30,0,0	13:0,40,0,37	02:6,0,39,33	00:35,0,0,0	03:72,0,0,9	03:32,0,0,32	11:0,36,40,0	02:51,0,2,21	00:84,0,0,0	03:47,0,0,7	12:0,61,0,20	00:45,0,23,0	01:86,0,0,0	03:46,0,0,43	12:0,49,41,0	22:0,0,83,0	22:0,0,42,0	00:37,20,0,0	13:0,48,0,59	23:36,0,12,40	33:0,0,0,74	03:13,0,0,46	00:50,0,0,19	00:80,0,0,0	02:30,0,30,0	03:15,0,0,59	03:13,0,0,45	22:11,0,51,0	03:18,0,0,77	01:29,23,0,0	03:16,0,25,35	22:0,0,61,1	33:0,0,17,37	03:71,0,0,0	00:31,0,19,17	00:32,0,1,10	00:38,8,0,0	03:44,0,0,8	00:54,0,0,18	00:42,0,11,0	00:50,0,12,0	03:18,0,10,38	01:13,37,0,0	00:76,0,20,0	00:47,0,0,0	02:28,9,13,0	33:15,0,0,28	03:31,0,0,19	01:57,0,0,0	33:18,0,0,22	12:0,17,50,0	11:15,34,18,0	23:0,0,14,48	03:34,0,0,24	00:44,0,0,13	13:15,16,0,29	12:13,12,30,0	01:7,40,0,0	00:66,0,0,0	00:37,17,0,13	00:52,0,20,0	00:50,0,21,0	00:35,0,0,0	02:48,0,3,0	00:64,18,0,0	00:52,17,0,0	00:31,0,14,0	11:5,36,0,0	00:81,0,0,0	03:32,0,0,25	13:0,20,0,48	03:36,0,0,34	02:73,0,0,0	03:46,0,0,0	00:29,16,0,0	02:21,0,37,0	03:55,0,0,29	13:0,24,13,16	01:13,64,0,0	03:40,0,0,12	00:52,0,0,16	00:61,0,0,0	00:57,0,0,0	03:67,0,0,6	03:14,0,0,32	00:80,0,0,0	00:52,0,0,0	03:31,0,0,34	00:42,0,0,0	00:43,1,0,0	03:75,0,0,11	00:44,0,0,21	00:42,0,0,10	33:0,0,0,47	00:58,0,0,17	33:0,0,0,63	00:54,0,13,0	03:52,0,0,18	03:0,0,0,82	03:76,0,0,17	02:16,0,10,16	00:61,14,0,0	00:58,0,0,0	00:63,0,0,0	11:16,15,0,5	01:57,13,0,0	02:12,29,17,0	23:64,0,30,0	03:43,0,0,25	11:0,57,0,0	02:43,0,30,16	13:33,9,0,38	03:18,0,0,19	03:26,0,0,68
2_105	49	03:82,0,0,9	01:36,48,0,19	03:39,0,0,35	00:65,0,0,0	00:102,24,0,0	02:68,0,17,0	03:53,0,0,35	00:101,0,0,0	01:16,43,15,0	00:76,0,0,0	00:55,0,0,19	02:55,0,2,0	03:29,0,0,38	00:64,0,0,0	00:44,24,0,2	03:55,0,0,11	00:88,0,4,0	03:82,0,0,22	02:57,13,11,0	00:66,0,0,13	22:30,0,41,0	00:104,0,0,0	00:67,0,0,0	12:0,44,16,0	01:71,22,0,0	00:72,6,0,0	00:58,0,0,0	00:80,0,0,0	03:55,0,0,23	00:56,0,0,3	03:43,0,0,31	00:80,0,20,0	03:57,0,7,27	33:0,0,0,74	03:47,0,24,57	22:0,0,85,0	00:66,0,0,20	02:59,0,26,0	00:82,0,0,0	03:32,0,0,50	00:80,0,0,0	03:20,21,0,50	01:56,16,0,0	01:55,29,0,0	33:0,0,0,64	00:89,0,1,0	01:42,22,0,17	00:79,0,0,0	00:53,15,0,0	03:41,0,0,22	33:0,0,0,58	00:74,0,0,0	33:28,0,0,57	00:52,0,28,4	00:61,0,0,25	00:67,0,11,0	02:65,0,15,0	01:77,17,0,0	00:73,0,0,23	00:103,0,0,0	33:25,0,0,58	01:96,29,0,0	01:95,0,0,5	01:30,28,0,21	00:67,0,0,0	00:51,0,0,0	03:61,0,0,45	03:29,0,0,25	11:0,92,0,0	00:60,0,21,30	03:87,0,0,21	03:71,0,0,0	00:71,0,0,3	11:41,93,0,0	03:52,0,0,13	02:69,0,24,0	00:100,0,0,0	02:44,0,52,0	00:64,0,21,0	12:25,45,28,0	03:52,0,0,52	03:24,0,0,55	00:73,6,0,0	33:51,0,0,14	00:70,0,0,14	00:60,0,0,23	00:59,21,0,0	00:73,0,0,0	00:56,0,22,16	00:76,0,0,0	02:15,0,54,0	03:51,0,20,31	00:87,0,0,2	33:0,0,0,105	00:63,0,0,0	02:22,0,27,25	00:81,0,0,0	23:5,0,17,103	00:84,0,2,0	13:2,38,0,31	03:19,16,0,23	13:32,37,0,49	00:64,11,0,0	03:27,0,0,61	33:11,0,13,50	00:52,0,15,13	03:18,0,9,18	23:0,0,26,67	23:28,0,26,38	00:57,0,0,22	03:32,0,1,41	11:18,79,4,0	22:13,0,42,24	01:45,18,0,0	00:67,0,23,0	02:26,0,10,9	01:52,40,0,0	01:53,23,0,0	00:77,0,17,0	00:76,0,27,18	33:19,0,0,59	00:83,0,0,0	01:47,20,0,0	33:39,0,0,39	01:46,39,0,0	02:58,0,44,0	33:54,0,0,27	00:88,0,0,0	01:47,15,0,1	03:66,0,16,2	00:76,0,0,0	22:0,0,84,0	23:7,47,32,37	02:46,0,30,22	02:40,0,20,0	12:2,16,65,0	03:27,29,0,24	00:93,0,0,0	00:80,0,0,29	22:0,1,68,11	22:0,0,105,0	12:0,25,47,0	00:74,0,0,5	33:0,6,0,97	02:47,0,45,0	03:20,0,0,66	23:13,0,24,40	00:45,5,0,20	02:58,0,47,0	02:29,14,45,0	00:45,0,26,21	13:0,19,0,62	22:5,0,77,0	03:48,0,0,35	01:57,22,0,0	03:79,0,0,39	12:13,0,49,0	23:0,0,27,64	02:35,0,16,33	00:37,0,0,59	03:35,0,1,28	01:41,16,0,21	00:74,0,0,0	00:89,0,0,0	02:46,0,17,0	23:20,0,27,30	11:0,51,16,23	11:0,63,0,0	00:104,0,0,0	00:75,0,0,0	01:80,19,0,0	01:26,21,13,0	03:64,0,0,17	00:79,0,0,0	00:56,0,0,0	12:0,26,80,0	00:74,0,0,7	03:42,0,0,32	01:63,18,0,0	00:76,0,0,0	13:3,23,0,61	02:52,0,21,0	11:0,47,34,0	00:81,0,0,0	00:83,0,17,0	03:39,0,3,31	00:69,0,0,0	00:66,0,0,13	00:74,0,0,5	00:62,0,15,0	00:47,0,20,15	00:62,0,14,1	11:0,59,0,0	02:62,0,20,11	00:72,0,0,0	13:18,18,30,37	33:41,0,0,43	03:70,0,0,0	03:22,0,13,32	00:59,0,0,21	00:42,0,23,0	03:123,0,0,0	11:0,67,19,0	03:75,5,0,31	03:31,0,11,37	00:64,0,23,0	01:50,18,0,0	00:77,0,0,0	03:60,0,0,32	03:19,1,0,49	00:78,20,0,0	02:78,0,0,24	03:62,0,4,20	00:59,0,15,0	00:50,0,14,0	00:66,0,0,18	02:82,0,17,0	03:43,0,20,11	03:90,0,0,24	33:15,0,0,83	33:0,0,0,87	01:43,16,16,0	02:57,0,20,0	00:65,0,27,5	03:81,0,0,23	03:39,0,0,25	00:96,0,0,0	03:33,0,0,38	02:59,0,34,0	03:47,0,0,30	13:13,40,0,18	13:0,52,0,19	03:76,0,0,58	01:58,16,0,29	03:28,11,0,25	00:86,0,0,0	01:78,35,0,0	03:23,0,0,33	03:22,0,0,74
4_105	53	00:130,0,0,0	33:0,33,0,74	33:17,0,0,71	01:79,35,0,0	00:161,0,0,0	00:93,35,0,0	00:133,0,0,0	00:118,0,0,0	11:0,133,0,0	00:84,0,0,35	00:124,0,0,0	NA:22,0,52,30	33:58,0,0,42	02:86,0,30,0	01:44,21,28,0	00:49,0,22,13	00:97,0,0,30	03:129,0,0,40	01:58,50,0,0	11:62,34,25,0	22:0,51,61,0	00:106,0,0,24	00:103,0,0,24	11:0,92,0,0	00:91,0,0,34	00:64,23,0,0	00:92,0,0,0	13:92,34,0,51	03:112,0,0,38	33:23,0,0,90	00:141,0,0,0	00:119,0,0,0	03:76,0,28,27	33:26,0,0,72	00:90,59,46,0	12:0,68,65,0	00:56,29,0,27	00:106,0,0,0	01:104,35,0,0	00:109,0,0,33	00:53,0,0,50	00:32,0,0,97	00:111,0,0,27	00:114,0,0,0	33:38,0,0,71	00:106,0,41,0	03:54,0,0,56	23:55,0,23,34	03:81,0,0,21	03:86,0,0,21	03:24,0,0,49	00:86,1,0,0	33:46,0,0,101	00:148,0,0,0	00:115,0,0,0	23:30,28,27,23	00:123,0,0,0	00:133,0,0,0	00:112,0,0,35	00:98,0,43,0	03:36,0,0,71	00:100,0,38,0	00:69,36,0,0	00:80,0,0,0	00:68,27,0,0	02:42,0,24,21	03:32,19,0,57	11:26,25,21,0	11:26,71,0,0	33:124,0,0,31	00:130,0,0,0	03:74,0,0,22	00:106,0,0,0	00:166,0,0,0	00:126,0,0,36	33:96,0,0,25	00:141,0,0,0	22:73,0,76,0	NA:91,0,0,21	00:59,41,47,0	33:75,0,0,86	33:26,0,0,73	00:121,0,0,0	00:114,0,0,0	00:94,0,28,0	00:118,0,0,0	00:103,0,0,48	03:85,0,0,24	00:119,0,25,0	00:67,0,55,41	02:67,0,23,0	00:56,0,0,70	03:103,0,0,40	33:0,0,0,147	00:85,0,0,0	03:93,0,0,49	03:93,0,0,43	22:38,0,93,39	NA:132,0,0,0	03:26,0,0,79	00:69,0,24,0	00:123,0,0,41	22:61,28,15,0	03:68,0,0,60	23:34,0,26,47	00:72,0,33,34	00:13,0,0,88	33:34,0,0,106	00:121,0,0,44	00:87,26,0,0	33:79,0,0,27	11:0,112,0,0	NA:145,0,0,0	03:49,0,17,28	00:44,0,59,0	03:48,0,0,57	11:37,110,0,0	NA:82,0,29,0	00:131,0,0,0	00:186,0,0,0	03:25,0,43,64	00:165,0,0,0	00:103,0,0,0	33:0,0,1,126	00:126,0,0,0	00:93,42,0,0	33:0,0,0,112	00:100,0,35,0	02:78,0,31,0	33:83,0,0,34	03:106,0,0,30	12:0,35,91,0	00:179,0,0,0	00:141,0,0,0	01:42,58,0,21	22:0,0,154,0	00:113,0,0,0	00:149,0,0,0	NA:143,0,0,0	12:0,103,41,0	22:0,0,106,30	22:0,19,80,0	03:46,0,0,60	11:0,99,0,67	01:104,37,0,0	33:0,0,0,110	00:46,73,0,0	00:95,14,1,0	00:151,0,0,0	02:93,0,52,0	00:162,0,0,0	33:0,0,0,121	NA:33,89,0,0	00:174,0,0,0	02:94,0,31,0	33:0,0,0,143	33:0,0,64,20	03:73,0,0,27	00:120,0,0,0	00:140,0,0,0	NA:137,0,0,0	00:108,0,0,0	00:115,0,0,0	01:58,80,0,0	NA:48,62,0,0	33:0,0,0,128	00:112,0,0,0	NA:0,88,0,0	00:67,0,0,96	00:123,0,0,0	00:81,0,1,59	00:104,0,0,0	00:141,0,0,0	03:85,0,0,57	22:39,0,65,0	22:0,0,134,0	00:141,0,0,0	NA:130,0,0,0	00:141,0,0,0	00:130,0,0,0	03:84,0,0,43	02:47,0,46,0	11:0,123,0,0	00:74,0,0,48	00:126,0,0,0	02:38,0,75,0	00:140,0,0,0	00:99,0,0,0	03:38,0,0,59	00:127,0,0,0	00:144,0,0,0	03:35,0,0,65	11:0,97,0,0	00:136,0,0,0	01:70,28,0,0	33:0,0,1,144	33:55,0,0,102	00:125,0,0,0	01:40,55,0,0	00:94,0,0,0	22:0,0,132,0	33:0,0,1,138	11:0,135,0,0	00:155,0,0,0	00:83,0,0,0	11:44,77,0,0	00:116,0,0,0	00:115,0,0,0	00:111,0,0,0	33:0,0,0,125	02:52,0,71,0	00:176,0,0,0	00:88,0,0,46	02:43,0,44,0	00:113,0,0,0	00:178,0,0,0	00:156,0,0,0	00:89,0,0,0	NA:0,38,0,76	02:73,0,34,0	33:43,0,0,89	00:156,0,0,0	00:125,0,0,0	00:144,0,0,0	00:152,0,0,0	01:76,36,0,0	00:147,0,0,0	00:123,0,0,0	00:171,0,0,0	11:0,127,0,0	11:81,32,0,0	11:0,99,0,0	00:144,0,0,0	00:135,0,0,0	01:43,96,0,0	22:103,0,43,0	00:159,0,0,0	33:0,0,0,105	03:47,0,0,114
4_106	12	33:28,0,0,60	13:0,33,0,41	33:0,0,0,66	02:57,0,31,0	03:84,0,0,31	00:103,0,0,0	00:104,0,0,0	00:110,0,0,0	01:16,49,0,0	00:75,0,0,0	00:65,0,0,0	02:62,0,12,0	00:56,0,0,25	00:77,0,0,0	03:37,20,0,17	00:59,0,20,0	00:104,0,0,0	03:16,0,0,96	12:48,8,25,0	00:70,34,0,0	22:0,0,106,0	00:97,0,0,0	00:107,0,0,0	11:0,48,0,0	00:111,0,0,0	00:56,27,0,0	00:81,0,0,0	00:71,55,0,0	02:37,0,36,0	03:90,0,0,16	00:107,0,0,0	00:121,0,0,0	02:70,0,15,0	33:0,0,0,71	03:142,0,0,19	22:0,27,43,0	00:90,0,0,0	00:100,0,0,0	22:30,0,46,0	00:105,0,0,0	03:65,0,0,51	33:28,0,0,41	00:97,0,0,0	01:76,23,0,0	33:0,0,0,81	00:117,0,0,0	00:81,0,0,0	00:48,0,25,0	00:74,0,0,0	00:63,0,0,29	33:28,0,0,33	01:43,41,0,0	03:62,0,0,67	00:110,0,0,0	00:76,0,0,0	01:49,9,30,0	00:85,0,0,0	00:104,0,0,0	00:66,0,0,38	02:125,0,0,0	33:41,0,0,56	23:44,0,27,46	00:98,0,0,0	00:81,0,0,0	01:64,6,0,0	00:57,0,0,0	01:35,12,0,35	00:48,0,35,0	13:0,31,0,42	00:69,0,0,39	00:118,0,0,0	00:97,0,0,0	03:40,0,0,27	00:105,0,0,0	00:90,0,0,0	03:28,0,0,66	00:89,0,0,0	02:17,0,87,0	03:69,0,0,16	00:134,0,0,0	00:94,0,0,43	33:0,0,0,120	00:99,0,0,0	00:84,0,0,0	00:93,0,0,0	00:51,40,0,0	00:105,0,0,0	01:43,45,0,0	12:0,29,56,0	03:63,0,0,11	00:81,0,0,0	03:79,0,0,5	03:75,0,0,26	33:0,0,0,116	00:66,0,0,0	00:110,0,0,0	00:86,0,0,0	03:62,0,0,61	00:115,0,0,0	23:0,0,27,66	03:64,2,0,4	00:102,0,0,0	01:71,31,9,0	00:97,0,0,0	33:0,0,0,66	13:42,21,0,20	33:5,0,0,79	00:37,0,0,43	03:89,0,0,25	00:86,0,0,0	03:38,7,0,17	01:0,53,0,34	03:51,41,0,15	00:61,0,9,0	03:63,0,0,20	02:72,0,20,9	00:61,0,0,0	00:77,0,0,0	00:120,0,0,0	03:72,0,0,34	13:13,40,0,59	02:98,0,12,0	23:45,0,51,9	33:0,0,0,121	03:72,0,0,42	01:64,35,0,0	13:0,0,0,94	01:64,39,0,0	03:51,0,9,27	03:72,0,0,62	00:50,0,0,37	22:0,0,79,0	03:96,0,0,34	03:80,0,0,33	03:25,39,0,9	23:0,21,56,12	12:55,15,25,0	03:104,0,0,19	13:54,28,0,23	02:37,47,21,0	13:0,38,57,16	22:0,0,95,0	00:70,0,0,17	02:12,33,41,29	00:110,0,0,0	11:0,40,0,56	33:0,29,0,71	00:72,0,0,31	00:71,0,0,18	01:76,33,0,0	00:102,0,0,0	13:0,27,0,61	02:32,23,39,0	02:90,0,12,0	02:78,0,11,0	00:91,0,0,25	12:0,10,82,0	03:50,0,0,32	02:89,0,0,0	13:46,34,0,11	00:71,0,0,0	02:68,0,9,0	02:79,0,27,0	01:66,24,0,0	02:24,10,12,22	03:39,0,0,47	03:32,0,0,51	11:1,84,0,0	00:64,0,31,29	00:95,0,0,0	33:19,26,0,42	00:77,0,0,0	00:64,0,0,17	00:107,0,0,0	03:34,0,8,7	22:0,0,104,0	13:46,29,0,24	33:16,0,0,66	03:85,0,0,25	03:53,0,0,10	03:58,0,0,26	23:43,0,23,18	12:0,50,22,0	03:72,0,0,26	00:45,0,0,46	00:85,0,0,0	00:37,0,38,0	00:91,0,0,0	01:70,27,0,0	00:63,23,0,0	02:60,0,16,25	00:70,0,0,0	13:14,31,0,25	00:99,0,0,0	00:56,0,0,14	33:31,0,0,63	03:92,0,0,33	00:98,0,0,0	01:65,26,0,0	02:56,0,25,0	22:0,0,82,0	33:0,0,0,100	11:0,108,0,0	01:41,41,0,0	03:67,0,0,16	00:72,22,0,0	03:60,0,0,23	00:94,0,0,0	03:26,0,0,65	03:24,0,0,66	00:77,0,26,0	00:70,0,0,25	00:43,18,0,0	00:43,0,38,0	01:53,19,0,0	00:137,0,0,0	33:72,2,0,37	00:80,0,0,0	33:0,0,0,60	03:80,0,0,20	03:46,0,0,74	00:90,0,0,0	02:61,0,18,0	03:92,0,0,19	00:127,0,0,0	13:45,32,0,14	03:34,0,24,18	00:66,17,0,0	00:116,0,0,0	13:0,61,0,34	00:70,20,0,0	12:0,60,13,0	02:115,0,31,0	02:75,0,29,0	23:33,30,24,33	00:125,0,0,0	00:99,0,0,0	03:80,0,0,0	33:0,0,0,126
3_107	23	33:0,0,0,76	03:25,9,0,38	33:0,0,0,48	01:24,8,22,0	00:39,0,0,36	00:44,0,0,0	00:94,0,0,0	01:57,20,0,0	11:18,32,0,0	03:34,0,0,8	00:57,0,0,0	01:37,9,0,0	03:33,0,0,5	00:73,0,0,0	01:38,16,0,0	00:61,0,0,0	00:56,0,0,0	00:67,0,13,28	11:13,25,28,0	03:49,0,0,13	02:19,0,48,0	01:54,14,0,0	00:58,0,0,0	13:0,30,0,8	00:59,0,0,0	02:27,12,12,0	03:43,0,0,9	01:23,43,0,18	00:29,0,0,24	33:12,0,0,58	00:62,0,0,12	01:59,18,0,0	00:54,0,0,33	13:0,19,0,51	33:51,0,0,75	22:0,0,77,14	NA:42,15,0,0	12:49,22,28,0	00:15,6,2,0	03:23,0,0,16	02:43,0,18,0	03:17,0,0,47	13:34,20,0,16	03:27,0,0,13	33:0,0,0,49	01:62,14,0,0	03:14,0,0,28	01:10,14,0,5	00:37,0,0,9	00:104,0,0,0	33:0,0,0,43	03:27,7,0,12	33:0,0,0,95	03:55,0,0,5	00:60,0,0,0	02:16,0,13,18	03:58,0,0,12	03:64,0,0,14	12:31,10,10,0	01:84,26,0,0	33:0,0,0,64	00:94,0,0,0	00:87,16,0,0	00:34,0,0,1	03:24,0,0,12	00:31,0,12,0	03:17,0,0,17	00:23,11,0,5	11:17,39,0,0	00:79,0,0,8	33:33,0,0,29	00:63,0,0,20	00:31,0,0,4	03:29,9,0,11	02:43,0,19,0	00:60,0,0,0	03:44,0,0,15	02:51,0,23,0	00:67,0,0,0	12:0,17,65,0	00:67,0,0,37	00:32,0,0,14	11:42,13,0,12	03:41,0,0,11	13:43,18,0,13	03:27,7,0,10	01:53,17,0,10	03:37,0,0,12	03:31,0,12,19	00:84,0,0,0	00:11,0,9,0	00:64,0,0,0	00:82,12,0,0	03:19,0,0,46	00:51,0,0,9	03:43,0,0,20	03:58,0,0,19	23:0,0,35,67	00:48,0,6,0	02:34,0,10,30	00:45,0,0,0	00:47,0,0,30	00:61,0,0,0	00:87,0,0,0	33:0,0,0,55	01:54,17,0,0	13:27,14,0,8	03:10,0,0,43	02:48,0,23,0	02:35,0,18,0	13:24,14,0,20	02:47,19,17,0	00:78,0,12,0	22:25,0,32,0	00:57,0,0,0	03:52,0,0,11	00:88,0,0,0	00:37,0,0,8	00:89,0,0,0	00:101,0,0,0	03:51,0,0,55	00:77,0,0,0	00:53,0,0,5	33:8,0,0,75	00:88,0,0,0	02:55,12,10,0	33:0,0,0,75	03:31,0,0,15	00:25,0,12,4	33:73,0,0,29	00:46,0,0,5	22:0,9,61,0	03:46,0,0,39	00:72,0,0,0	23:43,0,24,13	11:0,29,51,0	01:66,24,0,0	03:76,0,0,36	03:51,0,0,51	13:0,37,22,16	12:0,14,41,13	22:0,0,59,0	03:35,0,0,8	33:0,0,32,70	00:72,15,0,0	33:22,0,0,64	33:21,0,0,47	03:47,0,0,16	03:31,21,0,21	00:50,0,10,0	01:74,18,0,0	33:0,0,0,51	00:38,0,22,0	03:97,0,0,25	00:30,11,7,0	01:53,18,0,22	22:0,0,63,15	33:27,0,0,61	00:67,0,0,0	03:16,0,0,39	01:48,19,0,0	00:60,0,0,0	00:31,0,0,0	02:70,0,26,0	00:48,0,0,0	03:48,0,0,29	00:62,0,0,18	11:0,67,0,0	00:77,0,0,0	03:50,0,0,13	02:23,0,22,34	23:18,0,15,15	03:59,0,0,16	00:83,0,0,0	00:31,0,9,0	02:22,0,42,0	03:43,27,0,12	33:0,0,0,65	03:52,0,0,12	01:34,12,0,0	33:0,0,0,84	02:50,0,9,0	11:0,11,0,24	01:73,22,0,0	00:88,0,0,0	00:63,0,0,0	00:34,11,0,0	00:41,0,0,0	00:42,0,0,0	00:43,14,0,0	00:65,0,0,22	00:16,0,0,0	11:0,23,0,6	00:64,0,0,0	00:12,3,0,0	33:0,0,15,54	01:66,19,0,0	11:28,58,0,0	01:22,25,20,0	00:45,0,20,0	02:54,0,33,0	03:32,0,0,78	00:38,43,0,0	01:46,30,0,0	13:32,8,0,20	00:47,0,0,17	00:34,0,0,8	00:49,0,0,0	03:22,0,0,33	33:16,0,0,31	00:59,0,0,0	00:72,0,0,0	33:0,0,0,35	00:33,0,7,0	02:31,15,3,0	00:103,0,0,0	00:61,0,0,21	00:61,0,0,5	03:22,0,0,14	00:61,0,0,13	33:35,0,0,77	00:74,0,0,0	01:31,20,0,17	03:35,0,0,14	00:60,0,0,0	03:63,0,0,14	02:30,0,20,0	22:0,17,24,7	00:62,0,0,0	13:0,40,0,12	02:52,0,28,0	11:8,24,0,0	12:46,27,20,0	02:79,0,24,0	02:14,35,15,0	02:57,0,25,0	01:47,24,0,0	33:14,0,0,29	01:40,21,0,22
4_107	41	33:48,0,0,60	23:0,25,23,51	03:16,0,0,71	02:52,0,19,0	00:113,0,0,0	00:40,43,0,0	03:80,0,0,31	00:108,0,0,0	13:0,69,0,25	00:34,0,23,16	00:70,0,3,0	00:38,0,12,10	33:13,0,0,56	00:51,20,0,0	03:49,0,22,28	00:81,0,0,0	00:73,0,0,20	02:106,0,19,0	03:19,38,0,14	00:90,0,0,0	22:0,17,80,0	00:92,0,0,17	02:21,0,31,13	11:0,63,0,0	00:75,0,0,27	01:32,14,27,0	00:57,0,0,15	00:105,0,0,0	02:57,0,19,0	00:58,0,0,43	00:85,0,0,0	00:107,0,0,0	03:79,0,0,19	33:19,0,0,52	03:30,43,0,69	22:38,24,57,0	00:50,19,0,20	02:46,0,26,29	02:59,0,32,0	00:83,0,0,21	03:22,23,0,60	33:0,0,0,75	00:74,0,0,12	00:103,0,0,0	33:39,0,0,39	00:48,0,64,0	00:69,0,0,20	00:68,0,0,0	03:66,0,0,23	00:91,0,0,0	33:0,0,0,62	01:52,25,0,0	03:46,0,0,56	00:87,0,38,0	00:75,0,0,0	00:78,0,0,0	00:78,0,0,0	00:89,0,0,0	00:110,0,0,0	00:31,31,18,0	33:0,0,0,100	03:82,0,0,42	00:71,20,0,0	00:69,0,0,0	00:95,0,0,0	03:21,21,0,29	01:34,40,0,22	00:61,0,0,0	13:0,38,0,43	00:96,0,0,0	00:111,0,0,23	00:87,0,0,0	13:31,17,0,35	02:95,0,3,0	03:46,0,0,35	00:32,27,0,18	03:69,0,0,13	22:0,0,88,0	02:75,0,11,0	00:66,24,0,0	00:90,0,0,24	33:57,0,0,48	00:100,0,0,0	03:44,0,0,30	00:69,0,23,0	00:73,0,0,0	00:74,0,0,29	01:64,36,0,0	01:43,37,31,0	00:55,0,20,0	00:51,0,0,26	00:52,25,0,26	03:64,0,0,31	03:21,0,0,83	01:36,12,0,15	00:81,0,0,23	00:115,0,0,0	23:0,0,45,81	00:95,0,0,0	23:42,0,22,16	03:57,0,0,18	00:112,0,0,0	00:37,17,19,0	03:54,0,0,49	33:0,0,18,61	01:79,21,0,0	03:49,0,0,29	00:33,0,0,43	00:60,0,21,0	00:70,0,0,0	03:56,0,0,26	11:0,67,27,0	03:46,0,24,24	02:35,0,44,0	00:60,0,0,17	33:18,0,0,51	00:55,51,0,0	01:78,35,0,0	00:64,28,0,0	02:97,0,35,0	23:39,0,23,27	12:52,29,20,0	03:69,0,0,19	33:0,0,0,78	00:120,0,0,0	02:66,0,35,0	33:0,0,0,94	00:62,0,24,0	00:48,0,0,27	00:64,0,0,28	00:76,0,0,0	12:0,26,50,0	02:96,0,30,0	00:103,0,0,0	01:64,25,0,0	13:0,16,55,28	03:41,0,0,52	00:66,0,0,26	03:26,0,0,72	12:0,34,46,0	22:0,0,102,0	02:31,0,45,0	00:84,0,0,0	13:0,22,0,79	00:98,0,0,0	33:0,0,0,92	03:42,0,0,42	00:84,0,22,0	00:75,13,0,0	02:45,29,25,0	03:31,0,0,63	33:0,0,0,99	00:76,0,35,0	00:117,0,0,0	00:119,0,0,0	03:35,0,0,58	22:0,0,53,34	33:0,0,0,69	01:29,13,26,31	03:66,0,0,26	00:50,0,27,0	00:90,0,0,0	00:98,0,0,0	00:78,0,20,0	00:66,0,0,0	00:92,0,0,0	33:51,0,0,47	11:0,76,0,0	00:101,0,0,0	00:106,0,0,0	03:13,0,0,73	00:61,0,0,11	03:65,0,0,29	00:110,0,0,0	00:60,15,0,0	22:0,29,72,0	13:0,53,20,21	03:41,0,0,41	00:103,0,0,0	00:84,0,0,0	33:1,0,0,87	02:31,22,15,0	12:0,24,18,40	13:43,22,0,29	00:59,0,0,29	02:80,0,18,0	00:26,10,27,0	00:69,0,0,0	00:91,0,0,0	00:73,0,19,0	00:67,0,0,42	00:56,0,0,0	11:0,65,0,0	00:69,0,0,32	00:74,0,0,0	33:0,0,0,120	03:81,0,0,23	03:56,0,0,18	00:48,0,17,27	00:41,30,20,0	22:0,0,103,0	33:0,0,40,65	11:0,106,0,0	00:124,0,0,0	03:29,0,0,46	00:61,0,32,0	01:58,19,0,15	00:57,0,0,24	00:92,0,0,18	33:39,0,0,46	00:77,0,0,0	03:72,0,0,21	03:22,0,0,59	00:106,0,0,0	00:73,13,0,0	03:73,0,0,35	00:75,0,0,22	00:108,0,0,0	33:0,0,0,95	00:84,0,0,0	33:0,0,0,77	00:103,0,0,0	03:33,0,0,44	02:62,0,25,0	00:92,0,0,0	00:62,0,26,0	00:103,0,0,0	03:59,0,0,18	00:108,0,0,0	11:25,59,0,0	00:70,0,34,0	01:18,53,0,0	02:87,0,25,0	00:115,0,0,0	01:66,19,0,0	23:61,0,36,21	00:110,0,0,0	00:65,0,0,16	13:30,20,0,47
1_108	21	03:54,0,0,28	13:0,77,0,36	03:22,0,0,51	03:48,23,0,21	00:101,0,0,0	00:78,0,0,0	00:124,0,0,0	01:67,42,0,0	11:21,45,0,0	03:43,0,0,16	00:92,0,0,0	01:34,21,9,0	01:25,15,0,27	00:40,0,50,0	00:40,14,0,0	00:65,0,0,0	00:70,0,0,0	02:105,0,33,0	13:0,25,0,31	00:79,0,0,0	22:0,0,94,0	00:77,32,0,0	00:77,0,0,0	33:0,58,0,15	00:88,0,0,0	02:30,16,23,0	03:45,0,0,24	00:81,0,0,22	00:70,0,0,9	23:0,0,28,64	00:92,0,0,0	01:52,28,0,23	00:79,0,0,20	33:25,0,0,45	33:68,0,0,58	02:16,0,82,0	01:64,24,0,0	02:45,0,33,0	01:48,29,0,0	03:56,0,0,19	00:92,0,0,0	33:0,0,0,96	03:82,0,0,21	13:30,23,0,19	33:0,22,0,64	01:80,28,0,0	33:22,0,0,46	01:26,17,0,8	02:16,0,14,35	03:82,0,0,16	33:24,0,0,45	03:19,0,0,10	03:32,0,0,75	03:74,0,0,17	00:90,0,0,0	00:59,0,0,11	00:118,0,0,0	00:131,0,0,0	01:51,16,0,0	01:76,25,0,0	33:0,0,0,75	00:70,0,0,0	03:77,0,0,37	00:49,0,0,20	02:51,0,6,0	00:55,0,17,0	33:43,0,0,40	03:49,10,0,20	11:19,73,0,0	00:102,0,0,0	33:50,0,0,41	00:96,0,0,12	01:53,19,0,0	03:33,0,0,57	00:84,0,0,0	00:78,0,0,0	00:94,0,0,0	22:58,0,52,0	00:90,0,0,0	01:21,53,20,0	03:72,0,0,57	03:25,0,0,58	01:65,20,0,0	03:43,0,20,24	01:76,17,0,0	00:65,0,0,20	11:49,40,0,0	00:94,0,0,0	02:33,0,51,0	00:81,0,0,0	01:21,14,17,0	03:49,0,0,31	00:69,0,0,25	33:13,0,0,69	00:61,0,0,0	00:72,0,0,0	03:75,0,0,21	02:34,0,27,70	01:62,24,0,0	03:45,0,0,35	00:59,0,0,10	02:50,0,20,39	00:73,0,15,0	02:104,0,20,0	03:35,0,0,32	00:63,37,0,0	01:67,12,0,0	13:0,9,0,40	02:83,0,29,0	00:86,0,0,0	03:54,12,0,13	01:20,62,0,0	00:77,0,27,0	01:9,23,28,0	00:80,0,0,0	00:41,0,0,36	13:16,73,0,17	03:23,35,0,32	03:67,0,0,31	00:119,0,0,0	03:38,37,0,27	13:54,41,0,5	00:64,0,0,12	02:14,0,60,18	00:119,0,0,0	00:52,0,31,0	02:74,0,19,19	00:87,0,0,0	00:49,0,0,0	03:51,0,0,68	00:49,0,0,31	12:0,24,66,0	00:48,0,14,34	00:91,0,31,0	22:41,0,34,0	02:27,0,54,29	00:34,0,30,10	02:100,0,32,0	03:44,0,0,57	12:0,41,36,0	22:0,0,88,0	22:0,23,62,0	00:56,16,0,0	33:0,0,0,123	00:106,0,0,0	33:11,0,0,64	33:0,0,0,111	22:56,0,25,13	00:75,0,25,0	12:0,22,73,0	00:73,0,0,28	33:0,20,0,70	00:83,0,21,0	13:36,25,0,70	02:53,0,21,0	33:60,0,0,65	23:0,0,67,15	03:16,0,0,77	00:114,0,0,0	00:79,1,0,46	00:48,17,0,0	03:33,0,0,42	03:35,0,0,16	00:71,0,29,0	00:57,0,0,0	03:72,0,0,24	01:86,40,0,0	11:22,58,0,0	00:139,0,0,0	01:18,20,0,46	03:31,0,20,21	00:43,0,13,0	03:66,0,0,19	03:80,0,0,45	00:54,0,0,0	22:25,0,77,0	00:97,0,0,0	01:14,21,0,49	00:59,0,0,13	00:61,0,0,0	03:11,0,0,86	02:13,33,28,0	11:0,74,0,0	03:20,53,0,19	00:81,0,0,0	00:67,0,10,0	00:76,0,0,0	00:74,0,0,0	02:49,10,17,0	00:93,0,0,0	00:106,0,0,0	01:41,15,0,0	11:0,43,0,0	00:119,0,0,0	00:41,0,0,0	23:0,0,23,59	00:79,0,0,33	00:45,35,25,0	00:72,17,0,0	00:82,0,0,0	02:43,0,34,0	03:76,0,0,60	11:0,117,0,0	00:45,19,0,15	00:35,0,0,42	00:89,0,0,0	00:79,0,0,0	00:83,0,0,0	03:48,0,0,41	03:26,0,0,65	00:96,0,0,0	00:84,0,0,0	33:34,0,0,26	01:31,21,32,0	00:75,0,0,0	03:73,0,0,20	00:114,0,0,0	00:70,0,14,0	03:67,0,0,12	00:84,0,0,17	33:0,1,0,72	00:84,0,0,0	01:17,56,16,0	00:68,0,0,32	00:98,0,0,0	00:62,0,0,15	00:96,0,0,0	03:19,0,14,26	03:54,0,23,37	13:11,15,0,34	03:21,0,23,50	11:0,50,0,17	00:90,37,0,0	00:106,0,0,0	00:65,0,33,0	00:63,0,32,0	02:19,57,34,0	33:21,0,0,44	33:27,47,0,49
2_108	61	03:24,0,0,39	33:0,18,0,43	33:0,0,0,43	00:43,0,18,0	00:52,0,0,17	00:81,0,0,0	00:85,0,0,23	01:41,14,0,11	11:19,76,0,0	03:59,0,0,20	00:81,0,0,0	12:17,6,26,0	03:20,0,0,28	00:56,0,0,0	01:24,31,0,0	01:37,14,0,0	00:77,0,0,0	00:47,0,24,30	13:25,14,23,8	00:65,0,0,0	22:10,0,60,0	01:74,11,0,0	00:64,0,0,0	13:0,33,0,7	03:60,0,0,31	02:70,0,12,0	03:50,19,0,12	00:107,0,0,0	00:66,0,0,0	23:30,0,21,11	00:57,0,0,21	01:48,10,24,0	00:98,0,0,0	33:0,0,0,79	33:51,0,0,44	02:24,0,61,0	01:26,11,21,0	02:72,0,18,0	00:55,0,0,0	33:41,0,0,34	00:89,0,0,0	03:33,0,0,41	13:32,22,0,9	13:24,23,0,36	33:0,1,0,60	01:102,19,0,0	03:35,0,0,11	01:45,12,0,0	00:47,0,0,0	00:61,0,0,18	13:0,19,0,44	03:35,0,0,10	03:63,0,0,39	00:72,0,0,0	00:45,0,0,20	00:67,0,0,0	00:61,0,13,0	00:74,15,0,0	01:40,8,0,20	01:44,42,0,0	33:18,0,0,48	00:103,0,0,0	00:66,26,0,0	02:36,0,17,0	00:59,0,0,0	00:27,0,0,10	03:39,0,0,21	03:21,0,0,25	11:0,67,0,0	00:69,0,0,27	03:100,0,0,11	00:66,0,0,0	00:57,0,0,7	33:20,0,0,58	00:82,0,0,0	00:54,0,0,0	00:38,13,0,25	02:86,0,22,0	00:63,0,0,11	01:76,28,0,0	00:99,0,0,0	03:37,23,0,29	01:66,7,0,0	33:24,0,18,9	00:59,0,0,11	23:13,0,11,12	00:82,0,0,0	01:37,22,19,0	00:62,0,27,0	00:34,0,34,0	00:47,0,0,0	03:48,0,0,22	00:88,0,0,0	33:0,0,0,73	00:56,0,0,0	01:58,20,0,0	01:46,23,0,27	23:26,0,36,56	02:93,0,24,0	00:27,0,0,27	03:34,0,0,26	00:97,0,0,19	00:69,0,0,0	00:94,0,0,0	01:18,18,0,22	00:58,0,0,0	03:17,0,0,22	03:25,0,18,25	00:91,0,0,0	00:46,0,20,0	00:32,15,0,14	13:0,36,8,22	01:58,22,19,0	00:25,0,24,0	00:64,0,0,0	00:38,0,0,15	11:39,12,0,0	00:78,0,0,0	00:98,0,0,0	00:129,0,0,0	33:31,0,0,74	00:68,0,1,0	00:74,0,0,0	23:0,0,17,56	03:54,0,0,18	00:78,0,22,0	03:27,0,0,60	00:72,0,0,28	01:31,11,0,0	03:35,0,0,37	03:63,0,0,13	12:0,25,50,0	03:16,0,16,47	00:83,0,0,0	12:0,22,33,17	11:0,63,18,0	00:72,0,0,0	00:131,0,0,0	00:80,0,0,27	11:0,49,21,0	22:0,0,70,0	22:17,0,50,0	00:64,0,0,0	33:20,0,0,83	00:81,0,21,0	33:0,0,0,65	33:14,0,0,57	33:19,0,0,34	33:50,0,0,43	00:33,0,27,0	00:83,0,0,0	33:34,0,0,32	22:25,0,71,0	00:116,0,0,0	00:52,0,0,13	00:64,0,0,25	22:10,0,63,0	33:0,0,1,84	00:46,0,21,0	00:101,0,0,0	00:24,0,0,14	00:28,0,0,13	00:59,0,15,0	00:67,0,14,0	33:18,0,0,26	00:77,0,0,22	00:100,0,0,0	11:0,40,0,16	00:115,0,0,0	00:53,0,16,0	00:44,0,0,8	00:43,0,0,0	00:54,0,0,17	00:79,0,0,0	01:22,16,0,6	12:18,10,42,0	00:43,22,0,0	03:11,0,0,44	23:19,0,21,11	00:58,0,0,0	03:9,0,0,49	00:42,0,0,13	11:13,18,11,0	03:45,20,0,18	00:80,0,0,0	00:62,0,0,0	00:88,0,0,0	00:60,0,0,0	00:42,0,0,0	00:47,9,0,0	01:23,20,20,16	02:30,0,12,0	11:6,32,0,0	00:93,0,0,0	00:60,0,0,20	33:0,0,28,68	02:53,0,26,21	00:71,0,0,0	00:54,15,0,0	00:39,19,0,0	22:0,24,51,0	33:0,0,0,90	11:0,51,0,23	01:29,40,0,0	00:35,0,0,13	01:31,31,0,31	00:72,0,0,0	00:52,0,0,9	00:37,0,0,26	33:0,0,0,65	00:29,18,27,0	00:66,0,0,17	03:82,0,0,20	01:29,13,0,12	03:28,0,0,13	00:56,15,0,25	00:80,16,0,0	00:49,0,0,0	33:0,0,0,50	03:25,0,0,29	03:30,0,0,72	02:52,0,25,21	00:71,0,0,28	03:69,0,0,15	00:98,0,0,0	00:51,14,0,0	02:81,0,16,0	01:46,13,0,0	00:83,0,0,0	13:0,40,0,26	00:61,0,0,0	11:21,44,0,0	00:102,0,0,0	00:84,0,0,0	11:21,56,0,0	03:57,0,0,19	00:74,0,0,20	03:10,0,0,37	33:0,0,0,105
3_108	73	03:46,0,0,11	01:21,19,0,26	13:0,19,0,22	00:25,24,0,0	00:63,0,0,0	00:40,0,0,0	00:69,0,0,0	00:65,0,0,0	11:0,52,0,0	03:55,0,0,10	03:36,0,0,12	00:19,0,19,0	02:12,0,16,19	00:27,0,35,0	03:33,0,0,11	03:44,0,0,10	00:64,0,1,0	00:97,0,0,0	00:46,31,0,0	03:37,0,0,11	22:0,0,39,14	00:60,0,0,0	02:37,0,14,0	11:0,43,0,0	00:37,0,12,0	00:44,10,0,0	00:34,0,0,7	13:8,23,0,43	00:43,0,0,0	03:55,0,0,0	00:57,0,0,20	00:85,0,0,0	01:48,23,0,0	33:0,0,0,67	00:81,0,0,0	23:0,0,48,9	13:24,11,0,9	02:53,0,16,0	00:30,0,3,0	00:24,0,0,10	01:26,12,0,12	33:0,19,0,54	00:59,0,0,0	00:47,0,0,0	00:32,0,0,23	02:46,1,20,0	00:24,0,0,4	00:35,0,0,11	03:23,0,0,9	03:28,20,20,0	03:21,0,0,29	00:47,0,0,0	23:0,0,18,64	02:50,0,14,0	22:12,0,27,10	00:43,0,0,9	00:80,0,0,0	00:93,0,0,0	00:53,0,0,0	13:11,34,0,15	03:44,0,0,19	00:53,0,0,0	02:36,0,16,0	03:15,0,0,21	03:18,0,0,7	00:27,0,2,0	03:30,0,0,11	00:40,6,0,0	11:4,40,0,0	03:32,0,0,30	00:52,0,0,0	00:57,0,0,16	02:18,0,14,0	00:53,0,0,0	03:51,0,0,11	00:57,0,0,0	33:51,0,0,20	02:34,0,15,0	00:38,0,0,10	00:58,0,16,0	03:19,0,0,72	33:0,0,0,45	00:27,16,0,0	03:65,0,1,0	03:53,0,0,10	01:43,11,0,0	03:46,0,0,16	00:45,0,0,0	00:22,0,15,0	01:48,17,0,0	00:37,0,5,0	00:40,0,0,21	00:75,0,0,0	33:0,0,0,70	00:34,0,0,19	02:35,0,17,0	02:47,0,11,0	03:18,0,0,55	00:64,0,0,0	03:15,0,0,46	33:9,0,0,53	00:67,0,0,1	02:11,14,12,0	33:31,0,0,43	33:18,1,0,34	22:30,0,25,0	03:42,0,0,22	03:7,0,0,34	00:67,0,0,0	00:38,21,0,0	03:26,6,0,13	11:0,72,0,0	03:51,0,0,24	02:28,0,17,0	02:41,0,11,0	03:24,0,0,19	11:21,62,0,0	00:46,0,0,0	03:37,0,0,13	00:94,0,0,0	33:32,0,0,42	01:43,14,0,1	00:40,0,0,0	33:12,0,0,33	00:61,0,0,0	00:54,0,11,0	33:0,0,16,52	01:10,49,0,0	00:25,0,0,6	00:54,0,9,0	00:67,0,0,0	12:0,12,42,0	00:31,20,0,14	01:35,32,0,0	00:59,0,0,1	02:11,9,35,0	03:32,8,0,15	00:55,20,0,0	03:49,0,0,19	12:0,52,25,0	02:34,0,28,0	12:0,11,41,0	00:36,0,17,0	33:23,0,0,58	00:59,0,0,0	13:0,15,12,21	03:23,0,0,31	00:56,0,0,0	00:73,0,0,0	12:1,52,15,0	33:12,0,0,49	33:0,11,0,44	33:16,0,14,39	03:72,0,0,24	00:55,0,0,0	33:17,1,0,44	02:38,0,29,0	33:0,8,0,58	00:54,0,0,0	00:63,0,0,0	02:53,0,17,0	00:40,0,0,23	00:35,0,1,0	00:78,0,0,0	02:30,0,13,0	03:50,0,0,22	03:28,0,0,31	33:27,0,0,27	33:35,0,0,22	03:63,0,0,17	03:34,0,10,10	00:36,0,0,0	03:37,0,8,15	03:36,0,19,9	03:31,0,0,15	22:0,0,75,0	01:26,19,0,20	03:34,0,0,21	03:35,0,0,20	01:23,13,0,0	22:0,0,42,25	02:34,0,10,10	00:19,7,9,0	00:56,0,0,18	00:56,0,0,0	02:30,0,14,0	00:30,0,0,0	00:34,10,0,0	00:19,15,0,0	02:34,0,22,0	03:35,0,24,13	00:29,0,0,0	12:0,22,7,0	00:61,0,0,0	00:23,0,0,0	23:0,0,19,35	33:15,0,0,48	11:25,32,0,0	03:30,0,0,30	00:42,17,0,0	22:0,0,55,0	33:0,0,0,65	11:0,45,11,0	01:35,40,0,0	00:31,0,0,12	00:66,0,0,0	00:39,18,0,0	00:68,0,0,0	03:44,0,0,30	03:36,0,14,11	00:28,16,13,0	00:59,0,13,0	00:17,0,0,14	02:39,0,16,0	00:40,0,0,8	03:64,0,0,20	03:38,0,0,32	00:48,0,12,0	03:19,0,9,11	00:49,0,0,0	03:18,0,0,63	02:40,0,17,0	00:52,0,0,0	00:65,0,0,1	00:65,0,0,0	01:23,9,0,14	00:40,15,0,0	11:7,37,0,0	02:49,0,19,0	33:0,31,0,24	03:34,0,0,11	11:0,27,0,0	03:54,0,19,18	03:53,0,0,14	01:21,21,8,0	00:82,0,0,0	01:53,15,0,0	02:30,0,10,8	13:23,19,0,23
4_110	64	00:67,0,0,20	11:0,77,0,27	33:27,0,0,53	00:74,0,0,0	00:113,0,0,0	00:87,0,0,0	00:80,0,0,28	00:125,0,0,0	11:0,55,23,22	33:40,0,0,38	03:69,24,0,0	33:22,0,0,27	00:33,0,0,33	00:83,0,0,0	02:35,0,31,0	00:53,0,0,12	33:25,0,20,50	03:103,0,0,0	11:0,42,0,12	01:35,32,0,23	12:0,47,42,0	33:57,0,0,29	03:57,0,0,42	11:0,55,0,0	33:40,0,0,49	00:53,15,0,0	00:48,21,0,0	00:88,0,0,0	00:80,0,0,0	33:47,0,0,46	11:40,48,0,0	11:36,34,0,0	01:40,44,0,0	33:0,0,0,99	03:2,0,0,110	33:0,0,39,52	00:35,0,0,28	03:21,0,18,49	00:88,0,0,0	00:80,0,0,25	00:95,0,0,0	33:1,21,0,54	00:71,0,0,0	00:58,49,0,0	33:0,0,0,65	01:60,68,0,0	33:43,0,0,45	03:57,0,0,7	00:64,0,17,0	00:59,0,0,13	33:8,0,0,48	00:64,0,0,0	33:0,1,0,89	01:30,49,15,0	22:22,0,22,23	00:89,0,0,0	00:95,0,0,0	00:106,0,0,0	00:95,0,0,1	33:48,0,0,47	33:21,0,0,59	00:124,1,0,0	02:21,18,40,0	00:56,0,0,26	00:79,0,0,0	00:59,0,0,0	33:50,1,0,47	02:77,0,0,0	11:15,49,0,18	00:81,0,0,26	01:130,0,0,0	03:95,0,0,0	22:1,23,45,24	00:81,51,0,0	03:27,0,0,53	00:82,0,0,0	00:103,0,0,0	00:67,0,0,0	00:88,0,0,1	02:115,0,0,0	03:121,0,0,1	33:23,0,0,76	00:73,0,0,0	00:84,0,0,1	00:112,0,0,0	01:63,24,0,0	03:86,0,0,12	03:81,0,0,17	02:55,0,33,0	00:83,0,0,0	00:76,0,1,0	00:68,0,0,25	00:67,0,0,25	02:28,0,15,54	00:43,0,0,19	00:48,0,0,42	00:113,0,0,0	03:61,0,0,70	00:72,0,23,0	00:28,0,0,49	00:61,0,0,0	03:63,0,0,43	00:41,0,0,26	00:91,0,0,0	03:36,13,0,12	00:92,0,0,1	03:82,0,0,0	33:30,0,0,57	00:79,0,0,0	02:40,29,10,0	00:38,23,0,14	13:0,93,0,1	00:127,0,0,0	00:59,0,0,0	02:65,0,16,0	03:51,0,0,12	01:62,50,0,0	00:47,0,18,0	00:55,0,31,0	03:98,0,0,23	03:24,0,0,94	00:93,0,0,0	03:75,0,0,20	03:44,0,0,43	00:70,0,0,25	02:27,0,31,0	33:36,0,0,42	00:110,0,0,0	00:62,16,0,0	00:67,0,0,31	00:85,0,0,0	12:0,0,93,0	00:49,0,24,28	00:92,0,0,0	00:32,17,0,16	22:0,0,68,38	00:75,0,0,1	00:124,0,0,0	00:89,0,0,15	11:0,55,21,0	22:0,0,100,0	12:15,18,31,0	33:63,0,0,19	13:0,87,22,35	00:106,1,0,0	33:21,0,0,77	11:19,14,0,35	01:57,17,0,0	00:67,20,0,0	00:99,0,0,0	00:102,0,0,0	33:0,0,0,83	12:25,25,42,2	01:50,51,0,0	03:57,0,16,8	03:47,0,0,50	22:0,0,49,17	03:29,0,0,76	00:63,19,0,0	00:69,0,0,33	00:40,25,0,0	00:68,20,0,0	03:43,0,0,50	11:49,27,29,0	01:63,17,0,0	03:51,0,0,41	00:103,1,0,0	11:0,68,0,0	03:109,1,0,35	00:78,0,0,17	00:48,0,26,0	00:41,0,33,0	03:81,0,0,0	01:81,31,0,0	02:48,0,11,0	12:23,30,38,0	00:89,0,0,21	02:22,0,17,49	00:71,0,0,15	00:73,0,0,0	03:20,0,0,66	22:0,25,42,0	13:20,49,0,11	00:34,21,13,0	00:85,0,0,0	02:35,0,16,25	00:86,0,0,0	02:56,0,8,0	03:66,1,0,20	00:55,0,0,0	03:54,0,0,18	03:49,0,0,14	11:0,56,0,2	00:110,0,0,0	00:59,0,17,0	03:0,0,0,85	03:78,0,0,34	03:30,52,0,22	01:34,43,0,1	03:51,0,0,23	23:0,0,55,17	22:0,0,25,92	13:21,54,0,25	02:47,25,26,0	00:55,0,0,17	12:50,27,21,0	01:55,35,0,0	00:68,0,0,26	00:76,0,17,0	23:0,0,13,62	02:63,0,21,0	02:62,0,25,0	00:96,0,0,0	02:45,0,24,15	03:61,0,0,16	02:93,0,7,0	02:66,0,25,0	02:61,0,10,0	23:0,21,24,38	01:38,26,12,0	33:25,0,0,62	03:74,0,1,24	00:80,0,0,0	01:96,13,0,0	00:88,0,0,0	00:54,16,0,0	00:89,0,0,0	01:34,39,0,0	03:78,0,0,22	11:0,79,0,1	12:30,33,17,0	11:0,68,0,0	03:60,0,0,66	00:68,0,0,24	02:23,55,10,0	02:26,0,69,0	00:67,0,0,0	01:42,21,0,13	33:23,1,0,79
1_111	25	01:28,19,0,18	11:34,17,0,33	33:5,0,0,49	00:33,13,0,2	00:81,0,0,0	00:72,0,6,0	00:88,0,0,0	00:73,0,0,0	11:0,56,0,0	03:64,0,0,16	00:60,0,0,0	03:25,0,1,2	01:5,28,0,16	00:61,0,1,0	02:31,13,6,0	00:51,0,0,0	00:48,0,0,8	03:37,0,10,40	01:32,10,12,4	02:33,0,30,19	01:17,12,28,0	03:70,0,0,6	03:46,0,0,9	11:0,43,0,0	03:69,0,0,16	00:52,0,0,0	00:66,0,0,0	01:40,31,0,19	00:40,12,15,0	00:56,0,5,13	01:51,9,10,0	01:55,15,0,9	01:59,7,0,3	23:0,0,12,40	33:43,0,0,63	23:10,0,50,13	00:67,0,0,0	03:45,0,0,12	01:20,16,10,0	03:37,0,0,21	00:62,0,10,0	03:24,0,0,33	01:71,39,0,0	01:36,15,0,0	33:0,0,0,73	01:73,23,0,0	03:41,0,0,12	00:66,0,0,0	00:44,0,7,0	00:62,0,0,0	13:0,9,0,37	00:46,0,0,0	03:35,0,0,39	01:24,12,0,30	02:34,0,19,0	03:54,0,19,0	03:71,0,0,6	03:78,0,0,6	00:75,0,10,0	03:72,0,0,21	13:3,18,0,44	00:93,0,0,0	02:57,4,16,0	00:70,0,0,0	00:40,0,0,2	00:33,0,0,0	03:56,2,0,14	00:36,0,0,10	12:0,35,18,0	03:61,0,0,54	00:79,0,0,34	00:53,0,0,20	02:32,0,16,0	00:52,17,0,24	13:22,17,3,13	00:65,0,0,0	00:76,0,0,10	03:25,0,45,25	03:29,0,0,27	00:63,5,0,0	03:62,0,0,36	33:6,0,0,72	00:38,4,0,12	02:25,0,8,9	03:52,7,0,10	00:45,0,13,12	03:10,4,0,45	00:54,0,0,12	02:39,0,39,0	00:54,0,0,10	00:48,0,0,20	02:31,0,22,0	00:50,16,0,0	33:0,14,19,44	00:39,0,0,13	23:36,0,16,17	03:45,0,0,48	23:9,0,58,36	03:62,0,0,22	03:56,0,0,19	33:34,0,0,19	03:97,0,0,17	02:46,0,11,0	12:20,42,0,15	03:18,10,0,14	02:43,0,25,0	03:33,0,0,18	33:0,4,0,50	03:53,0,0,16	01:37,13,11,0	00:36,0,13,3	01:38,25,4,0	00:89,0,0,0	02:31,0,22,0	00:35,0,12,0	03:15,0,0,18	00:54,24,0,5	00:61,0,0,0	00:64,0,0,23	00:79,0,0,9	00:44,0,7,23	00:61,0,0,11	00:68,0,0,0	33:38,0,0,39	00:48,0,17,0	02:57,0,10,8	33:20,15,5,39	00:79,0,0,0	02:31,24,0,0	03:70,0,0,17	00:60,0,0,0	02:31,0,50,18	23:37,0,27,22	02:59,0,21,0	00:46,13,0,0	23:0,0,48,31	23:16,0,22,29	00:71,0,0,25	03:43,0,0,45	12:0,44,24,0	22:0,0,77,0	22:0,28,28,0	01:30,19,0,16	33:0,17,13,59	00:80,0,0,0	03:44,0,0,43	33:0,17,0,57	03:53,0,0,13	02:39,15,16,0	22:25,0,45,0	03:48,0,0,22	13:0,23,0,47	02:18,13,37,0	03:73,0,0,14	00:47,0,14,0	02:35,0,21,19	02:10,0,34,0	33:12,0,0,47	03:36,14,10,9	02:69,0,22,0	01:56,0,0,0	00:42,6,0,0	00:44,0,0,12	22:18,16,21,23	00:40,9,0,0	03:24,0,0,38	03:37,10,0,15	11:0,37,0,0	00:82,0,0,21	00:56,0,0,0	00:39,3,0,15	00:38,0,9,0	00:73,0,0,0	00:54,0,0,0	02:39,0,15,0	22:17,0,53,0	02:32,0,12,9	33:13,0,0,68	03:41,7,0,8	00:54,0,0,0	03:36,6,0,26	02:6,0,35,0	11:10,59,0,0	03:52,0,0,10	00:75,0,0,0	00:32,0,13,20	00:71,0,0,0	01:37,28,16,0	01:14,16,0,13	02:53,0,0,0	00:62,0,0,13	00:34,0,0,16	11:0,36,0,0	03:69,0,0,0	00:66,0,0,0	33:0,0,0,67	00:52,0,0,20	00:60,0,0,9	00:42,7,0,0	01:24,26,0,13	22:5,0,33,1	03:38,0,9,20	12:0,47,17,12	01:21,28,18,7	00:54,0,0,5	03:44,14,7,0	00:51,21,0,0	00:45,0,0,7	00:59,0,10,0	33:0,0,4,60	00:56,0,17,0	00:46,0,19,0	03:48,0,0,17	02:31,0,34,0	00:36,0,0,3	00:89,0,16,0	00:57,0,15,0	00:55,0,11,0	33:8,0,8,38	02:56,20,0,9	33:0,0,0,77	00:57,0,0,12	00:54,0,4,0	00:53,4,0,0	03:70,0,0,13	00:56,0,0,4	03:51,0,0,13	00:30,7,0,11	00:48,0,7,15	11:3,69,0,0	00:30,14,8,6	11:0,43,0,5	00:76,0,0,13	00:75,0,0,0	00:72,0,9,0	02:65,0,28,0	00:75,7,0,0	33:14,10,0,24	33:12,0,0,86
3_111	66	03:10,14,0,21	13:0,20,0,40	22:0,0,11,26	00:31,0,11,0	00:44,0,0,21	03:40,0,0,18	03:53,0,0,15	00:63,0,0,0	11:11,53,0,0	33:27,0,0,14	23:29,0,8,19	00:39,0,0,0	00:32,8,0,0	00:57,0,0,0	13:22,9,0,12	00:34,0,0,0	00:70,0,0,0	00:54,0,0,53	01:39,3,13,0	00:24,0,16,0	01:32,14,16,0	02:65,0,18,0	00:43,0,0,0	12:0,21,12,0	00:66,0,0,0	00:34,21,0,0	03:44,0,0,10	00:33,31,0,0	03:46,0,0,10	03:37,0,0,8	01:48,19,0,0	23:49,0,12,7	00:79,0,0,0	33:0,0,14,28	03:47,0,0,34	22:0,11,44,0	01:38,14,0,0	00:51,0,0,0	00:24,5,0,0	00:14,0,0,26	01:50,6,0,0	33:37,0,0,23	13:17,20,0,12	00:41,9,0,0	33:0,0,0,35	01:81,25,0,0	12:10,2,7,0	03:23,0,17,12	03:40,0,0,6	00:47,0,0,11	03:27,18,0,7	00:33,0,0,12	33:15,0,0,55	00:82,0,0,0	00:56,0,0,0	33:28,0,20,8	01:62,19,0,0	02:69,0,20,0	03:25,0,0,34	12:35,17,19,0	33:14,0,0,31	02:44,0,9,0	11:33,18,0,0	00:23,0,9,0	00:45,0,0,0	23:22,0,11,12	00:32,0,0,17	00:17,0,7,9	11:0,63,0,0	33:16,0,0,48	01:68,28,0,0	01:46,17,0,0	00:43,0,0,0	01:25,18,0,10	00:43,0,0,0	00:35,0,0,11	33:39,0,0,35	03:25,0,30,16	00:44,0,0,10	00:56,0,0,0	00:73,0,0,0	03:21,0,0,35	02:36,0,12,0	00:34,0,0,0	03:57,0,0,14	00:40,0,0,11	00:76,0,0,0	00:44,11,0,0	02:14,17,16,0	00:55,0,0,0	03:32,0,0,10	00:70,0,0,0	03:30,0,0,18	03:14,0,0,45	03:42,0,1,9	00:61,17,0,0	00:45,17,0,0	33:0,0,22,73	00:45,0,12,0	03:21,0,9,20	33:30,0,0,29	00:83,0,0,0	02:41,0,8,0	00:70,0,0,0	03:18,0,0,19	00:33,4,0,0	03:10,0,0,16	33:52,0,0,11	02:49,0,14,0	00:52,0,0,0	01:30,16,0,15	01:26,24,0,16	00:57,27,0,0	03:42,0,0,16	03:34,0,0,17	33:30,0,0,13	01:39,7,0,0	02:50,0,12,0	00:64,0,0,0	00:82,0,0,32	03:7,22,0,48	00:45,0,0,0	00:49,0,14,0	33:0,0,0,73	00:52,0,0,21	00:50,12,0,0	03:17,0,0,39	00:58,22,0,0	NA:20,0,0,27	33:14,0,0,48	03:21,0,0,13	22:0,0,80,0	03:36,0,0,28	00:80,0,0,0	00:49,0,10,0	02:8,14,33,0	00:61,0,0,0	00:94,0,0,0	23:39,0,14,21	12:0,46,18,0	22:0,0,49,23	12:0,15,28,0	00:43,0,0,0	23:0,0,34,45	01:39,25,0,0	33:0,0,0,52	03:17,0,0,27	02:30,0,15,15	00:49,0,0,10	00:32,0,13,0	13:31,7,0,13	23:0,0,11,40	00:52,0,32,0	02:90,0,8,0	23:12,0,29,12	00:50,0,0,14	01:12,6,11,12	33:0,0,0,69	00:49,0,0,0	03:38,0,0,11	00:30,0,0,0	02:24,0,9,0	02:39,0,19,0	02:45,0,21,0	02:23,0,6,14	33:15,0,0,38	03:45,0,0,18	11:0,46,0,0	01:55,22,35,0	00:26,0,0,0	NA:5,6,0,21	00:39,0,0,0	00:47,0,0,12	02:40,0,10,12	00:37,0,0,0	02:16,0,48,0	00:66,0,0,0	33:12,0,0,37	33:18,6,0,9	00:29,0,0,0	03:15,0,0,40	33:31,0,0,13	11:0,45,0,0	00:48,0,0,20	13:35,10,0,9	00:43,0,0,0	12:41,16,17,0	00:54,0,0,0	00:31,0,0,0	01:47,14,0,0	00:67,16,0,0	00:29,0,9,0	01:13,30,0,0	00:83,0,0,0	03:34,0,0,10	00:19,0,0,43	00:35,19,0,18	00:34,11,0,0	11:9,17,4,13	00:55,0,0,0	22:0,16,39,0	33:0,0,0,94	11:0,61,0,0	00:50,10,0,0	00:54,0,0,0	01:23,27,0,0	00:59,0,0,0	00:39,0,0,0	00:71,0,0,0	33:0,0,0,48	02:29,0,25,0	00:55,0,0,0	03:34,0,0,24	02:18,12,11,0	00:37,0,0,7	00:81,0,0,0	03:61,0,0,23	00:73,0,0,0	13:0,12,0,35	00:27,0,0,29	33:29,0,0,63	00:59,0,0,0	02:38,0,17,0	03:63,0,0,21	00:58,0,0,0	01:37,17,0,0	00:33,0,19,0	00:38,13,0,0	00:62,0,0,0	13:0,43,0,12	00:58,0,0,0	11:0,39,0,0	00:77,0,0,0	02:38,0,29,0	03:37,13,0,18	00:92,0,0,0	00:41,0,0,0	03:18,0,0,9	33:0,0,0,84
4_111	13	03:16,0,0,23	11:0,69,0,0	33:0,0,0,35	00:26,0,0,0	00:61,16,0,0	00:38,0,0,0	33:20,1,11,23	03:26,0,6,10	11:0,38,0,0	00:22,0,0,6	00:39,0,0,8	00:12,0,21,0	01:24,3,0,3	00:26,3,0,0	00:22,0,0,5	03:31,0,0,8	00:38,0,0,0	22:35,0,23,0	03:5,10,0,9	00:48,0,0,0	02:10,0,33,0	00:54,0,0,0	00:27,10,0,0	12:0,14,7,0	00:35,0,0,9	00:35,0,0,0	00:26,0,0,0	00:28,0,0,0	00:28,0,0,0	02:8,0,12,21	03:30,0,0,8	00:26,0,7,0	00:27,0,8,0	33:0,0,0,33	03:14,0,0,46	00:6,0,24,5	00:34,8,0,0	00:37,0,14,0	01:17,4,8,0	03:24,0,0,6	00:43,0,0,0	13:0,16,0,29	00:34,0,0,0	01:11,21,0,14	33:0,0,11,28	00:51,0,7,0	03:16,0,0,22	00:35,0,0,0	02:17,0,6,0	13:14,6,0,9	03:10,0,4,14	00:28,0,13,0	03:38,0,0,21	03:33,0,15,2	03:12,0,0,24	00:40,0,0,0	00:24,0,7,0	00:36,7,0,0	00:16,0,0,14	00:29,40,0,0	33:21,0,0,22	00:62,0,0,0	03:28,25,0,7	03:20,0,0,5	00:35,0,4,0	00:36,0,0,0	03:30,0,0,20	03:17,0,0,9	11:0,39,0,0	00:50,12,0,0	03:56,0,0,8	00:58,0,0,0	01:31,5,0,0	00:47,0,0,21	00:37,0,0,0	00:22,0,0,5	00:36,0,0,6	02:23,0,30,0	03:31,0,0,16	00:41,0,0,16	03:37,0,0,23	13:0,22,0,20	00:43,0,0,0	02:8,0,5,0	00:34,0,0,0	00:17,0,0,0	01:35,4,0,0	01:18,16,0,6	22:7,0,34,0	00:34,0,8,0	01:28,3,0,0	33:16,0,0,22	00:33,0,0,10	33:0,0,0,52	03:16,0,1,9	00:34,0,0,10	03:31,0,0,21	02:25,0,27,0	01:36,10,0,0	33:0,0,0,35	00:26,0,12,0	02:42,0,10,0	00:39,0,0,0	02:44,0,7,0	33:0,0,0,17	00:29,0,0,0	13:1,5,0,18	33:0,0,11,30	22:29,0,8,0	00:22,0,11,0	03:9,17,0,11	01:8,23,14,0	00:58,0,0,0	00:41,0,0,8	03:29,0,0,4	03:18,0,0,16	01:21,26,0,0	00:37,0,9,0	03:31,0,0,16	00:59,0,0,0	03:31,0,0,25	02:27,0,13,0	03:24,1,0,4	33:0,0,3,30	00:44,0,0,0	02:23,0,17,0	33:0,0,0,38	03:32,0,0,5	02:11,0,15,0	00:33,0,0,0	00:26,0,0,0	02:8,0,28,0	00:32,0,0,18	00:66,0,0,0	01:3,19,20,0	12:0,6,32,0	00:25,0,0,19	00:62,0,0,0	00:68,0,0,0	12:0,30,18,0	22:0,0,39,0	22:0,17,24,0	03:13,0,0,23	11:0,27,20,0	13:25,24,0,3	33:10,0,0,31	03:15,3,0,21	00:25,10,0,0	00:50,0,0,0	02:8,0,26,0	03:23,0,0,12	33:0,0,0,27	02:25,6,12,0	03:41,0,0,9	12:17,3,11,0	33:26,0,0,23	23:0,0,20,17	23:3,13,8,16	00:30,0,0,0	00:33,0,0,12	03:26,0,0,4	01:26,7,0,0	00:26,0,0,0	00:44,3,0,19	02:34,6,2,0	23:19,0,2,15	02:36,0,6,0	11:0,23,0,0	00:38,16,0,16	00:36,0,18,0	03:22,0,0,10	00:9,4,0,0	00:60,0,0,0	03:25,0,0,16	00:20,0,2,0	12:0,8,42,0	00:28,0,0,19	00:40,0,0,0	00:39,0,0,0	00:38,0,0,0	03:12,0,0,21	22:0,10,20,0	11:0,39,0,0	00:50,0,0,0	00:44,0,0,0	02:19,0,14,0	00:29,12,0,0	00:20,0,0,17	03:27,0,0,15	02:21,0,7,0	00:38,0,0,0	03:27,0,0,9	11:0,12,0,8	02:41,0,7,0	00:29,0,0,0	33:0,12,0,24	33:20,0,0,40	00:40,0,0,0	13:9,5,0,6	01:10,13,0,7	12:11,13,14,0	33:25,0,0,41	11:0,40,0,0	00:35,0,0,0	03:18,0,0,6	01:35,12,0,0	00:29,0,0,14	02:32,0,15,0	00:48,0,0,0	33:0,0,0,33	12:0,20,42,0	03:11,0,21,9	00:23,0,6,0	02:23,0,19,0	00:31,0,0,0	00:62,0,0,0	00:52,0,0,0	03:30,0,0,9	03:28,0,0,6	03:28,0,0,12	33:0,0,0,52	01:20,15,0,0	00:34,0,0,0	00:40,0,0,0	03:32,0,0,7	00:33,0,0,0	00:40,0,0,0	00:32,0,0,0	00:42,0,0,0	13:0,8,0,13	01:22,29,0,0	11:0,29,0,0	03:47,0,0,18	01:19,9,0,0	03:22,0,0,14	00:33,0,25,0	00:26,0,0,0	33:19,0,0,11	33:0,0,0,40
3_113	21	00:44,0,0,47	01:26,53,0,21	03:25,0,0,33	01:42,17,21,0	00:84,0,0,29	00:77,0,0,0	01:68,15,0,2	00:94,5,0,0	13:18,44,0,20	00:66,0,0,1	00:76,0,0,0	00:24,0,14,0	33:35,18,0,13	00:80,3,0,0	01:20,12,0,18	00:61,0,0,0	00:75,0,0,1	00:113,0,7,30	11:2,43,7,1	33:64,0,0,47	00:34,3,44,0	00:74,1,0,0	00:73,0,0,0	11:0,46,0,2	00:79,0,0,0	00:72,0,4,0	00:95,0,0,0	11:46,47,3,0	02:60,0,12,0	33:21,0,0,72	00:108,5,0,0	00:89,0,3,0	00:65,2,28,0	11:0,49,0,38	33:20,0,0,118	22:0,0,79,0	00:83,0,0,0	11:45,58,0,0	00:32,0,30,0	00:70,0,0,0	23:31,0,42,15	03:39,0,0,56	01:75,24,0,0	00:67,18,0,0	33:0,0,57,45	00:78,0,0,0	00:74,0,0,2	00:56,0,0,0	02:58,0,17,0	33:101,0,0,18	33:27,0,0,32	00:65,0,0,0	33:0,0,0,115	02:19,0,21,18	00:92,0,0,0	22:24,0,42,10	33:41,0,0,31	33:44,0,0,37	22:44,0,42,0	11:88,22,0,0	11:28,9,0,41	00:111,0,0,5	00:83,24,0,0	00:43,0,0,0	03:38,0,5,18	00:50,0,6,0	00:69,8,0,2	00:54,19,0,2	12:20,41,12,0	00:90,0,0,32	03:72,0,0,30	00:96,0,0,13	00:70,0,0,0	00:90,4,0,0	12:36,21,24,0	00:77,0,5,0	00:70,0,0,24	03:72,0,1,14	03:53,0,0,34	02:43,0,44,0	33:64,0,0,47	33:42,0,0,35	33:30,0,29,22	02:63,0,25,1	33:25,0,0,47	00:65,0,0,0	00:96,0,0,0	33:49,0,0,41	33:16,0,26,49	00:83,0,19,0	02:53,0,14,0	00:80,0,0,0	00:76,2,0,0	03:33,0,0,69	03:52,1,1,12	03:45,0,0,46	33:39,0,0,53	22:44,0,69,26	00:61,1,0,14	03:19,0,0,62	00:78,0,0,0	00:97,0,0,0	00:59,0,14,0	00:81,42,0,0	03:19,0,0,44	02:47,0,18,0	03:32,0,0,19	33:2,0,17,46	02:95,0,27,0	01:44,17,19,0	00:41,34,0,0	01:24,33,21,0	00:98,0,0,0	01:38,12,18,0	00:96,0,0,0	33:54,1,0,32	13:42,36,0,26	23:27,0,23,8	03:81,0,0,23	00:133,0,0,0	03:93,0,0,48	01:74,20,2,0	00:96,0,0,2	22:0,0,33,67	00:102,0,0,0	00:73,0,23,0	03:11,0,0,78	00:82,0,0,0	00:66,0,0,0	03:54,7,0,49	00:84,0,0,0	12:0,52,47,0	00:127,0,0,2	01:85,29,6,0	02:35,26,14,0	12:0,33,94,0	02:85,0,28,5	01:96,35,0,2	00:80,0,0,3	12:0,60,44,0	22:0,0,76,4	02:23,0,42,0	00:45,0,0,39	33:0,56,0,83	00:82,14,36,0	33:2,0,0,95	03:36,29,2,18	03:48,0,0,27	03:103,0,0,21	00:91,3,17,0	03:79,0,0,24	23:35,0,31,34	00:69,0,0,0	00:130,8,0,1	11:37,45,8,0	00:67,0,0,82	22:1,0,65,9	03:18,0,0,74	03:61,0,0,45	13:13,62,0,13	00:32,0,0,26	00:75,0,7,1	00:64,0,0,4	00:115,0,0,1	00:39,0,22,0	00:80,0,0,8	03:60,2,0,8	01:3,77,0,0	00:96,0,0,0	00:66,7,27,0	03:42,38,0,13	03:47,0,2,28	01:22,39,0,29	00:109,0,0,9	00:52,0,0,0	22:0,0,103,0	01:69,7,0,0	33:11,3,0,84	03:26,23,0,22	00:25,0,25,0	33:2,0,0,95	22:36,0,46,0	03:8,31,0,21	02:82,5,20,11	00:111,0,0,0	00:70,0,0,0	00:67,0,0,0	03:42,0,0,19	01:64,19,4,0	02:64,0,26,0	00:122,0,0,0	00:48,6,0,0	13:0,41,0,10	00:57,0,0,28	00:45,0,0,0	33:0,0,1,94	00:110,0,0,0	01:36,78,3,0	02:65,2,12,0	02:57,0,12,0	22:12,3,76,0	13:0,28,0,71	12:9,69,30,0	01:24,48,0,0	00:57,0,0,2	00:99,2,0,0	03:27,0,0,49	00:90,0,0,0	33:27,0,1,66	03:11,0,0,57	00:81,0,4,0	00:88,0,0,0	11:2,24,0,35	00:40,1,0,24	01:48,11,0,0	00:147,0,0,0	03:100,0,0,16	00:86,0,0,0	03:15,0,0,41	00:75,0,0,39	23:0,0,24,107	00:79,0,0,0	00:69,4,0,0	00:107,0,0,7	03:88,0,1,11	00:78,2,0,0	00:78,0,4,0	00:94,0,2,0	00:109,0,0,0	11:0,67,0,4	01:39,45,2,0	NA:0,27,24,0	22:61,4,36,0	33:60,2,0,52	11:7,86,2,1	33:56,0,8,51	00:91,14,0,0	33:3,0,0,52	33:0,6,0,112
3_115	36	00:48,0,0,27	13:4,59,0,37	03:48,0,0,36	03:66,2,4,16	00:120,0,0,0	00:64,0,0,21	00:78,0,0,22	00:106,25,0,0	01:25,27,0,12	00:66,0,0,13	03:57,0,0,0	00:50,0,13,0	13:2,36,0,21	00:46,17,0,0	01:54,22,0,0	00:77,0,0,0	00:66,0,0,27	02:72,0,69,1	03:54,28,2,7	00:84,0,0,2	22:6,21,59,0	00:77,14,0,0	00:69,0,0,0	11:0,40,0,9	00:82,0,0,0	00:71,0,23,0	00:62,0,13,0	01:62,45,29,0	00:40,0,32,0	03:9,0,0,57	00:66,11,0,0	00:96,0,15,0	03:54,15,3,0	13:0,26,0,50	03:67,0,0,75	23:0,0,88,0	00:71,0,0,0	01:74,25,0,0	00:46,0,17,0	00:55,0,0,11	02:77,0,21,0	01:18,16,0,32	01:73,14,0,0	00:80,3,0,0	33:0,0,0,77	00:74,0,27,0	00:42,12,0,13	00:59,0,0,0	00:76,0,0,0	00:113,0,0,3	33:29,0,0,50	00:76,0,0,0	33:0,0,0,103	03:65,0,24,9	00:90,0,0,0	02:57,0,12,2	03:55,0,0,21	03:68,0,0,24	02:78,0,18,0	00:82,0,0,0	03:30,3,0,51	00:83,0,0,17	01:91,22,0,0	00:45,14,0,0	13:16,18,12,5	00:77,0,2,0	00:30,3,0,25	03:20,0,0,40	11:1,65,1,0	03:26,0,0,65	03:87,0,0,31	02:59,0,24,4	00:54,0,0,17	00:59,21,0,0	02:74,0,20,0	01:37,14,18,0	03:26,17,0,45	02:57,0,64,0	00:49,0,0,20	02:47,0,84,0	03:94,0,0,35	03:49,0,0,32	23:27,0,35,7	02:15,0,20,7	03:56,0,0,34	00:64,0,0,0	02:51,0,30,0	03:81,0,0,19	23:39,0,16,15	00:64,0,5,0	00:19,0,16,0	03:61,0,0,14	00:74,26,0,0	03:13,0,0,73	00:44,11,0,3	33:20,0,0,68	03:49,0,1,40	12:37,42,37,22	00:62,17,0,6	00:23,0,0,42	00:72,0,0,0	00:133,0,0,0	03:39,11,5,17	00:103,26,0,0	33:20,0,0,49	00:50,0,19,0	03:38,0,0,29	33:8,0,0,52	02:84,0,26,0	00:61,5,6,0	03:39,19,0,0	01:49,57,5,0	03:96,0,0,17	12:6,19,52,0	00:99,0,0,0	00:80,0,0,18	01:87,16,0,2	23:38,0,26,19	03:62,0,1,45	00:152,0,0,0	03:81,0,0,26	01:48,12,22,0	00:65,0,0,15	23:0,0,18,63	00:114,0,0,0	00:73,0,27,0	33:1,0,0,102	00:96,0,0,0	00:69,0,0,0	01:48,16,0,28	00:96,0,0,0	12:0,37,71,0	03:94,0,0,21	00:69,2,26,0	02:35,0,39,0	22:0,6,126,0	03:87,0,4,14	00:56,4,0,49	03:66,0,0,53	12:0,50,63,0	22:0,0,90,2	22:0,0,79,0	00:56,0,0,15	33:0,39,0,115	02:78,3,29,0	03:14,0,0,82	23:45,4,16,14	00:77,0,0,0	00:97,0,0,3	02:29,38,23,0	00:93,0,0,1	33:2,0,2,63	00:110,0,0,0	03:46,51,0,29	00:92,4,4,0	03:20,0,0,80	02:24,0,18,33	03:34,0,0,52	00:46,0,0,27	00:66,3,0,17	00:33,17,0,12	03:49,0,22,12	03:53,0,0,13	00:44,0,26,27	00:57,0,0,0	03:74,0,0,0	13:40,15,0,34	11:13,47,0,0	00:105,0,0,0	01:67,14,3,22	00:51,1,8,2	00:21,0,28,2	03:79,4,0,11	00:101,0,0,2	00:38,0,0,0	22:35,0,71,0	00:77,0,0,0	13:1,14,0,48	00:90,1,0,2	01:72,0,1,0	00:45,0,0,51	02:36,18,10,0	11:3,56,0,0	00:47,33,1,6	03:84,0,0,41	00:71,0,0,0	02:53,0,32,0	00:56,0,0,13	02:33,15,7,0	01:44,19,2,0	00:109,0,0,0	01:47,11,0,0	01:18,30,0,11	00:106,0,0,2	03:40,0,0,34	23:0,0,17,72	01:86,48,0,0	12:2,80,14,0	03:41,15,2,10	00:74,0,11,0	01:57,24,11,0	33:0,1,0,131	11:17,50,3,0	01:32,57,0,0	00:57,0,0,14	01:45,72,0,0	00:73,0,0,8	00:75,0,0,6	00:78,0,0,2	33:2,0,0,72	02:61,0,17,0	00:90,0,0,0	03:43,3,0,34	01:34,23,0,14	00:52,2,0,0	00:110,0,0,0	00:109,0,0,0	00:68,0,17,0	33:31,0,0,44	00:85,0,0,0	33:0,0,3,115	00:94,0,0,0	00:45,47,0,0	00:55,0,0,41	02:53,0,10,2	01:55,28,0,0	02:57,0,18,0	00:40,0,40,0	02:102,0,0,0	13:0,18,0,48	00:47,10,51,0	11:0,60,3,0	00:77,105,7,0	01:88,23,0,3	03:19,6,41,26	00:53,0,44,2	01:23,80,0,0	03:12,0,0,42	33:0,62,0,59
1_116	79	03:36,0,0,22	11:0,81,0,16	33:0,0,7,63	01:34,10,1,0	00:60,0,0,2	00:21,10,0,11	00:87,0,0,0	00:55,21,0,0	01:17,39,0,0	03:13,0,0,20	00:43,0,0,0	03:15,0,0,20	03:20,0,0,21	00:50,8,0,0	02:12,0,21,0	00:40,0,0,8	03:16,0,0,22	03:85,0,0,37	01:17,37,0,0	00:79,0,0,0	12:0,30,14,0	03:16,0,13,24	03:21,0,0,25	11:0,26,15,0	03:34,0,0,35	00:36,11,5,0	00:33,14,0,2	00:83,0,0,0	00:41,0,8,0	03:11,0,16,30	13:29,18,0,14	01:37,26,0,0	01:47,19,0,0	33:14,0,0,48	23:29,17,28,29	23:0,18,34,12	00:33,14,0,0	03:53,0,0,24	00:32,0,0,0	00:32,0,0,14	00:55,0,0,14	03:7,0,0,31	01:19,10,0,23	00:47,0,0,10	13:11,13,0,11	01:20,41,18,0	03:20,0,0,20	00:45,0,0,0	00:59,0,0,0	00:58,0,0,0	03:13,0,0,23	00:43,0,0,2	13:14,5,0,15	01:70,18,0,0	02:49,0,6,0	01:24,24,0,0	00:79,0,0,0	00:94,0,0,0	00:44,3,0,0	03:18,20,17,19	33:0,0,0,66	00:87,0,0,0	02:37,21,26,0	00:25,0,0,0	01:28,14,0,0	00:28,0,0,4	03:35,0,0,36	00:32,7,0,0	11:0,31,15,0	03:45,0,0,34	00:59,0,0,0	03:38,0,0,19	02:15,0,11,0	01:30,26,20,2	03:26,0,0,78	00:38,5,0,0	00:57,0,0,0	00:40,0,38,0	00:48,0,0,0	00:41,21,0,0	03:53,0,0,46	03:59,0,0,13	00:52,1,0,0	00:39,0,0,5	00:43,2,15,0	01:23,9,0,2	03:21,0,0,32	00:54,0,15,0	00:42,0,0,0	02:22,0,49,0	00:32,0,0,0	00:43,0,0,17	01:50,9,0,0	33:0,0,0,64	02:25,0,9,0	00:71,0,0,0	00:48,0,0,13	03:32,0,27,50	00:72,0,1,0	00:36,0,0,10	00:26,0,0,11	00:61,0,0,23	01:23,19,7,0	00:68,0,0,29	33:1,0,24,18	00:52,0,1,0	03:21,0,0,24	33:0,2,0,33	02:73,0,19,0	01:43,17,0,0	00:54,0,0,13	01:26,39,0,0	00:59,0,22,0	02:21,1,19,0	00:64,0,0,0	02:29,0,13,1	11:20,61,0,0	00:73,0,0,1	13:45,13,0,21	00:101,0,0,0	03:26,0,0,59	00:42,1,0,0	03:27,0,0,8	03:15,0,2,43	00:77,0,0,1	02:35,0,19,0	33:5,0,0,74	00:31,0,15,19	00:40,1,0,0	03:47,0,0,7	00:32,0,0,0	22:1,1,58,0	03:65,0,0,26	00:84,0,0,13	02:18,0,46,1	22:0,0,94,0	00:76,0,0,0	01:27,47,0,0	00:71,0,0,36	12:0,30,43,3	12:10,19,18,0	22:0,1,66,0	00:56,0,0,0	23:0,2,22,61	02:42,0,52,0	33:0,24,0,62	33:13,2,15,33	00:42,0,0,3	00:78,1,0,0	00:38,0,15,0	02:28,0,20,8	33:0,14,0,37	02:26,0,11,20	03:47,0,0,14	00:58,0,0,4	33:24,0,0,23	22:0,0,53,0	03:38,0,0,43	33:31,0,0,23	13:26,11,0,16	00:21,0,0,0	00:31,0,0,0	00:20,0,0,35	00:53,0,31,0	02:20,0,6,0	03:34,0,0,12	01:32,44,0,1	01:26,7,0,14	00:89,0,0,0	01:39,11,0,0	01:15,7,4,0	00:15,0,0,15	03:32,0,5,10	00:68,1,0,0	00:38,0,0,4	22:0,17,52,0	00:48,32,0,0	33:0,0,4,30	13:6,15,0,16	00:39,0,11,0	13:1,28,0,28	00:19,14,0,0	11:12,36,0,0	00:61,0,0,0	00:82,0,0,1	03:41,0,0,13	00:37,0,1,0	00:50,0,0,0	01:25,6,0,0	00:44,0,0,0	02:35,0,10,0	00:37,0,0,0	11:2,35,0,0	00:55,0,0,28	00:68,0,0,3	33:1,13,0,56	33:22,0,0,57	00:33,0,5,10	03:37,0,0,8	00:55,0,0,1	00:30,0,24,0	00:54,0,1,21	13:0,37,0,33	33:0,40,0,39	03:3,0,9,6	03:44,0,1,11	00:47,2,0,0	00:56,0,0,1	00:41,0,1,15	23:0,0,9,29	00:53,0,0,0	03:42,0,0,12	00:28,0,0,12	02:33,0,19,0	00:37,0,3,1	00:95,0,0,0	00:77,0,0,2	00:69,0,0,0	03:29,0,0,9	03:43,0,0,13	33:0,0,0,75	00:68,0,4,1	02:42,0,11,0	00:54,0,0,15	03:35,0,0,7	03:26,0,0,12	03:49,0,0,13	03:39,0,0,19	02:41,0,22,0	01:16,23,0,12	03:51,0,0,20	13:5,18,0,24	00:81,0,0,1	00:83,0,0,0	00:45,22,0,0	02:28,0,32,4	01:65,17,0,0	03:29,0,0,10	03:14,0,0,67
3_116	68	03:88,0,0,71	03:32,40,0,77	33:0,0,0,80	00:94,0,30,0	00:115,0,0,41	02:115,0,23,0	00:124,0,0,32	01:112,31,0,0	11:27,107,0,0	03:49,0,0,29	00:92,0,0,25	01:62,27,0,0	03:80,0,0,24	00:104,0,0,0	00:80,0,0,25	00:108,0,0,0	00:90,0,0,0	03:83,0,0,75	12:40,29,57,0	00:139,0,0,0	22:28,0,106,0	01:126,41,0,0	00:126,0,0,0	13:0,65,0,28	00:149,0,0,0	02:89,0,34,0	03:30,31,0,74	00:181,0,0,0	00:91,0,0,41	03:104,0,0,46	03:67,0,0,65	01:37,44,46,25	03:120,0,0,23	33:0,0,0,106	33:51,1,0,161	22:0,0,142,1	01:60,45,33,0	22:52,0,69,0	00:129,0,0,0	33:79,0,0,86	00:115,0,0,0	33:0,0,0,153	13:52,58,0,37	03:115,0,0,36	33:0,0,20,83	01:135,45,0,0	03:49,24,0,24	01:57,40,0,28	00:78,0,0,29	03:92,0,0,21	33:31,0,0,61	03:84,0,0,25	33:0,0,0,153	00:120,0,0,18	00:140,0,0,0	00:115,0,0,0	02:104,0,15,0	01:118,17,0,0	01:107,27,0,0	01:93,42,0,0	33:31,0,0,78	00:178,0,0,0	00:103,32,0,0	00:109,0,0,0	00:121,0,0,0	00:72,0,0,21	03:66,34,0,26	00:99,0,0,0	11:0,112,0,0	03:87,0,0,84	03:112,0,0,45	00:128,0,0,0	03:58,0,0,62	03:109,0,0,34	00:146,0,0,0	00:96,0,0,0	01:90,70,0,0	03:88,0,0,50	03:28,0,0,93	00:168,0,0,0	00:175,0,0,0	03:137,0,0,25	00:88,0,29,0	03:44,0,0,45	00:97,0,0,34	00:115,0,0,0	00:133,0,0,0	23:39,0,68,35	00:144,0,0,0	02:61,0,64,0	03:78,1,0,25	00:118,0,0,0	02:118,0,27,0	33:37,0,0,126	00:84,0,0,0	00:138,0,0,0	03:62,0,0,82	33:0,0,0,189	00:164,0,0,0	33:0,0,0,104	03:27,0,0,87	03:90,0,0,89	03:81,0,15,20	00:175,0,0,0	33:0,0,0,103	00:100,0,0,0	13:23,22,0,69	33:0,0,0,131	00:147,1,0,0	01:76,29,0,0	13:0,49,0,47	11:0,111,0,0	02:75,0,41,0	02:32,0,42,0	00:148,0,0,0	02:31,26,29,23	01:126,24,0,0	00:134,0,0,0	01:130,36,0,1	00:187,0,0,0	33:77,0,0,80	01:49,52,37,0	00:111,0,0,22	33:0,0,0,126	00:142,0,0,0	00:113,0,25,0	00:73,0,0,51	00:154,0,0,0	00:85,0,0,0	03:69,0,0,51	01:88,46,0,0	12:0,33,110,0	03:99,0,31,40	00:159,0,0,0	22:0,42,57,29	12:0,90,93,0	00:123,0,0,0	00:167,0,0,0	00:128,0,0,42	11:0,132,0,0	22:0,0,141,0	22:0,0,128,0	00:92,0,0,39	33:0,32,0,137	00:127,0,40,0	33:0,0,0,150	33:32,42,0,50	03:85,0,0,29	03:118,0,0,34	00:149,0,0,0	00:112,0,0,29	33:0,0,0,126	22:39,42,75,0	01:136,33,0,0	03:95,0,0,23	23:33,0,37,83	22:0,0,122,0	33:50,0,0,53	00:104,0,0,24	00:100,0,0,32	00:119,0,0,0	01:66,30,0,0	03:92,0,0,27	00:107,40,0,0	00:48,23,22,0	03:61,0,0,85	03:110,0,0,46	01:57,61,0,0	00:136,0,0,44	00:100,47,0,0	23:55,0,25,22	03:59,0,28,24	03:77,0,0,72	00:135,0,0,0	03:50,0,30,16	12:0,39,121,0	01:77,30,36,0	23:27,0,26,78	00:125,0,0,0	03:78,0,0,30	13:26,28,0,80	01:42,40,31,0	01:17,92,0,0	00:110,29,0,0	01:88,40,0,0	00:91,0,33,0	00:145,0,0,0	00:98,0,0,0	00:76,0,0,24	00:132,0,0,0	00:160,0,0,0	00:71,0,0,25	11:0,103,0,0	00:173,0,0,0	00:130,0,0,0	13:0,35,0,93	33:31,0,0,136	00:132,43,0,0	02:33,66,28,0	12:60,25,29,0	22:29,0,97,0	03:35,0,0,123	12:41,69,16,0	01:133,45,0,0	00:90,0,0,21	00:83,39,0,0	03:104,0,0,30	00:142,0,0,0	03:54,0,0,49	03:35,0,0,89	00:96,44,0,0	00:127,0,0,36	00:67,0,0,31	00:91,0,0,28	01:62,29,1,0	00:116,52,0,0	03:83,36,0,37	00:142,0,0,0	03:52,0,0,62	00:122,0,0,0	23:0,0,41,121	00:112,0,0,34	00:65,34,0,28	03:81,0,0,85	03:92,0,0,42	03:42,27,0,29	01:93,40,0,24	00:117,1,0,0	00:167,0,0,0	01:29,54,0,37	01:87,29,0,0	12:32,58,36,0	02:114,0,52,0	03:105,0,0,41	11:66,64,0,0	23:31,0,76,33	00:111,0,41,0	03:24,0,0,79	13:0,35,0,131
3_117	37	00:53,0,0,14	11:12,48,0,0	03:30,0,0,20	00:32,16,0,0	00:70,0,0,0	00:48,14,0,0	01:26,39,0,0	00:86,0,0,0	13:0,25,0,21	03:36,0,0,8	00:41,0,0,0	03:30,0,0,6	01:21,18,0,0	00:58,0,0,0	02:36,0,15,0	00:42,0,0,0	03:32,0,0,12	00:35,0,22,13	01:21,13,10,13	03:29,0,0,28	12:0,14,44,0	03:57,0,0,11	03:34,0,0,8	11:0,29,0,0	03:31,0,0,8	00:46,1,0,0	00:33,12,0,0	03:55,0,0,22	02:23,0,19,0	03:16,0,7,11	00:42,0,0,23	00:35,0,16,0	00:64,0,0,0	03:14,0,0,37	01:44,28,0,22	12:19,14,24,0	01:30,6,13,0	00:51,0,0,0	02:16,16,9,0	00:40,0,0,0	03:40,0,0,11	33:0,0,0,39	03:55,0,0,7	00:21,18,0,0	03:5,0,11,37	02:46,0,7,0	03:26,0,0,21	00:45,0,0,0	02:27,0,31,0	03:32,0,0,27	33:9,0,0,33	00:37,0,0,0	03:36,0,0,31	02:20,0,17,19	00:47,0,0,0	02:38,0,7,0	03:34,0,0,13	03:38,0,0,13	02:35,0,18,0	12:33,22,12,0	13:16,10,0,22	00:84,0,0,0	01:12,35,0,17	00:49,0,0,0	00:30,0,5,0	03:24,0,0,12	03:12,14,0,21	00:33,0,0,10	12:0,23,18,0	03:46,0,0,24	00:36,0,0,22	00:58,0,0,0	00:14,11,0,0	00:61,0,0,0	13:24,20,0,5	00:30,0,0,0	00:65,0,0,0	23:9,0,30,15	03:33,0,0,12	01:38,16,0,0	03:37,0,0,50	03:20,0,0,29	03:20,0,14,9	02:25,0,19,0	02:36,0,14,13	00:44,0,0,0	33:14,16,0,36	00:54,0,0,0	02:22,0,24,0	02:49,0,15,0	00:18,8,0,0	03:43,0,0,26	00:61,0,0,0	33:10,0,0,39	03:29,0,0,12	03:37,0,0,22	03:20,0,0,24	22:0,0,77,26	03:19,16,0,16	03:5,0,0,48	00:33,0,0,7	00:43,0,21,0	02:20,0,22,0	13:21,17,21,17	02:14,0,14,29	02:27,0,9,0	00:25,13,0,0	33:0,0,0,30	00:43,0,9,0	01:24,15,0,0	00:29,18,0,7	01:28,30,0,0	00:81,0,0,0	00:36,0,9,0	00:51,0,0,0	03:30,0,0,22	13:24,12,0,33	02:32,0,11,0	00:55,0,0,0	00:90,0,0,0	03:12,0,0,42	00:42,0,0,5	00:47,0,0,0	33:12,0,0,36	00:71,0,0,0	00:49,0,0,0	33:0,0,12,38	02:46,0,11,0	00:28,0,0,0	00:57,0,0,0	00:45,0,0,0	22:0,0,68,0	03:16,0,0,47	00:69,0,0,0	01:20,22,7,0	22:0,8,66,0	03:24,0,0,17	00:68,0,0,0	03:33,0,0,34	11:0,59,0,0	02:15,0,31,0	22:0,0,40,0	03:37,0,0,22	23:0,11,32,20	00:58,0,0,0	13:24,21,0,20	33:0,5,0,45	02:41,0,9,0	00:32,20,0,0	00:41,0,0,0	01:53,16,0,0	33:0,0,0,54	00:27,0,32,0	00:81,0,0,0	03:55,0,0,2	03:11,0,0,75	03:8,0,16,34	33:0,0,0,45	00:17,0,0,18	00:26,19,0,0	00:28,0,0,0	00:29,0,0,0	00:44,0,0,0	12:39,24,15,0	01:21,15,0,0	33:25,0,0,27	00:40,0,0,13	11:0,33,0,0	03:50,0,0,20	00:47,0,0,0	03:27,0,0,17	00:36,0,0,8	00:43,5,0,0	00:57,0,0,0	02:18,0,11,0	02:5,0,52,0	00:24,15,0,0	03:12,0,0,21	03:32,0,0,19	00:44,0,0,0	03:24,0,0,39	23:10,0,8,7	12:0,14,17,12	00:61,0,0,0	00:70,0,0,0	02:30,0,6,0	00:25,19,0,0	00:38,0,0,0	03:20,0,0,9	01:37,10,0,0	00:43,0,15,0	03:24,0,0,8	01:11,33,0,0	00:52,0,0,0	03:18,0,0,17	23:0,0,25,47	33:24,0,0,43	00:60,0,0,0	11:0,26,19,0	01:15,14,19,0	22:0,0,50,0	33:0,0,0,53	13:0,40,0,9	01:50,13,0,0	03:39,0,0,7	01:33,31,0,0	00:38,0,0,25	00:67,0,0,0	03:19,0,0,27	33:24,0,0,33	12:18,19,29,0	03:60,0,0,20	00:21,0,0,0	23:9,0,12,15	00:18,19,0,0	01:56,31,0,0	01:19,20,0,23	00:63,0,0,0	33:9,0,0,31	00:45,0,0,0	33:0,0,25,50	03:48,0,0,12	03:48,0,0,7	00:74,0,0,0	00:36,0,0,20	01:36,11,0,0	00:73,0,0,0	00:30,0,0,0	00:47,0,0,0	03:13,30,0,7	00:26,29,0,0	01:12,14,19,0	00:48,0,32,0	00:38,0,0,6	01:14,32,0,0	00:35,0,0,23	33:13,0,0,31	23:5,0,15,29	33:0,0,0,63
3_118	71	03:27,0,0,29	12:0,31,14,0	13:0,6,0,22	00:30,0,0,0	00:48,0,0,0	03:18,10,0,5	03:14,0,0,30	03:19,2,0,8	13:0,18,0,17	03:17,0,6,6	33:7,0,0,27	02:2,0,11,0	00:6,0,0,4	03:22,0,0,10	01:8,22,0,0	00:27,8,0,0	00:37,0,0,0	03:21,0,19,15	11:16,16,0,0	00:30,0,0,0	22:6,0,17,9	03:31,8,0,5	00:43,0,0,0	12:0,15,4,8	03:36,0,0,11	01:15,1,6,0	02:26,0,6,7	00:44,0,0,0	02:31,0,10,0	03:8,0,0,15	00:41,0,0,0	02:36,0,7,0	00:40,0,0,0	03:13,0,0,20	03:12,0,0,38	11:0,36,8,0	01:14,12,0,0	22:13,0,27,14	00:24,3,0,0	03:16,0,0,15	11:16,8,0,0	33:0,0,13,21	03:18,0,0,12	01:14,4,0,8	33:0,0,0,37	01:32,10,8,0	03:12,0,5,4	00:36,0,0,0	13:14,6,0,9	03:21,0,0,12	03:7,0,7,17	03:6,0,0,12	00:23,0,0,18	03:20,0,0,10	00:31,0,0,0	01:21,6,0,0	00:30,0,3,0	00:35,5,0,0	01:23,12,0,0	01:29,3,8,0	33:9,0,0,22	00:43,0,0,14	02:30,0,6,0	00:27,0,0,0	01:21,9,0,0	03:12,0,0,8	00:25,0,0,0	03:13,0,0,12	01:16,11,0,0	13:18,19,0,26	00:46,0,0,0	00:40,0,0,0	02:7,0,14,6	03:29,0,0,13	00:40,0,0,0	00:28,0,0,0	00:33,10,0,0	03:28,0,7,10	03:15,0,7,13	01:31,10,0,0	00:37,0,0,14	03:31,0,0,12	12:6,14,20,0	00:21,0,0,0	01:23,11,0,3	00:35,0,0,0	00:44,0,0,0	13:12,6,0,8	02:23,0,10,0	00:38,0,0,0	00:33,0,0,0	00:28,0,0,0	11:13,17,0,14	03:21,0,0,20	00:26,0,0,0	00:49,0,0,0	00:43,0,0,0	02:21,0,14,12	00:34,0,9,0	13:5,6,0,13	03:11,0,0,19	00:51,0,0,0	01:10,8,14,0	00:52,0,0,0	33:0,0,0,33	02:23,0,3,0	33:5,0,0,13	02:6,0,18,8	01:36,8,0,0	00:27,0,0,0	00:17,6,0,0	11:0,23,20,0	00:23,0,10,0	01:14,17,3,0	00:30,0,0,0	00:15,0,0,17	00:42,0,0,0	01:15,9,0,0	23:13,0,0,16	00:63,0,0,0	13:7,8,0,19	00:21,14,0,0	01:14,5,0,0	33:0,0,11,30	00:47,0,0,0	02:26,0,33,0	00:21,0,0,7	00:33,14,0,0	03:18,0,0,4	02:16,0,8,7	00:33,0,0,0	22:0,0,40,0	00:41,0,0,0	03:24,0,0,7	00:37,0,0,0	22:0,14,34,0	01:17,9,0,0	00:40,0,0,14	13:0,10,0,45	11:0,46,0,0	12:0,4,27,0	22:0,12,21,0	00:32,0,0,0	03:16,16,0,16	00:50,0,0,0	33:10,0,0,35	33:0,0,0,30	00:26,0,0,0	00:33,0,0,0	00:31,0,15,0	00:38,0,14,0	33:0,0,0,31	00:36,0,0,0	00:36,0,0,10	00:43,0,0,0	00:35,0,0,0	22:0,0,41,0	13:0,3,0,18	00:37,0,0,0	00:37,0,0,0	01:20,7,0,0	03:22,0,0,1	33:18,0,0,14	00:36,0,0,0	00:32,0,0,0	33:0,0,0,44	33:18,0,0,30	11:0,38,0,0	01:36,5,0,0	03:26,0,0,10	03:28,0,0,9	03:12,0,0,8	03:17,0,0,18	00:23,0,0,0	03:18,0,0,7	22:0,0,46,0	03:14,0,8,17	23:0,0,11,23	03:9,9,0,14	00:21,0,0,9	03:21,0,0,21	03:3,0,12,6	12:13,15,8,0	01:23,22,0,0	03:28,6,0,12	03:18,0,6,2	00:49,0,0,0	11:11,24,0,0	33:19,0,0,8	00:33,0,0,0	00:35,0,0,15	01:20,6,0,0	13:0,19,0,4	00:34,17,0,0	00:31,0,0,0	33:0,0,0,34	03:35,0,0,14	00:40,0,0,0	00:8,3,0,10	00:25,0,0,0	12:11,5,16,0	33:11,0,0,33	11:0,32,0,10	11:4,23,0,18	03:18,0,0,5	00:15,4,0,8	00:31,0,0,0	00:32,0,0,0	03:29,0,0,1	00:14,0,7,8	01:23,3,14,0	00:30,0,0,7	23:23,0,11,9	02:4,0,21,0	02:25,0,3,0	00:44,0,0,0	00:53,0,0,0	00:52,0,0,0	03:14,0,0,24	03:20,0,0,1	33:0,0,0,39	00:47,0,0,0	00:35,0,0,0	03:25,0,0,9	00:22,0,0,7	03:27,0,0,9	00:22,0,0,9	00:34,0,0,0	00:51,0,0,0	13:0,28,0,6	02:12,5,4,0	11:0,49,0,0	00:49,0,0,0	00:45,0,0,0	01:27,24,0,0	22:7,0,23,0	11:22,17,0,0	33:4,0,0,13	33:0,0,0,49
3_119	48	00:58,0,0,0	13:0,27,0,52	33:0,0,0,44	00:48,0,0,0	00:59,0,0,0	22:26,0,27,0	03:67,0,0,14	01:59,20,0,0	11:21,34,0,0	03:31,0,0,9	NA:50,0,0,0	22:20,0,25,0	00:28,0,0,28	00:56,0,0,0	00:32,22,0,0	03:14,0,12,12	NA:71,0,0,0	00:86,0,0,29	01:65,9,0,0	01:36,44,0,0	NA:0,0,58,0	00:86,0,0,0	00:69,0,0,0	11:0,35,0,0	00:54,0,0,0	00:48,17,0,0	00:50,0,0,0	33:24,21,0,47	02:50,0,0,0	00:45,0,0,0	00:62,0,0,0	00:103,0,0,0	00:82,0,0,0	23:0,0,14,44	23:46,2,26,28	NA:0,14,52,0	00:54,0,0,0	00:49,0,0,0	00:27,0,0,0	33:22,0,0,19	03:62,0,0,13	00:50,12,0,0	00:56,0,0,0	00:32,0,0,0	33:0,0,0,46	00:81,0,0,0	00:28,0,0,0	00:43,0,4,0	13:28,12,0,5	NA:27,0,0,47	03:26,0,0,38	00:37,0,0,0	NA:0,0,0,35	00:89,0,0,0	00:51,0,20,0	11:0,21,24,0	02:58,0,9,0	01:70,13,0,0	NA:30,0,0,15	11:68,19,0,0	33:17,0,0,32	02:76,0,20,0	01:39,24,0,0	00:24,5,0,0	00:26,0,0,0	00:32,0,0,0	03:25,0,0,14	00:15,0,10,8	12:0,48,20,0	03:18,0,0,63	02:42,0,10,0	NA:50,0,0,18	01:25,10,0,0	00:57,0,0,11	00:71,0,0,0	03:23,0,0,26	00:46,0,0,8	12:0,14,65,0	11:39,9,0,0	00:61,0,0,20	03:41,0,0,45	33:0,0,0,53	00:42,0,0,0	33:28,0,0,12	00:68,0,0,12	00:18,13,0,0	03:17,0,0,25	02:17,0,13,30	11:24,5,21,0	03:61,0,0,20	33:15,0,0,6	00:51,0,0,0	00:44,0,0,12	33:0,0,22,33	00:21,0,0,16	00:48,0,0,13	00:30,0,0,23	00:35,0,50,17	00:62,0,0,0	33:13,25,0,38	00:38,0,10,0	00:45,0,0,27	03:41,0,0,22	03:58,0,0,10	03:10,20,0,26	00:25,0,6,0	00:35,0,0,5	33:0,0,0,43	00:72,0,0,0	11:21,9,12,0	03:36,0,0,21	NA:0,77,0,0	02:71,0,24,0	02:21,0,18,16	NA:47,0,15,0	03:11,0,0,30	11:12,59,0,0	00:55,0,7,0	00:89,0,0,0	00:83,0,0,23	00:32,0,0,33	00:55,0,0,0	00:59,0,0,0	33:41,0,0,33	00:37,22,7,0	22:15,0,26,21	33:17,0,0,47	00:43,0,0,17	00:20,9,0,0	00:53,0,0,20	00:60,0,0,0	12:0,17,64,0	00:73,0,0,0	03:74,0,0,30	00:40,0,0,14	02:26,0,63,0	13:31,17,0,25	00:108,0,0,0	33:89,0,0,27	12:0,65,28,0	22:0,0,57,0	NA:18,14,34,0	00:50,0,0,0	00:69,0,0,47	00:94,0,0,0	23:16,0,13,42	33:18,0,0,53	00:40,19,0,0	00:70,0,0,0	02:23,0,26,0	00:72,0,0,0	33:0,0,0,65	00:61,0,22,0	00:73,39,0,27	00:37,0,0,24	00:48,0,0,52	23:0,0,47,14	33:17,0,0,54	00:54,0,0,22	00:76,0,0,0	00:61,0,0,0	NA:23,16,17,6	00:30,0,0,29	00:88,0,0,0	00:25,0,0,0	33:59,0,0,19	11:25,41,0,21	13:0,40,0,20	00:91,0,0,0	02:36,17,18,0	00:40,0,0,0	00:39,0,0,0	23:27,0,6,33	00:57,20,0,0	00:27,0,0,0	02:20,25,29,0	02:41,0,22,0	33:0,11,8,21	NA:27,0,0,22	33:27,0,0,3	23:14,0,8,34	22:0,0,52,10	NA:0,10,0,23	11:47,41,0,0	00:87,0,0,0	22:23,0,11,18	00:38,0,0,0	00:22,0,10,0	NA:11,7,3,14	NA:42,0,12,0	00:49,0,0,27	00:23,5,0,0	NA:0,34,0,0	01:48,24,0,0	00:51,0,0,0	33:0,17,9,37	03:73,0,0,13	00:17,0,35,14	00:70,0,0,0	00:44,0,0,10	02:16,0,13,20	33:35,0,13,16	NA:19,32,0,16	00:25,19,14,0	03:34,0,0,18	23:17,0,39,17	00:48,14,0,0	33:15,0,0,26	33:0,0,20,40	03:21,0,10,13	NA:43,19,0,0	03:28,0,17,10	03:19,0,0,14	12:24,17,13,0	NA:35,0,0,12	00:87,0,28,0	00:62,0,33,0	00:38,0,19,13	13:7,12,10,4	00:14,16,0,40	33:0,0,0,71	00:58,0,0,18	00:39,0,0,12	02:45,16,20,0	33:38,0,0,14	00:36,7,0,0	01:51,10,0,0	00:22,18,0,18	00:47,0,0,22	23:0,8,16,5	11:20,28,16,0	11:0,42,0,0	00:81,0,0,29	01:71,28,0,0	11:12,26,21,0	22:17,0,53,0	01:32,15,0,0	NA:18,10,0,0	13:18,32,0,44
3_121	57	00:50,6,0,11	13:0,58,0,24	33:13,0,0,45	00:39,0,3,12	00:38,0,7,8	NA:34,0,11,0	00:92,0,0,0	00:69,0,0,0	11:3,46,2,0	00:40,0,0,0	00:41,0,0,0	02:26,0,12,0	33:1,10,0,27	00:41,0,24,0	00:39,11,0,0	NA:27,10,20,10	00:61,0,0,0	33:43,0,10,43	11:31,9,8,7	01:32,21,7,1	22:9,0,57,0	00:76,0,0,0	00:82,0,0,0	NA:0,38,0,0	00:56,0,0,0	01:36,10,0,4	00:52,3,0,0	01:69,26,0,0	00:50,0,0,0	00:38,0,8,4	00:48,0,0,4	00:71,0,5,0	00:58,0,0,11	NA:26,3,2,31	00:79,0,0,32	NA:17,17,52,0	NA:53,0,8,0	00:67,0,0,9	NA:26,14,1,0	00:47,0,0,12	00:63,0,1,0	00:40,0,0,30	00:48,14,20,0	22:12,14,18,0	NA:13,0,0,31	00:90,0,0,0	NA:26,0,0,9	NA:35,0,9,0	NA:33,11,5,0	03:28,0,0,35	00:5,3,0,26	00:55,0,0,0	33:24,0,0,38	00:63,0,0,2	03:26,0,0,30	NA:44,0,14,0	00:69,0,2,0	00:75,2,0,0	03:21,0,0,10	00:47,18,0,0	33:13,0,5,36	00:80,0,0,0	01:40,20,0,12	00:26,0,5,1	00:15,0,1,10	NA:50,0,0,0	33:6,0,0,28	33:0,0,6,29	11:0,60,0,0	33:35,0,0,44	00:25,0,0,29	00:69,0,0,0	NA:13,9,0,12	00:53,0,0,7	00:65,12,0,0	13:23,13,0,10	02:43,0,15,9	22:18,0,45,0	00:58,0,0,0	00:63,9,0,0	33:39,0,0,61	33:1,5,0,44	00:49,9,0,0	00:38,0,5,0	00:68,0,0,7	00:30,14,0,4	00:34,15,0,8	00:46,0,0,0	22:21,0,37,0	00:62,0,12,0	00:17,3,0,0	00:56,0,0,12	00:81,0,0,0	NA:22,0,0,25	00:41,0,0,8	00:54,6,0,0	33:30,8,11,31	01:39,28,24,13	NA:39,29,5,0	00:20,0,0,35	00:28,0,0,6	00:96,0,11,0	00:34,0,0,0	00:75,0,11,0	33:18,0,0,41	00:44,0,0,0	00:33,6,0,5	33:8,0,18,21	NA:52,0,6,0	12:16,15,13,0	01:14,21,0,8	NA:10,27,16,4	22:55,13,16,0	NA:39,0,5,0	00:41,24,0,0	00:24,0,5,16	01:51,20,0,8	00:44,0,0,0	22:47,0,15,0	00:94,0,0,0	00:49,0,0,14	00:57,0,0,8	NA:54,0,0,0	NA:29,0,0,30	00:44,0,0,7	00:43,0,4,0	03:19,0,13,27	NA:46,0,0,0	02:30,2,3,0	00:44,0,0,32	NA:43,0,0,11	22:0,0,69,0	33:29,4,0,31	00:64,0,0,1	00:15,0,43,0	22:0,13,69,0	03:23,10,0,49	00:79,0,0,0	00:44,0,0,28	12:0,49,16,0	22:0,0,62,0	22:0,13,37,0	00:54,0,0,0	NA:0,0,33,69	00:84,0,0,0	03:16,0,0,35	33:0,0,0,52	11:17,16,0,28	00:86,0,0,0	02:23,3,15,0	00:63,0,0,3	NA:0,11,0,43	00:64,0,0,0	00:90,0,0,13	NA:52,0,0,0	03:46,0,0,25	22:24,2,30,0	33:0,0,0,61	22:28,0,17,23	00:65,11,0,0	NA:17,0,0,25	03:26,2,0,20	22:29,0,13,0	33:49,0,0,16	NA:26,0,1,0	NA:65,0,0,0	03:29,22,0,38	11:1,31,0,23	03:77,0,0,25	NA:49,0,17,0	03:20,0,1,16	00:40,0,0,5	33:34,0,2,14	NA:68,0,1,0	03:4,8,0,11	02:11,0,38,0	33:35,16,0,10	33:11,0,0,24	11:0,19,24,24	22:12,0,6,0	33:9,0,0,51	00:36,8,0,0	33:0,16,0,9	00:71,1,0,0	00:56,0,0,14	NA:57,0,0,11	NA:35,0,0,0	00:25,5,0,0	00:30,2,0,0	02:36,0,26,0	NA:58,23,0,0	00:22,0,6,0	11:0,23,0,0	03:67,0,0,20	NA:48,0,0,0	33:0,0,21,49	02:27,0,38,12	01:54,17,0,0	33:47,0,0,20	NA:41,5,1,0	22:0,0,62,0	03:23,0,0,57	11:0,59,12,0	01:28,58,0,0	22:47,0,8,0	00:42,1,0,21	NA:26,9,0,18	00:44,0,0,0	00:54,0,0,0	13:0,6,10,36	00:45,0,22,0	03:40,0,10,12	33:7,0,0,23	NA:3,0,24,0	NA:31,0,0,3	00:74,0,0,0	33:16,0,0,68	33:25,0,6,29	NA:0,0,3,17	03:36,0,0,27	33:12,0,0,65	22:41,0,23,0	00:63,0,0,0	33:54,0,0,27	00:59,0,0,1	NA:50,0,0,12	00:33,7,8,0	00:53,3,0,0	00:76,0,0,0	13:0,22,0,15	00:58,0,0,0	00:5,28,0,0	00:60,0,2,0	00:74,0,0,0	11:1,60,2,0	03:50,0,0,16	00:45,1,0,0	00:38,0,0,0	33:9,0,0,51
4_121	38	00:0,0,0,0	01:0,0,0,0	33:0,0,0,0	01:0,0,0,0	00:1,0,0,0	00:0,0,0,0	00:1,0,0,0	02:0,0,0,0	11:0,0,0,0	03:0,0,0,0	00:0,0,0,0	NA:1,0,0,0	03:0,0,0,1	00:0,0,0,0	12:0,0,0,0	00:0,0,0,0	00:0,0,0,0	00:0,0,0,0	11:0,1,0,0	03:0,0,0,0	23:0,0,0,0	03:1,0,0,1	22:0,0,0,0	13:0,0,0,0	03:0,0,0,0	22:1,0,0,0	02:0,0,0,0	23:0,0,0,0	02:0,0,0,0	03:0,0,0,0	00:0,0,0,0	00:0,0,0,0	03:0,0,0,0	03:0,0,0,0	00:0,0,0,0	23:0,0,0,0	01:0,0,0,0	02:1,0,0,0	01:0,0,0,0	00:0,0,0,0	11:0,0,0,0	33:0,0,0,0	00:0,0,0,0	00:0,0,0,0	33:0,0,0,0	22:0,0,0,0	03:0,0,0,0	03:0,0,0,1	03:0,0,0,0	00:0,0,0,0	33:0,0,0,0	00:0,0,0,0	33:0,0,0,0	00:1,0,0,0	00:0,0,0,0	03:0,0,0,0	00:0,0,0,0	00:0,0,0,0	00:0,0,0,0	00:0,0,0,0	33:0,0,0,0	00:0,0,0,0	02:0,0,0,0	00:0,0,0,0	00:0,0,0,0	23:0,0,0,0	00:0,0,0,0	01:0,0,0,0	01:0,0,0,0	03:0,0,0,0	02:0,0,0,0	03:0,0,0,0	00:0,0,0,0	00:0,0,0,0	01:0,0,0,0	00:0,0,0,0	00:0,0,0,0	13:0,0,0,0	33:0,0,0,0	00:0,0,0,0	03:0,0,0,0	03:0,0,0,0	33:0,0,0,0	02:0,0,0,0	00:0,0,0,0	00:0,0,0,0	33:0,0,0,0	00:0,0,0,0	00:0,0,0,0	00:0,0,0,0	00:1,0,0,0	00:0,0,0,0	03:0,0,0,0	33:0,0,0,1	NA:0,0,0,0	03:0,0,0,0	00:0,0,0,0	03:0,0,0,0	02:0,0,0,0	03:0,0,0,0	00:0,0,0,0	00:0,0,0,0	02:0,0,0,0	03:0,0,0,0	33:0,0,0,0	00:0,0,0,0	03:0,0,0,0	23:0,0,0,0	00:0,0,0,0	00:0,0,0,0	01:0,0,0,0	13:0,0,0,0	01:0,0,0,0	01:0,0,0,0	00:0,0,0,0	00:0,0,0,0	11:0,0,0,0	00:0,0,0,0	00:0,0,0,0	00:0,0,0,0	33:0,0,0,0	01:0,0,0,0	00:0,0,0,0	33:0,0,0,0	00:0,0,0,0	00:0,0,0,0	03:0,0,0,0	00:0,0,0,0	02:0,0,0,0	03:0,0,0,0	00:0,0,0,0	12:0,1,1,0	03:0,0,0,0	00:0,0,0,0	00:0,0,0,0	22:0,0,0,0	00:0,0,0,0	00:0,0,0,0	00:0,0,0,0	22:0,0,0,0	23:0,0,0,0	22:0,0,0,0	00:0,0,0,0	03:0,0,0,0	00:0,0,0,0	13:0,1,0,1	33:0,0,1,0	00:0,0,0,0	00:0,0,0,0	02:0,0,0,0	03:0,0,0,0	33:0,0,0,0	22:0,0,0,0	00:0,0,0,0	00:0,0,0,0	00:0,0,0,0	23:0,0,0,0	33:0,0,0,0	01:0,0,0,0	00:0,0,0,0	00:0,0,0,0	00:1,0,0,0	00:0,0,0,0	00:1,0,0,0	00:0,0,0,0	00:0,0,0,0	00:1,0,0,0	11:0,0,0,0	02:0,0,0,0	00:0,0,0,0	01:0,0,0,0	03:0,0,0,0	03:0,0,0,0	00:0,0,0,0	00:1,0,0,0	22:0,0,0,0	00:0,0,0,0	33:0,0,0,0	00:0,0,0,0	00:0,0,0,0	03:0,0,0,0	00:0,0,0,0	11:0,0,0,0	00:0,0,0,0	03:0,0,0,0	00:0,0,0,0	02:0,0,0,0	01:0,0,0,0	01:0,0,0,0	01:0,0,0,0	03:0,0,0,1	00:0,0,0,0	13:0,0,0,0	00:0,0,0,0	03:0,0,0,0	03:0,0,0,2	03:0,0,0,0	00:0,0,0,0	00:0,0,0,0	01:0,0,0,0	22:0,0,0,0	23:0,0,0,0	NA:0,0,0,0	01:0,0,0,0	03:0,0,0,0	23:0,0,0,0	00:1,0,0,0	03:0,0,0,0	00:0,0,0,0	03:0,0,0,0	00:0,0,0,0	00:1,0,0,0	33:0,0,0,1	02:0,0,0,0	00:0,0,0,0	00:0,0,0,0	03:0,0,0,1	03:0,0,0,0	33:0,0,0,0	03:0,0,0,0	33:0,0,0,0	02:0,0,0,0	03:0,0,0,0	03:0,0,0,0	00:0,0,0,0	00:0,0,0,0	00:0,0,0,0	00:0,0,0,0	00:0,0,0,0	00:0,0,0,0	02:0,0,0,0	11:0,0,0,0	00:0,0,0,0	00:0,0,0,0	01:0,0,0,0	02:0,0,0,0	01:0,0,0,0	00:0,0,0,0	02:0,0,0,0
2_122	58	00:65,0,0,54	11:39,67,0,11	33:0,0,0,70	00:42,20,17,0	00:96,0,0,18	02:78,0,14,3	00:132,0,0,0	00:82,4,0,0	01:46,59,0,0	00:129,0,0,4	00:110,0,0,0	02:54,0,17,0	33:17,0,0,63	22:51,0,52,2	01:32,54,0,0	00:77,0,0,0	00:90,0,0,1	02:101,0,38,33	33:0,25,14,30	00:89,0,2,30	22:28,0,77,0	00:126,0,0,4	00:117,0,2,0	11:0,80,0,2	00:132,0,0,0	01:61,17,0,0	00:88,0,1,3	03:51,33,0,32	00:115,0,29,0	03:37,0,0,58	00:110,0,0,0	00:122,0,0,0	03:86,0,0,28	23:0,32,21,42	03:84,0,0,106	22:1,0,96,0	00:98,0,0,1	00:77,31,0,4	02:41,1,40,0	00:95,0,0,3	03:32,0,23,37	33:27,0,0,79	00:86,31,0,2	01:90,24,0,0	33:0,0,0,101	00:148,0,0,4	01:66,20,3,0	00:78,0,0,0	03:58,0,0,25	03:89,0,0,17	33:0,0,0,64	00:45,24,0,3	01:57,4,0,24	00:96,0,0,19	00:84,0,0,0	02:47,3,44,0	00:79,0,0,17	00:88,0,0,22	00:99,0,27,0	01:84,23,0,0	03:22,0,0,63	00:112,0,0,19	01:71,23,0,0	00:80,0,0,0	02:45,0,17,14	00:81,4,0,0	03:106,0,0,21	00:70,0,0,0	01:35,57,0,29	00:141,2,0,0	03:78,0,0,97	00:103,0,0,0	00:81,0,0,23	01:86,27,0,4	03:56,0,36,20	01:59,23,0,20	00:76,0,0,22	02:87,0,59,0	13:66,19,0,22	01:57,31,47,0	03:102,0,0,33	33:31,0,0,60	00:81,0,0,17	13:49,27,0,9	00:75,26,0,0	12:21,35,36,39	03:58,23,0,25	01:56,41,0,0	02:66,20,22,0	03:87,0,0,27	03:57,0,0,17	00:110,0,0,0	01:79,40,0,20	13:0,22,0,100	00:85,0,0,0	03:89,0,0,33	03:100,0,0,35	23:0,0,87,61	00:146,0,0,0	03:16,0,13,54	00:79,0,0,0	03:92,0,0,39	03:61,0,0,23	03:61,0,0,75	33:0,0,0,107	00:72,20,0,38	02:51,0,11,17	33:18,0,0,65	00:107,1,0,0	11:79,15,0,0	02:24,23,24,18	11:0,94,0,0	00:92,0,2,32	02:72,0,10,0	00:78,0,0,25	03:53,0,25,16	13:66,21,0,57	00:93,0,0,0	33:63,0,2,52	00:141,34,0,0	23:3,0,17,100	03:74,0,47,27	00:102,0,0,26	03:24,0,0,85	00:103,0,0,0	01:59,43,26,0	13:0,24,0,71	00:66,0,0,29	01:40,15,0,23	03:52,0,32,34	03:75,0,0,29	23:0,0,90,25	03:43,0,0,57	00:97,0,0,1	00:49,25,21,0	22:0,27,77,0	00:110,0,0,2	03:99,0,0,35	00:144,0,0,4	12:0,79,31,0	22:0,0,122,0	22:0,0,80,0	00:84,0,0,19	03:49,24,0,91	00:130,0,0,0	13:0,26,0,56	33:0,23,0,61	03:54,0,0,60	00:106,0,0,29	01:76,24,0,0	03:88,2,0,29	33:0,0,0,91	02:41,32,23,0	00:125,0,0,0	00:113,0,0,0	03:31,27,0,63	23:0,0,59,19	03:36,0,0,41	03:81,0,2,26	01:74,26,0,29	23:49,0,23,16	00:73,0,24,0	00:82,0,0,0	00:110,32,0,1	02:48,21,16,0	00:60,0,0,21	00:106,0,0,0	11:20,71,0,0	00:108,0,3,42	02:97,0,25,0	01:50,23,23,0	00:78,0,0,0	03:85,0,0,16	00:102,0,26,0	00:39,0,11,23	22:0,0,119,0	00:126,0,0,0	33:47,0,0,63	13:40,11,0,26	02:62,22,17,0	33:27,0,0,83	01:27,28,37,0	13:0,66,0,22	00:90,0,0,0	00:92,0,0,0	00:73,0,28,0	00:115,0,0,0	00:71,0,0,27	00:39,22,0,28	02:85,0,18,0	00:137,0,0,0	00:50,0,0,33	11:0,40,0,17	03:88,0,0,25	00:81,0,0,0	23:0,0,17,94	00:94,0,0,31	11:33,100,0,0	03:53,18,0,30	00:54,0,21,0	22:0,0,80,0	33:0,0,0,122	11:0,97,0,0	01:80,43,0,0	00:83,0,0,0	00:89,30,0,0	03:47,0,0,47	11:69,30,0,0	03:45,0,0,29	33:30,0,0,95	00:67,0,25,0	00:129,0,0,0	33:27,0,0,57	03:55,0,30,24	00:54,15,0,0	00:109,0,0,0	00:80,0,0,36	00:103,0,0,0	33:14,0,0,91	03:76,0,0,21	03:46,0,43,50	00:110,0,0,0	00:115,0,0,0	00:124,0,0,0	00:108,0,0,43	01:59,24,0,0	23:54,0,23,39	01:44,14,20,0	00:138,0,0,0	11:0,106,0,22	00:42,31,10,0	11:0,62,23,0	00:74,39,46,0	03:46,0,0,67	01:52,52,29,0	01:17,31,34,32	01:47,66,0,0	00:47,0,0,42	33:0,37,0,102
3_122	74	13:22,30,0,39	13:0,64,0,17	33:21,0,0,40	00:59,0,0,0	00:66,20,0,0	00:41,0,0,0	01:16,24,18,22	00:69,0,16,0	13:0,32,14,16	00:52,0,0,16	00:30,15,0,18	00:31,0,11,0	11:0,24,0,7	00:36,12,0,0	00:45,0,0,0	00:30,0,0,7	00:83,0,0,0	03:64,0,0,32	00:37,31,0,0	23:14,0,21,31	02:18,0,45,0	00:79,0,0,0	00:49,13,0,0	11:0,23,0,0	00:43,0,0,17	00:24,12,0,0	00:55,18,0,0	13:57,26,0,17	02:55,0,13,0	00:44,0,0,18	00:80,0,0,0	00:65,0,13,0	00:66,0,0,21	33:0,0,15,46	03:26,0,0,85	22:0,0,31,12	00:24,9,0,0	00:66,0,18,0	12:16,9,3,0	03:33,0,0,14	00:49,0,0,0	03:49,0,0,27	01:32,13,0,0	01:4,27,0,15	33:0,0,0,75	00:32,0,16,0	00:23,10,0,10	00:48,0,0,0	02:38,0,15,0	03:66,0,0,13	13:0,13,10,18	00:28,0,17,0	03:55,0,1,40	02:21,0,34,14	00:49,0,0,0	02:35,0,11,0	03:44,0,0,12	03:47,0,0,13	02:34,0,7,0	01:43,51,0,0	13:0,16,0,53	00:67,26,0,0	00:55,0,0,0	02:32,9,13,0	00:33,0,0,0	00:69,0,0,0	00:38,0,0,0	03:20,11,0,7	22:0,22,19,0	03:35,0,0,40	00:28,0,0,19	00:66,0,0,0	00:35,0,0,0	03:30,17,0,8	01:25,26,0,21	00:44,0,0,0	00:66,0,0,0	03:44,15,0,19	03:28,0,0,28	00:50,19,0,0	03:37,0,0,36	33:17,0,0,33	03:46,0,0,13	02:54,0,26,0	00:91,0,0,0	03:38,0,0,10	03:69,0,0,17	00:53,0,0,0	02:30,0,12,11	00:50,0,0,16	00:30,0,0,9	00:48,0,0,0	00:68,0,0,0	33:14,0,0,48	03:40,0,0,10	13:35,11,0,22	13:38,16,0,23	22:18,0,50,42	23:33,0,17,15	00:35,0,0,44	00:43,0,0,0	00:57,0,0,24	00:31,10,0,0	01:56,16,0,0	00:30,0,0,13	02:37,0,33,0	00:63,0,13,0	33:0,0,0,55	00:37,0,0,63	01:24,12,0,14	00:58,0,0,0	00:32,34,0,0	00:100,0,0,0	00:45,0,0,8	00:46,0,0,18	03:17,0,0,56	03:63,16,0,14	00:26,0,21,0	00:84,0,0,0	00:105,0,0,0	03:20,0,0,68	00:69,20,0,0	00:64,0,0,0	33:0,0,0,83	00:90,0,0,0	00:43,0,0,0	33:21,0,0,58	00:47,0,0,0	02:24,0,9,0	00:36,0,0,55	00:49,0,0,20	12:0,37,47,0	33:18,22,0,54	00:60,0,0,8	02:39,0,17,21	22:0,0,77,0	03:70,0,0,14	00:73,0,18,0	03:39,0,0,19	12:0,83,16,0	22:0,0,76,0	12:0,7,24,0	00:51,0,0,0	22:0,0,50,60	00:95,0,0,0	00:27,0,0,30	33:0,0,0,70	01:24,10,0,14	01:62,30,0,0	02:41,24,16,0	00:34,0,0,44	33:0,0,0,62	02:17,0,23,0	00:90,0,0,0	02:26,0,21,20	00:71,0,0,0	22:0,0,51,0	13:10,9,0,32	01:62,19,0,0	00:41,15,0,0	00:49,0,1,11	01:29,27,0,20	03:28,0,0,21	03:58,0,0,12	00:40,0,6,0	03:61,0,0,21	00:55,0,0,0	11:0,56,0,16	01:44,13,0,0	02:60,0,25,0	00:46,10,0,0	02:18,0,23,16	00:48,0,0,19	00:113,0,0,0	00:52,0,0,0	22:0,0,52,0	33:4,14,0,16	NA:11,0,0,37	03:30,14,0,16	03:21,0,7,9	33:0,0,0,69	22:36,19,17,0	11:0,18,0,17	00:76,0,0,0	01:61,14,0,0	02:49,0,15,0	01:19,25,0,0	03:32,0,0,12	00:49,0,0,0	00:48,0,12,0	03:42,0,0,9	00:26,0,0,0	13:0,34,0,13	00:63,0,0,21	00:26,0,0,0	33:0,0,0,42	03:60,0,0,11	00:59,19,0,0	00:69,0,26,0	03:24,0,19,14	02:7,0,47,0	00:43,0,0,35	11:0,77,0,0	01:45,30,0,0	00:51,0,0,0	00:65,0,0,0	33:16,0,0,42	00:77,0,0,0	03:15,0,0,44	03:18,0,0,24	01:44,15,0,0	03:74,0,0,20	33:0,0,0,29	00:31,0,0,3	00:43,13,0,0	03:87,0,0,29	00:77,0,0,19	00:72,0,0,0	33:3,0,0,30	00:48,0,0,10	33:0,0,21,59	00:104,0,0,0	03:54,0,0,27	00:50,0,0,0	13:43,23,0,30	03:34,0,12,11	00:52,23,0,0	33:12,0,11,30	02:89,0,20,0	00:35,16,28,0	03:55,0,0,14	13:0,29,0,5	00:53,24,0,0	00:95,0,0,0	01:14,49,0,0	02:29,0,46,0	03:46,0,0,8	33:0,0,0,45	03:38,0,0,57
2_123	30	03:65,0,0,26	33:0,12,0,68	33:0,0,0,54	00:66,10,0,0	00:107,0,0,0	00:88,0,0,0	03:72,0,0,23	01:82,16,0,0	01:20,52,0,0	13:47,24,0,21	00:83,0,0,0	01:30,17,18,0	00:21,0,0,42	00:72,0,13,0	00:40,18,0,7	00:94,0,0,0	00:71,0,0,0	00:102,0,0,0	11:0,55,0,0	00:79,0,1,0	02:34,0,58,0	01:85,19,0,0	00:90,0,0,0	33:0,32,0,34	00:111,0,0,0	02:66,0,17,0	03:68,0,0,20	00:71,0,0,13	00:92,0,0,9	33:3,0,0,70	00:114,0,0,0	01:71,9,0,0	00:44,0,26,16	33:0,0,0,78	33:21,0,0,100	22:0,0,75,0	13:49,16,0,29	02:70,0,15,0	00:50,11,19,0	03:81,0,0,25	00:86,0,0,0	33:0,0,0,85	03:86,0,0,13	13:10,55,0,23	33:0,0,30,37	01:88,21,0,0	03:41,0,0,22	01:59,26,0,9	00:40,0,17,10	03:44,0,0,32	03:29,0,0,32	03:49,0,0,17	33:17,0,0,76	00:87,0,0,16	00:60,0,0,21	00:71,0,0,0	00:77,0,18,0	00:86,23,0,0	01:53,13,0,16	01:64,40,0,0	33:54,0,0,38	02:72,0,29,0	00:50,37,0,0	03:56,0,0,27	01:50,21,0,0	00:48,0,18,2	03:28,21,0,32	00:39,0,0,10	11:0,78,0,0	03:76,0,0,38	33:63,0,0,78	00:87,0,0,0	03:69,0,0,28	03:55,0,0,46	03:58,0,0,29	00:78,0,0,0	00:62,0,0,24	02:80,0,16,0	03:39,0,0,57	01:99,11,0,0	00:121,0,0,0	03:31,24,0,25	01:48,13,27,0	03:38,0,18,17	01:48,20,0,22	03:50,0,0,14	01:69,13,0,0	00:102,0,1,0	02:48,0,49,0	00:72,0,27,0	02:51,0,31,0	00:63,0,21,0	00:124,0,0,0	03:44,1,0,56	00:71,0,0,0	00:80,0,10,0	00:66,0,0,18	03:56,0,1,66	01:67,24,0,0	03:18,0,0,47	00:35,0,0,22	00:128,0,0,0	00:65,0,25,0	00:95,16,0,1	03:21,0,0,68	00:63,0,0,0	00:49,0,0,30	01:24,15,0,38	00:65,0,0,18	01:75,23,0,0	00:65,3,0,0	12:20,52,25,19	22:35,21,37,0	00:65,0,5,0	02:56,0,10,0	33:24,0,0,37	11:41,67,18,0	00:73,0,0,0	03:47,0,0,26	00:119,0,0,0	33:33,0,0,72	03:59,17,0,13	03:78,0,0,14	33:3,0,0,96	00:91,0,0,0	00:87,0,0,0	03:38,1,0,58	00:94,0,0,0	00:45,1,36,0	01:85,17,0,0	00:76,16,0,0	22:0,0,101,2	03:101,0,0,22	01:64,24,4,3	02:31,0,36,0	02:29,7,69,0	03:54,0,0,19	00:97,0,0,2	33:40,0,0,59	11:0,63,20,0	02:14,0,63,9	02:17,0,46,0	03:60,0,0,23	13:0,32,0,69	00:83,18,0,0	33:0,0,0,88	03:38,0,0,60	01:70,31,0,0	00:121,0,0,0	22:24,1,68,0	03:69,10,0,13	33:0,0,0,72	02:43,0,52,0	00:86,0,0,0	00:96,0,14,0	13:3,33,0,81	23:0,0,53,36	03:56,0,0,25	03:53,0,6,23	00:80,0,0,23	03:52,0,0,18	00:76,0,0,0	00:83,0,0,0	02:64,0,29,0	00:60,0,6,0	00:48,0,0,28	03:81,0,0,23	00:9,52,0,14	00:100,0,0,2	33:40,0,0,34	33:2,0,0,98	00:63,0,0,0	03:66,0,0,16	00:97,0,1,13	00:61,0,0,3	22:23,0,63,3	00:90,4,0,0	03:38,0,0,46	03:33,0,0,50	00:87,8,0,0	00:54,0,0,46	12:18,14,15,26	01:20,37,22,0	03:65,9,0,20	00:99,0,0,0	02:55,0,16,0	00:87,0,0,0	00:68,5,0,0	00:66,0,0,0	00:66,16,0,0	00:55,21,23,0	00:48,0,18,17	11:10,49,0,0	00:104,0,0,0	00:48,0,0,14	33:0,0,27,78	00:55,0,18,39	00:93,1,0,0	00:65,23,0,0	03:44,18,0,22	12:7,21,68,0	03:16,0,0,80	11:4,72,0,15	11:19,80,0,0	01:44,22,0,26	03:61,0,0,24	00:85,0,0,0	00:78,12,0,0	03:62,0,0,34	33:0,0,0,72	00:63,26,0,0	00:87,0,0,26	00:66,0,0,16	03:33,0,0,38	03:54,0,0,34	03:42,25,0,22	00:78,18,0,8	00:69,0,0,0	13:6,17,0,63	33:35,0,0,33	03:18,0,0,74	00:57,0,0,29	02:31,3,19,19	00:88,0,0,1	00:69,4,0,0	01:39,33,0,6	03:80,0,0,12	03:67,0,0,33	00:101,0,10,1	11:9,46,0,14	00:86,0,0,5	11:23,43,0,2	02:79,0,29,0	13:51,25,0,15	00:73,0,0,0	01:75,17,0,0	01:73,28,0,10	03:17,0,6,53	03:42,0,0,74
4_123	60	03:22,0,0,61	11:0,38,10,25	NA:0,0,0,58	00:80,0,0,0	00:88,0,0,0	00:92,0,0,0	03:75,0,0,21	00:59,30,0,0	11:0,68,0,0	01:58,0,0,27	00:77,14,0,0	02:13,21,8,0	13:32,18,0,20	00:74,0,0,0	01:38,34,0,0	01:33,10,7,0	00:37,0,9,0	00:128,0,0,0	00:41,17,0,12	01:41,26,0,0	22:0,0,82,0	00:65,30,0,0	00:75,0,0,0	11:0,38,0,23	03:71,0,0,17	00:47,0,23,0	NA:25,22,0,23	01:58,29,0,0	00:84,0,0,0	23:0,0,15,49	00:63,0,27,0	03:40,17,0,18	00:84,0,0,0	33:0,0,0,79	33:15,0,0,111	02:16,0,50,0	00:38,30,0,9	NA:34,0,52,0	00:53,0,12,0	11:44,24,0,29	00:59,0,0,0	33:0,0,0,92	00:53,0,0,28	NA:31,16,0,23	33:0,0,0,87	00:72,34,0,0	00:27,0,13,19	00:31,32,0,0	01:45,14,0,0	02:49,17,20,0	03:12,0,0,41	00:45,0,0,21	33:0,0,9,47	03:66,0,0,15	03:42,0,0,29	00:83,1,0,0	00:75,0,0,0	00:92,0,0,0	00:70,17,0,0	00:21,74,0,0	03:22,0,0,34	01:105,35,0,0	00:79,0,0,0	00:33,0,0,13	33:25,0,17,15	03:40,0,0,23	00:62,0,0,32	03:29,0,0,21	11:21,41,0,0	03:66,0,16,32	00:72,0,0,26	00:96,0,0,0	11:45,14,0,0	11:29,49,0,44	00:76,0,0,0	00:93,0,0,0	00:101,0,0,0	00:60,0,35,0	00:79,0,0,0	00:60,29,0,0	03:76,0,0,37	13:28,11,0,38	00:41,35,0,0	02:21,0,18,24	00:61,0,0,13	00:82,0,0,0	00:62,0,0,25	00:60,9,0,0	02:33,0,49,0	02:83,0,21,0	00:56,0,0,0	00:76,0,0,0	00:98,0,0,0	NA:20,0,0,73	00:45,0,0,23	00:60,0,0,39	03:36,0,0,62	02:47,0,74,17	02:36,0,24,30	33:0,0,0,70	NA:57,0,0,9	00:119,0,0,0	01:34,17,9,0	01:44,60,0,0	33:23,0,0,40	00:41,0,33,0	03:63,0,0,13	02:25,0,23,41	00:97,0,0,0	00:29,25,20,0	00:36,28,0,0	12:26,41,27,0	00:95,0,0,0	00:42,0,32,0	00:79,0,0,0	00:28,0,0,27	00:88,0,0,0	NA:66,0,0,0	00:74,0,0,0	00:160,0,0,0	03:57,0,0,24	03:89,0,0,12	00:101,0,0,0	33:0,0,0,74	00:79,0,0,0	01:35,19,23,0	33:0,0,0,59	02:67,0,13,0	02:36,0,25,0	03:55,0,0,52	03:54,0,0,20	12:0,25,82,0	03:31,0,0,75	00:74,0,0,0	22:26,0,34,0	12:0,43,53,0	03:46,0,0,46	00:105,0,0,0	00:116,0,0,0	11:0,61,17,0	22:0,0,83,0	22:0,18,41,0	00:84,0,0,0	33:0,0,36,90	00:108,0,0,0	03:58,0,0,47	33:0,0,0,69	33:15,17,0,36	00:39,0,0,45	22:38,0,38,0	00:89,0,0,0	33:0,0,0,79	00:62,0,14,0	03:92,0,0,28	00:76,0,0,0	13:56,13,0,25	22:0,0,61,0	33:0,26,0,49	00:74,0,0,0	33:66,0,0,23	00:46,0,0,0	22:69,0,27,0	00:70,0,0,0	00:92,0,0,27	00:39,0,0,21	00:83,0,0,0	03:59,0,0,20	01:17,45,0,0	00:54,33,29,0	00:57,0,21,0	02:35,23,16,0	00:49,0,0,0	00:64,0,0,18	02:61,0,20,0	00:43,0,0,11	11:0,26,72,0	03:40,0,0,41	00:67,0,0,24	03:51,0,0,11	01:44,13,0,0	03:35,0,0,25	02:43,21,11,0	NA:0,73,0,0	00:83,0,0,0	00:60,0,0,19	00:57,0,0,20	01:30,45,22,0	00:49,0,0,20	00:68,0,0,0	00:42,19,0,0	01:87,31,0,0	02:56,0,30,0	NA:15,18,0,16	11:77,33,0,0	00:41,0,0,16	33:0,0,22,64	23:44,0,18,20	00:93,0,0,0	00:83,0,0,0	00:40,0,0,19	12:25,18,35,0	33:21,0,0,64	12:0,72,13,0	01:68,52,0,0	03:41,0,0,12	23:16,0,15,45	NA:49,0,0,18	00:73,0,0,0	00:44,0,0,34	33:0,0,0,93	00:58,19,0,0	00:95,0,0,0	03:22,0,0,68	33:13,0,0,24	00:65,0,0,0	00:94,0,0,0	33:48,0,0,48	03:66,0,0,26	33:0,0,0,76	03:55,0,0,32	03:32,0,0,89	02:66,0,30,0	00:76,0,0,0	03:48,0,0,44	00:70,24,0,0	00:29,0,0,42	02:55,22,32,0	01:32,21,0,17	00:77,0,26,0	NA:49,41,0,0	00:57,0,0,18	11:0,47,0,19	03:100,0,0,22	00:93,0,0,0	01:38,43,0,0	00:79,0,15,0	00:65,31,0,0	03:62,0,0,10	33:25,0,0,94
2_125	24	00:88,6,0,0	13:0,68,0,32	03:22,0,0,33	00:48,0,0,17	00:98,0,0,0	03:37,0,15,22	00:123,0,0,0	02:67,25,27,0	11:0,97,0,0	03:24,27,0,34	03:30,0,0,36	02:9,0,59,0	03:29,21,0,14	00:89,0,0,18	11:17,53,0,26	00:77,0,0,0	00:86,20,0,0	00:114,16,0,0	11:30,44,0,0	00:117,0,0,0	23:0,0,78,29	03:79,0,20,13	02:73,0,15,0	13:0,48,11,9	00:73,0,0,18	02:49,9,12,0	02:22,32,13,19	03:85,0,21,0	00:103,0,0,0	33:28,0,0,57	00:59,0,0,41	00:62,0,26,0	02:61,0,19,0	33:0,0,0,56	03:108,0,0,48	22:0,0,74,32	01:25,26,17,0	02:74,0,21,0	02:40,15,23,0	00:77,0,0,24	01:71,25,0,0	33:0,0,0,106	00:88,0,0,12	00:101,0,0,0	33:0,0,26,48	02:71,0,14,14	03:36,0,0,38	03:56,0,0,30	03:50,0,0,28	00:95,0,0,0	33:28,0,16,32	01:68,0,0,0	33:0,0,0,111	03:79,0,0,21	00:76,20,0,0	03:54,0,0,22	00:114,0,0,0	00:128,0,0,0	00:98,0,0,0	00:65,16,0,0	33:38,0,0,61	03:139,0,1,0	02:28,49,16,0	00:75,0,0,0	03:64,0,0,0	02:13,0,16,21	00:77,32,0,0	00:56,20,0,0	11:20,53,0,0	03:78,0,0,50	02:108,0,26,0	33:75,0,0,20	00:92,0,0,0	03:100,0,0,22	01:85,23,0,0	03:74,0,0,0	00:91,0,0,0	02:57,0,20,0	00:64,0,0,21	02:81,0,47,0	03:69,0,0,70	33:27,0,0,72	00:59,0,25,0	00:63,0,0,0	00:75,0,0,27	00:78,0,0,0	03:99,0,0,21	00:75,14,0,0	00:79,24,0,0	00:87,0,0,0	22:60,0,33,0	00:91,0,0,0	03:47,0,0,22	33:35,0,0,57	00:78,0,0,0	03:74,0,0,6	00:86,0,0,0	33:0,0,0,134	02:123,0,13,0	03:11,0,7,55	00:40,0,0,21	03:88,0,0,35	00:59,0,32,0	00:126,0,0,0	03:0,0,0,75	00:71,19,0,0	03:48,0,0,36	23:18,0,18,68	01:112,0,0,0	00:97,0,0,0	01:29,43,0,15	11:0,84,0,0	02:111,0,0,0	01:31,14,19,0	00:75,0,0,0	00:52,0,0,20	11:47,62,0,0	03:77,0,0,0	03:109,0,0,0	03:122,0,0,20	03:71,21,0,19	00:100,0,0,0	01:51,11,15,0	23:0,0,17,63	00:74,0,0,15	00:44,8,28,0	33:0,0,0,97	02:54,20,27,0	00:66,0,0,9	03:71,0,0,27	00:96,0,0,0	22:0,0,83,0	03:73,0,0,55	00:138,0,0,0	03:27,0,18,15	12:0,39,89,0	02:73,0,0,21	01:77,16,0,23	00:79,0,0,39	12:0,51,37,0	12:0,20,74,0	12:0,27,53,0	00:99,0,0,0	23:0,0,29,101	02:92,0,16,0	33:0,0,0,96	33:57,0,0,46	01:34,20,0,20	00:86,0,0,20	03:53,19,0,17	00:65,0,0,22	33:0,0,0,80	02:0,0,107,0	01:47,55,0,0	33:50,0,0,40	02:50,0,25,28	02:0,0,65,23	33:0,0,0,76	00:66,20,0,0	03:80,0,0,19	01:35,22,0,0	00:27,0,21,16	03:65,0,0,23	00:99,0,0,0	02:38,0,15,18	00:77,0,0,0	03:70,0,0,30	11:1,65,0,0	00:104,0,23,0	01:88,0,0,0	00:31,13,0,17	00:58,0,0,0	00:62,0,0,12	01:82,17,0,0	00:74,0,0,0	12:0,43,42,0	03:55,50,0,0	33:28,0,0,65	03:78,0,0,18	00:67,0,0,0	03:44,0,0,41	02:48,20,0,0	03:19,24,0,44	01:72,12,0,0	02:40,0,0,52	01:68,0,0,0	03:24,0,49,27	01:58,17,0,0	01:71,19,0,0	03:11,14,26,19	03:59,0,0,36	00:60,0,0,0	13:12,24,0,12	00:93,0,0,25	02:45,0,0,32	33:26,0,0,78	00:113,0,0,0	00:93,0,0,0	00:73,0,0,18	00:70,23,0,0	22:0,0,65,0	33:0,0,0,113	01:0,93,0,0	01:90,23,0,0	01:71,0,0,0	03:21,14,0,44	00:69,0,0,0	03:76,0,0,14	03:52,0,0,42	33:0,0,0,90	00:111,0,0,0	00:100,0,0,0	03:27,0,0,90	02:38,0,0,13	00:54,0,0,0	03:104,0,0,21	01:27,14,0,47	00:58,0,0,24	33:0,0,0,86	03:41,0,0,44	33:24,0,0,80	03:46,0,30,0	00:83,0,0,0	00:77,0,0,36	03:63,0,0,23	01:37,48,0,0	00:70,0,0,26	01:35,20,0,0	00:94,0,0,0	11:0,68,0,30	00:93,0,0,0	11:0,88,0,0	00:106,0,0,0	03:27,0,0,55	12:22,53,13,0	00:62,20,0,38	01:62,51,0,0	03:28,0,0,35	33:0,0,0,118
4_125	97	03:75,0,0,87	02:63,67,42,25	33:0,0,0,102	01:62,38,28,0	00:132,0,0,48	02:123,0,29,0	00:128,0,0,46	00:210,0,0,0	11:16,122,0,0	00:100,0,0,0	00:92,0,0,34	03:107,0,0,0	33:60,0,0,66	12:129,0,39,0	00:55,34,0,33	00:140,0,0,0	00:157,0,0,0	00:164,0,0,50	01:105,32,28,0	03:83,0,0,53	22:35,0,105,0	00:197,0,0,0	00:155,0,0,0	12:0,63,40,0	01:131,46,0,0	01:106,29,0,0	01:68,29,0,36	00:201,0,0,0	03:49,0,30,81	NA:160,0,0,0	00:162,0,0,0	00:137,0,0,40	00:179,0,0,0	33:0,0,0,131	03:89,0,0,137	22:0,0,157,0	03:107,0,0,44	02:101,0,43,0	00:105,0,0,0	00:135,0,0,38	00:164,0,0,0	33:31,0,0,133	00:111,36,0,0	01:90,84,0,0	33:24,0,0,104	01:168,1,0,0	01:61,67,0,0	03:73,0,0,61	02:30,0,35,67	00:141,0,0,22	33:54,0,0,55	00:102,0,0,0	33:0,5,0,145	02:144,0,0,11	23:97,0,0,47	00:73,15,0,35	00:124,47,0,0	00:134,0,51,0	00:137,0,0,0	03:124,43,0,0	33:24,0,0,113	01:125,65,58,0	01:35,103,0,0	13:44,24,0,28	00:112,0,0,0	00:45,20,24,0	00:103,0,0,31	00:97,0,0,0	01:34,64,40,0	03:41,0,42,92	03:69,42,0,45	02:107,58,0,0	03:113,0,0,35	01:136,106,0,0	03:150,0,0,45	00:145,0,0,0	00:136,0,0,40	01:35,63,41,38	00:135,0,0,0	01:117,24,0,0	02:127,0,32,0	03:33,0,0,109	00:130,0,0,0	00:104,0,0,0	00:192,1,0,0	00:100,0,0,32	02:161,0,0,0	00:158,0,0,0	02:42,0,82,41	02:172,0,0,0	00:47,0,0,44	33:73,0,0,88	03:77,0,0,93	33:0,0,0,172	00:103,0,0,31	03:146,0,0,52	00:97,0,0,38	33:72,0,0,170	02:137,0,46,0	03:0,0,34,125	00:109,0,0,0	00:188,0,0,0	00:112,41,0,0	00:185,0,0,0	33:0,0,0,109	00:79,36,0,28	03:65,0,0,80	03:62,0,0,61	00:136,0,0,50	01:93,31,0,0	03:105,0,0,40	11:0,201,0,0	02:134,0,41,0	00:113,27,0,0	01:93,59,0,0	03:61,27,0,31	01:158,31,0,0	NA:155,0,0,0	02:137,0,46,0	03:183,0,0,48	01:70,50,0,41	01:144,38,0,0	02:100,0,45,0	23:0,0,32,124	03:141,0,0,56	01:125,40,0,0	03:81,0,0,81	01:109,43,0,0	03:23,0,27,81	33:87,0,0,85	00:140,0,0,0	12:0,44,127,0	03:0,0,116,89	00:202,0,0,0	00:134,0,0,37	22:51,50,100,0	00:108,0,0,36	00:160,0,0,46	03:101,0,0,104	11:0,169,0,0	22:0,0,158,0	22:29,0,102,0	03:137,0,0,0	23:0,51,65,100	00:136,0,43,0	03:41,0,0,104	33:36,0,0,98	00:136,0,0,0	01:119,57,0,0	02:125,0,29,0	00:113,0,0,41	23:28,0,47,76	00:84,0,47,50	00:174,0,0,41	01:115,33,0,0	03:77,0,0,93	12:0,39,104,0	03:32,0,0,126	02:123,1,27,0	03:126,0,0,34	00:96,0,0,0	00:120,0,0,0	02:80,0,37,35	00:135,0,46,0	00:135,0,0,0	00:103,0,0,43	03:152,0,0,41	11:31,112,0,0	00:213,0,0,0	00:165,1,0,0	11:0,24,36,81	00:84,0,0,26	03:156,0,0,0	03:123,0,0,39	00:40,21,0,15	02:89,40,40,0	01:81,83,0,0	33:0,0,42,99	00:88,0,0,86	00:129,0,0,0	33:0,39,0,116	03:47,36,0,60	13:19,20,32,35	00:167,0,0,0	00:181,0,0,0	02:138,0,0,0	01:113,30,0,0	00:103,0,0,0	00:126,0,0,0	00:131,29,0,0	00:102,0,42,0	00:116,0,0,0	11:30,79,0,0	00:170,0,0,0	00:81,0,0,33	33:0,43,54,95	03:88,0,0,92	01:141,0,1,0	03:33,38,28,38	02:74,38,46,0	02:80,0,69,0	33:51,0,0,145	11:0,76,0,89	01:52,130,0,0	00:57,0,0,62	00:172,0,0,0	03:103,0,0,30	00:164,0,0,0	33:44,0,0,99	00:96,0,0,33	00:114,52,0,0	00:117,0,0,49	23:24,0,23,34	03:102,0,0,34	01:93,26,0,0	00:160,41,0,0	03:103,49,0,40	00:114,0,27,0	33:53,0,0,61	00:171,0,0,0	33:0,0,0,164	00:136,0,0,32	13:36,42,0,93	00:191,0,0,0	00:168,0,0,0	00:112,41,0,0	01:114,48,0,0	03:111,0,0,29	03:103,48,0,50	13:0,35,31,63	00:86,0,0,68	11:30,94,0,0	00:236,0,0,0	00:186,0,0,0	01:92,79,0,0	00:204,0,0,0	00:56,0,47,73	03:25,0,32,58	03:42,0,0,131
3_126	22	01:67,17,0,0	11:0,71,0,12	33:17,0,0,36	00:80,0,0,0	00:63,43,0,0	01:72,9,0,0	00:27,12,76,0	22:43,0,71,0	01:22,51,0,16	03:45,0,0,47	00:40,0,0,32	00:31,0,40,0	33:0,12,0,45	11:10,37,19,0	11:27,42,0,0	01:55,7,0,0	00:88,0,0,0	00:110,0,0,0	13:8,32,0,15	00:77,0,0,15	22:0,0,67,0	00:88,0,0,0	02:52,36,12,0	12:0,65,7,0	00:68,0,0,34	01:36,23,0,0	01:55,15,0,0	00:87,0,0,21	00:84,0,10,0	33:15,0,0,63	00:106,0,0,0	03:40,0,35,22	00:74,0,0,0	33:0,1,0,84	33:16,0,0,108	22:0,0,36,35	00:46,33,0,0	23:5,0,67,15	02:45,0,53,0	22:54,0,17,21	00:78,0,0,0	12:1,24,18,34	03:76,0,0,9	03:42,0,0,46	33:0,0,0,84	02:52,0,47,0	00:45,0,0,28	00:71,0,0,0	03:27,0,19,21	03:47,0,0,14	03:21,0,21,17	00:54,0,29,0	23:42,0,35,28	23:0,0,70,19	00:76,0,0,0	00:65,1,6,0	00:90,0,0,5	00:103,0,0,6	00:92,0,10,0	00:60,50,0,0	03:25,12,0,42	03:114,0,0,11	01:64,30,0,0	00:67,0,0,0	12:42,23,9,0	00:69,0,0,0	03:135,0,0,12	NA:35,0,0,40	11:0,62,13,0	33:0,37,0,89	00:86,0,0,0	02:61,0,35,0	00:92,0,0,0	00:70,0,0,30	00:66,8,0,0	11:15,35,0,41	00:113,0,0,0	22:0,0,80,10	00:92,0,0,18	00:85,0,0,34	03:25,0,0,90	33:0,0,0,84	02:57,0,32,13	02:48,0,45,0	00:93,0,0,0	00:84,0,0,0	02:49,0,37,14	11:35,16,0,36	12:28,15,39,0	00:75,0,0,0	00:71,0,0,0	00:63,0,0,33	00:37,0,0,42	33:0,0,0,105	00:56,0,0,11	03:41,0,0,42	00:68,0,0,14	23:42,0,81,29	00:85,0,0,14	02:24,0,18,38	00:72,0,0,0	00:109,0,0,0	00:70,0,0,0	00:84,14,0,0	33:9,0,0,45	01:62,22,9,0	33:7,0,0,63	33:11,0,0,79	22:50,0,27,0	00:66,11,0,0	03:72,0,0,7	11:11,41,0,33	00:71,34,0,0	00:42,20,0,0	00:77,0,0,0	00:63,0,0,17	01:12,28,0,13	33:27,0,9,21	03:55,0,0,27	03:130,0,0,24	01:32,9,0,54	01:62,27,0,0	02:81,0,11,0	23:0,0,30,58	03:69,0,0,17	01:99,18,0,0	03:15,0,0,46	01:86,12,0,0	03:57,0,0,8	03:52,0,0,28	00:58,38,0,0	12:0,28,52,0	00:74,0,0,36	03:61,0,0,30	12:36,16,26,1	12:0,27,65,0	03:62,0,0,28	00:114,0,0,0	03:81,0,0,21	12:0,42,36,0	22:0,0,76,17	NA:0,0,51,0	03:65,0,0,18	13:0,24,0,76	00:75,25,0,0	33:0,0,0,81	13:18,11,0,40	00:77,0,0,0	00:105,0,0,0	02:48,0,55,0	01:76,23,0,0	33:0,0,0,81	01:73,21,0,0	00:124,0,0,0	00:59,0,20,0	33:0,0,0,77	22:0,0,62,5	00:16,0,0,53	02:67,0,21,0	00:98,0,0,0	00:57,0,0,0	00:91,0,0,0	00:55,0,37,0	01:44,23,0,39	11:35,16,22,0	33:64,0,0,39	00:70,0,0,28	11:0,70,0,0	03:59,0,0,48	00:79,0,0,0	03:22,0,0,71	00:66,0,0,0	00:103,0,0,0	00:84,0,1,21	23:6,0,27,23	22:37,0,65,0	01:43,26,0,23	03:41,0,0,46	03:50,0,0,44	01:31,21,0,27	00:22,0,0,60	00:72,0,23,0	11:0,75,0,0	01:34,22,0,16	00:98,0,0,0	02:57,0,13,0	00:92,0,0,0	11:62,23,1,0	03:59,0,0,17	00:93,0,0,0	00:85,0,0,0	33:48,0,0,16	11:0,38,0,16	00:81,0,0,0	00:56,0,0,0	33:0,0,0,86	33:40,0,1,55	00:89,0,17,0	01:77,21,0,0	NA:77,0,0,0	22:0,0,96,0	33:28,0,0,69	11:0,100,0,0	01:46,56,0,0	00:39,0,33,0	01:84,19,0,0	00:72,0,0,0	01:54,25,0,0	00:76,0,0,22	33:0,31,0,63	02:89,0,12,0	00:75,0,0,32	03:20,0,0,81	23:20,0,48,15	NA:70,0,0,0	00:102,0,0,0	03:35,0,0,64	00:79,0,0,0	33:19,0,0,75	00:67,0,0,0	33:0,0,0,95	00:110,0,0,0	00:71,0,0,0	00:71,0,0,35	00:97,0,0,0	00:40,0,0,22	00:109,0,0,0	01:35,30,0,0	00:112,0,0,0	11:0,72,0,15	01:65,15,0,0	11:23,38,0,0	00:112,0,0,0	03:34,0,0,53	01:30,63,0,0	00:46,0,49,0	00:87,0,0,0	00:80,0,0,0	33:0,0,0,79
4_126	37	00:88,0,0,38	13:0,46,0,67	33:0,0,0,92	00:77,0,34,0	00:107,0,0,37	01:74,25,0,0	00:148,0,0,0	00:169,0,0,0	01:65,24,0,0	03:65,0,0,36	00:115,0,0,0	03:42,0,0,30	03:56,0,0,24	00:111,0,0,0	12:32,44,21,0	00:104,0,0,0	03:82,0,0,50	00:116,0,0,44	01:51,29,34,0	00:120,0,1,0	12:0,32,81,0	03:97,0,0,23	03:86,0,0,28	11:0,67,0,0	03:95,0,0,42	00:112,0,0,0	00:63,26,0,0	00:133,0,0,0	00:96,0,0,0	03:63,0,0,28	00:74,0,0,30	00:58,0,29,0	00:126,0,0,0	03:32,0,0,40	01:117,57,0,0	12:0,28,72,0	01:33,39,45,0	00:114,0,0,0	00:95,0,0,0	00:117,0,0,0	03:72,0,0,36	13:0,38,0,52	03:79,0,0,21	00:99,0,0,0	03:32,0,40,35	02:113,0,37,0	03:45,0,0,11	00:118,0,0,0	00:102,0,0,0	00:126,0,0,0	33:33,0,0,59	00:95,0,0,0	03:41,0,0,85	00:113,0,0,27	02:80,0,28,0	02:69,0,26,0	00:129,0,0,0	00:147,0,0,0	00:112,0,0,0	02:97,0,32,0	33:49,0,0,68	00:162,0,0,0	01:51,78,0,0	00:87,0,0,0	00:79,0,0,0	03:47,0,0,24	03:42,38,1,29	03:53,0,0,25	11:0,87,0,0	03:85,0,0,46	00:165,0,0,0	03:81,0,0,46	00:105,0,0,0	03:92,0,0,40	03:75,0,0,29	00:78,0,0,0	00:117,0,0,0	22:44,0,93,0	00:69,0,0,29	01:71,34,0,0	00:128,0,0,0	03:87,0,0,27	00:68,0,30,0	00:78,0,0,0	02:29,0,41,35	00:77,0,0,0	03:40,0,0,70	03:83,0,0,43	02:69,0,31,0	02:72,0,53,0	00:77,0,0,0	03:34,0,38,48	00:119,0,0,0	23:0,0,37,94	00:81,0,0,0	00:75,0,43,0	00:96,0,0,54	23:0,0,35,130	00:114,0,0,0	00:70,0,0,18	00:58,0,0,27	03:98,0,0,64	02:44,0,61,0	03:51,44,0,25	12:0,18,46,50	00:77,0,0,0	00:56,0,0,25	33:0,0,0,92	00:93,0,0,33	02:100,0,27,0	00:132,0,0,0	11:67,70,0,0	00:142,0,0,0	00:112,0,0,0	02:80,0,30,0	03:52,0,16,26	11:0,86,39,25	00:109,0,0,0	00:116,0,17,0	03:153,0,0,49	03:23,0,0,110	00:58,23,0,0	00:103,0,0,0	03:33,0,0,81	02:99,0,21,0	03:118,0,0,27	03:77,0,0,50	02:83,0,24,0	01:63,28,0,0	00:139,0,0,22	00:52,38,11,0	22:0,0,125,0	00:111,0,0,30	00:120,37,0,0	22:27,0,74,0	22:0,0,148,0	00:54,0,0,43	00:159,0,0,0	03:38,0,0,101	11:0,136,0,0	22:24,0,73,0	22:21,0,71,0	00:103,0,0,0	33:0,0,0,149	00:118,0,0,0	33:0,0,0,131	33:0,33,0,95	03:51,0,0,49	00:131,0,0,0	00:113,0,0,0	00:123,0,0,0	33:0,0,0,117	02:45,0,71,0	00:153,0,0,0	00:136,0,0,0	03:112,0,0,47	22:27,0,57,29	03:30,0,0,72	00:68,0,0,36	03:47,0,0,49	00:77,0,0,0	00:60,0,25,0	00:95,0,0,0	00:144,0,0,0	03:48,26,0,11	00:112,0,0,0	03:26,32,0,81	11:0,105,0,0	02:127,0,24,0	00:112,0,0,0	13:38,19,0,32	00:80,0,0,0	03:98,0,0,24	00:118,0,0,0	00:60,30,0,0	22:0,0,116,0	01:67,29,0,0	33:53,0,0,52	00:89,0,29,0	00:84,0,0,0	03:23,0,0,103	00:94,0,0,0	13:0,47,19,21	00:117,0,0,0	03:110,0,0,19	00:89,27,0,0	12:32,60,24,0	00:93,0,0,0	00:69,15,0,0	01:85,25,0,0	00:95,24,0,0	00:31,0,26,17	11:0,58,0,20	00:174,0,0,0	00:105,0,0,0	33:0,0,0,126	01:34,39,27,36	01:98,21,0,0	23:55,0,27,21	02:77,0,22,0	12:0,54,43,0	33:0,0,0,124	01:0,96,0,0	01:27,105,0,0	00:94,0,0,0	00:83,0,0,26	03:75,0,0,24	00:113,0,0,0	03:99,0,0,22	03:18,0,0,59	00:134,0,0,0	00:142,0,0,0	33:0,0,30,69	00:74,0,0,14	01:46,16,15,0	00:161,0,0,0	03:99,0,0,41	00:97,0,0,28	03:92,0,0,24	00:68,0,0,44	23:0,0,32,71	00:99,33,0,0	00:123,0,0,0	00:151,0,0,0	03:85,0,0,62	00:86,0,0,0	02:63,0,25,29	01:82,22,0,0	00:121,0,0,0	11:26,69,0,24	00:61,0,26,26	11:24,64,0,0	00:144,0,0,0	00:121,0,0,32	01:54,41,25,0	00:110,0,23,0	00:154,0,0,0	03:63,0,0,18	33:32,0,0,90
2_127	26	00:30,0,0,9	13:2,27,0,32	03:16,0,0,42	00:41,0,7,0	00:40,0,7,9	00:58,0,3,0	00:59,0,7,1	33:32,0,16,25	00:38,9,8,0	00:56,0,2,15	00:47,2,0,7	00:21,0,2,0	23:8,0,17,14	00:45,4,0,0	01:23,16,0,0	00:44,0,0,7	00:61,0,3,0	03:69,0,0,38	01:28,17,5,0	00:53,0,0,7	22:2,0,46,0	00:88,0,0,0	00:56,3,0,0	NA:0,44,0,0	00:54,0,0,7	00:36,0,0,6	00:35,0,0,0	00:66,0,0,0	00:67,0,14,1	03:22,0,0,25	00:62,0,0,4	00:65,0,4,0	00:55,0,0,5	33:8,0,0,44	00:53,0,0,17	22:0,0,54,6	00:38,0,0,0	00:39,0,10,8	00:39,0,9,0	00:44,0,0,5	00:74,0,0,14	13:0,17,0,32	00:64,0,0,0	00:40,7,0,12	33:0,0,0,38	00:58,0,10,0	00:46,2,0,8	00:33,0,0,0	00:44,4,0,1	00:61,0,0,6	33:0,0,0,32	00:31,11,0,10	33:11,0,0,56	03:48,0,8,7	02:37,0,28,0	02:32,0,13,0	00:58,0,0,2	00:64,0,0,3	00:66,0,0,0	NA:41,9,0,0	33:1,0,0,35	00:65,0,0,8	NA:48,1,0,8	00:38,4,0,0	00:33,0,4,0	00:31,0,0,0	00:86,0,0,1	33:23,0,0,16	11:5,36,0,14	03:43,9,0,30	00:60,0,0,20	03:30,0,0,15	00:46,0,0,8	13:13,11,8,25	00:61,0,0,6	00:24,0,6,14	00:57,0,0,4	02:22,0,42,0	03:34,6,0,15	01:30,16,0,8	03:33,0,0,27	33:0,0,0,39	00:58,0,0,0	11:30,11,0,1	00:52,0,0,12	00:61,1,0,0	00:68,0,0,9	00:33,12,0,4	22:17,14,39,0	03:35,0,0,16	00:55,0,0,0	00:43,0,0,0	02:38,0,18,17	33:6,0,0,65	00:31,0,11,7	00:52,0,0,12	00:51,0,15,20	33:0,0,19,74	02:59,0,12,0	33:0,0,8,48	00:34,0,4,9	00:71,0,0,5	01:52,13,0,0	33:31,0,0,50	33:5,0,0,30	00:40,12,0,4	03:6,0,4,29	33:11,0,0,52	02:64,0,20,0	22:41,5,9,0	00:25,3,0,13	11:0,43,0,0	02:39,0,24,0	00:45,0,0,9	00:31,9,0,2	33:7,0,9,21	11:28,37,0,2	00:39,0,12,0	00:53,0,0,0	00:77,0,0,11	23:22,15,15,23	00:62,1,0,0	00:43,0,14,0	03:9,0,0,54	00:22,6,0,23	00:61,16,0,0	03:10,0,0,41	00:41,17,0,10	00:36,1,0,6	03:27,0,0,34	02:24,14,18,0	12:0,4,59,0	03:34,12,0,26	00:45,0,0,4	00:25,10,12,6	22:0,26,46,0	00:68,0,0,0	00:78,0,2,0	03:40,0,0,21	12:0,33,8,0	23:0,0,46,14	22:0,0,63,1	00:41,0,0,0	23:0,0,20,44	01:52,13,5,0	33:0,0,0,38	03:16,0,0,34	02:24,0,15,25	00:35,0,0,13	02:25,6,15,0	03:36,0,0,23	33:4,0,0,47	00:37,0,25,0	00:64,0,0,0	22:34,0,12,6	03:42,20,0,11	23:0,0,31,15	03:8,0,0,45	00:53,0,0,0	01:31,14,0,12	03:26,0,0,7	00:37,0,10,6	00:36,0,0,1	00:62,0,0,0	02:32,0,9,6	03:34,7,0,19	00:46,6,0,0	11:8,38,0,7	00:101,0,3,0	02:46,0,7,2	13:11,19,11,9	00:63,0,0,0	03:33,0,0,20	03:27,0,15,12	00:49,0,0,14	22:0,0,77,0	00:41,6,0,0	00:37,0,0,34	01:28,23,0,2	02:43,7,12,0	33:2,0,0,53	00:35,0,8,0	NA:2,28,0,15	03:36,0,0,17	00:64,0,0,0	00:62,0,0,0	00:67,0,0,8	00:59,0,0,0	00:45,0,0,0	02:49,0,6,0	00:63,2,0,0	00:53,0,3,0	11:0,29,0,3	03:53,0,0,15	00:39,0,0,0	33:7,0,7,31	00:34,9,0,11	01:20,43,0,0	00:44,0,0,13	00:49,0,0,0	22:0,9,47,0	33:0,0,0,60	11:0,47,0,13	00:31,30,0,0	00:50,0,0,0	00:39,10,0,2	00:26,0,0,1	00:56,0,0,4	00:54,0,0,5	33:0,0,0,48	11:49,10,12,0	03:60,0,0,11	03:20,0,0,38	03:29,12,0,14	00:17,0,0,12	01:60,7,0,12	01:44,6,0,3	NA:43,0,0,5	33:0,0,0,42	03:34,0,0,21	33:12,0,0,63	00:55,0,2,0	00:28,0,0,15	00:50,0,0,11	00:72,0,0,0	00:46,0,6,3	00:41,6,14,0	00:26,9,8,0	00:51,0,0,7	11:0,61,14,1	00:68,0,0,0	11:0,32,0,0	00:63,4,0,0	00:81,0,0,0	01:36,37,0,0	00:58,0,7,5	00:56,0,0,11	33:15,0,0,32	33:0,0,0,77
4_127	12	03:47,0,0,38	13:0,53,0,56	03:25,0,0,46	00:73,0,0,0	00:121,0,0,0	02:61,0,16,0	00:97,0,0,0	03:107,0,0,47	00:38,32,0,0	00:86,0,0,0	03:51,0,0,16	02:46,0,27,0	02:32,0,17,26	00:100,0,0,0	00:44,22,0,16	00:53,0,30,0	00:97,0,0,0	03:71,0,0,61	01:59,33,1,0	00:89,46,0,0	02:15,0,71,0	00:119,0,0,0	00:110,0,0,0	11:0,71,0,0	02:76,0,18,0	01:52,51,0,0	00:91,0,0,0	00:82,29,0,0	02:79,0,11,0	03:40,0,0,48	03:52,0,0,29	00:109,0,0,0	00:78,0,21,0	03:33,0,0,43	03:87,0,0,54	22:0,27,74,0	00:87,0,0,0	02:69,0,19,0	02:62,0,36,0	00:95,0,0,0	03:67,0,0,24	13:30,11,0,54	00:106,0,0,0	00:72,21,0,0	33:0,0,10,57	02:77,0,28,0	00:82,0,0,0	00:65,0,24,0	00:83,0,0,0	00:52,0,0,43	03:38,0,0,36	00:70,0,0,0	33:35,0,0,85	03:86,0,0,9	00:63,0,0,24	01:36,17,17,0	00:78,0,10,0	00:93,15,0,0	00:60,0,0,54	00:97,15,0,0	33:57,0,0,37	12:44,33,24,0	00:80,13,0,0	01:58,22,0,0	01:64,15,0,0	00:76,0,0,0	01:16,36,0,52	00:26,0,20,15	11:0,76,0,0	00:81,0,0,38	03:81,0,0,29	00:93,0,0,0	00:93,0,0,0	01:61,62,0,11	03:43,0,0,33	00:49,0,0,32	00:91,0,0,17	02:42,0,58,0	03:78,0,0,18	01:72,29,0,0	00:92,0,0,34	03:36,12,0,54	01:60,23,0,0	03:57,0,0,26	00:71,33,0,0	00:65,28,0,0	00:97,0,0,0	03:72,0,0,24	23:16,0,42,30	03:81,0,0,16	00:90,0,0,0	03:92,0,0,20	00:103,0,0,0	03:61,0,0,43	00:73,0,0,0	03:81,0,0,27	03:74,0,0,34	03:104,0,0,31	00:103,0,0,0	23:24,0,17,56	00:63,0,0,0	00:111,0,0,0	01:49,16,0,14	00:96,0,0,0	33:11,0,0,61	13:56,31,0,23	33:8,0,0,65	00:47,0,0,40	03:90,0,0,12	00:68,0,0,0	03:55,0,0,23	11:0,68,0,36	00:63,35,0,0	02:57,0,14,0	02:95,0,6,0	03:77,0,0,12	00:82,0,0,0	00:85,0,0,0	00:115,0,0,0	03:64,1,0,27	13:24,39,0,51	00:114,0,0,0	02:61,0,37,0	33:0,0,0,118	03:79,0,0,28	11:58,63,0,0	33:0,0,0,91	01:77,15,0,0	03:65,0,0,23	03:43,0,0,76	00:60,0,0,28	22:14,0,72,0	00:127,0,0,0	00:117,0,0,0	01:53,29,0,0	22:0,19,85,0	00:117,0,0,0	00:113,0,0,0	00:81,0,0,19	12:0,51,61,0	23:0,0,60,47	22:6,0,63,0	03:63,0,0,23	33:0,0,0,106	01:34,61,0,0	33:0,11,0,83	03:46,0,0,36	03:58,0,0,20	00:118,0,0,0	02:26,0,82,0	00:96,0,0,0	33:0,0,0,84	00:62,0,17,0	00:107,0,0,0	02:43,0,63,0	03:33,0,0,60	03:26,0,7,48	33:0,0,0,91	03:64,0,0,16	00:105,0,0,0	00:74,0,0,0	00:94,0,0,0	00:64,0,0,0	00:119,0,0,0	00:43,0,1,41	03:70,0,0,23	03:57,0,0,27	11:0,86,0,0	00:58,0,75,0	00:114,0,0,0	03:16,51,0,22	00:84,0,0,0	00:46,0,0,46	03:72,0,0,24	01:48,22,0,0	22:0,0,101,0	00:98,0,0,0	03:17,0,0,84	00:54,0,31,0	00:89,0,0,0	03:54,0,0,66	00:83,0,0,0	11:0,89,0,0	03:85,0,0,19	03:61,0,0,43	00:74,0,0,0	02:60,0,30,0	00:95,0,0,0	00:90,0,0,0	01:66,34,0,0	00:73,26,0,0	00:44,0,21,0	11:14,54,0,0	00:114,0,0,0	00:58,0,0,12	33:19,0,0,88	01:49,23,29,0	01:73,28,0,0	03:54,0,0,11	00:86,0,0,0	12:0,7,79,0	33:0,0,0,117	11:0,126,0,0	01:52,66,0,0	00:79,0,0,0	01:47,13,0,48	00:118,0,0,0	00:101,0,0,0	00:108,0,0,0	33:0,0,0,97	02:102,0,13,0	00:107,0,0,0	03:10,0,0,83	03:44,0,13,9	00:72,0,0,0	00:123,0,0,0	00:74,0,0,42	00:69,0,0,28	33:0,0,0,70	03:45,0,0,59	33:55,0,0,59	00:120,0,0,0	00:92,0,0,0	00:103,0,0,0	00:80,0,0,8	00:41,38,0,0	00:89,0,0,15	00:89,0,0,0	00:128,0,0,0	11:0,69,0,35	00:126,0,0,0	11:27,57,0,0	00:97,0,0,0	00:77,0,0,0	01:74,20,0,0	00:103,0,19,0	00:81,0,0,39	33:0,0,0,83	33:0,0,0,98
3_128	41	33:45,0,0,38	33:0,39,12,37	33:29,0,0,45	02:47,0,13,0	03:86,0,0,14	00:74,0,6,0	03:63,0,0,34	00:104,0,0,0	01:20,57,0,0	01:61,14,0,0	00:82,0,0,0	02:34,1,22,0	00:26,0,0,25	00:45,0,9,0	00:45,22,0,0	00:86,0,0,0	00:68,0,0,0	03:94,0,0,21	02:43,12,17,0	00:54,0,0,33	22:26,0,59,0	00:102,0,0,0	00:70,0,0,0	11:0,38,7,0	00:74,14,0,0	00:64,0,0,0	00:68,0,0,0	00:65,33,0,0	02:34,0,17,23	00:55,0,0,27	00:93,0,0,0	00:95,0,0,0	00:49,0,18,0	33:0,0,0,69	00:68,0,35,0	22:0,0,97,0	00:57,0,0,20	02:53,0,25,0	02:58,0,14,0	00:69,0,0,23	03:33,0,0,38	33:10,0,0,63	00:94,0,0,0	00:50,19,0,0	33:0,0,0,64	00:97,0,0,0	03:29,15,0,17	03:43,0,0,19	03:46,0,0,16	00:84,0,0,0	33:0,0,0,57	01:50,11,0,0	03:21,0,0,73	00:70,0,0,10	00:72,0,0,0	03:31,33,0,11	00:98,0,0,0	00:110,0,0,0	00:74,0,0,0	00:79,0,0,0	33:0,0,0,64	00:47,26,19,0	03:55,0,0,17	00:51,16,0,0	02:36,15,17,0	02:34,0,12,0	03:55,21,0,12	13:38,16,0,20	01:15,57,0,0	00:113,0,0,0	03:60,0,0,57	03:66,0,0,13	01:54,17,0,0	00:95,30,0,0	00:55,0,0,20	00:85,0,0,0	00:97,0,0,0	00:75,27,0,0	03:29,0,0,39	02:51,8,26,0	03:65,0,20,30	33:0,0,0,99	00:72,0,0,0	00:52,0,0,0	00:65,0,0,0	00:47,0,0,19	00:82,0,0,0	03:68,0,0,23	02:30,0,56,0	00:55,0,0,26	22:40,0,30,0	03:19,0,0,77	01:57,26,0,0	33:0,0,0,91	00:60,0,0,0	00:69,0,0,0	00:61,0,0,24	33:41,0,0,90	00:94,0,23,0	03:28,0,0,38	00:42,0,0,10	33:50,0,0,42	00:41,23,0,0	00:94,0,0,0	33:0,0,0,75	00:30,0,0,37	00:48,0,0,20	03:36,0,0,33	00:49,0,0,37	00:83,0,0,0	00:50,0,0,0	01:16,54,0,0	03:53,0,22,27	00:48,0,20,0	00:49,0,13,0	03:10,0,12,39	00:88,17,0,0	00:68,17,0,0	00:77,0,0,0	02:66,0,52,0	02:42,0,32,27	02:55,0,33,0	03:58,0,0,28	33:0,14,0,73	00:98,0,0,0	00:56,26,0,0	33:0,0,0,75	00:84,0,16,0	02:58,0,13,0	00:84,0,0,0	03:54,0,0,15	12:0,39,45,0	02:68,0,20,0	00:98,0,0,0	00:74,0,0,0	13:0,20,42,22	00:66,0,0,20	00:74,0,0,20	00:62,0,25,0	22:0,31,59,0	22:26,0,44,0	02:10,0,54,0	00:54,14,0,0	11:0,56,25,19	03:64,0,0,28	33:13,0,0,53	33:0,0,0,86	00:70,0,0,0	00:90,0,0,0	00:37,0,43,0	03:50,0,0,39	33:0,0,0,82	12:13,14,49,0	03:49,0,0,46	01:44,27,0,0	33:0,0,0,91	22:0,0,49,14	02:33,0,10,15	00:76,0,0,0	03:43,0,0,30	03:28,21,0,23	01:37,29,0,17	00:59,0,0,18	01:48,17,18,0	12:20,17,16,0	23:20,0,20,44	02:18,51,22,0	11:0,65,0,0	03:104,0,0,17	00:41,25,23,0	00:49,0,0,20	01:42,19,0,0	00:59,0,0,19	00:77,0,0,21	02:47,0,14,0	12:23,37,42,0	00:95,0,0,0	00:47,21,0,10	00:71,0,0,15	00:78,0,0,0	03:57,0,0,27	22:0,0,66,0	11:0,56,0,0	00:69,0,0,0	00:80,0,0,0	02:49,17,8,0	00:52,0,0,22	00:65,0,0,0	03:37,0,11,13	02:59,0,16,0	00:74,0,0,26	03:27,13,0,9	11:0,54,0,0	02:85,0,28,0	00:79,0,0,0	13:0,35,27,49	33:42,0,0,51	00:45,28,26,0	13:39,12,0,14	01:61,22,0,0	11:17,35,21,0	03:47,0,0,46	01:44,37,0,0	01:58,23,0,0	03:54,0,0,7	00:66,26,0,0	00:84,0,0,0	02:43,0,22,15	00:45,0,0,38	33:18,0,0,51	01:62,22,0,0	03:64,0,0,21	00:50,0,0,21	00:68,22,0,0	00:62,0,0,0	00:67,0,0,33	00:90,0,0,0	03:32,0,0,25	03:68,0,0,16	03:42,0,0,31	33:33,0,0,72	01:78,15,0,0	00:46,0,0,17	00:103,0,0,0	03:61,0,0,26	00:43,17,0,0	00:88,0,0,0	00:72,0,0,0	00:92,0,0,0	13:0,44,15,13	11:22,55,0,0	11:0,87,0,0	03:96,0,0,19	01:66,15,0,0	03:43,24,0,17	00:68,0,30,0	00:67,25,0,0	03:32,0,0,29	33:47,0,0,54
4_128	72	33:59,22,0,37	03:30,74,0,25	33:0,0,0,80	01:74,20,0,0	00:149,0,0,0	00:129,0,0,0	00:134,0,0,0	00:133,0,0,0	11:40,95,0,0	00:98,0,0,0	00:115,0,0,0	00:82,0,0,0	11:0,49,0,41	00:85,0,24,0	00:70,16,0,0	00:108,0,0,0	00:127,0,0,0	22:79,0,50,33	03:69,0,0,32	02:112,0,31,0	02:34,0,62,26	00:122,0,0,0	00:116,0,0,0	11:0,95,0,0	00:146,0,0,0	00:81,21,0,0	00:119,0,0,0	01:90,37,0,0	00:79,0,45,0	02:48,0,21,24	00:113,0,0,0	00:97,0,0,16	00:124,0,0,0	23:31,0,18,57	33:83,0,0,75	02:42,0,91,0	00:99,0,0,0	00:133,0,0,0	12:23,27,49,0	03:94,0,0,37	00:84,0,0,24	00:23,0,0,75	00:94,22,0,0	11:86,75,0,0	22:0,22,28,35	00:146,0,0,0	00:90,0,0,0	00:104,0,0,0	00:75,0,0,22	00:83,0,0,10	13:0,31,0,52	00:76,22,0,0	00:142,0,0,0	03:106,0,0,17	03:49,0,0,55	00:86,0,0,0	00:85,0,27,0	00:95,37,0,0	00:85,0,0,18	00:104,21,0,0	03:57,0,0,50	00:126,0,0,35	00:92,30,0,0	00:63,0,24,0	00:76,0,0,0	00:82,0,0,0	00:101,0,0,28	03:56,0,0,58	11:0,72,0,32	01:116,31,0,0	00:165,0,0,0	00:123,0,0,0	00:45,0,0,50	03:81,0,0,76	00:132,0,0,0	01:48,20,0,42	00:92,0,0,22	00:97,0,31,0	03:100,0,0,22	01:110,31,0,0	00:175,0,0,0	33:0,29,0,88	01:83,21,0,0	03:36,0,13,22	33:68,0,0,46	00:80,0,0,0	00:131,0,0,0	00:75,22,0,0	00:53,35,25,0	00:110,0,24,0	00:88,0,0,0	02:76,0,36,0	00:76,0,0,18	03:36,0,0,84	NA:99,0,0,0	02:89,0,32,0	03:92,0,0,36	33:34,0,0,115	00:115,0,0,0	03:24,0,0,83	33:37,0,0,62	00:142,0,0,0	22:56,0,52,0	01:113,32,0,0	00:22,0,0,63	02:100,0,28,0	00:39,0,0,45	33:0,0,28,94	NA:124,0,0,0	00:57,25,26,0	01:17,68,0,0	11:0,94,37,0	02:95,0,37,0	22:48,0,47,0	00:103,0,0,0	03:83,0,0,35	00:106,31,0,0	03:51,0,30,22	00:111,29,0,0	00:159,0,0,0	23:0,32,67,30	00:102,0,0,0	00:97,0,0,0	NA:35,0,50,33	00:98,0,0,34	02:68,0,78,0	03:90,0,0,32	00:121,0,0,0	NA:72,0,0,20	03:68,0,0,60	00:91,0,0,22	22:0,0,126,0	00:134,0,0,0	00:105,0,0,42	03:40,24,0,30	22:0,21,112,0	00:102,0,0,0	00:108,0,29,0	00:116,0,0,20	12:0,97,21,0	23:0,0,92,18	12:13,32,62,0	00:108,0,0,0	33:0,0,0,147	01:110,15,0,0	33:0,26,0,102	00:53,0,0,51	01:68,39,0,0	00:149,0,0,0	02:72,0,45,0	00:76,0,0,28	33:0,0,0,110	22:50,0,57,0	00:94,34,0,0	23:49,0,21,25	03:62,31,0,25	23:0,0,76,17	33:26,0,0,99	00:81,0,31,0	00:121,0,0,0	00:55,0,0,16	00:63,0,0,25	03:49,0,32,26	00:144,0,0,0	00:79,0,0,0	03:80,0,0,28	00:105,0,0,27	11:0,41,1,49	00:172,0,0,0	00:81,0,28,23	00:64,0,0,47	00:85,0,0,0	00:63,0,0,53	13:69,36,0,31	00:79,0,0,22	12:0,32,105,0	00:75,39,0,0	22:25,0,25,64	00:82,0,0,26	00:106,0,0,0	33:27,0,0,103	02:47,20,34,0	13:33,33,0,35	03:52,28,0,22	00:154,0,0,0	03:41,0,19,31	00:134,0,1,0	02:78,0,21,0	00:96,0,0,0	00:113,0,0,0	00:97,0,0,36	00:64,0,0,14	11:0,66,0,0	00:122,0,0,0	00:109,0,0,0	13:0,43,0,87	03:91,0,0,32	00:125,0,0,0	00:110,0,0,0	00:81,0,0,27	22:23,0,79,0	03:57,0,0,85	13:0,73,0,39	01:63,58,0,0	03:42,15,0,28	00:89,0,0,32	00:109,0,0,0	00:82,0,0,37	00:67,0,0,39	03:34,0,0,69	00:123,0,0,0	00:136,0,0,0	33:68,0,0,66	00:117,0,0,0	00:61,0,0,0	00:113,0,0,38	00:145,0,0,0	00:96,0,0,0	33:0,19,0,93	00:47,0,0,59	33:0,0,0,114	00:120,0,0,0	00:79,0,0,14	03:111,0,0,21	00:107,0,0,0	00:91,0,0,0	00:117,0,0,21	00:110,0,0,0	01:105,39,0,0	12:0,87,23,0	03:59,0,0,53	11:0,103,0,20	00:147,0,0,0	00:136,0,0,0	01:34,106,0,0	00:128,0,0,0	03:69,0,22,27	23:0,0,15,61	33:0,23,0,115
3_129	28	03:37,0,0,52	13:0,39,18,12	33:13,0,0,40	02:22,0,23,0	03:56,8,0,29	00:37,0,0,1	00:58,0,2,2	01:43,19,23,2	01:21,13,0,7	03:28,0,0,29	00:24,0,0,25	00:22,0,24,0	00:17,0,0,43	03:48,4,0,8	00:62,0,0,0	00:54,0,0,0	01:59,8,0,0	13:25,15,23,35	12:14,20,12,10	00:75,0,0,0	12:0,0,65,0	02:55,0,26,0	00:51,3,0,0	12:0,27,17,0	03:38,0,0,25	11:36,19,0,0	03:42,0,12,16	00:76,0,0,2	02:27,0,43,2	03:31,0,0,24	00:55,0,0,0	00:72,0,3,0	00:64,0,0,2	33:0,0,0,70	00:92,0,0,10	23:9,0,44,26	01:49,15,0,0	00:55,0,17,0	12:5,12,24,0	03:36,0,0,28	33:21,0,0,28	33:0,0,0,64	03:56,0,0,6	00:47,0,0,19	33:0,0,0,53	33:52,0,14,19	03:23,0,0,14	00:55,0,0,1	00:41,0,0,1	00:89,0,0,0	23:0,0,14,28	01:17,39,9,0	03:54,0,0,32	00:64,0,11,0	11:42,32,0,0	00:54,0,0,2	00:69,0,0,0	00:80,0,0,0	00:43,0,0,0	01:62,21,0,0	33:6,0,0,56	03:38,0,0,48	00:62,15,0,0	00:45,0,0,0	00:42,0,0,0	03:25,0,1,6	00:61,0,0,9	00:41,1,0,0	13:1,19,0,43	03:55,11,0,16	00:80,0,0,12	00:69,0,0,1	03:20,0,0,34	03:49,0,0,32	00:61,0,0,0	03:14,0,0,29	02:48,0,17,0	12:15,19,36,0	01:48,13,0,0	00:75,0,3,4	00:84,0,0,6	33:0,0,12,47	01:51,10,0,0	02:41,0,8,0	00:61,0,0,10	03:52,0,0,7	00:54,0,0,7	00:30,19,7,3	00:36,16,13,0	03:70,0,0,0	03:36,0,0,11	33:50,0,0,12	03:9,0,0,39	03:13,0,0,61	00:37,0,0,13	03:44,0,0,29	01:46,28,0,4	02:48,0,5,43	01:45,8,8,0	03:13,0,10,40	NA:49,0,4,2	03:64,0,0,17	00:68,0,0,0	00:77,0,0,0	33:3,0,0,45	00:24,9,0,0	00:49,0,0,9	03:19,0,0,18	00:68,0,1,0	02:53,8,0,0	00:35,8,0,15	11:2,72,0,7	00:85,5,0,0	00:61,0,0,0	02:53,0,12,0	01:29,27,0,13	01:68,16,0,0	00:50,0,0,0	01:49,12,8,0	03:67,0,34,0	33:0,0,16,69	13:27,13,15,17	00:38,0,0,22	03:34,0,0,42	00:53,0,0,17	00:59,0,0,0	03:28,0,0,53	00:88,0,0,2	00:38,0,0,0	00:48,0,0,15	33:22,0,0,46	22:0,0,67,0	00:48,0,0,35	03:93,0,0,0	02:35,0,20,0	22:0,0,87,0	33:54,0,0,19	00:67,0,0,20	00:89,0,0,0	12:0,28,36,0	02:15,0,30,19	22:9,0,32,0	23:18,0,9,19	33:9,0,0,75	00:72,13,0,0	13:0,17,0,40	33:11,0,0,53	00:64,0,0,5	00:69,0,0,0	22:28,0,27,0	03:80,0,0,0	23:0,0,11,48	00:48,0,9,0	03:73,7,0,22	03:49,0,12,4	33:20,0,0,58	23:15,0,24,34	33:0,0,15,39	00:51,0,0,5	13:37,23,0,29	00:52,0,0,0	00:52,9,0,0	03:37,0,0,22	00:79,0,0,0	00:43,0,0,0	00:39,2,0,9	00:65,8,0,11	33:0,36,0,15	02:61,0,19,0	03:24,0,0,22	00:35,0,0,14	00:45,0,0,0	00:43,0,7,5	00:58,0,0,14	00:36,12,0,0	22:0,0,59,0	00:70,0,0,0	33:32,0,0,32	13:17,21,11,22	00:46,0,0,0	00:8,0,0,50	12:35,9,15,0	11:0,35,0,0	00:53,0,0,21	00:91,0,0,0	00:65,0,0,0	00:35,0,6,0	02:32,0,13,0	00:47,1,0,0	02:64,0,0,0	00:68,13,8,0	00:25,0,4,0	13:0,23,8,15	00:86,0,0,0	03:34,0,0,5	13:0,18,0,59	03:54,0,12,4	00:62,0,0,0	00:60,0,0,1	00:47,0,0,0	22:0,0,60,0	03:26,0,0,60	13:3,42,0,24	01:31,30,0,6	33:39,0,0,25	00:51,0,0,21	00:73,0,0,0	03:46,0,0,6	03:53,0,0,18	33:0,0,0,53	00:67,0,0,0	03:60,0,0,20	13:0,22,0,28	02:27,0,22,0	00:48,0,0,0	00:91,0,0,7	00:57,6,0,17	00:43,0,0,8	03:17,0,0,34	00:42,0,0,19	33:12,0,0,58	00:62,0,0,0	00:58,0,0,0	02:49,0,24,0	02:41,0,17,5	22:15,16,7,0	00:57,0,16,0	02:32,10,14,0	00:60,0,0,0	11:0,50,0,0	11:29,33,0,0	01:8,40,0,0	00:87,0,0,0	00:88,0,0,5	01:34,24,7,0	03:53,0,0,16	00:41,0,0,0	33:7,0,0,24	13:0,33,0,50
3_130	26	33:32,24,0,66	13:0,18,0,82	03:11,0,0,53	02:43,0,15,0	03:73,0,0,39	00:97,0,0,0	03:98,0,0,17	00:122,0,0,0	01:32,68,0,0	00:89,0,0,0	00:93,0,0,0	00:71,0,0,0	03:43,16,0,27	00:98,0,0,0	00:46,24,0,0	00:45,0,29,0	00:101,0,0,0	03:29,0,0,102	23:51,0,24,7	00:61,29,22,0	22:33,0,80,0	00:126,0,0,0	00:103,0,0,0	11:0,82,0,0	00:91,0,0,0	00:72,16,0,0	01:51,33,0,0	00:69,63,0,0	00:105,0,0,0	00:96,0,0,0	33:44,0,0,53	02:75,0,25,0	00:112,0,0,0	33:0,0,16,66	03:92,0,0,45	22:0,29,75,0	02:45,0,38,0	00:78,0,0,0	00:75,13,0,0	00:84,0,0,16	01:82,13,0,0	33:32,0,0,42	00:68,20,0,0	00:64,17,0,0	03:10,0,0,73	00:107,0,0,0	00:82,0,0,0	00:78,0,28,0	00:87,0,0,0	33:23,0,0,48	33:19,20,0,35	00:86,0,0,0	03:63,0,0,53	02:85,0,16,0	00:49,0,0,38	00:56,0,15,0	12:49,19,17,0	12:54,20,22,0	00:40,0,0,67	01:84,30,0,0	03:64,0,0,35	00:109,0,0,0	01:55,42,0,0	00:48,0,16,0	00:82,0,0,0	00:76,0,0,0	03:52,0,0,70	33:0,0,22,60	01:10,65,0,0	03:59,0,0,61	00:106,0,0,0	00:91,0,0,0	00:102,0,0,0	03:72,0,0,68	00:105,0,0,0	00:64,0,0,27	03:77,0,0,25	01:55,32,33,0	03:59,0,0,18	00:129,0,0,0	00:115,0,0,47	13:0,14,0,70	00:85,0,0,0	02:67,0,9,0	00:99,0,0,0	33:0,30,0,42	00:110,1,0,0	00:89,0,0,0	02:62,0,48,0	02:75,0,22,0	00:81,0,0,0	00:98,0,0,0	00:103,0,0,0	33:0,0,0,86	00:76,0,0,0	01:68,46,0,0	01:39,58,0,0	02:57,0,61,0	02:49,0,43,0	03:39,0,0,48	00:75,0,0,0	00:128,0,0,0	00:81,0,0,0	00:101,0,0,0	03:37,0,0,54	00:90,0,0,0	00:58,0,0,25	00:32,0,15,15	00:103,0,0,0	02:74,0,23,0	01:66,26,0,0	23:0,0,29,76	01:22,91,0,0	00:77,0,0,0	00:75,0,0,0	00:93,0,0,0	00:39,0,0,0	00:87,0,0,0	00:82,0,0,0	03:80,0,0,29	13:0,18,0,90	00:75,21,0,0	02:68,0,22,0	33:0,0,0,111	03:73,0,0,20	01:66,21,0,0	33:27,0,0,76	01:72,42,0,0	03:65,0,0,27	03:44,0,0,51	03:29,24,0,50	22:0,0,82,0	03:78,0,0,23	00:111,0,1,0	02:70,0,13,0	12:0,31,92,0	00:87,0,0,0	03:79,0,0,39	02:71,0,31,10	12:0,17,50,0	02:20,0,35,33	22:0,0,92,0	01:58,39,0,0	23:0,0,35,95	00:82,30,0,0	33:0,0,0,103	33:49,0,0,55	03:73,0,0,21	03:86,0,0,26	02:29,0,68,0	03:52,0,0,54	33:0,7,0,73	22:42,0,42,0	00:125,0,0,0	00:58,0,42,0	03:33,0,0,66	23:9,0,22,59	33:0,0,0,88	00:90,0,0,6	03:74,0,0,14	01:76,31,0,0	02:80,0,9,0	00:95,0,0,0	02:81,0,19,0	00:77,0,0,0	33:28,0,0,81	01:53,21,0,14	01:13,79,0,0	00:113,0,0,0	02:87,0,33,0	23:10,0,14,56	00:86,0,0,0	00:117,0,0,0	23:14,0,29,68	03:58,6,0,18	02:28,0,52,0	00:116,0,0,0	03:65,0,0,27	33:47,0,16,41	01:74,22,0,0	03:27,0,0,59	22:45,0,46,0	11:0,83,0,0	00:66,0,0,46	00:101,0,0,0	01:69,31,0,0	03:63,0,0,19	00:60,0,0,0	00:58,0,0,0	00:87,0,0,0	03:63,14,0,40	00:55,0,8,0	11:0,63,0,0	00:101,0,0,0	00:86,0,0,0	33:0,0,0,114	13:38,19,19,33	12:57,25,40,0	33:48,0,0,44	01:22,64,0,0	12:0,37,65,0	33:50,0,0,78	12:0,34,67,0	01:32,84,0,0	00:78,0,0,0	03:73,0,0,37	02:58,0,24,0	03:67,0,0,30	03:75,0,0,31	23:0,0,33,55	02:57,0,20,0	03:91,0,0,39	03:61,0,0,25	02:37,0,24,0	03:55,0,0,27	01:84,52,0,0	33:35,0,0,54	03:72,0,0,31	03:19,0,0,72	03:42,0,0,35	33:19,0,0,97	03:85,0,0,29	13:33,20,0,37	03:26,0,0,85	00:104,0,0,0	00:48,0,0,26	01:19,70,19,0	03:61,15,0,14	03:100,0,0,24	13:41,47,0,17	03:89,0,0,23	11:0,87,0,0	02:90,0,42,0	02:92,0,35,0	00:55,55,0,0	00:57,0,38,0	12:73,37,21,0	03:63,0,0,15	33:0,0,0,127
3_131	82	03:59,0,0,55	33:0,35,0,54	33:0,0,0,58	02:94,0,30,0	03:100,0,0,26	00:111,0,0,0	00:70,0,0,26	00:140,0,0,0	01:16,65,0,0	00:90,0,0,0	00:78,0,0,27	00:83,0,0,0	03:45,0,26,15	00:118,0,0,0	01:31,22,0,17	02:68,0,33,0	00:113,0,0,0	33:72,0,0,62	02:98,0,32,0	01:84,26,0,0	22:34,0,77,0	00:150,0,0,0	00:94,0,0,0	11:0,58,0,0	00:86,0,0,0	01:72,15,0,0	00:68,0,0,18	01:107,31,0,0	22:58,0,30,34	00:100,0,0,0	00:109,0,0,0	00:72,0,14,31	00:106,0,0,0	33:0,29,0,54	00:74,0,0,71	12:0,24,84,0	00:110,0,0,0	00:83,0,23,0	02:80,0,26,0	00:111,0,0,0	03:69,0,0,17	03:26,25,0,49	00:76,19,0,0	00:64,27,0,0	33:0,0,0,99	00:124,0,0,0	00:61,32,0,0	02:48,0,19,33	00:72,0,0,14	03:68,0,0,29	03:21,0,0,71	01:61,18,0,0	33:66,0,31,30	00:66,0,28,17	00:92,0,0,0	22:58,0,28,0	00:128,0,0,0	00:153,0,0,0	03:96,0,0,33	00:125,0,0,0	03:28,0,0,63	03:93,0,0,26	00:82,29,0,0	00:69,0,0,0	00:62,0,0,10	00:71,0,0,0	03:76,0,0,14	02:57,0,19,13	13:0,49,0,30	03:35,44,0,72	00:118,0,0,0	00:114,0,0,0	03:73,0,0,33	00:98,0,0,30	00:116,0,0,0	33:43,0,0,44	00:81,0,0,26	22:0,0,86,25	00:79,0,0,23	00:93,0,28,0	03:56,33,0,39	33:43,0,0,59	00:79,18,0,0	00:80,0,0,27	00:98,0,0,38	01:55,24,0,0	00:119,0,0,0	01:72,18,0,0	12:35,25,71,0	00:113,0,0,0	00:77,0,0,0	00:117,0,0,0	03:90,0,0,24	33:0,0,31,73	00:87,0,0,0	00:110,0,0,27	00:92,0,0,22	00:79,0,26,44	00:121,0,0,0	33:0,0,0,105	00:31,0,0,46	00:135,0,0,0	00:98,0,0,0	00:109,0,0,0	33:0,0,0,81	00:68,0,0,23	33:46,0,0,40	33:0,0,0,83	00:104,0,0,29	00:89,0,0,0	00:34,23,0,22	33:0,42,0,53	11:0,55,53,0	00:77,0,0,0	00:117,0,0,0	00:101,0,0,0	NA:0,27,35,0	00:98,0,0,0	00:125,0,0,0	00:149,0,0,0	33:0,0,0,106	00:65,31,0,0	00:83,27,0,0	33:0,0,0,121	00:125,0,0,0	00:108,0,0,0	33:24,0,0,80	00:109,0,0,0	00:71,0,0,0	33:27,0,0,94	33:25,18,0,53	22:0,0,107,0	00:71,0,0,83	00:45,40,41,0	00:56,0,0,24	22:0,0,85,23	03:62,0,28,36	00:132,0,0,0	00:108,0,0,27	22:0,34,78,0	23:0,0,81,31	12:0,22,57,0	00:63,23,0,0	33:0,0,0,138	01:60,75,0,0	33:30,1,0,75	00:32,0,0,76	00:74,0,0,11	02:62,40,29,0	22:0,21,86,0	00:104,0,0,24	13:0,18,0,70	02:42,0,68,0	00:102,0,0,30	02:92,0,28,0	03:31,0,30,65	23:0,0,75,24	33:0,0,0,102	00:109,0,0,0	00:85,0,19,0	00:95,0,0,0	00:95,0,0,0	00:53,0,25,0	02:71,0,23,13	00:53,30,0,0	33:45,0,0,56	00:66,0,0,58	13:0,45,0,54	00:115,0,0,0	00:102,0,0,0	03:53,35,0,34	00:82,0,0,0	00:95,0,0,30	33:69,0,0,62	00:71,0,0,0	22:0,0,132,0	00:58,32,29,0	03:27,0,0,81	03:62,0,0,52	00:81,0,0,12	03:50,0,0,36	00:41,0,45,0	13:0,61,0,18	03:56,32,0,28	00:90,29,0,0	00:68,0,21,0	00:74,0,1,21	01:76,21,0,0	01:69,23,0,0	03:82,0,0,21	00:87,0,0,18	00:90,0,0,0	33:0,45,0,10	00:109,0,0,0	00:79,0,0,0	13:0,67,0,43	00:146,0,0,0	01:82,31,0,0	00:91,41,0,0	03:51,15,0,23	12:0,20,69,0	23:17,0,23,79	12:0,39,56,0	02:58,36,28,0	00:81,0,0,0	00:74,33,0,0	02:76,0,30,0	02:90,0,23,0	01:84,26,0,0	23:0,0,25,69	13:25,20,33,19	13:69,24,0,35	00:83,0,0,0	02:53,0,18,0	03:60,0,0,21	00:121,0,0,0	03:54,0,0,64	23:30,0,22,63	33:0,0,0,66	01:46,34,0,29	13:40,30,0,34	02:99,0,34,0	03:65,0,0,33	00:93,0,28,0	00:132,0,0,0	00:81,0,0,0	01:45,23,33,0	00:64,23,0,0	00:134,0,0,0	11:0,91,0,0	11:73,27,0,0	11:25,52,0,0	02:59,0,80,0	02:81,0,28,0	00:61,40,0,0	00:108,0,23,0	00:73,0,0,26	00:32,0,26,24	03:41,0,0,94
2_132	42	00:40,0,0,62	12:24,48,29,1	33:0,0,0,53	00:59,0,0,0	00:74,32,0,2	00:78,0,0,0	33:19,0,0,97	01:69,35,0,0	01:24,60,0,0	00:72,0,0,0	03:57,0,0,25	00:66,0,0,0	00:32,31,0,0	00:67,0,0,0	03:33,0,0,32	00:54,0,0,20	00:88,0,0,0	00:86,0,26,2	02:37,0,40,9	00:76,39,0,0	02:16,0,71,0	00:111,0,0,0	00:90,0,0,0	11:0,45,0,0	00:82,0,0,0	01:60,21,0,0	23:12,25,23,18	00:91,23,0,0	03:65,0,0,18	00:52,0,0,16	03:19,0,20,50	03:48,0,0,39	00:71,0,0,26	33:0,0,13,42	33:1,0,0,116	23:0,0,64,15	00:95,0,0,0	00:60,0,31,0	00:45,14,18,0	00:47,0,0,54	00:88,0,0,0	03:10,37,0,16	01:64,12,0,0	01:39,46,0,0	33:0,0,0,82	00:117,0,0,0	11:31,27,0,0	03:67,0,0,19	03:28,0,0,25	00:58,0,0,12	03:54,0,0,18	00:87,0,0,0	33:0,0,21,74	03:44,0,0,30	00:75,0,0,0	03:61,0,1,22	01:37,46,0,0	02:43,0,49,0	02:57,0,24,0	01:68,32,0,0	33:23,0,0,55	02:70,0,30,0	12:17,51,23,0	03:47,0,0,14	00:47,21,0,0	02:33,18,17,0	03:43,21,0,16	03:16,0,0,33	01:12,70,0,1	23:17,0,21,65	01:89,26,0,0	11:21,53,21,0	01:30,44,0,0	00:97,23,0,0	02:48,0,25,28	00:71,15,0,1	03:65,0,0,19	03:14,0,44,27	00:72,0,0,0	00:56,0,0,24	00:56,0,0,61	03:18,0,0,89	00:80,0,0,0	00:29,0,0,20	00:92,0,0,0	00:90,0,0,0	03:84,0,0,18	03:24,2,0,56	22:17,0,31,20	00:61,15,0,0	22:35,0,15,15	00:86,0,0,0	03:42,0,0,36	33:24,0,0,66	33:17,0,2,39	00:76,0,0,18	00:72,0,0,20	33:30,0,36,67	00:97,0,0,0	00:35,0,1,40	03:35,0,14,16	03:77,0,0,25	00:61,0,0,0	03:49,0,0,60	03:15,0,0,52	00:95,0,0,0	03:20,0,0,53	03:27,0,0,70	02:54,22,18,0	02:67,0,16,0	00:69,0,0,10	01:40,44,0,0	03:74,0,0,29	00:56,0,0,27	13:19,18,17,24	33:0,0,0,63	01:26,76,0,0	00:37,0,13,16	00:63,0,0,29	00:132,0,0,0	33:23,0,0,77	00:69,0,21,0	03:33,0,0,38	33:0,0,0,80	00:91,17,0,0	01:73,29,0,0	02:12,0,24,28	00:69,2,0,29	03:63,0,0,18	03:53,0,0,40	00:58,0,0,23	12:0,55,37,0	00:117,0,0,0	03:79,0,0,22	23:31,0,13,14	22:0,0,101,0	01:41,17,0,21	00:106,0,0,0	03:85,0,0,21	01:11,39,24,0	22:0,18,36,15	11:0,50,36,0	00:71,0,0,0	03:19,0,0,83	00:63,50,0,0	03:29,0,0,77	03:36,0,0,35	01:33,22,0,19	03:60,0,0,19	02:28,0,55,0	02:49,34,15,0	23:0,0,28,52	23:17,0,54,8	01:94,18,0,0	33:17,0,14,28	03:57,0,0,51	23:0,0,42,31	33:0,0,0,79	00:55,0,0,18	00:65,0,0,29	00:58,0,0,0	00:81,0,0,0	00:85,0,0,0	00:107,0,0,0	13:9,19,17,26	03:19,0,0,53	03:70,0,0,37	11:0,64,0,17	02:80,0,22,0	03:56,0,0,15	11:18,37,0,19	00:47,0,0,0	03:69,0,0,18	00:67,0,0,18	00:60,0,0,0	22:34,0,74,0	00:62,0,0,14	33:12,0,0,59	03:45,0,0,46	00:65,0,0,0	03:22,0,0,64	00:84,0,2,0	01:31,41,27,0	00:54,12,0,16	03:67,0,0,18	00:94,0,0,0	23:36,0,16,26	00:100,0,0,0	00:77,0,0,0	01:53,22,0,0	03:64,0,0,22	00:68,0,0,0	11:0,61,0,0	00:98,0,0,0	00:79,0,0,0	13:0,24,20,46	33:52,0,0,58	01:76,20,0,0	00:75,0,2,0	00:63,0,0,27	22:0,0,79,0	33:26,0,0,82	01:22,68,0,24	00:120,0,0,0	01:67,18,0,0	00:97,0,0,0	00:49,15,0,0	03:48,0,0,26	33:25,0,19,38	33:0,0,15,68	01:78,16,0,0	00:79,0,0,18	33:25,0,0,79	02:48,0,30,0	00:53,0,0,0	00:110,0,0,0	03:62,0,0,41	00:61,0,19,0	03:25,0,0,48	00:56,20,0,0	03:24,26,1,45	00:75,0,22,0	00:93,0,0,0	00:78,12,0,0	00:85,0,0,0	03:42,0,0,9	23:36,1,35,15	01:40,45,0,0	00:79,0,0,18	13:0,89,0,13	01:46,12,18,0	11:0,80,0,0	00:91,0,0,34	00:93,0,0,0	01:39,30,21,0	00:96,0,18,0	01:95,27,1,0	00:30,16,0,14	03:24,0,0,95
3_132	30	33:14,0,0,48	33:20,22,0,17	03:39,0,0,18	02:15,18,10,14	03:73,0,0,21	00:58,0,0,0	01:60,19,0,0	00:50,0,0,0	00:31,30,0,0	00:73,0,0,0	00:64,0,0,0	00:57,0,0,0	01:9,27,0,8	00:51,0,0,0	00:34,12,0,0	00:46,0,0,0	00:70,0,0,0	00:42,0,21,18	02:14,6,9,8	00:32,0,0,11	22:12,0,32,0	00:61,0,0,0	00:63,0,0,0	11:0,39,0,0	00:79,0,0,0	03:30,0,0,14	01:52,9,0,0	00:57,28,0,0	00:70,0,0,0	00:33,0,14,18	03:42,0,0,17	02:59,0,10,0	00:56,0,0,0	33:0,22,0,35	03:16,0,0,63	22:17,0,64,0	02:58,0,15,0	00:36,22,0,0	01:30,21,0,0	03:44,0,0,13	00:30,0,16,0	33:14,0,0,29	00:33,11,0,0	00:47,13,0,0	33:0,0,0,59	03:49,0,0,29	23:12,0,20,21	03:46,0,0,9	03:22,0,12,3	00:56,0,0,7	33:0,0,0,36	00:45,0,0,0	33:19,0,0,34	00:18,0,0,24	00:68,0,0,0	03:32,0,16,7	02:31,0,9,12	01:32,12,0,14	00:51,0,18,0	00:58,0,0,0	23:0,0,15,32	00:69,0,0,0	01:31,6,0,19	00:56,0,0,0	00:25,0,8,12	02:25,0,10,0	00:59,0,0,10	13:18,16,0,21	01:14,30,0,0	00:73,0,0,0	00:31,0,0,40	03:52,0,0,17	00:52,8,0,0	00:89,0,0,0	00:51,0,13,0	00:58,0,0,0	00:75,0,0,13	00:51,0,14,0	00:46,0,0,0	01:27,10,28,0	03:34,0,0,41	33:17,0,0,39	00:52,0,0,16	01:33,10,0,0	00:44,0,0,8	00:62,0,0,0	00:55,17,0,0	00:41,0,0,15	22:22,1,27,19	00:38,0,0,13	00:40,7,0,0	00:51,0,0,14	12:36,24,15,0	33:17,0,0,43	NA:26,6,8,0	00:39,0,0,16	00:37,0,0,36	00:45,0,38,0	02:19,13,13,0	33:13,0,0,55	00:45,0,0,0	01:37,15,28,0	03:39,0,0,11	03:50,0,8,17	33:0,0,0,49	00:64,0,0,0	00:25,7,0,14	22:0,0,18,51	NA:26,0,33,0	00:37,0,17,0	00:22,15,0,12	12:9,26,21,0	00:72,0,0,0	00:20,15,6,0	00:72,0,0,0	13:27,14,0,11	00:32,16,0,19	00:39,0,0,11	00:41,0,0,23	00:85,0,0,0	03:32,0,0,25	33:12,13,0,19	00:69,0,0,0	33:9,0,14,31	00:60,0,0,0	02:45,0,17,0	33:17,0,8,23	00:59,0,0,0	00:51,0,0,0	03:36,0,0,34	03:37,0,0,24	22:0,17,49,0	03:31,0,0,51	00:73,0,0,0	22:6,0,34,0	22:0,19,44,0	00:25,0,14,17	00:72,0,0,0	03:29,0,0,34	11:0,68,0,0	22:16,0,43,0	22:0,0,50,0	00:54,0,0,0	33:0,0,15,54	00:70,24,0,0	33:0,0,0,54	33:0,0,0,59	00:38,0,26,0	00:59,0,0,0	00:51,0,15,0	01:28,50,0,0	33:0,0,0,59	02:24,0,22,0	00:69,0,23,0	00:36,0,0,17	03:58,0,0,13	02:27,14,12,20	33:0,13,0,32	33:25,0,0,34	11:24,27,0,0	00:55,0,0,0	00:51,0,0,0	00:52,0,0,0	00:55,0,20,0	00:34,0,0,0	00:38,0,0,18	00:52,8,0,0	11:0,67,0,0	00:79,0,0,0	00:83,0,0,0	03:23,0,0,31	03:42,0,0,10	01:49,15,0,0	03:42,0,0,20	00:26,0,0,0	22:17,18,37,0	00:42,0,0,12	33:0,0,0,77	00:45,0,0,18	00:28,0,0,21	03:33,0,0,23	02:34,0,5,14	13:0,25,12,16	00:63,0,0,0	00:35,0,14,0	00:41,0,0,0	11:33,6,1,0	00:57,0,0,0	00:55,0,0,0	00:44,9,0,0	00:23,0,15,15	00:53,0,0,0	13:4,8,8,11	00:64,0,0,23	00:27,0,0,14	33:0,0,10,37	03:39,0,0,33	00:59,0,18,0	00:39,16,0,0	03:36,10,0,19	00:26,0,23,0	01:13,32,0,32	12:25,7,26,14	13:0,60,0,17	00:34,0,0,14	03:25,21,0,4	00:63,0,0,0	00:62,0,0,0	03:46,0,0,7	33:0,0,0,66	00:75,0,0,0	00:55,0,0,0	13:31,17,0,14	00:50,0,0,0	NA:41,0,0,0	NA:64,0,0,0	03:50,0,0,12	03:60,0,0,13	33:16,0,0,42	03:19,0,0,39	03:8,0,0,56	00:61,0,0,0	01:32,16,9,0	00:49,0,0,24	00:63,0,0,0	00:24,0,0,18	02:23,18,15,0	11:18,10,0,28	03:35,0,13,18	13:16,19,0,13	03:10,15,0,24	11:0,25,17,8	00:87,0,0,0	00:64,0,0,13	00:33,12,0,0	00:65,0,0,0	02:11,26,24,0	03:18,0,0,28	33:19,0,0,40
3_133	34	03:49,31,0,21	23:0,0,44,73	33:19,0,0,60	00:67,0,0,0	00:97,0,0,0	00:49,24,18,0	00:110,0,40,0	00:92,0,32,0	13:0,62,0,21	00:54,0,0,16	00:50,0,0,29	00:30,0,29,0	33:11,0,0,50	02:51,29,28,0	00:44,18,0,0	00:45,28,0,22	00:97,0,0,0	03:128,0,0,29	03:63,13,0,15	02:42,0,39,0	22:0,19,87,0	00:104,0,0,0	00:60,0,26,0	12:0,25,34,0	11:59,22,0,0	03:52,0,0,14	00:52,23,0,0	00:125,0,0,0	03:62,0,0,20	00:63,0,0,55	00:121,0,0,0	00:115,0,0,0	03:66,0,20,19	33:0,0,0,99	00:89,0,37,46	22:0,0,77,38	00:63,0,0,22	00:80,0,0,34	00:40,0,0,0	00:28,0,23,9	01:42,16,0,11	03:27,0,37,42	00:79,0,0,28	01:29,14,0,32	33:0,0,0,79	00:48,0,55,0	01:54,14,0,0	00:61,0,0,0	00:74,0,0,0	02:80,0,30,0	33:19,0,0,47	00:80,0,0,0	33:0,0,0,122	33:24,0,33,35	00:101,0,0,0	00:76,0,0,0	00:97,0,0,0	00:114,0,0,0	03:66,0,0,16	02:86,0,29,0	33:0,0,0,95	01:63,20,0,35	00:101,0,0,0	13:18,11,4,16	02:6,0,17,3	00:58,0,0,15	00:38,0,0,13	00:32,0,0,46	11:0,71,0,0	00:85,0,0,22	03:52,0,0,16	00:98,0,0,0	01:24,8,0,8	13:31,37,0,33	03:75,0,0,49	00:46,36,0,0	03:81,0,0,9	12:38,34,46,0	03:40,0,0,61	11:20,68,0,0	02:35,0,43,72	33:0,0,0,62	00:82,14,0,0	00:60,31,0,0	00:118,0,0,0	03:36,0,0,19	00:103,0,0,0	00:75,0,0,0	02:47,0,48,0	00:75,0,0,33	00:57,0,0,0	03:58,0,0,15	00:61,0,26,0	03:24,0,0,67	00:54,0,18,0	00:100,0,0,0	03:64,0,1,27	03:29,0,0,105	02:88,0,27,0	00:50,0,0,34	03:39,0,0,15	00:130,0,0,0	03:56,16,0,21	00:85,0,0,28	03:37,0,0,46	03:77,0,0,19	00:36,0,0,31	33:0,0,0,67	03:64,0,1,22	00:54,0,9,0	00:70,0,0,0	11:0,110,0,0	02:17,0,103,0	00:92,0,0,0	00:75,17,0,0	02:32,0,27,18	01:69,61,0,0	01:62,23,0,0	00:73,0,43,14	00:137,0,0,0	00:62,0,0,53	00:116,0,0,0	00:74,0,0,0	13:0,41,0,76	00:125,0,0,0	00:100,0,0,0	33:0,0,20,74	02:61,0,15,0	00:71,0,0,0	00:76,0,0,56	03:35,0,36,20	01:29,20,52,0	03:37,22,31,28	01:58,38,0,39	00:77,0,27,0	12:34,29,62,0	02:26,36,34,29	01:74,52,0,0	03:85,0,0,43	12:0,44,76,0	22:0,0,102,0	02:26,0,50,0	00:86,0,0,0	23:49,0,33,58	02:38,60,30,0	33:0,0,0,89	03:21,0,0,61	23:21,0,34,30	03:76,0,0,24	00:61,0,30,0	13:41,29,0,21	23:0,0,19,72	00:36,0,50,0	00:146,0,0,0	13:64,21,0,24	03:32,0,0,95	22:0,0,72,0	33:11,0,0,81	33:40,0,0,44	00:80,16,0,0	02:50,0,19,14	00:107,0,0,0	00:25,0,12,13	02:96,0,27,0	00:42,17,0,0	00:92,0,0,0	03:25,0,0,73	12:20,16,18,28	00:59,0,0,15	00:86,0,0,0	33:0,22,0,54	00:83,0,0,0	00:96,0,0,29	03:90,0,0,29	00:64,0,0,0	12:0,25,57,22	01:79,42,0,0	33:0,0,0,111	01:70,30,0,15	23:29,0,12,8	03:49,0,0,27	00:37,0,41,0	33:0,17,0,21	00:64,53,0,0	02:123,0,14,0	00:80,0,11,0	00:62,0,0,0	00:60,0,0,0	00:35,17,0,0	02:64,0,25,0	00:121,0,0,0	00:39,0,0,0	13:0,41,0,11	03:66,0,0,49	00:39,0,0,0	33:0,0,0,80	00:105,0,0,26	01:51,50,22,0	00:64,0,0,13	03:15,23,0,50	22:13,0,86,0	13:43,44,0,65	12:0,77,29,0	01:30,78,0,0	00:58,0,0,17	03:88,0,0,38	00:47,10,0,13	03:60,0,0,13	33:0,0,0,84	33:45,0,0,43	00:107,0,0,0	00:61,0,0,27	01:38,13,0,0	00:39,0,27,0	00:61,0,0,0	03:102,0,0,25	01:81,47,0,0	00:72,0,22,0	33:0,0,0,57	03:65,0,0,40	33:0,0,0,112	00:112,0,0,0	00:97,0,0,0	00:76,0,0,0	03:65,0,0,35	01:35,20,0,13	00:67,0,0,21	01:48,42,0,0	00:93,0,0,0	13:0,39,0,31	00:87,0,0,0	11:0,28,15,0	00:132,0,0,0	03:77,0,0,27	02:45,29,28,0	02:102,0,17,0	11:0,141,0,0	33:40,0,0,26	03:51,0,0,81
3_134	14	00:48,0,0,28	11:0,67,0,34	33:0,0,0,53	00:76,0,0,0	01:80,23,0,0	00:78,0,0,0	02:61,0,28,0	02:38,28,27,0	13:0,39,0,28	33:12,0,16,43	03:30,0,0,47	23:16,0,35,3	03:16,0,0,58	01:34,24,0,13	00:12,31,10,0	01:36,19,15,0	03:78,0,0,9	00:82,0,0,13	11:30,40,0,0	00:67,17,0,0	22:0,13,34,32	33:57,22,0,9	13:42,28,0,4	11:0,32,0,14	03:36,0,0,56	00:25,12,27,0	00:50,0,0,17	00:88,23,0,0	00:76,0,0,0	03:6,0,0,70	01:57,15,0,0	12:19,33,22,0	01:77,8,0,0	33:0,0,0,73	33:27,0,0,94	33:0,10,19,42	01:18,41,0,0	23:15,0,46,6	00:51,0,0,0	00:42,0,0,19	00:80,0,0,0	33:13,0,0,48	00:48,1,0,24	03:14,7,0,52	33:0,0,0,60	12:14,57,30,0	33:0,11,0,49	00:53,16,0,0	00:64,0,0,0	00:86,0,0,0	23:0,0,12,40	02:31,0,13,18	03:34,0,0,67	12:24,16,13,8	03:66,0,8,0	00:64,0,0,0	00:48,0,13,0	00:60,16,0,0	00:64,24,0,0	13:19,25,40,22	33:0,0,0,68	00:44,14,0,38	02:65,0,13,0	00:60,11,0,0	00:81,0,0,0	00:43,0,0,0	00:64,0,0,16	01:21,17,0,15	12:19,17,24,0	33:60,0,0,28	00:65,0,0,17	00:75,0,0,0	02:24,0,31,0	00:84,36,0,0	03:43,0,0,18	00:63,0,0,0	00:95,0,0,0	00:55,19,0,30	03:54,0,0,35	01:46,27,0,0	03:43,0,21,27	33:0,0,0,72	00:91,0,0,0	00:71,0,0,0	00:75,0,0,0	01:53,11,0,15	00:106,0,0,0	00:47,0,0,28	01:41,35,20,0	00:77,0,0,0	00:45,0,0,13	00:50,0,0,14	03:31,0,28,16	33:0,0,0,66	03:58,0,5,0	00:81,0,0,0	03:75,0,0,11	03:13,0,0,107	00:68,0,16,0	00:23,0,25,19	00:43,0,0,9	00:91,0,0,0	00:46,13,0,0	00:97,0,0,0	33:24,0,0,33	11:29,21,0,11	03:40,0,0,41	03:14,12,0,26	00:62,0,0,19	00:57,0,0,0	03:34,0,0,22	01:12,32,36,0	00:56,0,42,0	00:69,0,0,0	00:81,0,0,0	22:26,0,24,20	11:53,45,0,0	00:54,9,0,0	01:85,20,0,0	00:98,0,0,26	13:41,38,0,20	00:83,0,0,0	23:40,0,34,10	33:0,17,0,67	03:81,0,0,26	12:13,29,46,0	33:22,0,0,47	00:42,15,0,0	03:29,0,0,31	00:63,0,0,23	00:75,0,0,0	22:0,0,108,0	03:60,0,0,58	00:64,38,0,0	02:18,9,17,19	12:0,0,101,0	03:49,0,0,24	00:100,0,0,0	33:54,0,0,62	11:0,51,25,0	22:0,0,90,0	22:0,0,79,0	00:55,0,0,8	23:0,10,27,68	00:58,30,0,0	33:0,0,0,62	33:0,6,0,68	22:31,0,14,21	00:83,0,0,0	00:36,0,27,0	01:83,22,0,0	23:0,0,0,68	00:37,9,45,0	00:107,0,0,0	03:70,0,0,7	00:84,0,0,11	00:46,0,25,0	33:12,0,0,57	03:56,0,0,18	00:92,0,0,0	00:66,0,0,0	00:52,28,0,0	00:72,0,0,0	02:62,8,25,0	00:49,8,0,0	03:13,0,0,69	33:36,0,0,56	11:0,52,0,0	00:99,0,0,13	00:90,0,0,0	03:71,0,0,25	00:40,0,14,0	00:99,0,0,0	00:81,0,0,0	01:28,7,19,0	02:31,0,66,0	00:62,0,0,35	03:24,0,0,58	23:40,0,8,30	00:38,0,0,0	33:6,0,0,73	03:9,0,31,19	12:25,12,23,0	00:41,0,39,0	00:69,0,0,0	00:66,0,13,0	00:75,0,0,0	00:53,0,0,0	00:68,0,0,7	11:53,27,0,0	12:42,18,19,0	22:33,0,11,4	01:25,37,0,0	00:84,0,0,0	03:30,0,29,11	23:0,0,23,65	23:33,0,26,41	00:59,41,0,0	00:43,20,0,0	01:53,30,0,0	22:0,0,89,0	33:0,0,0,99	13:35,27,0,26	11:39,30,0,0	03:58,0,0,15	03:68,4,0,14	00:80,0,0,0	00:81,0,0,0	03:64,0,0,20	33:0,0,0,67	00:55,28,8,0	03:64,0,0,36	03:57,0,0,10	23:0,0,1,47	03:58,0,0,0	01:68,38,0,0	13:47,35,0,20	03:50,0,0,11	33:0,0,0,46	03:35,0,0,49	03:18,0,0,77	03:54,0,0,20	03:45,0,0,31	00:47,0,46,0	00:98,0,0,0	01:19,47,0,0	02:22,0,45,0	01:16,38,0,0	00:106,0,0,0	11:0,56,0,0	01:24,17,0,26	12:0,37,12,0	02:68,0,29,0	03:66,0,0,15	11:31,52,0,0	03:75,0,0,24	00:40,35,0,0	03:44,0,0,17	03:23,49,0,39
3_135	55	00:62,25,0,17	13:0,68,0,49	33:0,0,1,64	00:78,0,0,0	00:97,0,0,0	00:69,41,0,0	00:118,0,0,0	00:85,11,0,0	01:26,48,0,0	00:40,0,0,29	00:88,0,0,0	00:20,15,0,31	33:50,16,0,21	00:85,0,0,0	00:44,0,11,0	03:48,0,0,5	00:42,0,0,20	23:78,0,38,38	02:35,28,19,0	02:51,0,30,0	02:19,35,35,0	00:70,16,0,23	00:65,0,0,16	11:0,40,0,5	00:62,0,0,23	00:60,0,21,0	00:60,0,0,14	13:70,41,0,29	00:91,0,0,0	00:48,0,0,53	00:79,0,0,0	00:79,17,0,0	00:83,0,0,0	23:16,0,10,13	03:14,36,0,56	12:0,65,42,0	00:42,57,0,0	00:76,0,9,0	23:29,0,16,11	00:81,0,0,12	00:70,0,0,35	03:18,0,0,58	01:20,12,0,28	12:30,16,18,19	23:27,0,23,20	00:53,24,21,0	03:23,0,0,67	00:75,10,0,0	03:59,0,0,27	00:101,0,0,0	03:15,0,0,66	00:62,0,0,10	33:39,0,0,85	00:87,0,0,9	00:71,0,0,13	00:92,0,0,0	00:93,0,0,0	00:105,0,0,0	00:68,22,0,0	00:59,14,38,0	03:40,0,0,69	00:125,0,0,0	01:62,61,0,0	00:49,0,0,0	00:55,0,0,0	00:34,0,0,20	13:0,32,0,48	03:73,0,0,23	11:0,66,0,0	22:60,0,25,0	00:61,0,0,11	00:124,0,0,0	00:108,0,0,0	00:83,0,0,21	00:61,0,0,32	00:71,0,0,0	00:133,0,0,0	02:32,0,64,0	23:40,0,10,27	00:49,12,0,0	00:95,0,0,0	NA:102,0,0,0	02:40,11,28,0	00:61,0,0,8	33:0,19,28,29	03:70,0,0,42	11:30,29,0,31	00:89,0,0,0	00:60,0,16,0	00:58,0,23,0	00:52,0,18,0	00:55,0,0,27	00:97,0,0,0	00:27,0,0,64	00:70,0,0,0	03:49,0,32,31	00:112,0,0,0	23:27,0,39,94	02:69,0,21,0	01:23,40,0,0	01:22,7,0,16	03:63,50,0,24	00:112,0,0,0	03:57,0,0,100	00:57,0,0,25	02:72,0,24,0	00:28,0,19,25	03:12,16,28,26	00:61,0,38,20	00:69,0,0,12	33:25,0,0,51	03:13,33,18,23	33:16,40,27,16	00:60,19,0,0	22:59,0,15,0	03:30,0,0,10	00:74,17,0,0	NA:70,0,0,11	22:84,0,39,13	02:94,0,32,0	03:52,0,0,77	00:101,15,0,0	00:41,11,0,0	33:21,0,8,51	00:96,29,0,0	00:68,0,35,0	03:48,0,0,57	00:60,0,0,0	00:63,0,0,0	00:50,0,0,56	03:63,0,0,19	22:0,19,77,0	00:120,0,0,23	00:117,0,0,0	00:57,0,36,0	22:48,0,80,0	03:36,0,0,65	00:133,0,0,0	00:44,0,0,52	12:0,115,21,0	22:0,0,96,0	22:0,0,106,0	00:66,0,0,30	33:0,26,23,65	01:90,22,0,0	03:31,0,0,55	00:15,0,0,82	00:36,20,14,0	00:126,0,0,0	22:15,0,61,0	00:65,30,0,0	33:0,0,0,72	00:122,0,0,0	03:106,0,0,22	02:48,0,17,13	33:63,0,0,63	23:19,0,32,9	03:35,0,0,47	00:87,0,0,0	00:76,27,0,0	00:76,0,0,0	03:68,0,0,12	03:53,0,0,14	00:49,0,56,0	00:72,0,0,0	00:45,0,0,54	01:64,69,0,0	11:0,80,0,0	00:151,0,0,0	01:43,13,0,29	00:27,24,0,17	00:72,0,0,0	03:86,0,0,12	01:71,26,0,0	00:69,0,0,0	12:22,67,19,0	00:95,0,0,0	12:0,23,61,14	03:23,0,0,63	00:60,0,0,21	00:33,0,31,17	02:21,17,11,13	11:0,69,21,0	00:91,0,0,0	03:70,0,0,53	03:42,31,0,30	00:66,0,0,0	00:59,0,0,0	02:45,0,15,0	00:97,22,0,0	00:57,0,15,36	11:37,14,0,0	11:14,47,0,0	01:73,39,0,0	00:63,0,0,14	23:0,0,56,62	03:22,0,0,108	02:55,25,19,0	00:70,8,0,0	00:73,18,0,0	11:16,22,45,0	00:58,0,0,85	12:0,46,32,13	00:46,53,0,0	03:37,0,0,29	02:46,0,67,0	00:45,0,0,0	00:73,0,0,0	33:46,0,0,69	00:11,17,0,45	00:103,12,0,0	00:84,0,0,15	03:52,0,12,20	03:41,0,0,51	00:65,0,0,0	00:122,30,0,0	03:52,19,0,32	03:88,0,0,3	03:36,0,0,20	03:111,0,0,18	33:0,0,0,106	02:55,0,17,11	33:26,20,0,39	03:71,0,0,26	00:98,0,0,0	00:68,28,0,0	00:62,0,0,26	00:79,0,0,0	00:99,0,0,0	12:0,46,12,17	00:117,0,0,0	11:9,57,0,0	33:85,0,0,44	00:120,0,0,0	00:53,28,0,0	00:87,0,0,0	01:72,23,0,12	00:40,0,0,36	03:16,51,0,61
2_136	43	00:66,9,0,6	13:0,65,0,44	33:15,0,6,54	01:78,13,7,0	00:108,0,0,7	00:68,0,0,39	00:112,16,0,0	00:81,45,0,0	11:6,81,0,15	03:24,0,0,50	00:75,0,0,0	23:41,0,9,31	03:42,10,0,32	02:55,23,30,0	02:42,0,32,0	00:50,0,0,17	03:34,0,0,37	00:130,0,0,12	11:9,56,5,0	00:88,0,0,24	12:0,29,90,0	03:56,0,36,19	03:49,0,0,22	11:0,50,25,0	03:66,0,0,27	00:82,29,0,0	00:61,33,0,0	03:107,0,0,46	03:38,0,44,19	33:24,0,31,54	01:61,40,0,7	01:48,68,6,0	13:55,33,0,15	33:0,0,0,83	03:85,0,0,47	23:0,0,80,48	00:101,0,8,0	03:69,0,0,35	01:48,7,15,0	00:75,0,0,32	00:119,0,0,0	33:0,0,0,104	00:69,0,0,18	00:57,0,0,22	33:0,23,0,50	01:40,92,0,0	33:32,0,0,41	03:90,0,0,22	03:45,0,0,24	00:89,0,0,12	33:11,0,0,74	00:86,0,0,0	33:4,6,0,95	01:62,28,0,6	00:48,0,50,5	03:41,20,0,14	00:99,0,7,0	00:116,10,0,0	00:104,0,0,4	03:35,53,0,50	33:9,0,0,73	00:114,0,0,0	02:72,8,40,0	00:81,0,0,0	00:69,0,0,13	02:62,0,8,0	03:41,0,0,49	01:36,25,0,5	01:16,42,45,0	00:93,0,14,46	00:129,0,0,0	03:75,0,0,21	02:58,0,32,0	00:67,0,31,24	03:34,0,0,53	00:63,26,0,0	00:109,0,0,4	00:98,0,35,0	00:88,0,0,10	02:116,0,7,0	03:77,0,0,56	33:45,9,0,61	00:127,0,0,0	00:36,0,7,31	03:63,0,0,32	00:96,0,0,0	00:93,0,0,0	00:73,0,0,23	00:60,0,44,19	00:89,13,4,0	02:93,0,4,0	02:62,0,38,0	00:108,0,0,0	33:23,0,0,94	00:37,18,0,9	02:68,0,50,0	03:70,0,0,18	23:26,0,26,94	00:126,0,0,0	00:66,0,0,20	03:46,0,0,29	00:131,0,0,0	02:59,0,46,0	01:65,56,0,10	33:33,0,0,60	00:56,0,0,39	33:21,0,0,40	33:37,0,8,47	23:44,21,21,39	00:103,0,0,0	00:68,0,0,1	01:53,51,0,0	00:129,0,0,0	01:42,32,0,0	00:52,14,27,0	00:47,0,0,23	12:56,37,28,0	03:73,0,0,18	03:41,36,0,27	00:104,19,0,5	33:36,6,0,75	13:53,31,0,6	00:99,0,9,0	33:0,0,0,101	00:113,0,0,10	00:84,16,19,0	03:31,0,0,67	00:102,3,0,0	00:52,0,0,26	01:54,27,0,41	01:67,33,0,0	22:0,0,100,0	03:118,0,0,12	00:116,0,0,0	22:11,23,59,0	12:27,25,89,0	00:37,0,0,56	00:146,1,0,0	03:50,28,0,62	11:0,81,0,0	22:0,0,117,0	22:0,0,92,0	00:60,0,0,26	33:33,38,13,68	00:123,0,0,0	33:7,0,19,85	33:0,32,0,80	33:15,0,0,45	03:106,2,0,8	00:97,0,0,0	00:96,0,0,0	33:0,0,0,85	02:27,32,46,0	00:133,0,0,0	00:110,0,0,0	00:66,8,0,38	02:52,0,65,0	33:37,0,0,48	03:69,0,0,20	00:84,19,0,0	00:70,0,0,0	00:56,0,0,12	00:68,0,0,0	00:80,35,0,0	03:36,18,0,20	00:68,0,0,28	03:76,0,0,37	11:0,77,0,5	02:69,0,52,23	00:107,0,0,4	01:47,27,0,25	00:61,0,0,0	03:59,0,0,34	00:93,0,0,6	01:37,9,15,0	22:0,0,97,0	00:96,0,0,0	03:43,0,0,49	02:65,0,26,0	00:86,0,0,0	03:58,0,0,32	00:45,6,33,0	11:0,73,0,14	00:105,12,0,0	03:80,0,0,36	00:75,0,34,0	02:90,0,31,0	00:81,0,0,0	00:58,0,0,23	01:40,31,12,0	01:88,20,0,0	02:30,0,11,21	01:29,23,0,0	00:114,0,0,13	03:64,0,0,36	03:23,0,0,99	02:24,0,45,32	00:112,0,0,11	00:65,23,0,0	00:82,0,0,0	22:0,0,104,0	33:15,0,0,103	11:0,82,0,23	11:34,71,0,0	00:57,0,0,12	33:15,24,0,64	00:83,0,0,0	00:98,0,0,0	00:103,0,0,0	33:0,0,0,89	00:85,0,25,0	00:114,1,0,0	33:33,0,0,67	00:7,0,48,0	00:61,0,2,0	00:127,0,0,0	33:52,0,0,61	33:42,0,0,43	33:18,0,0,76	33:63,0,0,59	03:39,0,0,88	02:88,0,25,0	00:95,0,0,0	03:62,0,0,48	00:82,0,0,0	00:64,0,0,14	02:68,0,39,0	01:59,38,0,0	00:99,0,0,0	13:0,54,0,25	00:63,22,0,0	11:21,80,0,0	00:134,0,0,0	00:112,0,0,0	11:36,77,0,0	03:73,0,0,31	00:124,0,0,0	03:60,0,0,26	33:0,0,0,104
3_136	87	00:162,0,0,0	13:0,89,0,79	33:0,0,0,115	00:117,0,0,0	00:160,0,0,0	13:58,32,0,22	00:192,0,0,0	01:81,44,53,0	11:0,113,0,0	33:25,0,0,91	00:71,0,16,0	02:64,0,48,0	33:26,0,0,63	11:21,70,0,33	00:41,46,0,0	03:58,0,0,27	33:34,0,26,28	02:146,0,35,0	11:41,79,0,0	00:89,0,0,29	12:0,59,70,0	12:30,26,44,18	00:156,0,0,0	23:0,39,23,8	00:69,0,0,28	11:0,46,50,0	11:17,28,42,0	02:121,0,25,0	22:59,0,51,0	23:27,0,30,64	01:106,29,0,0	12:63,35,20,0	01:117,31,0,0	33:38,0,0,84	03:116,0,0,96	22:35,0,63,31	00:100,0,0,0	NA:128,0,0,0	00:71,0,0,0	33:0,0,0,95	01:53,69,0,0	33:32,0,0,92	00:101,0,0,32	00:116,0,0,0	00:34,0,0,80	22:32,0,101,0	03:45,0,24,19	00:86,0,0,0	00:108,0,0,0	00:158,0,0,0	33:0,0,0,79	00:103,0,0,0	33:35,0,0,113	22:35,0,80,19	01:84,26,0,0	01:68,30,0,0	00:133,0,0,0	00:146,0,0,0	00:103,0,0,0	12:75,61,46,0	33:0,0,0,136	01:76,88,0,0	02:70,0,85,0	00:87,0,0,0	00:73,0,0,0	00:79,0,0,38	00:75,0,0,17	00:52,16,0,0	12:0,69,33,0	33:0,0,0,144	00:136,0,0,0	00:139,0,0,0	03:38,0,0,14	12:30,32,26,32	03:109,0,0,25	01:58,19,0,24	00:78,0,0,25	02:89,0,65,0	00:111,0,0,0	00:166,0,0,0	13:55,87,0,33	03:36,0,0,44	00:88,0,37,0	03:27,0,17,32	03:104,0,0,16	00:59,0,0,0	00:92,0,0,28	02:104,0,29,0	22:45,0,69,0	00:116,0,0,38	03:42,0,0,46	01:99,41,0,0	03:110,0,0,23	33:0,0,0,116	NA:57,22,0,24	00:134,0,0,0	00:151,0,0,0	33:0,0,93,90	00:154,0,0,0	22:0,24,34,65	00:44,35,0,27	00:181,0,0,0	00:98,0,0,0	00:146,0,0,0	03:24,0,0,94	01:59,29,0,31	13:24,25,20,24	03:28,0,0,78	02:117,0,33,0	00:112,0,0,0	33:23,0,0,83	11:0,131,0,0	00:121,0,27,0	00:115,0,0,0	00:98,0,0,0	03:46,0,0,46	01:79,80,0,0	00:114,0,0,0	03:125,0,0,41	03:135,0,0,39	13:0,42,0,123	00:83,27,1,0	02:87,0,26,0	33:39,0,29,62	00:123,0,0,29	01:93,28,0,0	22:63,0,40,23	NA:67,52,0,0	03:68,0,0,19	00:85,0,0,45	03:86,0,0,27	22:0,38,117,0	00:127,0,0,37	03:85,41,0,47	02:28,0,60,37	22:0,0,184,0	00:144,0,0,0	03:99,54,0,39	00:79,0,0,82	12:0,46,91,0	22:28,0,90,0	02:26,0,68,0	00:124,0,0,0	11:0,77,0,105	01:33,78,50,0	33:0,31,0,96	33:0,0,39,88	00:96,0,0,0	00:132,0,0,0	00:62,0,78,0	00:140,0,0,0	22:0,17,22,63	00:38,0,35,35	00:188,0,0,0	00:83,0,0,27	33:54,0,0,80	23:0,0,70,20	03:26,0,0,94	03:115,0,0,20	03:77,0,0,37	00:91,0,0,0	00:103,28,0,0	00:61,0,0,21	02:98,0,80,0	00:84,0,0,0	00:86,0,0,29	03:23,28,0,52	11:0,82,1,32	03:109,0,0,28	00:129,0,0,0	03:45,0,0,60	00:65,0,0,24	33:24,0,19,62	00:145,0,0,0	02:56,0,22,0	23:0,0,99,23	00:55,22,0,21	33:0,0,0,97	33:47,0,0,81	00:41,0,28,19	02:33,0,39,80	00:80,15,0,0	01:26,59,0,0	00:168,0,0,0	00:116,58,0,0	02:74,0,26,0	00:124,0,0,0	03:98,0,0,21	11:67,45,0,0	00:109,0,0,0	00:146,0,0,0	00:87,1,0,0	11:0,84,0,0	00:111,0,0,38	00:66,0,0,0	12:0,18,30,54	00:77,0,0,56	11:36,82,32,0	03:82,0,0,36	03:72,0,0,26	22:0,63,59,0	23:0,0,28,115	12:34,73,27,0	12:36,81,28,0	00:56,0,0,14	03:107,0,0,37	02:100,0,32,0	00:130,0,0,0	NA:94,30,0,0	33:20,0,24,41	03:106,0,0,38	01:85,38,0,0	03:62,0,0,64	00:60,27,19,0	03:87,0,0,27	00:216,0,0,0	03:118,0,0,23	02:74,33,32,0	33:0,28,0,66	01:65,38,0,43	13:0,46,0,93	22:114,0,31,0	03:97,0,0,26	00:114,0,43,0	00:91,0,0,25	01:53,28,0,24	12:68,29,30,0	00:73,25,0,0	00:166,0,0,0	13:0,46,0,58	00:128,0,0,0	11:0,50,14,0	02:125,0,34,0	12:78,45,28,0	03:72,39,0,35	03:107,0,0,30	01:65,93,0,0	00:72,0,0,22	01:23,43,0,82
2_137	83	03:31,0,0,133	13:0,84,0,69	33:0,0,0,112	02:48,0,46,0	03:47,39,0,67	00:133,0,0,0	03:93,0,36,37	03:67,0,36,35	01:44,50,0,0	00:84,0,0,27	00:79,0,0,18	00:33,0,48,0	03:44,0,0,46	00:99,37,0,0	01:72,25,0,0	00:115,0,0,0	00:139,0,0,0	23:48,0,47,83	02:54,24,54,0	00:132,0,0,0	02:41,0,92,0	00:151,0,0,0	01:98,30,0,0	11:0,72,0,0	00:94,0,0,24	00:128,0,0,0	01:91,36,0,0	00:165,0,0,0	00:91,0,25,0	03:78,0,0,29	03:90,0,0,31	02:116,0,53,0	00:162,0,0,0	33:0,0,0,112	03:158,0,0,41	22:0,0,148,34	02:75,19,24,0	00:121,0,40,0	00:94,0,0,0	00:98,0,0,0	00:150,0,0,0	33:30,0,0,81	00:146,0,0,0	03:21,31,0,66	23:0,0,26,97	00:122,0,22,0	00:36,27,0,17	00:77,0,0,0	00:115,0,0,0	00:129,0,0,0	03:20,0,21,52	00:86,0,19,0	33:33,0,0,137	03:43,0,28,24	00:114,0,0,0	00:97,0,0,0	00:151,0,0,0	00:172,0,0,0	00:89,0,0,0	00:126,45,0,0	03:40,0,0,114	00:124,0,0,33	01:123,33,0,0	00:82,0,0,0	00:74,0,0,0	03:75,0,0,29	01:73,22,0,0	00:76,0,0,0	11:0,85,0,35	03:95,37,0,35	00:123,0,0,0	00:123,0,0,0	03:48,0,0,38	00:76,0,0,27	00:157,0,0,0	00:47,0,0,65	01:69,39,0,0	00:88,0,79,0	33:44,0,0,47	00:162,0,0,0	00:151,0,0,37	00:79,0,0,56	02:113,0,31,0	03:78,0,0,31	03:111,0,0,19	00:74,30,0,0	00:116,0,0,0	02:46,22,35,0	00:56,28,14,0	02:103,0,37,0	00:55,0,0,0	00:131,0,0,0	03:94,0,0,34	03:21,0,0,123	00:86,0,0,0	03:153,0,0,0	03:91,0,1,51	03:54,0,0,142	00:155,0,0,0	33:0,0,20,71	33:45,0,0,45	03:126,0,0,42	02:92,0,26,0	00:153,0,0,0	33:0,0,0,104	00:78,28,0,0	03:29,0,0,90	33:19,0,0,60	00:159,0,0,0	00:111,0,0,0	13:16,21,0,79	11:0,135,0,42	02:92,36,48,0	22:48,0,56,0	00:96,0,0,0	03:72,0,0,25	00:100,0,0,0	00:118,0,0,0	00:162,0,0,0	00:133,0,0,73	03:30,39,0,80	00:121,0,0,0	00:89,0,35,0	03:0,0,0,142	00:109,0,0,47	02:68,44,38,0	33:0,0,0,134	03:46,37,0,41	00:55,0,0,19	03:81,0,0,78	00:94,0,0,24	22:0,0,128,0	03:113,0,0,36	00:182,0,0,0	02:51,0,52,0	22:0,0,156,0	00:77,0,0,30	01:134,30,0,0	33:104,0,0,91	12:0,79,83,0	02:32,0,82,0	22:0,0,131,0	00:110,0,0,0	23:0,0,46,148	02:88,0,94,0	13:0,36,0,97	22:0,0,58,59	02:98,0,24,0	00:157,0,0,0	22:88,0,23,0	01:109,29,0,0	13:0,32,0,94	03:107,0,0,20	00:200,0,0,0	33:38,23,0,61	03:112,0,0,34	02:62,0,50,0	33:28,0,0,100	00:95,0,0,31	00:91,0,0,30	00:92,0,0,0	00:108,0,0,0	03:54,0,0,28	02:119,0,41,0	03:59,0,0,21	03:157,0,0,0	01:47,47,0,68	13:0,97,0,29	02:119,0,48,0	00:156,0,0,0	01:54,28,0,23	03:63,0,0,26	23:84,0,25,35	00:170,0,0,0	00:59,20,0,0	22:0,0,129,0	01:74,69,0,0	33:29,0,0,84	03:77,0,23,32	02:52,0,24,0	03:32,0,0,103	01:94,23,0,0	01:0,77,0,22	00:150,0,0,0	00:149,0,0,0	00:125,0,0,0	00:76,21,0,0	00:95,0,0,0	01:49,19,0,0	00:151,0,0,0	02:70,38,35,0	00:55,0,22,0	11:0,75,0,0	03:145,0,0,42	00:76,0,0,0	13:0,43,0,118	03:45,0,43,96	01:143,0,0,0	03:26,0,24,48	01:54,26,25,0	12:0,35,100,0	03:47,0,0,123	01:51,102,0,0	03:60,42,0,38	03:37,0,0,49	00:123,0,0,23	00:79,0,0,27	02:77,0,32,0	00:131,0,0,31	33:36,0,0,97	01:115,27,0,0	03:117,0,0,30	33:0,0,0,76	03:5,19,43,25	00:115,0,0,0	03:117,0,0,45	03:72,0,0,69	00:109,0,0,33	33:27,0,0,53	00:83,0,0,33	00:134,0,0,42	00:128,0,0,0	01:73,59,0,0	00:158,0,0,0	00:122,0,0,0	01:100,16,0,0	00:91,0,39,0	00:56,21,0,27	00:95,0,0,27	03:29,31,0,60	02:65,0,37,19	11:0,68,0,0	00:204,0,0,0	00:168,0,0,0	01:57,83,0,0	23:73,0,32,29	00:121,0,41,0	03:38,0,0,36	33:0,0,0,177
3_140	30	00:124,0,0,5	33:0,79,0,62	33:0,0,0,70	13:43,20,0,17	00:141,0,0,3	00:85,0,0,0	00:105,0,0,25	00:82,34,0,0	01:30,67,0,0	00:67,0,0,14	00:54,0,0,51	02:39,0,35,0	13:16,23,0,35	02:52,0,20,33	00:47,25,0,18	01:40,43,0,0	00:106,0,0,0	00:171,0,0,5	12:30,40,35,0	00:106,0,0,0	22:24,0,63,34	00:103,28,0,0	00:100,0,0,0	01:17,38,0,9	01:73,35,0,0	03:42,0,37,34	00:47,1,0,37	03:100,0,0,31	03:30,0,29,62	03:50,0,0,61	00:95,0,21,1	00:102,0,0,27	33:61,0,2,49	33:0,0,0,100	00:174,0,0,7	22:0,0,128,0	00:68,19,0,0	00:131,0,0,0	01:29,16,2,17	00:42,0,19,27	01:74,35,0,0	33:0,0,0,95	00:78,0,0,16	00:76,26,0,0	33:0,0,3,97	00:89,0,30,0	03:54,0,23,20	03:48,0,0,20	03:70,0,0,16	02:81,0,24,0	33:0,0,0,90	00:83,0,0,0	33:29,0,0,132	03:112,0,0,8	00:79,0,25,3	03:56,0,0,21	00:94,0,0,15	00:108,0,0,21	03:42,25,0,27	02:68,1,78,0	33:5,0,0,103	00:136,0,0,0	00:100,3,0,28	03:53,21,0,12	02:68,0,7,0	02:67,0,24,0	00:88,0,0,0	13:14,25,0,37	01:25,74,0,0	03:88,0,0,53	00:116,0,0,0	03:82,0,0,33	00:51,0,0,28	00:82,0,20,0	00:150,0,0,0	00:65,0,18,0	00:95,0,0,24	02:74,0,56,0	00:94,0,0,0	02:61,29,34,0	33:30,0,0,128	33:0,0,0,118	00:111,0,0,0	02:43,0,15,0	00:137,0,0,0	00:72,0,0,0	03:83,0,0,13	00:153,0,0,0	02:35,0,67,0	00:120,0,0,0	02:27,0,27,13	00:100,0,0,0	00:75,0,0,34	03:57,0,0,52	03:56,0,0,39	03:78,0,0,41	02:98,0,27,0	33:42,0,0,124	02:82,0,28,0	33:18,0,0,79	03:46,0,0,35	00:151,0,0,0	01:70,32,2,0	03:100,0,0,48	03:47,0,0,55	00:118,0,0,0	03:30,0,18,41	33:13,0,0,63	02:33,0,73,32	00:86,0,0,0	01:71,20,0,0	11:23,87,0,0	02:64,0,74,0	00:74,0,26,0	01:78,33,0,21	23:0,0,22,65	01:59,76,0,0	00:92,20,0,0	00:148,0,0,0	00:181,0,0,0	02:24,29,43,21	00:103,0,0,0	00:110,0,0,0	03:25,0,30,65	03:108,0,0,37	00:77,0,31,0	03:92,0,0,29	00:110,0,0,0	00:65,0,0,12	02:67,0,14,44	00:92,0,0,24	12:0,44,56,29	00:89,0,0,36	03:117,0,3,35	12:0,33,72,0	22:0,0,131,0	02:53,0,28,35	00:152,21,0,0	00:103,0,0,25	11:0,113,22,0	02:101,0,43,0	02:31,0,85,0	00:68,0,0,27	33:2,0,0,152	00:119,0,19,0	33:6,49,0,57	33:0,0,16,85	03:79,0,0,32	03:97,0,2,40	02:54,0,46,0	01:101,34,0,0	33:0,15,2,72	02:70,0,38,16	03:130,0,0,28	00:92,0,0,10	00:98,0,0,14	22:0,42,71,0	03:26,0,0,84	03:80,0,0,21	03:82,5,0,23	00:77,0,3,0	00:103,0,0,0	00:43,45,0,15	00:94,0,19,0	23:34,0,20,23	00:107,0,0,2	00:98,25,0,0	01:21,58,0,20	02:93,0,42,0	01:112,27,0,0	01:62,25,0,0	02:33,0,18,15	33:69,0,14,40	00:103,0,0,21	00:35,0,0,18	22:0,0,134,0	02:65,24,31,0	33:17,0,0,90	00:87,0,0,23	00:59,1,7,1	00:55,0,0,71	22:22,12,43,0	11:23,62,0,0	00:97,4,0,0	00:80,0,38,0	02:77,0,24,0	00:93,0,0,0	01:43,21,0,0	13:31,20,0,10	00:122,0,0,0	00:130,0,0,0	03:46,0,0,15	11:0,68,0,1	00:117,0,0,23	00:70,0,0,0	33:0,0,0,135	23:54,0,25,56	00:77,52,23,0	03:42,0,0,64	00:59,0,0,28	02:28,0,71,0	03:41,0,0,108	13:0,49,42,25	13:41,53,0,36	00:61,0,8,0	33:49,0,0,66	00:72,0,33,0	00:71,3,0,26	00:69,0,0,41	23:0,0,46,52	00:76,0,0,40	03:88,0,0,31	03:17,0,0,59	22:23,0,51,2	00:50,0,23,0	00:95,0,0,49	03:63,0,38,31	03:42,0,29,26	33:20,0,18,48	03:63,34,0,26	33:0,51,0,87	02:66,0,58,0	00:83,1,0,0	03:95,0,0,22	03:79,0,0,27	00:90,0,0,0	03:81,0,0,27	00:96,1,0,2	00:121,0,0,1	13:0,22,0,66	00:104,0,0,2	11:0,77,0,0	00:156,0,0,0	00:101,0,0,38	01:89,12,0,0	23:35,0,61,20	00:82,37,0,0	33:27,0,0,34	33:0,31,0,91
3_142	58	03:65,0,0,57	13:0,0,0,112	33:0,0,1,65	01:46,37,0,0	00:138,0,0,0	00:108,0,0,0	00:102,0,0,50	00:129,0,0,0	11:0,89,0,31	00:73,25,0,0	00:116,1,0,0	02:14,0,54,0	33:37,0,0,63	02:42,0,63,0	00:81,0,0,0	00:112,0,0,0	00:125,0,0,0	00:130,0,0,44	01:47,58,0,11	00:78,0,38,0	22:0,0,113,0	00:136,0,0,0	00:118,0,0,0	11:0,104,0,0	00:106,0,0,0	00:98,0,0,25	00:95,0,0,0	03:37,1,0,105	03:56,0,0,57	33:56,0,0,60	00:114,0,0,0	00:148,0,0,0	33:34,0,33,73	33:0,0,0,129	00:126,0,0,37	22:0,0,130,0	00:126,0,0,0	00:88,0,33,0	01:63,22,0,0	01:46,55,0,0	00:129,0,0,0	33:0,0,0,111	00:138,0,0,0	00:58,31,0,0	33:0,0,0,109	00:159,0,0,0	03:49,0,0,21	03:63,0,0,21	03:49,0,0,27	00:78,21,0,0	03:36,0,0,32	00:82,0,0,0	33:49,0,0,106	00:155,0,0,0	00:103,0,1,0	03:81,0,0,19	00:98,0,0,24	00:106,0,0,29	00:120,0,0,0	01:96,38,0,0	33:0,0,1,89	00:107,0,0,29	03:43,0,0,83	03:38,0,0,50	00:70,0,0,0	02:51,0,46,0	00:75,0,0,0	01:53,15,0,0	01:21,58,0,25	00:135,0,0,0	00:85,0,0,0	03:100,0,0,20	01:46,25,0,17	03:81,0,0,32	00:133,0,0,0	00:81,0,0,31	03:50,0,0,60	00:111,0,26,0	00:73,0,0,32	02:107,0,42,0	13:92,0,0,77	33:0,0,30,99	00:132,0,0,0	02:45,0,46,0	03:109,0,0,26	02:36,37,28,0	03:82,0,0,25	00:84,19,0,0	02:82,24,0,0	00:104,40,0,0	00:62,0,0,0	01:90,39,0,0	00:69,0,33,25	03:17,0,0,99	00:76,0,0,25	02:100,0,38,0	00:93,0,54,0	23:55,0,47,74	00:91,41,0,0	03:42,0,18,53	03:67,0,0,16	03:66,38,0,40	12:44,28,27,0	00:146,0,0,0	33:29,0,0,84	00:80,15,0,0	00:74,0,0,18	03:35,0,0,31	00:161,0,0,0	00:99,0,0,0	01:22,20,0,65	11:0,124,0,0	00:172,0,0,0	02:72,0,18,0	01:101,29,0,0	03:42,0,0,35	01:83,74,0,0	00:93,0,0,0	03:135,0,0,0	01:114,0,0,32	03:33,26,0,72	00:149,0,0,0	01:59,36,36,0	23:0,0,44,100	00:112,0,0,32	02:66,24,19,0	33:0,0,0,138	02:91,19,0,0	00:51,0,0,13	03:64,0,0,62	00:104,0,0,0	22:0,0,112,0	33:71,1,0,67	00:106,0,0,32	02:41,0,83,0	12:0,39,119,0	03:62,0,18,27	03:69,41,0,32	03:59,1,0,90	12:0,43,61,0	22:66,0,49,0	02:46,0,62,0	00:111,0,0,0	03:52,0,0,137	00:105,0,39,0	33:0,32,0,79	33:0,0,31,73	00:105,0,0,0	00:149,0,0,0	12:0,18,73,0	00:109,23,0,0	03:23,31,0,54	02:41,0,55,36	00:154,36,0,0	00:46,0,0,37	03:55,0,0,67	22:0,0,107,0	03:43,0,0,81	03:102,0,0,0	01:81,38,0,0	03:62,0,0,39	00:103,16,0,0	03:30,0,0,58	02:75,0,82,0	00:75,0,0,0	03:77,36,0,26	03:28,71,0,37	11:0,75,0,33	00:175,0,0,0	00:110,1,0,27	00:96,0,0,0	03:32,0,0,58	02:36,0,57,15	00:128,0,0,0	00:69,0,0,0	12:0,34,94,0	33:25,32,0,54	03:38,0,0,86	03:32,0,0,64	03:10,0,27,33	03:30,0,0,96	22:25,29,52,0	12:0,55,17,0	03:94,0,0,32	01:93,32,0,0	02:83,0,19,0	00:97,0,0,0	00:79,0,0,0	00:76,10,0,0	00:124,0,0,0	03:45,0,26,75	03:70,0,0,0	11:0,69,0,0	00:99,0,0,46	00:96,0,0,0	23:22,0,40,64	03:86,0,0,53	03:73,0,44,25	03:86,0,0,34	11:60,56,0,0	23:0,0,86,31	03:46,0,0,111	12:0,91,44,0	11:0,155,0,0	11:12,33,22,28	02:68,0,34,22	03:81,0,0,30	03:102,0,0,0	03:63,0,0,66	33:0,0,25,80	02:81,0,39,0	00:124,0,0,0	03:38,0,0,42	02:65,0,31,0	00:77,0,0,0	00:152,0,0,0	03:82,0,0,72	01:66,23,0,15	03:29,0,0,59	00:107,0,0,0	23:0,0,17,102	02:100,0,37,0	02:81,0,33,0	00:159,0,0,0	03:36,0,0,95	00:106,0,0,0	03:62,0,0,42	03:74,0,0,22	03:124,0,0,15	01:29,48,0,33	00:121,0,0,0	11:0,55,0,17	01:125,51,0,0	01:152,0,0,0	02:95,0,25,0	12:0,32,123,0	01:74,35,0,0	33:34,0,0,55	33:0,0,0,136
3_144	51	33:32,0,0,36	01:13,48,0,20	03:20,0,0,33	00:30,13,0,0	00:92,0,0,0	00:59,0,0,0	00:79,0,0,0	00:77,0,0,0	11:0,85,0,0	00:48,0,0,13	00:59,0,0,0	00:9,0,21,15	03:35,0,0,25	00:45,0,17,0	33:35,0,9,17	03:44,0,0,11	00:64,0,0,20	02:75,0,37,0	01:14,33,0,0	00:64,0,0,0	02:13,17,39,0	00:70,0,0,23	00:62,0,0,20	11:0,42,0,0	00:66,0,0,14	00:61,0,0,0	00:56,0,0,0	00:68,0,0,25	03:34,0,0,26	33:12,0,0,44	00:59,17,0,0	02:48,22,19,0	33:0,18,0,66	33:0,0,0,84	03:42,0,0,48	22:0,0,60,17	00:71,0,0,0	00:54,0,0,12	01:28,20,0,0	00:60,0,0,0	00:46,0,0,0	13:0,20,0,54	00:66,0,0,0	00:59,0,0,0	33:0,0,0,47	00:58,18,0,0	03:13,0,0,28	03:24,0,0,21	23:11,0,15,26	03:53,0,0,17	33:0,0,0,39	00:53,0,0,0	33:0,0,0,80	00:64,17,0,0	00:43,0,10,0	33:8,0,0,44	00:75,0,0,0	00:80,0,0,0	00:52,0,0,0	00:57,0,0,15	33:0,0,0,59	00:106,0,0,0	00:59,0,11,0	00:51,0,0,0	00:35,0,0,0	22:14,0,31,0	00:41,0,0,11	11:13,33,0,0	00:35,11,0,0	00:84,0,0,0	00:59,0,0,0	33:17,0,0,53	00:36,0,13,0	00:73,0,0,0	00:44,0,0,12	00:64,0,0,0	00:63,0,0,0	22:66,0,22,0	00:85,0,0,0	02:20,0,45,0	03:42,0,0,64	33:0,0,0,61	00:78,0,0,0	00:48,0,0,0	00:68,0,0,0	00:48,0,0,0	00:71,0,0,0	01:45,14,0,0	01:48,9,0,0	00:71,0,0,0	02:11,0,15,0	00:52,0,0,0	03:64,0,0,19	33:24,0,0,51	00:63,0,0,0	00:71,0,0,0	00:63,0,0,0	33:26,0,0,62	00:49,0,0,0	23:13,0,17,29	00:44,0,0,0	03:35,0,0,42	00:38,0,0,12	00:84,0,0,0	33:22,0,0,50	00:75,0,0,0	00:57,0,0,0	33:0,0,0,39	00:77,0,0,0	00:60,0,0,0	00:51,0,0,0	01:43,31,0,0	02:80,0,14,0	00:64,0,0,0	00:73,0,0,0	03:56,0,0,12	01:51,20,0,0	03:27,0,0,14	00:83,0,0,0	02:99,0,29,0	00:64,0,0,0	00:59,0,0,0	02:41,0,15,0	33:0,0,0,67	00:80,0,0,0	00:76,0,0,0	33:0,0,0,67	00:39,0,0,0	22:17,0,22,0	00:68,0,0,0	33:40,0,0,13	22:17,41,26,0	00:76,0,0,20	00:65,0,0,0	01:56,17,0,0	12:0,18,66,0	00:59,0,0,0	00:68,0,0,29	00:72,0,0,26	12:0,57,13,0	22:0,0,70,0	22:0,0,56,0	02:39,0,12,0	33:0,0,19,80	00:94,0,0,0	33:19,0,0,41	33:0,0,0,67	03:28,0,0,37	03:40,26,0,19	00:57,0,0,0	00:71,0,0,0	33:0,0,0,56	12:0,22,28,9	00:109,0,0,0	00:48,0,12,0	03:35,0,0,35	22:0,0,65,0	03:15,0,0,50	00:57,11,0,0	00:80,0,0,0	00:44,0,0,17	00:53,14,0,0	00:38,0,0,6	01:58,19,0,0	13:29,10,0,12	03:48,0,0,44	00:86,0,0,0	11:0,45,0,20	23:23,0,24,44	00:76,0,0,0	01:30,13,0,16	00:28,0,13,0	03:41,0,9,10	00:68,0,0,0	22:14,7,9,0	22:0,0,77,0	00:54,0,0,5	00:21,0,0,41	00:76,0,0,0	00:22,0,7,0	00:35,0,0,28	02:16,18,39,0	11:7,31,0,0	00:55,0,18,0	03:43,24,0,15	02:38,0,11,0	02:33,0,6,0	00:36,10,0,0	03:19,0,0,11	01:46,13,0,0	02:78,0,11,0	00:27,0,0,14	11:5,22,0,9	00:97,0,0,0	00:5,13,8,8	33:0,29,0,53	03:69,0,0,25	00:63,21,0,0	12:30,14,14,0	00:43,0,0,0	02:12,0,44,0	33:16,0,0,62	01:0,39,0,22	01:39,32,0,8	00:49,0,0,0	11:0,64,0,22	00:43,0,0,17	03:31,17,0,28	03:45,0,0,19	33:0,0,12,52	02:47,0,8,0	00:78,0,0,15	00:37,0,0,0	02:2,0,26,13	00:41,0,0,0	00:70,0,0,0	00:46,0,0,36	03:52,0,0,18	33:0,0,0,51	03:43,0,0,21	33:0,0,0,84	02:32,0,22,0	00:66,0,0,0	03:55,0,0,16	03:15,18,0,32	11:43,17,0,0	02:29,0,21,13	00:38,13,0,0	00:83,0,0,0	13:0,44,0,11	01:30,20,15,0	11:0,37,0,0	00:82,0,0,0	01:64,17,0,0	03:60,0,0,15	03:20,0,48,25	01:47,11,0,0	00:25,0,0,22	13:18,24,0,38
3_147	20	33:0,2,0,64	33:0,32,0,29	33:0,0,0,51	02:33,0,20,0	03:42,0,0,29	03:59,0,0,18	00:65,0,0,12	00:83,0,0,10	11:0,48,0,0	03:51,0,0,11	00:54,0,0,0	03:9,0,16,4	03:46,0,0,36	02:30,0,16,0	02:21,8,4,24	00:67,0,0,0	03:64,0,0,16	00:92,0,14,0	01:38,23,0,0	00:71,0,0,0	12:11,18,31,0	03:52,0,0,6	03:65,0,0,6	12:0,38,20,0	13:48,21,0,11	00:65,0,0,0	00:61,0,0,0	00:86,0,0,0	03:33,0,0,24	03:27,0,0,30	00:80,0,0,0	00:85,0,0,0	00:53,0,26,0	00:22,0,0,38	01:56,13,0,21	12:0,17,57,0	01:63,13,0,0	00:68,0,0,0	00:23,0,7,0	00:65,0,0,0	03:70,0,0,12	03:6,0,0,47	03:55,0,0,17	00:13,35,0,9	33:15,0,18,28	02:68,0,13,0	13:32,21,0,13	00:64,0,0,0	00:36,0,0,0	00:62,0,0,2	NA:29,0,0,33	00:58,0,0,0	03:19,0,0,65	03:30,0,0,21	02:48,0,13,13	00:64,11,0,0	00:75,0,0,0	00:82,0,0,0	00:88,0,0,0	03:69,0,0,9	33:24,0,0,38	01:66,29,0,0	02:32,31,16,0	01:61,20,0,0	00:50,0,4,0	00:42,0,0,0	03:36,17,0,18	00:53,0,0,0	11:0,64,0,0	00:97,0,0,0	03:52,0,0,53	00:99,0,0,0	02:46,0,11,0	01:41,66,0,0	33:37,0,0,32	00:72,0,0,0	00:86,0,0,0	01:70,30,0,0	00:43,0,0,21	01:43,22,0,0	02:60,0,35,0	33:31,0,0,34	00:52,0,30,0	00:64,0,0,0	03:24,0,0,25	03:59,0,0,17	00:70,0,0,0	00:99,0,0,0	02:36,0,36,0	00:51,0,0,15	00:66,0,0,0	23:31,0,12,22	00:44,0,12,0	33:24,0,0,56	00:66,0,8,0	02:58,0,12,0	03:66,0,0,11	33:0,0,0,105	00:78,0,0,0	NA:15,0,0,56	33:6,0,0,61	00:78,0,0,16	22:9,0,56,0	01:81,14,0,0	33:0,16,0,47	00:68,0,0,0	03:58,0,0,11	33:0,0,0,63	03:74,0,0,13	00:66,0,14,0	01:26,48,0,0	01:14,70,0,0	00:94,0,0,0	02:15,0,29,0	00:56,0,7,0	03:13,0,0,37	02:53,4,21,0	00:60,0,0,0	00:80,0,0,0	00:80,0,0,10	03:47,0,0,30	01:49,14,0,0	00:63,0,0,0	33:9,0,0,75	00:78,0,10,0	02:55,0,15,11	03:30,0,0,25	00:81,0,0,0	00:32,8,16,0	03:70,0,0,20	00:79,0,0,0	22:0,0,87,0	03:40,0,0,69	03:74,0,0,20	00:78,0,0,0	22:0,7,58,0	00:48,0,0,0	02:65,0,7,19	03:10,0,17,45	11:0,63,13,0	22:0,0,65,10	22:0,6,43,0	00:55,0,0,0	23:0,0,54,38	00:81,0,0,0	03:27,0,0,48	33:0,0,0,78	00:58,0,23,0	11:43,27,0,0	00:54,0,15,0	03:39,32,0,13	33:0,0,13,47	02:45,0,20,0	00:106,0,0,0	00:44,0,0,12	03:42,0,0,33	22:45,0,36,0	33:0,0,0,72	23:36,0,9,20	01:72,25,0,0	03:49,0,0,10	03:32,0,0,33	02:54,0,9,22	00:60,0,23,0	00:64,0,0,0	00:32,0,0,19	00:52,0,0,9	13:0,58,0,7	00:91,0,0,0	02:38,0,9,9	03:10,0,0,46	00:43,0,0,0	03:59,0,0,13	03:64,0,0,20	03:32,0,7,19	22:28,0,46,0	01:63,12,17,0	33:0,0,0,76	00:73,0,0,0	03:50,0,0,17	00:50,0,0,24	00:47,0,13,0	13:0,33,0,31	00:76,0,0,0	02:22,27,14,0	03:30,0,13,14	11:47,11,0,0	00:77,0,0,0	00:51,0,0,0	00:53,0,0,0	00:33,0,0,33	01:25,12,0,0	33:0,20,0,31	00:71,13,0,0	01:44,26,0,0	33:0,0,0,67	00:60,0,0,0	00:77,0,0,0	00:67,0,0,0	03:16,24,0,17	22:0,0,59,0	00:69,17,0,0	22:0,0,86,0	11:0,92,0,0	01:25,29,0,0	03:39,0,0,35	00:71,0,0,0	00:75,0,0,0	33:30,0,0,60	33:0,0,0,46	00:82,0,0,0	00:102,0,0,0	13:19,24,0,39	02:27,0,32,0	00:68,0,0,0	00:89,0,0,0	00:80,0,0,0	00:69,0,0,0	13:0,36,0,36	00:82,0,0,0	33:0,0,0,73	00:74,0,0,0	03:54,0,0,16	00:51,0,0,36	03:69,0,0,14	00:35,0,0,26	00:50,18,0,0	01:32,24,0,0	03:35,0,0,21	33:21,0,0,47	03:73,0,0,16	11:0,50,0,0	00:66,0,0,27	00:78,0,0,0	00:45,0,23,0	02:19,0,61,0	12:25,33,22,0	33:0,20,0,28	03:28,0,0,50
3_148	97	03:23,7,0,41	11:0,54,19,33	03:18,0,13,54	00:67,0,0,0	00:113,0,0,0	00:57,0,0,8	13:39,23,0,29	03:54,9,7,22	13:0,66,0,12	00:52,5,0,9	00:41,6,9,0	02:27,0,27,0	13:3,12,1,29	00:52,7,0,16	01:20,29,0,0	00:58,0,22,11	00:67,0,9,0	02:90,0,34,3	00:81,14,0,0	03:49,0,0,16	02:15,11,63,0	00:71,0,13,8	00:98,0,0,0	11:0,29,2,0	00:81,0,0,4	00:31,6,9,0	00:62,9,7,0	03:97,0,0,18	02:31,0,20,12	00:46,0,5,23	00:91,0,0,3	00:86,10,0,0	00:85,0,0,20	33:16,0,0,65	00:127,0,0,24	22:0,0,93,16	00:71,0,0,0	00:114,0,4,0	02:18,11,13,0	00:40,0,0,18	00:62,9,0,0	33:1,0,0,99	00:76,0,0,20	03:32,1,0,23	33:0,6,0,67	00:49,13,9,0	00:27,0,6,10	00:42,0,0,8	02:29,0,12,16	03:69,9,0,17	33:0,0,0,42	00:53,0,0,0	33:4,1,0,100	02:61,7,27,0	00:82,0,1,0	02:28,5,19,9	03:59,0,0,22	03:70,0,0,25	02:30,0,16,0	01:66,37,0,0	13:0,18,0,62	00:89,12,0,0	00:64,0,10,5	00:39,0,0,1	00:27,0,0,1	03:26,0,18,26	00:24,0,0,7	00:32,3,0,0	12:7,22,17,0	33:38,0,0,81	00:63,0,0,6	00:53,0,0,18	03:22,0,0,2	00:49,2,7,0	01:52,27,0,11	00:61,12,0,2	01:41,20,0,11	03:71,0,8,19	33:15,0,0,25	00:94,0,0,0	03:75,6,0,61	03:11,0,2,22	03:36,11,10,18	23:8,0,37,21	00:94,0,0,0	00:37,1,0,0	03:42,0,0,36	02:63,0,22,0	02:22,0,36,0	02:48,3,14,14	00:30,0,0,7	00:52,8,0,0	00:87,0,4,0	33:9,0,0,63	03:33,1,0,27	03:61,0,0,28	33:32,0,6,57	23:45,0,33,40	03:68,3,0,16	33:6,0,0,70	03:44,0,0,11	03:55,9,0,45	00:42,4,0,0	01:56,48,0,0	03:17,0,0,43	02:54,0,17,0	03:47,0,12,13	33:8,0,0,43	00:56,13,11,17	01:51,18,0,0	03:27,12,0,27	01:33,60,12,0	02:44,0,58,0	02:49,0,27,0	03:43,3,0,34	33:8,0,0,48	13:29,44,0,31	02:34,0,21,0	00:87,0,18,0	03:71,20,0,40	33:13,0,0,86	00:60,21,20,0	00:61,0,0,0	33:11,0,0,92	00:118,0,0,0	03:58,0,0,15	33:16,0,2,93	00:49,0,9,0	00:28,0,8,0	00:94,0,0,22	00:66,0,0,0	22:0,21,88,0	03:78,0,0,35	00:91,0,0,10	22:34,17,44,0	12:0,55,72,0	01:49,26,0,1	03:78,0,0,35	03:66,0,11,33	12:0,61,20,0	22:0,0,80,3	02:18,4,53,0	03:54,0,0,32	33:0,28,9,89	00:101,0,0,0	33:20,0,0,58	33:0,18,0,83	01:42,16,0,18	01:73,29,0,0	02:57,0,24,0	03:65,0,0,24	13:0,22,0,48	02:28,17,29,0	00:131,0,0,0	33:20,0,6,44	00:89,0,0,38	03:32,0,37,16	33:12,0,0,67	00:73,5,7,4	00:63,0,0,0	00:50,0,0,5	02:50,6,17,5	01:16,8,4,13	23:27,12,46,21	00:43,6,0,0	03:22,0,0,64	00:83,0,0,6	11:0,67,0,5	00:60,0,0,9	00:60,0,4,0	23:23,8,21,18	02:36,0,18,0	03:52,0,0,24	00:105,0,0,0	00:27,2,4,4	02:8,0,59,0	02:39,9,20,6	33:15,0,0,62	03:61,0,0,17	00:36,0,0,0	03:34,0,0,57	22:14,0,58,0	11:3,43,0,0	00:90,14,7,0	00:104,0,0,0	00:55,0,13,18	01:48,21,0,0	01:33,9,1,0	01:31,13,0,8	00:85,0,0,0	00:105,0,0,14	00:25,0,0,4	11:0,34,0,4	00:86,0,0,0	00:30,0,3,0	33:0,0,0,63	03:53,0,0,41	00:80,9,0,3	23:19,28,15,20	00:69,6,0,0	00:45,0,28,0	03:41,0,1,95	13:0,54,0,32	13:33,30,3,29	00:37,0,0,5	13:0,50,9,36	00:47,1,0,0	03:32,7,0,22	03:26,0,2,28	23:10,0,21,45	00:51,16,9,0	03:57,0,2,20	00:38,0,0,5	12:9,12,22,0	00:61,0,0,0	03:64,0,6,52	00:78,10,3,19	00:62,6,1,0	00:41,0,8,10	00:73,0,0,18	33:0,14,0,110	00:80,0,18,1	01:36,23,8,10	00:63,0,0,11	01:65,0,0,0	00:56,8,0,15	03:66,0,0,20	03:30,2,0,24	03:24,0,0,63	13:0,40,11,14	33:31,12,6,38	11:0,26,0,7	00:86,1,13,7	00:107,0,0,0	01:38,34,12,0	02:39,9,30,0	23:27,0,24,21	03:12,6,0,49	33:30,0,0,65
3_149	75	00:51,0,0,48	13:0,12,23,20	33:0,0,0,35	00:51,0,18,0	00:54,0,0,23	03:39,0,0,10	00:70,0,0,0	02:73,0,25,0	01:25,33,0,0	03:57,0,0,18	23:11,13,4,14	02:39,0,13,0	33:11,0,0,31	03:40,0,0,13	01:20,24,0,0	00:36,0,12,0	02:36,0,23,0	03:40,0,0,36	01:38,11,15,0	00:77,0,0,0	22:0,0,68,0	03:48,0,0,12	02:55,0,8,0	13:0,29,0,13	00:59,0,0,0	12:22,10,14,0	03:35,0,0,13	00:76,0,0,0	00:37,0,11,0	03:36,0,0,35	13:50,23,0,18	03:50,0,0,17	00:58,0,0,0	33:0,0,0,57	33:43,1,0,39	23:0,0,45,18	01:21,16,0,13	00:57,0,0,0	00:24,0,21,0	03:43,0,0,17	00:44,0,0,9	33:0,0,0,66	03:53,0,0,12	03:42,0,0,20	33:0,0,0,57	01:55,10,0,0	03:31,0,15,12	01:24,17,0,0	03:29,0,0,12	03:43,26,0,11	33:0,0,0,41	00:39,15,0,0	33:19,0,23,20	00:46,0,0,7	00:38,0,0,14	02:36,0,19,0	00:47,0,0,0	00:57,0,0,0	03:48,0,0,20	00:53,20,0,0	33:21,0,0,36	00:64,0,1,11	01:49,9,0,0	00:57,0,0,0	00:40,0,0,0	01:29,9,0,21	00:50,0,0,0	03:29,0,0,19	13:0,21,0,16	23:26,0,40,14	00:54,0,0,0	00:63,0,0,0	03:22,0,0,13	00:46,15,0,0	03:43,0,0,11	00:45,0,0,18	11:30,34,0,0	00:45,0,18,0	33:12,0,0,28	00:60,0,0,0	03:65,0,0,21	33:0,0,0,43	00:43,13,0,0	00:66,0,0,0	00:64,0,0,0	03:39,0,0,20	00:66,0,0,0	03:36,16,0,11	00:19,12,10,0	00:78,0,0,0	02:28,0,11,0	00:56,0,0,0	02:33,0,8,18	33:0,0,0,55	03:38,0,0,8	00:63,0,0,0	00:67,0,0,0	00:55,0,0,18	02:43,0,19,0	33:0,1,17,56	03:31,0,0,19	00:52,0,0,10	00:55,0,0,0	00:44,18,0,0	33:0,0,0,41	02:30,13,12,0	00:60,0,0,11	33:23,0,0,20	00:54,23,0,0	02:32,0,11,0	03:15,20,0,28	11:0,80,0,0	00:60,0,21,0	00:53,0,0,0	00:74,0,0,0	00:68,0,0,0	11:36,39,0,0	00:39,0,0,0	03:32,0,20,14	00:51,28,0,12	33:16,14,0,36	02:30,0,38,0	03:39,0,11,16	33:0,0,0,59	33:25,0,0,34	01:26,25,0,0	03:10,0,0,35	00:34,12,18,0	02:28,0,17,4	03:22,0,0,48	03:48,0,0,13	22:0,0,51,0	03:40,0,0,34	00:57,0,0,0	02:10,0,51,0	12:20,24,35,0	13:21,5,0,26	00:79,0,0,0	03:34,0,0,38	12:0,33,31,0	23:0,0,57,10	02:13,0,28,0	00:45,0,0,8	03:34,14,0,31	02:25,0,45,0	03:6,0,0,40	03:11,0,19,43	03:29,14,0,25	00:74,0,0,0	02:44,0,29,0	00:73,0,0,0	33:0,0,0,51	23:14,0,15,17	00:96,0,0,0	00:70,0,0,0	13:11,21,0,21	02:22,0,23,0	03:21,0,0,43	00:82,0,0,0	00:54,0,0,0	00:54,0,0,0	00:72,0,0,0	00:36,0,0,0	00:77,0,0,0	02:42,0,9,0	00:62,0,0,0	33:0,0,0,45	33:0,27,0,40	03:63,0,0,9	00:44,0,0,16	33:21,0,0,32	03:41,0,0,16	00:60,0,0,14	00:62,0,0,0	23:20,0,8,7	00:29,20,8,0	00:48,0,0,13	00:62,0,0,14	33:24,0,0,45	23:6,0,15,19	33:12,0,0,68	23:0,15,35,17	23:16,16,9,7	00:79,0,0,0	00:35,0,23,0	03:42,0,11,12	00:34,0,0,8	00:49,0,0,0	00:41,12,0,0	00:44,0,0,0	00:56,0,0,16	00:34,0,0,6	13:0,25,0,11	00:67,0,0,0	00:34,0,0,0	23:0,0,15,50	00:65,0,0,0	02:46,0,22,0	00:66,0,0,0	00:38,0,0,13	02:12,0,43,0	33:33,0,0,43	13:0,26,18,15	00:27,29,0,0	03:9,18,0,13	00:52,0,0,12	00:71,0,0,0	00:68,0,0,0	03:20,0,0,57	03:16,0,0,34	00:46,0,0,0	00:81,0,0,0	23:12,0,18,21	00:23,0,17,0	03:28,0,0,20	00:63,0,0,17	00:65,0,0,0	00:57,0,0,0	03:14,29,0,14	03:36,0,0,22	03:20,0,0,49	00:83,0,0,0	33:0,0,0,67	03:56,0,0,15	01:48,22,0,0	00:64,0,0,0	23:13,0,26,26	00:29,16,0,0	00:70,0,0,0	12:0,40,9,0	02:33,1,13,16	11:0,23,0,6	00:75,0,0,0	00:49,0,0,14	22:0,43,33,0	03:49,0,0,17	13:16,8,11,21	00:33,0,0,10	00:39,24,0,24
3_152	29	03:59,0,0,45	11:21,112,0,0	33:30,0,0,60	00:91,0,0,0	00:136,0,0,0	01:73,31,0,0	01:72,46,0,5	00:110,0,0,6	11:0,97,0,0	03:55,0,0,59	00:100,0,0,0	03:47,0,3,45	02:50,0,18,16	00:100,0,0,0	02:27,2,38,0	00:78,0,0,9	03:51,0,0,60	03:80,0,39,36	01:43,41,0,0	00:112,0,0,0	12:18,65,36,0	03:64,0,0,52	03:48,0,0,48	11:0,80,12,0	03:52,0,0,59	00:85,15,0,0	00:97,0,0,0	00:126,0,0,0	00:102,0,0,0	03:41,0,0,52	03:51,35,0,19	00:59,33,7,0	03:40,28,0,40	03:27,0,0,89	13:2,36,0,95	13:0,33,31,63	00:74,20,0,0	00:78,0,0,41	00:98,0,0,0	03:95,0,0,32	03:81,0,0,25	03:25,19,0,47	03:82,0,0,17	00:81,2,0,0	03:31,0,0,76	02:61,36,35,0	13:25,26,0,51	00:86,0,0,0	00:71,0,0,0	01:75,22,0,5	33:0,0,0,80	00:79,0,0,0	00:82,0,0,60	00:65,29,0,9	00:43,0,18,27	00:79,0,0,0	01:78,47,0,0	02:94,1,51,0	00:108,0,0,0	02:65,0,28,29	03:26,0,0,85	00:138,0,0,0	01:56,23,28,5	00:75,0,0,0	00:72,0,12,0	03:45,11,0,11	03:68,0,0,49	03:47,0,0,21	11:0,82,0,0	03:116,0,0,32	03:98,0,0,47	00:131,0,0,0	00:73,0,31,1	02:107,0,38,0	03:39,0,0,82	00:102,0,0,0	03:83,0,0,41	02:73,24,30,0	03:67,0,4,28	01:95,33,0,0	01:98,41,0,3	03:30,0,14,65	00:91,0,0,0	00:80,0,0,12	02:72,0,18,0	00:56,30,0,0	03:74,0,0,31	00:75,22,0,0	00:108,0,1,0	02:69,0,15,10	00:92,0,0,0	03:61,0,0,30	00:109,0,0,17	33:0,0,0,113	00:70,0,18,6	00:88,0,0,11	00:111,0,1,0	23:38,0,31,113	00:96,0,14,0	33:19,13,0,60	00:62,0,0,7	03:113,0,0,25	00:77,25,0,0	00:146,0,0,0	03:24,0,0,63	00:91,0,0,0	00:74,0,0,17	33:0,0,4,87	00:114,0,0,0	00:92,9,0,0	03:48,16,0,30	01:43,67,4,0	00:114,0,18,5	00:59,0,0,0	01:65,30,0,0	03:42,0,0,38	01:54,73,24,0	00:75,0,0,14	00:114,0,6,0	00:135,0,28,0	03:41,0,0,83	00:81,20,0,2	00:104,0,13,0	33:0,0,2,114	01:76,31,0,0	00:112,4,0,0	33:35,0,0,86	03:74,0,0,37	02:61,3,14,0	03:82,0,3,38	00:78,18,0,39	12:13,36,75,0	00:75,0,0,65	00:146,0,0,0	13:48,28,0,22	22:0,0,120,0	00:110,0,0,0	00:111,36,0,0	00:112,0,0,32	12:0,58,38,0	23:0,43,43,15	12:16,26,54,0	00:101,0,0,0	33:0,28,42,74	01:60,26,38,0	33:0,0,0,103	00:61,0,0,35	01:40,34,0,21	00:107,0,21,0	02:36,0,34,16	00:110,0,0,1	33:18,0,0,80	02:58,0,68,0	01:85,54,0,6	23:35,0,18,40	03:52,0,30,52	23:0,21,53,20	33:10,0,0,88	00:95,0,0,18	00:98,0,2,19	00:83,0,0,0	00:68,9,0,19	03:59,0,0,50	00:131,0,0,5	00:63,0,13,0	03:81,0,0,25	00:80,0,1,40	11:15,71,0,0	00:151,1,0,0	00:70,19,0,16	03:46,0,0,28	00:81,0,11,0	00:97,0,0,19	13:60,29,0,18	00:69,0,13,0	12:0,36,74,0	00:67,0,43,0	23:0,0,44,64	33:43,0,0,51	00:102,0,0,8	33:34,0,0,81	22:27,0,57,0	13:0,35,0,52	00:121,0,0,0	00:109,15,0,0	03:40,0,5,52	00:69,13,0,0	23:27,8,35,14	01:67,25,0,0	00:121,0,0,0	03:91,0,0,57	00:58,8,0,0	13:0,73,0,14	00:164,0,0,0	00:76,20,0,0	33:0,0,0,121	00:93,0,0,27	13:67,32,0,29	00:109,0,0,17	03:83,2,0,29	03:40,8,23,25	23:63,0,25,48	13:12,42,6,73	12:0,68,37,19	00:76,0,0,3	12:50,32,30,16	01:66,33,0,0	33:41,20,0,52	23:46,0,20,21	23:4,0,28,44	00:105,0,0,0	02:74,0,31,16	00:74,0,0,19	00:74,5,17,0	03:62,0,0,23	02:98,0,33,0	02:99,0,29,0	02:46,10,31,0	23:18,23,30,46	01:45,20,0,20	33:0,0,0,124	03:97,0,0,32	00:95,0,0,0	01:76,17,14,5	00:100,0,0,17	00:87,14,0,5	00:79,4,8,11	01:60,29,0,0	03:117,0,1,28	11:29,72,0,0	02:57,0,33,9	11:0,83,14,0	03:95,0,0,45	00:127,0,0,0	02:45,32,26,0	02:47,0,72,0	00:115,12,0,0	13:26,23,0,49	33:0,11,0,84
3_154	42	03:51,0,0,15	13:0,45,0,23	33:0,0,0,75	12:28,37,12,0	03:81,0,0,28	00:60,17,0,0	00:95,0,0,0	00:83,0,0,0	01:15,65,0,0	00:61,0,0,18	00:80,0,0,0	00:36,0,17,17	00:48,0,0,11	00:55,0,14,0	00:43,0,18,0	00:57,0,0,0	02:34,0,20,20	03:56,0,0,20	02:27,15,13,0	00:81,0,0,0	22:0,28,62,0	00:83,0,0,6	02:38,0,30,11	11:0,60,0,0	00:58,0,0,18	00:69,0,0,0	01:51,11,0,0	00:72,0,0,14	00:54,0,0,18	00:43,0,0,42	03:75,0,0,20	00:73,0,0,0	00:58,0,0,16	33:16,0,0,39	03:52,45,0,37	22:0,18,70,0	00:45,18,0,0	00:83,0,0,0	00:55,16,0,0	00:62,0,0,0	00:40,0,0,22	03:11,0,0,53	01:37,24,0,24	11:41,45,0,0	33:25,0,0,71	00:54,0,27,0	01:24,18,0,45	00:65,0,0,8	03:31,0,0,32	03:59,0,0,12	33:0,0,0,58	01:37,21,0,0	33:17,0,0,50	03:59,0,0,8	03:44,0,0,11	00:55,0,0,23	02:49,0,9,0	01:56,13,0,0	00:98,0,0,0	02:45,0,53,0	03:23,0,0,69	01:74,15,0,0	01:39,54,0,0	01:46,18,0,0	00:50,0,0,0	00:34,0,16,23	01:47,21,0,31	00:50,23,0,0	11:15,59,0,0	03:66,0,0,19	23:59,0,16,26	00:73,0,0,11	00:82,0,0,0	03:66,0,0,36	33:17,0,0,55	00:75,0,0,0	03:64,0,0,13	00:51,0,32,0	03:48,0,0,17	00:47,21,27,0	00:68,0,0,21	03:35,0,0,42	01:53,13,0,0	03:66,0,0,15	03:44,0,24,21	00:74,0,0,0	02:46,0,15,22	00:79,0,0,0	22:48,0,43,0	00:46,0,11,0	00:54,0,13,0	00:55,0,0,25	00:76,0,0,0	33:0,0,0,101	01:43,11,0,0	00:74,0,0,0	00:95,0,0,0	23:0,0,66,46	01:80,18,0,0	33:11,0,0,45	03:51,0,0,13	00:97,0,0,19	02:31,0,37,0	01:37,27,0,25	33:0,0,16,41	03:67,0,0,16	00:75,0,0,0	33:25,0,0,55	00:65,19,0,0	03:57,0,0,10	01:38,31,0,0	11:0,97,0,0	03:39,0,21,19	02:48,0,15,0	00:88,0,0,0	03:52,0,0,15	00:62,22,0,0	01:41,22,0,0	00:74,0,16,0	00:99,30,0,0	00:91,0,0,0	00:54,0,14,0	00:68,0,0,0	23:0,0,16,67	00:77,0,0,0	12:49,34,13,0	03:26,0,0,52	00:48,0,35,0	01:44,27,0,0	03:44,0,0,42	00:78,0,0,0	12:0,18,62,0	00:67,0,0,40	00:106,0,0,0	11:0,53,12,0	22:0,23,63,0	00:78,0,0,0	00:80,0,0,0	00:63,0,0,0	11:0,59,0,0	22:0,0,71,0	22:0,0,66,0	33:22,0,0,53	11:0,69,0,29	00:81,0,0,0	33:0,0,0,92	11:0,63,0,14	00:59,0,0,17	00:58,0,0,19	00:87,0,0,0	00:99,0,0,0	33:0,0,0,73	11:0,61,15,0	00:97,0,0,0	00:82,0,0,0	33:26,0,0,87	22:0,0,66,0	00:60,0,0,23	00:77,0,0,0	00:90,0,0,0	00:58,0,0,0	00:67,0,0,0	00:66,0,0,0	11:42,50,0,0	11:17,43,0,21	33:39,0,0,30	00:75,0,0,0	11:0,42,0,0	33:0,0,35,45	00:78,0,0,0	00:62,23,0,0	00:61,0,0,0	00:64,0,0,26	00:73,24,0,0	22:31,0,36,0	22:0,0,82,0	00:91,0,0,0	00:41,0,0,36	00:64,0,0,15	00:87,0,0,0	00:56,0,0,18	22:33,0,28,0	11:0,72,0,0	00:82,0,0,0	00:54,0,0,26	22:12,0,48,0	00:57,0,16,0	00:88,0,0,0	33:13,0,0,55	00:63,23,0,0	00:82,0,0,0	03:28,0,0,27	11:18,46,0,0	03:85,0,0,20	00:49,0,0,9	23:0,0,18,77	03:44,0,0,26	00:78,0,0,0	01:41,22,0,0	00:62,0,0,0	22:0,0,75,0	33:0,0,1,104	13:0,74,0,15	00:52,27,0,0	00:43,0,0,0	01:18,39,0,21	00:52,0,0,0	00:83,0,0,0	03:62,0,0,22	33:0,0,0,81	02:43,0,44,0	00:94,0,0,0	00:59,0,0,28	22:0,0,66,0	00:50,0,0,0	00:97,0,0,0	00:57,0,0,18	03:37,0,0,34	03:16,0,0,51	00:62,0,0,29	33:0,0,0,97	03:40,0,26,13	03:59,0,0,18	00:73,0,0,26	00:100,0,0,0	00:61,0,0,0	00:91,0,0,0	00:86,0,0,0	00:91,0,0,0	11:0,62,0,17	01:44,32,0,0	11:0,76,0,0	00:117,0,0,0	00:87,0,0,0	01:32,52,0,0	02:62,0,29,0	01:84,26,0,0	02:50,0,13,0	03:23,0,0,76
3_155	42	33:41,0,0,32	11:35,65,0,0	00:45,0,0,10	00:70,0,0,0	00:92,0,0,0	00:68,0,14,0	00:73,18,0,0	00:87,0,0,0	00:32,16,0,19	11:30,35,0,0	00:63,0,0,0	00:48,0,0,0	33:13,0,0,42	00:36,0,14,0	33:32,0,0,38	00:58,0,0,0	00:59,0,0,0	00:89,0,0,0	22:45,0,26,0	02:42,0,47,0	22:0,0,83,0	03:55,0,0,22	00:90,0,0,0	11:0,39,19,0	00:61,25,0,0	00:61,0,0,0	00:71,0,0,1	03:63,0,0,29	02:31,0,18,19	00:60,0,0,0	00:85,0,0,0	00:75,0,0,0	00:82,0,0,0	33:0,0,0,55	23:42,0,43,25	12:0,16,49,0	00:81,0,0,0	00:59,0,0,0	12:0,27,39,0	00:101,0,0,0	00:66,0,0,0	03:48,0,0,27	00:74,0,0,0	00:58,0,0,0	33:0,0,0,55	00:112,0,0,0	02:47,0,11,0	00:54,0,0,13	03:40,0,0,34	00:55,0,0,11	03:26,0,0,31	00:50,0,0,0	33:18,1,0,50	00:76,0,0,0	00:56,0,0,0	01:33,22,0,0	02:47,0,20,0	01:55,23,0,0	00:80,0,0,0	00:100,0,0,0	02:25,0,26,14	00:87,0,0,0	11:20,64,0,0	00:55,0,0,0	03:39,0,0,21	00:56,0,0,0	03:41,0,0,24	00:50,0,0,9	01:28,44,0,0	33:0,24,0,51	02:97,0,4,0	00:50,24,0,0	00:78,23,1,0	03:37,41,22,17	00:70,0,0,0	01:32,6,0,0	00:43,21,0,0	22:18,0,70,0	00:60,0,0,0	00:64,19,0,0	00:105,0,0,0	33:0,0,0,79	00:56,12,0,0	00:39,0,13,0	00:60,18,0,0	33:39,0,0,34	00:64,0,0,0	33:39,0,0,41	22:20,0,69,0	00:61,0,0,0	00:59,0,0,0	00:77,0,0,0	11:47,32,0,0	33:0,0,0,81	00:46,0,0,13	00:55,0,20,0	00:79,0,0,0	33:0,0,0,122	00:86,0,0,0	33:0,12,0,38	00:47,0,0,18	00:43,27,0,21	02:51,0,32,0	01:58,9,0,10	33:0,0,0,57	00:60,0,22,0	03:34,0,0,17	33:17,0,15,20	00:73,0,22,0	13:28,9,0,25	00:43,0,0,16	12:0,65,8,0	00:81,0,13,0	00:30,15,0,15	00:76,0,0,0	00:27,0,0,15	01:83,14,0,0	00:63,0,0,0	00:67,0,0,0	00:113,0,0,0	33:0,0,0,76	00:50,20,0,0	03:58,0,0,29	03:15,0,0,23	03:60,0,0,16	01:56,37,0,0	33:16,0,0,54	00:68,0,9,0	03:51,0,0,7	00:58,0,0,15	00:65,0,0,0	12:26,12,52,0	12:0,21,34,42	00:102,0,0,0	02:34,0,28,0	22:0,0,90,0	33:0,0,0,65	00:99,0,0,0	00:53,0,0,29	12:0,59,21,0	02:47,0,26,18	22:15,0,32,0	00:74,0,0,0	01:11,46,0,37	02:79,0,22,0	03:31,0,0,40	33:0,0,0,63	03:29,0,0,36	00:94,0,0,0	00:55,22,0,0	00:34,0,0,22	33:0,0,0,67	02:59,0,12,0	00:59,0,0,36	00:55,0,0,9	33:25,0,0,90	22:0,0,85,0	NA:18,0,0,11	00:68,0,0,0	00:71,0,0,13	00:41,11,0,0	00:39,0,0,21	11:12,37,0,19	00:75,0,0,0	00:68,0,0,0	00:72,0,0,0	00:40,30,0,0	00:41,19,0,7	00:107,0,0,0	00:41,33,0,0	00:72,0,0,0	00:71,0,0,0	22:9,0,38,21	00:86,0,0,0	00:47,0,0,0	22:7,0,69,0	00:66,10,0,0	33:0,28,0,47	00:85,0,0,0	11:41,36,0,0	33:30,0,0,38	00:35,0,25,0	11:0,51,8,0	01:46,22,0,0	00:75,0,0,0	00:64,0,0,0	00:75,0,0,0	01:30,20,0,0	00:33,0,30,0	00:68,0,0,0	00:71,0,0,0	00:38,30,0,0	33:0,24,0,32	00:84,0,0,0	00:68,0,0,0	22:0,0,70,0	00:95,0,0,0	00:43,0,14,0	03:52,0,0,17	03:38,0,0,26	12:28,18,26,0	33:24,0,0,62	13:0,59,0,24	00:85,0,0,0	03:25,0,0,23	00:86,0,0,0	11:29,45,0,0	33:30,0,0,50	13:0,28,0,45	03:27,0,0,25	00:64,0,0,0	02:57,0,18,0	03:19,0,0,63	23:26,0,17,18	03:29,0,0,21	00:100,0,0,0	03:56,0,0,26	02:22,0,18,21	23:23,0,19,22	01:26,12,0,25	33:0,0,0,94	03:69,0,0,24	00:49,0,0,33	01:72,11,0,0	03:61,0,0,25	00:55,0,0,0	13:19,14,0,17	00:66,0,0,0	00:85,0,0,0	11:0,37,27,0	00:71,0,0,0	11:0,64,0,0	01:63,26,0,0	01:54,20,0,0	23:22,0,30,24	00:87,0,0,0	03:23,34,0,36	23:22,0,15,16	13:40,24,0,35
3_156	57	33:13,0,0,66	23:0,19,32,35	03:37,0,1,23	22:41,0,34,0	03:89,0,0,16	00:95,0,0,0	00:130,0,0,0	00:92,0,0,17	03:42,34,0,31	00:59,0,0,25	00:62,0,13,0	00:59,0,0,0	03:35,0,11,16	00:68,0,0,0	00:39,17,0,0	00:71,0,0,0	00:111,0,0,0	23:40,0,39,62	23:0,39,18,9	00:84,0,0,0	22:0,38,66,0	00:87,0,18,0	00:113,0,0,0	11:0,48,21,0	00:99,0,0,0	00:74,0,0,0	00:95,0,0,0	03:86,0,0,30	02:74,0,20,0	00:38,0,0,35	00:69,22,0,0	00:81,0,18,0	03:75,0,0,16	23:0,0,26,65	00:120,0,0,28	22:0,0,85,0	00:51,24,0,0	00:106,0,0,0	02:52,0,22,0	03:58,0,0,70	03:35,21,0,16	33:0,0,0,81	00:85,0,0,20	00:66,0,0,36	03:30,0,0,66	00:84,53,0,0	00:31,0,0,22	00:73,22,0,0	03:51,0,0,6	03:75,0,0,25	03:20,0,0,48	01:38,14,0,22	00:23,0,0,53	00:89,0,0,8	00:80,0,0,0	00:110,0,0,0	00:102,0,0,0	00:111,0,0,0	00:75,0,0,28	00:90,0,43,0	33:0,0,0,82	03:73,0,0,23	00:72,32,0,0	03:54,0,0,19	23:37,0,7,11	00:35,0,0,11	00:79,0,0,0	03:41,0,0,20	11:0,85,0,0	03:72,0,0,59	03:88,0,0,51	00:122,0,0,0	00:84,1,0,0	01:30,93,0,0	00:111,0,0,0	00:75,0,0,0	00:81,0,0,27	00:79,0,21,0	03:71,0,0,31	00:112,0,0,0	00:142,0,0,0	33:0,0,0,86	00:95,0,0,0	00:86,0,0,0	00:87,0,0,0	01:41,14,0,28	00:101,0,0,0	03:41,0,0,54	02:78,0,36,0	00:119,0,1,0	02:39,0,21,0	03:60,0,0,29	01:50,30,0,18	33:0,0,0,85	02:54,0,12,0	00:61,33,0,23	00:40,42,0,18	03:86,0,26,25	00:119,0,0,0	03:14,32,0,37	03:41,0,16,11	00:135,0,0,0	12:33,10,13,0	00:117,0,0,0	03:50,0,0,44	00:59,0,35,0	00:72,0,0,0	33:16,0,0,58	00:64,0,0,33	00:47,0,0,32	01:46,20,0,0	11:0,72,0,13	00:100,18,0,0	02:58,0,20,0	00:79,0,0,0	03:64,0,0,25	00:80,32,0,0	00:64,0,0,30	00:86,0,0,24	00:157,0,0,0	00:44,0,0,58	00:72,0,0,24	00:133,0,0,0	33:18,0,0,75	00:100,0,0,0	00:117,0,0,0	33:19,0,0,80	00:116,0,0,0	02:57,0,25,0	00:69,31,0,0	00:104,0,0,0	22:0,13,86,0	00:88,0,39,0	00:62,0,34,0	13:31,36,0,41	22:0,0,115,0	00:60,0,0,28	00:127,0,0,0	00:115,0,0,0	12:0,51,43,0	22:0,0,87,0	22:0,36,48,0	03:58,0,0,26	13:0,41,0,112	01:107,23,0,0	33:21,0,0,75	13:19,27,0,41	00:58,15,0,0	01:61,34,32,0	01:46,12,27,0	00:89,0,0,0	33:0,20,0,48	12:0,16,59,0	00:105,14,0,0	00:64,0,0,17	33:53,0,0,44	22:0,0,76,0	03:22,0,0,50	00:42,0,48,0	00:112,0,0,0	00:82,0,0,0	00:69,0,0,0	02:66,0,31,0	01:89,31,0,0	11:24,38,11,0	03:36,0,0,38	03:69,31,0,18	13:0,74,0,20	03:115,0,0,32	00:105,0,0,0	01:15,36,0,15	00:91,0,0,0	03:92,0,0,19	00:89,0,0,0	02:33,0,23,10	22:0,0,110,0	01:61,54,0,0	03:27,0,0,62	03:37,19,0,36	00:61,16,0,0	03:24,25,0,39	22:42,0,46,0	13:0,40,0,13	00:82,18,0,0	00:90,0,0,0	23:18,0,27,52	00:82,0,0,0	02:36,15,9,0	03:59,0,0,19	00:109,0,0,0	03:78,0,0,27	03:43,0,0,12	11:0,55,0,0	00:137,0,0,0	00:78,0,0,0	33:0,0,0,118	03:45,0,0,72	03:60,0,0,35	01:45,46,0,0	03:56,0,0,38	23:27,0,21,28	23:30,0,43,46	13:0,56,0,37	02:30,0,64,28	00:52,0,0,15	12:28,23,35,0	01:51,75,0,0	03:49,0,0,27	02:53,0,36,0	23:0,0,39,58	02:62,0,30,0	02:72,0,58,0	00:98,0,0,0	02:50,0,31,0	03:40,0,0,30	02:70,0,62,0	02:50,0,44,0	02:52,0,40,0	23:35,0,46,30	01:22,43,0,20	33:0,0,0,118	03:44,0,0,45	00:67,0,23,0	01:64,23,0,0	00:114,0,0,0	00:54,0,0,25	00:94,0,0,0	01:27,29,0,29	03:22,1,40,55	11:22,67,0,0	12:0,35,50,15	11:0,63,0,22	03:79,0,0,57	00:97,0,0,0	02:68,0,28,0	02:53,0,39,0	00:65,42,0,0	01:39,29,0,0	33:19,0,0,70
3_157	19	03:80,0,0,22	11:0,121,0,6	03:0,0,0,69	00:60,20,0,0	00:144,0,0,0	01:60,42,0,0	00:83,0,0,25	00:111,0,0,0	11:0,75,0,0	03:24,0,0,37	00:65,0,0,0	22:0,0,33,21	03:36,0,0,29	02:65,0,19,0	12:15,19,28,0	00:71,29,0,0	03:19,0,0,70	03:127,0,0,0	11:33,38,0,0	00:57,31,0,0	12:0,40,42,0	03:40,0,0,28	03:59,0,0,42	11:21,41,0,0	03:46,0,0,44	00:90,0,0,0	00:70,10,0,0	03:98,0,0,34	03:76,0,0,24	33:21,0,0,67	00:78,22,0,0	00:78,14,0,0	03:48,17,0,20	03:22,0,0,44	01:78,53,0,39	12:0,27,63,20	11:34,33,0,0	00:64,0,9,20	00:23,45,0,0	00:78,0,0,13	03:45,0,0,30	33:0,0,15,78	03:33,0,14,41	00:55,21,0,12	03:20,0,0,53	02:49,0,53,0	03:21,0,21,32	03:77,0,0,13	03:41,0,0,40	00:68,18,0,0	33:6,0,3,55	00:67,0,0,9	03:60,0,0,42	03:95,0,0,0	02:41,0,12,24	03:41,0,1,9	00:102,0,0,0	00:111,0,0,0	00:58,0,0,18	02:29,23,38,31	33:0,0,0,91	00:129,0,7,0	01:59,30,21,8	00:62,0,5,0	00:52,0,0,0	23:19,19,12,16	03:33,0,0,32	01:56,9,0,0	01:21,66,0,0	00:87,0,0,30	00:103,0,0,0	03:100,0,0,19	00:31,20,17,0	00:87,0,0,6	03:28,0,0,49	00:75,0,0,0	00:75,0,0,0	02:53,0,30,0	00:71,0,0,17	12:50,27,29,0	03:68,33,0,18	03:34,0,0,48	00:69,15,0,0	01:74,0,3,0	02:45,4,27,14	00:56,0,0,0	03:61,0,0,21	00:75,0,0,6	02:59,0,8,18	02:59,0,30,0	02:30,0,12,17	03:45,0,10,17	00:99,0,0,0	33:0,0,0,91	00:65,0,0,2	00:80,0,21,0	00:54,0,0,20	23:0,0,50,88	00:107,0,0,0	00:50,7,0,38	00:48,3,0,20	03:85,0,0,24	02:36,16,48,0	03:56,25,0,56	33:0,4,25,33	00:62,0,0,14	00:37,0,4,45	33:17,0,0,44	00:57,0,0,47	00:89,0,1,0	00:78,0,0,5	01:47,59,0,0	00:90,0,0,26	00:60,19,0,0	00:71,17,0,0	00:51,0,0,11	01:93,31,0,0	00:70,0,0,0	00:102,0,0,0	00:117,0,4,0	03:79,0,8,20	00:47,0,29,5	00:61,4,0,0	33:0,0,24,70	00:114,0,0,7	00:52,15,31,0	33:0,0,0,97	22:68,0,17,0	02:39,8,17,0	00:59,0,31,18	00:73,1,0,12	12:0,62,51,0	03:29,2,21,62	00:92,0,0,19	02:41,0,68,0	12:0,87,30,0	00:67,18,0,0	00:138,0,0,0	02:57,0,18,23	22:0,28,50,30	22:0,0,95,0	22:0,0,85,0	02:70,0,15,0	13:0,59,17,45	23:65,0,20,31	33:0,0,0,101	33:15,0,0,72	00:55,0,1,18	03:62,0,0,16	02:54,0,42,0	03:41,3,0,35	33:0,0,0,77	02:38,0,59,0	03:81,0,0,32	12:53,22,27,1	33:41,0,0,60	23:0,0,65,20	33:0,0,19,74	00:102,0,0,0	03:81,0,0,32	03:52,0,0,16	01:37,33,0,0	00:70,0,0,0	00:100,0,3,0	02:34,0,12,26	23:27,0,20,51	02:65,0,16,15	11:0,71,0,0	00:77,0,37,0	03:82,0,0,0	03:9,29,0,35	00:39,14,0,0	00:48,0,0,41	03:77,0,0,21	00:59,0,0,0	22:0,37,72,0	00:102,0,0,0	03:43,0,0,43	01:84,0,0,2	00:43,0,0,12	33:30,0,0,53	22:70,0,27,1	11:0,62,2,0	03:62,15,0,32	00:89,0,0,34	00:70,0,0,0	00:49,0,16,0	00:69,0,0,0	00:74,0,0,0	02:48,13,25,0	00:117,0,1,0	00:60,0,0,0	11:13,44,0,0	02:104,0,29,0	00:22,0,0,16	33:27,14,1,36	00:116,0,0,3	00:105,0,0,0	00:79,1,0,0	33:68,1,0,27	22:0,0,67,0	33:20,30,0,81	12:0,93,17,1	01:44,61,0,0	00:76,0,0,1	00:63,0,0,40	00:71,0,0,18	00:93,0,0,0	00:78,0,0,15	33:15,0,0,71	00:98,2,0,0	00:80,0,0,19	03:22,0,0,51	03:18,14,0,22	03:64,0,0,0	00:117,2,0,0	00:81,2,0,37	00:59,21,0,27	33:0,28,0,50	02:17,0,20,39	03:35,0,0,78	00:53,0,28,1	03:91,0,0,1	03:69,0,0,34	00:61,0,0,9	00:80,0,0,0	02:63,0,0,16	00:80,0,0,2	00:99,0,0,1	13:0,35,0,36	01:55,13,0,0	11:0,45,0,0	03:94,0,0,24	01:71,31,0,0	03:37,18,0,23	00:43,0,21,35	00:89,0,1,0	33:0,0,0,84	33:0,0,0,104
3_161	41	13:0,17,0,70	33:24,0,0,64	03:24,0,0,42	00:31,12,18,0	00:75,0,0,29	00:62,0,0,0	03:66,0,0,26	01:88,30,0,0	13:21,24,0,21	00:69,0,0,0	00:63,0,0,0	00:39,0,0,0	11:12,30,0,5	00:63,0,0,0	00:43,9,0,0	00:43,0,0,0	00:72,0,0,0	03:54,0,0,46	00:47,12,14,0	02:39,0,18,13	02:32,0,46,0	00:101,0,0,0	00:76,0,0,0	11:0,67,0,0	00:78,0,0,0	00:57,0,0,0	00:41,20,0,0	01:52,21,0,0	02:50,0,33,0	03:32,0,0,27	00:58,0,0,14	00:60,0,25,0	00:73,0,0,0	23:0,24,18,31	03:53,0,0,44	22:0,0,85,0	00:43,0,22,0	00:54,20,0,0	12:32,13,16,0	03:55,0,0,15	00:59,0,14,0	03:33,0,0,31	01:48,24,0,0	01:55,17,0,0	33:0,0,0,55	00:74,0,0,0	01:41,23,0,0	00:68,0,0,0	00:60,0,0,0	00:40,0,0,18	01:13,7,0,26	00:52,0,0,0	03:60,0,0,43	00:71,0,0,11	00:39,0,0,20	00:47,0,8,0	03:18,0,17,23	03:19,20,0,30	00:50,0,16,23	00:56,21,0,0	33:19,0,0,47	00:97,0,0,0	00:53,26,0,0	12:34,14,13,0	00:50,0,0,7	00:60,0,0,0	03:52,0,0,52	33:11,0,0,33	11:0,60,0,0	03:68,0,0,32	00:92,0,0,18	00:79,0,0,0	03:46,0,0,33	13:20,23,0,47	00:60,0,13,0	02:38,0,19,0	01:31,21,0,40	02:55,0,9,0	03:55,0,0,10	00:45,0,37,0	00:68,0,0,30	03:24,0,0,31	00:64,0,0,10	02:44,0,17,0	00:53,0,0,12	03:54,0,0,23	00:71,0,0,0	00:55,0,0,9	00:51,0,0,17	00:54,0,0,0	02:54,0,8,0	00:65,0,0,0	00:70,0,0,0	33:47,0,0,45	01:35,10,0,0	13:27,19,0,34	13:20,21,0,24	02:24,0,51,28	02:85,0,13,0	03:26,0,0,31	00:39,0,0,32	00:111,0,0,0	01:23,14,17,0	00:90,0,0,0	03:18,0,0,34	00:83,0,0,0	00:48,0,0,9	33:0,0,0,83	00:56,0,26,0	00:50,0,0,0	00:49,20,0,0	11:0,61,0,0	00:81,0,0,0	02:22,16,26,0	00:66,0,0,0	00:35,0,0,10	01:46,38,0,0	00:62,0,0,8	00:49,0,0,15	00:107,0,0,0	00:67,0,0,0	02:43,15,18,0	03:50,0,0,10	33:0,0,18,50	00:79,0,0,0	00:59,0,21,0	33:12,0,1,44	02:61,0,24,0	00:65,0,0,0	00:34,0,0,38	00:60,0,0,0	22:0,7,52,0	03:74,0,0,41	00:85,0,0,0	02:15,0,36,0	01:20,18,40,0	03:13,0,0,54	00:86,0,0,0	01:19,23,18,24	11:0,61,0,0	22:0,0,72,0	22:0,18,34,0	00:72,0,0,0	03:30,0,26,54	00:82,0,0,0	23:0,0,42,43	33:0,0,0,83	33:24,0,0,56	03:75,0,0,14	00:58,0,11,0	00:94,0,0,0	33:0,0,0,74	02:57,0,28,0	00:103,0,0,0	00:53,0,14,0	00:101,0,0,0	00:39,0,21,0	03:15,0,0,56	03:49,0,0,36	01:59,20,0,0	00:49,0,0,0	03:58,0,0,22	00:70,0,0,0	00:44,0,18,0	03:55,0,0,13	00:60,0,0,28	03:29,0,0,39	11:0,50,0,15	02:66,0,20,0	03:55,0,0,30	01:68,11,0,0	00:72,0,0,0	23:37,0,14,10	00:75,0,0,25	00:59,6,0,0	22:0,0,93,0	00:84,0,0,0	33:11,0,0,45	01:34,19,0,10	00:60,0,0,0	03:54,0,0,20	02:39,0,18,0	11:0,49,0,10	00:55,0,0,0	03:38,0,0,39	00:64,0,0,0	02:16,0,27,25	00:57,19,0,0	00:53,20,0,0	01:18,20,0,18	00:79,0,0,0	00:60,0,0,0	11:10,20,0,17	00:72,0,0,0	00:48,0,0,15	33:17,0,22,31	01:53,19,0,0	01:28,31,20,0	03:50,0,0,8	00:52,0,0,18	12:0,38,35,0	33:0,0,0,85	11:0,72,0,0	01:21,66,0,0	00:56,0,0,0	01:32,22,0,11	00:62,0,0,0	00:60,0,0,0	00:52,0,0,9	33:0,0,0,68	02:42,0,41,0	00:80,0,0,0	03:38,0,0,35	01:42,19,12,0	03:32,0,0,15	00:102,0,0,0	00:79,0,0,0	00:73,0,0,0	33:0,0,0,58	03:39,0,0,24	03:29,0,0,48	00:71,0,0,0	00:66,0,0,0	00:86,0,0,0	00:72,0,0,0	01:40,16,0,0	23:22,0,27,23	01:45,20,0,0	00:106,0,0,0	11:0,62,0,0	00:75,18,0,0	11:0,69,0,0	03:81,0,0,23	01:68,13,0,0	13:18,46,0,12	00:75,0,0,0	00:71,23,0,0	03:35,0,0,16	33:23,0,0,58
3_163	75	00:2,0,0,2	13:0,10,0,14	33:0,0,0,1	00:2,2,0,0	01:2,0,0,0	00:6,0,0,0	02:5,0,1,0	02:0,0,1,0	11:2,2,0,0	03:0,0,0,0	33:2,0,0,0	02:0,1,0,0	03:4,0,0,0	01:5,0,1,0	00:0,0,0,0	03:2,0,0,0	00:2,0,0,0	00:8,0,0,3	01:2,0,0,0	00:18,0,0,0	02:0,0,2,0	00:3,0,0,0	01:7,2,0,0	11:0,2,0,0	23:0,0,0,3	01:2,0,2,0	00:2,0,0,0	00:7,0,0,0	01:0,0,0,0	03:1,0,0,2	02:2,0,0,0	23:0,0,0,0	00:6,0,0,1	33:0,0,0,0	03:12,0,0,1	23:0,0,6,2	01:0,3,0,0	02:10,0,7,0	03:0,0,0,0	02:2,0,4,0	00:14,0,0,0	33:0,0,0,7	00:3,0,0,0	13:0,2,0,0	33:0,0,0,2	02:9,1,0,0	03:4,0,0,0	00:3,0,0,1	00:4,0,0,0	00:0,0,0,0	23:0,0,0,3	02:5,0,0,0	03:2,0,0,3	23:2,0,5,0	00:6,0,0,0	00:10,0,0,0	00:3,0,0,0	00:7,0,0,0	00:0,0,0,0	01:9,2,0,0	33:0,0,0,2	00:12,0,0,5	00:13,0,0,0	00:0,0,0,0	00:5,0,0,0	00:0,0,0,0	00:2,0,0,0	00:0,1,0,0	11:1,1,0,0	01:2,3,0,0	03:0,0,0,6	00:7,0,0,2	00:0,0,0,0	13:3,2,0,1	00:4,0,0,0	03:0,0,0,0	00:6,0,0,0	22:0,0,10,0	03:4,0,0,0	03:4,0,0,0	03:0,0,0,4	23:2,0,2,0	00:2,0,0,0	23:0,0,0,2	00:3,0,0,0	12:1,1,0,0	03:4,0,0,1	00:10,1,0,0	00:5,2,0,2	13:2,3,0,2	03:0,0,0,0	00:6,0,0,0	12:2,2,0,0	13:0,0,0,0	03:0,0,0,0	00:5,0,0,1	22:4,0,0,1	03:0,0,0,12	01:15,0,0,0	33:1,0,0,2	00:4,0,0,0	01:15,1,0,5	00:4,0,0,0	03:12,0,0,3	03:0,0,0,4	00:8,1,0,0	03:2,0,0,0	33:0,0,0,5	00:19,0,0,0	00:3,0,0,0	03:1,0,0,0	11:0,4,0,0	00:8,0,0,0	00:4,0,0,0	00:0,0,0,0	33:0,0,0,0	01:6,0,0,0	00:2,0,2,0	00:14,0,0,0	03:2,0,0,2	33:2,6,0,13	01:4,2,0,0	00:0,0,0,0	33:0,0,0,0	00:0,0,0,0	00:4,0,0,0	00:10,0,0,10	00:3,0,0,0	03:0,0,0,1	03:2,0,0,2	03:2,0,0,0	22:0,2,2,0	03:2,0,4,4	00:15,0,0,0	00:8,0,0,0	23:0,1,10,1	02:5,0,2,0	00:9,0,0,0	03:1,0,0,7	12:0,4,7,0	23:0,0,6,5	22:0,1,4,0	01:2,5,2,0	33:0,2,10,21	01:6,3,0,0	33:0,0,0,3	03:4,0,0,0	03:1,0,0,0	00:7,0,0,0	22:2,0,0,0	03:0,0,0,2	33:0,1,0,6	00:5,0,0,0	03:9,0,2,1	02:0,0,2,0	23:0,0,0,2	23:0,0,0,1	33:0,0,0,7	00:2,0,0,0	02:2,0,0,0	00:4,0,0,0	03:0,0,2,0	03:4,0,1,0	03:1,0,0,3	00:1,0,0,0	00:3,0,0,0	03:4,0,0,0	01:0,0,0,0	00:10,4,0,0	00:5,2,0,0	02:5,0,0,0	00:0,0,0,0	00:5,0,0,0	02:1,0,0,4	03:2,0,0,0	22:2,0,5,0	02:3,0,1,0	03:0,0,0,4	33:0,0,0,0	13:0,0,0,0	33:0,0,0,0	22:0,0,4,0	11:0,1,0,0	00:5,0,0,0	01:13,1,0,0	02:10,0,5,0	00:8,0,0,0	00:3,0,0,0	00:1,0,0,0	00:3,0,0,0	03:2,0,0,0	00:0,0,0,0	11:0,0,0,0	00:10,0,0,0	00:7,0,0,0	33:0,0,0,10	01:10,1,0,2	01:0,2,0,0	03:1,0,0,0	01:5,2,0,0	22:1,0,3,0	03:2,0,0,14	12:0,7,0,0	11:0,4,0,0	00:0,0,0,0	03:2,0,0,3	00:5,0,0,0	00:6,0,0,0	00:4,0,0,0	33:0,0,0,4	00:6,0,0,0	00:9,0,0,0	03:2,0,0,0	00:8,0,0,0	00:1,0,0,0	00:18,0,0,0	03:6,0,0,2	03:0,0,0,4	33:0,0,0,0	03:5,0,0,1	33:0,0,0,15	02:0,0,0,0	00:0,0,0,0	33:0,0,0,1	00:4,0,0,0	03:2,0,0,0	01:0,4,0,0	00:5,0,0,0	00:8,0,0,0	03:0,0,0,0	00:1,0,0,0	11:0,2,0,0	00:17,0,1,0	00:8,0,0,0	11:2,6,0,0	23:4,0,6,2	00:3,0,0,3	00:3,0,0,0	33:2,0,0,6
3_165	41	03:41,0,0,50	13:0,21,26,54	33:0,0,0,72	00:119,0,0,0	01:89,25,0,0	03:51,0,19,29	02:63,0,22,29	22:57,0,74,0	11:0,83,0,0	23:12,17,25,23	03:80,0,0,13	02:50,0,23,0	03:40,0,0,29	01:42,14,18,0	01:49,23,0,0	00:80,0,0,0	00:68,0,0,0	01:72,30,0,0	11:47,42,0,0	00:88,0,0,0	12:0,41,75,0	03:89,0,0,20	13:50,31,0,17	11:0,53,25,0	33:27,23,0,53	00:75,0,0,0	00:94,0,0,0	00:132,0,0,0	00:85,0,0,28	33:55,0,0,55	00:106,0,0,0	02:57,0,11,0	00:100,0,0,0	03:31,0,0,66	13:64,53,0,32	13:0,47,55,22	11:40,50,0,0	02:49,0,43,0	00:99,0,0,0	00:119,0,0,0	03:71,0,0,30	33:14,0,0,59	03:69,0,0,27	03:31,51,0,21	03:30,0,0,55	22:60,0,78,0	03:52,18,0,20	00:97,0,0,0	00:83,0,1,0	00:73,27,0,0	23:0,0,11,50	02:59,0,20,0	03:57,0,0,52	02:66,0,29,16	00:104,0,0,0	00:96,0,0,0	00:83,0,0,14	00:98,0,0,19	03:72,0,0,29	12:82,20,45,0	33:0,0,0,87	03:59,25,0,39	00:78,0,0,25	00:54,16,0,33	00:84,0,0,0	00:59,0,18,0	03:94,0,0,41	01:66,20,0,0	22:0,75,52,0	03:98,0,0,29	00:113,0,0,35	00:99,0,0,0	01:57,22,0,0	03:60,60,0,39	03:50,0,0,51	00:102,0,0,0	00:97,0,0,27	01:61,49,0,0	03:54,0,0,48	01:50,44,0,0	03:83,0,28,31	33:0,0,21,83	00:114,0,0,0	03:53,0,15,20	00:116,0,0,0	00:84,0,0,27	00:66,0,0,31	00:108,0,0,0	00:59,0,32,0	03:70,0,0,30	03:70,0,0,29	00:79,0,0,29	00:110,0,0,0	33:0,0,0,127	00:55,0,0,14	00:64,0,0,36	00:52,0,0,60	33:0,0,51,142	00:38,0,29,25	03:64,0,0,45	00:66,0,0,31	03:86,0,0,26	01:67,25,0,0	00:78,28,0,0	00:79,0,0,7	02:11,0,59,27	00:71,0,1,0	33:0,0,0,103	03:43,0,0,46	13:22,44,0,24	03:71,0,0,24	11:15,67,0,0	02:55,0,65,0	23:44,0,30,19	02:63,0,28,0	33:0,0,22,53	01:36,60,0,25	22:0,31,84,0	00:98,0,0,0	00:138,0,0,0	33:29,0,0,77	01:89,43,0,0	00:84,0,0,16	23:0,0,25,87	00:111,0,0,0	02:94,0,41,0	03:27,0,0,64	00:113,0,0,0	00:97,0,0,0	03:59,0,0,47	03:77,0,0,19	12:0,51,71,0	23:0,0,80,62	02:80,0,35,0	00:73,0,0,0	12:35,19,51,0	03:74,0,0,43	00:123,0,0,0	03:32,0,41,42	23:0,16,57,18	22:0,0,98,0	01:25,51,12,0	00:94,0,0,0	23:0,0,33,116	00:74,33,0,0	02:26,0,34,49	33:20,0,0,78	01:67,30,0,0	12:56,27,28,0	23:41,25,38,22	03:24,0,0,71	13:0,42,28,25	22:60,0,68,0	00:64,0,30,34	00:72,0,30,0	03:64,0,0,39	02:20,28,41,0	33:0,0,0,83	02:72,0,38,0	00:66,21,0,29	01:48,15,0,15	00:59,0,24,18	00:75,0,34,0	00:101,1,0,0	00:51,0,32,0	33:20,0,0,80	13:0,48,0,40	13:0,63,0,11	00:103,31,0,0	00:84,0,17,0	01:70,56,0,0	00:76,0,0,0	00:77,0,0,12	00:73,0,31,0	00:67,0,0,0	22:0,0,158,0	03:85,0,0,26	33:0,0,0,96	01:35,76,0,0	00:81,0,13,0	13:32,31,0,44	02:43,0,22,19	13:0,54,0,44	01:79,19,0,0	01:55,70,0,0	03:71,0,0,21	01:32,67,0,0	03:68,0,0,18	00:110,0,0,0	00:71,0,20,0	00:109,0,0,0	01:54,26,0,0	12:0,51,18,0	00:80,0,0,22	00:71,0,0,0	33:0,0,0,112	03:79,0,0,35	00:87,22,0,0	03:47,0,31,21	00:93,0,0,0	02:23,0,49,0	03:43,0,0,70	11:0,129,0,1	03:74,0,0,44	03:60,0,0,27	00:111,0,0,0	00:71,0,0,17	00:105,0,0,0	02:89,0,17,23	23:27,0,16,71	00:126,0,0,0	00:115,0,0,0	03:53,0,0,51	02:77,0,15,0	00:81,26,0,0	00:121,0,0,0	00:53,0,0,53	00:91,0,0,0	03:54,28,0,23	03:44,0,0,64	33:0,0,18,75	00:118,0,0,0	02:38,0,37,0	00:96,0,0,53	02:66,0,25,16	03:40,28,0,31	00:78,0,0,21	03:67,0,0,27	02:87,0,40,0	00:66,20,0,30	13:43,16,0,25	13:0,45,0,26	00:107,0,0,0	01:57,21,32,0	01:58,36,0,21	00:98,0,31,0	01:83,37,0,0	02:43,0,14,19	03:32,0,0,70
3_166	36	00:87,0,0,22	33:0,50,0,48	33:32,0,0,58	11:39,54,0,0	00:120,0,0,0	00:98,0,0,0	00:122,0,0,1	00:98,0,0,21	11:11,54,0,0	00:107,1,0,0	00:83,0,0,0	22:18,0,59,0	NA:22,0,12,31	22:41,0,36,0	00:56,1,0,13	00:79,0,0,0	00:90,0,0,0	00:117,0,1,32	11:1,79,0,0	00:114,0,0,0	22:0,0,113,0	00:106,0,0,0	00:89,0,0,0	11:0,72,0,0	00:107,0,0,0	00:74,0,0,0	00:99,0,0,0	33:55,0,0,67	33:58,0,0,60	33:2,0,0,128	00:82,0,0,0	00:116,0,0,0	33:23,0,33,55	33:0,0,0,88	00:96,1,0,79	22:0,0,90,0	00:97,0,0,0	00:87,0,0,0	11:24,37,20,0	00:100,0,0,0	00:100,0,0,0	33:0,0,0,103	00:111,0,0,0	00:65,33,0,0	33:0,0,26,70	00:135,0,0,0	33:38,0,0,35	33:47,0,0,38	33:9,0,0,63	00:91,0,0,0	33:0,0,0,76	00:74,0,0,0	33:0,0,0,110	00:81,0,0,11	00:96,0,0,0	03:44,0,0,46	00:136,0,0,0	00:150,0,0,0	00:101,0,0,0	00:112,0,0,0	33:0,0,0,78	00:92,0,0,0	00:58,0,0,50	00:60,18,0,0	02:35,0,10,15	02:40,0,17,1	03:49,0,0,36	13:19,15,0,20	01:14,43,13,0	00:74,0,33,31	03:86,0,0,31	03:42,0,0,38	01:76,24,0,0	00:69,0,32,21	00:137,0,0,0	00:60,0,23,1	00:107,0,0,17	02:54,0,63,0	00:109,0,0,0	02:54,0,60,0	33:35,0,0,136	33:0,0,0,119	00:102,0,0,0	00:73,0,0,0	00:91,0,0,0	00:97,0,0,0	01:74,21,0,0	00:99,0,0,0	02:56,0,39,0	00:102,0,0,0	12:13,15,33,0	03:70,0,0,39	00:116,0,0,0	33:0,0,0,118	00:78,0,0,0	00:109,0,0,0	03:107,0,0,22	23:0,0,42,117	01:98,32,0,0	33:0,0,16,52	NA:74,0,0,0	23:43,0,17,57	00:80,0,0,0	02:93,0,23,0	33:0,0,0,69	00:73,25,0,0	01:61,14,0,18	33:19,0,0,54	02:96,0,28,0	00:63,0,0,0	03:48,0,0,31	00:85,29,0,0	00:126,0,0,0	00:76,0,0,0	00:93,0,0,0	NA:97,0,0,0	03:118,0,0,25	00:86,0,0,0	00:117,0,0,0	00:115,0,0,21	03:62,28,0,26	03:89,0,0,6	00:75,0,24,0	03:24,0,0,80	00:78,0,0,31	00:120,23,0,0	23:0,0,21,90	00:87,35,0,0	22:12,0,45,22	00:126,0,0,0	00:112,0,0,0	12:0,59,54,0	00:96,0,0,48	00:125,0,0,0	23:21,33,19,20	22:0,1,127,0	03:64,0,0,26	00:114,39,0,0	03:72,0,0,31	11:0,85,20,0	22:0,24,74,0	12:0,13,63,0	00:82,0,0,15	33:0,27,37,76	00:86,0,37,0	33:0,0,0,99	33:12,19,0,59	13:44,11,0,26	00:133,0,0,0	00:69,0,0,20	00:92,1,0,0	33:0,0,0,97	02:31,19,39,0	01:55,53,0,0	03:56,0,0,38	01:52,0,24,26	02:18,0,57,0	33:41,0,0,59	00:44,0,0,46	00:97,0,0,30	00:63,0,0,0	00:87,0,0,0	33:64,0,0,27	00:95,32,1,0	00:29,16,14,0	00:77,0,0,25	03:77,0,0,31	11:15,82,0,0	00:105,0,0,51	00:95,28,0,0	00:91,0,0,0	00:44,0,21,0	00:82,0,0,17	01:76,14,0,0	01:35,25,22,0	12:0,32,114,0	00:86,0,27,0	23:22,0,32,57	33:70,0,0,16	00:97,0,0,0	03:60,0,0,30	02:14,0,68,0	13:0,48,0,24	00:107,0,0,0	03:102,0,0,30	03:35,0,26,24	02:91,0,16,0	00:36,23,21,0	00:46,21,0,24	01:93,20,0,0	03:97,0,0,38	00:49,0,0,11	01:13,61,0,0	00:114,0,0,0	03:54,0,0,16	33:0,0,0,145	03:45,0,0,104	00:77,0,0,26	00:50,18,0,19	03:54,0,0,20	13:18,17,11,30	23:30,0,28,58	23:0,24,17,59	02:49,0,25,32	03:47,13,0,13	22:26,23,40,0	01:55,41,0,0	03:72,0,0,24	23:58,0,31,10	23:0,0,29,70	00:94,0,21,0	02:77,0,32,0	00:111,0,0,1	03:22,0,36,13	00:53,0,0,16	22:85,0,46,0	02:101,0,39,0	02:53,0,20,0	12:0,46,39,23	12:52,38,16,0	03:65,0,0,69	03:68,0,0,20	00:71,0,0,25	00:88,12,0,0	00:125,0,0,0	01:67,12,0,0	00:109,0,0,0	01:46,26,0,20	03:68,0,0,39	11:1,70,0,26	12:56,16,26,0	11:0,80,0,0	03:105,0,0,43	00:141,0,0,0	12:32,48,25,0	22:30,0,66,26	00:94,27,0,0	11:14,29,0,35	00:61,0,0,62
3_167	81	00:56,0,0,66	12:0,90,30,26	33:22,0,0,64	00:68,0,8,0	01:104,28,0,0	00:118,0,0,0	23:27,0,42,80	12:40,29,25,32	01:22,76,0,0	03:71,0,0,23	03:59,0,0,24	02:30,0,57,0	03:10,12,0,25	01:102,20,0,0	00:37,37,0,0	00:81,0,0,8	00:118,0,0,0	00:96,0,50,21	12:39,39,12,0	00:137,0,0,0	22:43,0,90,0	00:131,0,0,0	01:86,27,0,0	11:0,76,0,0	03:79,0,0,25	01:64,20,0,0	02:72,0,32,0	00:155,0,0,0	00:98,0,0,0	03:72,0,0,32	03:87,0,0,26	02:90,0,49,30	00:88,0,0,26	33:16,0,0,105	33:64,0,0,120	33:0,0,77,75	01:78,29,0,0	02:93,0,31,0	00:60,11,0,0	00:96,0,0,0	00:107,0,0,0	03:30,0,0,92	00:107,18,0,0	13:18,25,0,54	33:0,0,0,101	02:83,28,48,0	13:43,16,0,18	00:102,0,0,0	00:93,0,0,0	00:128,0,0,0	23:0,0,20,67	02:67,0,26,0	03:35,3,0,60	23:36,0,56,13	00:104,0,0,0	00:81,0,0,0	00:120,0,0,0	00:143,0,0,0	02:69,0,18,0	01:85,38,0,0	33:0,0,0,92	00:141,0,0,0	02:65,27,31,0	03:63,0,0,17	00:72,0,0,0	00:58,0,0,22	00:91,0,0,0	03:60,0,0,20	01:24,82,0,0	12:33,40,39,42	00:98,0,0,0	01:88,25,0,0	01:19,27,0,45	03:73,0,0,26	02:82,0,29,0	03:66,0,0,21	00:60,65,0,0	02:60,0,73,0	00:49,0,22,24	03:87,0,0,43	03:129,0,0,38	03:96,0,0,32	00:108,0,0,0	00:63,0,0,22	00:82,0,0,21	00:57,0,0,12	03:51,19,0,32	33:29,0,33,56	02:56,0,48,0	00:93,0,52,0	02:33,0,24,0	00:132,0,0,0	03:99,0,0,30	33:0,0,0,124	03:76,0,0,25	03:82,0,0,47	03:62,0,0,75	23:0,0,41,152	00:153,0,0,0	03:27,21,0,43	02:21,10,20,25	03:28,0,0,121	00:107,0,0,0	03:57,0,0,60	33:17,0,0,78	00:75,0,18,0	03:30,0,12,43	33:0,0,0,79	00:105,0,0,30	02:58,0,33,23	03:23,0,0,62	11:35,101,0,0	03:23,0,37,55	03:38,0,32,12	01:46,32,17,0	33:29,0,0,71	11:48,65,0,0	02:87,0,16,0	00:89,0,23,0	00:139,0,38,0	03:51,0,0,73	00:102,0,0,0	03:86,0,0,21	13:0,28,0,83	02:108,0,26,0	13:57,34,0,25	02:49,0,36,22	00:86,0,0,27	01:64,18,0,0	00:103,0,0,0	00:103,0,0,0	12:0,37,70,0	00:154,0,0,0	00:89,0,0,47	01:66,33,21,0	02:42,49,54,0	03:85,0,0,23	00:126,27,0,0	01:78,33,0,26	11:0,97,28,0	22:26,0,73,0	22:0,0,87,0	03:88,0,0,26	01:38,48,0,71	00:142,0,32,0	23:22,25,21,35	13:0,15,19,54	03:49,0,0,45	00:106,0,0,0	00:73,0,31,0	00:127,0,0,0	33:0,11,0,72	12:0,32,70,20	00:137,0,0,0	00:60,0,0,51	03:35,0,0,81	02:39,0,34,35	00:60,0,0,23	00:82,0,38,0	01:79,42,0,0	00:67,0,0,0	03:65,0,0,28	00:68,0,0,21	01:71,18,32,0	01:57,12,0,0	03:85,0,0,16	03:9,24,0,89	11:0,76,0,17	03:147,1,0,24	00:123,0,0,0	03:60,0,0,27	00:69,0,0,14	00:88,0,20,0	03:96,0,0,47	02:56,0,14,0	22:0,0,108,0	00:104,22,0,0	03:24,0,0,93	00:54,0,0,37	00:73,0,11,0	03:27,0,0,94	02:26,55,21,0	13:0,63,0,21	01:97,31,0,0	00:140,0,0,0	02:44,0,18,42	00:72,0,0,0	00:68,0,0,0	03:50,0,0,11	02:77,0,35,0	00:126,0,0,0	13:35,18,0,21	11:0,40,0,13	00:108,0,0,29	01:73,15,0,0	33:0,0,0,140	03:91,0,0,66	00:95,0,27,0	03:40,31,0,18	00:59,30,0,0	22:0,0,115,0	00:65,0,0,81	03:29,33,0,70	13:68,43,0,34	03:47,0,0,36	00:96,0,28,0	00:104,0,0,0	01:18,75,0,0	00:87,0,0,30	33:25,0,0,83	02:59,46,26,0	00:127,0,0,0	03:19,0,0,72	02:50,0,48,0	00:107,0,0,0	00:138,0,0,0	00:113,0,0,49	00:71,41,0,0	03:35,0,24,11	03:22,0,0,87	03:31,46,0,53	00:78,0,70,0	01:39,23,14,0	00:123,0,0,24	02:85,0,31,0	01:90,12,0,0	00:97,0,0,16	02:39,0,20,28	00:77,0,0,46	01:28,67,0,0	01:69,19,0,0	11:0,49,0,25	03:65,0,48,46	03:87,0,0,25	01:54,24,42,0	00:69,35,30,0	00:120,0,0,0	03:44,0,0,42	13:0,33,0,111
3_168	67	00:117,0,0,0	11:0,144,0,0	33:25,0,1,59	00:55,0,0,11	00:124,0,0,0	02:39,31,26,0	00:157,0,0,0	00:115,0,0,0	13:0,84,0,16	00:56,0,0,20	00:74,0,0,0	02:34,0,23,19	03:27,12,0,21	02:102,0,32,0	00:55,0,14,0	01:72,17,0,0	00:89,0,0,32	03:68,0,29,35	01:33,35,0,11	00:119,0,0,0	22:0,38,66,0	00:69,0,0,18	00:64,0,0,18	11:0,66,0,0	00:57,0,0,24	00:106,0,0,0	00:99,0,0,0	03:115,0,0,40	02:54,0,13,0	00:43,0,13,26	00:101,0,0,0	00:120,0,0,0	00:113,0,0,0	03:59,0,0,52	00:113,56,0,32	22:19,37,66,0	00:73,23,0,0	02:113,0,34,0	00:35,9,0,0	00:76,0,0,0	00:75,0,0,27	00:52,0,0,51	02:43,0,33,32	02:36,22,23,0	03:40,0,0,26	00:115,0,39,0	03:11,0,0,38	00:65,0,0,0	00:69,0,19,0	03:51,0,0,74	03:15,0,0,61	00:93,0,0,0	33:67,0,0,68	00:83,0,0,11	03:77,0,0,23	00:76,0,0,0	00:126,0,0,0	00:141,0,0,0	00:69,0,0,0	00:75,0,36,0	33:0,0,0,93	00:132,0,0,0	00:73,28,0,26	00:72,0,0,0	03:30,0,11,8	00:61,0,0,18	03:3,0,0,33	03:41,0,0,32	11:0,104,0,0	33:63,0,0,73	03:21,0,0,31	00:104,0,0,0	03:35,14,0,16	03:50,0,0,12	00:73,0,0,34	01:41,10,0,0	02:85,0,23,0	22:0,0,136,0	00:93,0,0,0	00:69,30,0,0	13:36,25,0,66	03:51,0,0,50	01:70,13,0,0	03:47,0,0,9	00:98,0,38,0	00:70,0,0,0	00:49,15,0,24	00:103,0,0,0	00:78,0,20,0	00:64,0,32,0	00:31,5,0,0	00:38,0,0,42	00:89,0,0,0	03:32,0,0,57	00:80,0,0,0	00:117,0,0,0	03:45,0,0,68	12:0,43,105,0	01:55,59,0,0	03:56,0,0,31	03:46,0,0,14	00:158,0,25,0	00:62,0,28,0	00:78,0,41,46	33:0,0,18,63	03:57,0,0,15	00:60,12,0,0	33:0,0,0,67	00:109,0,26,0	01:63,25,0,0	03:57,0,0,38	11:28,83,0,0	22:86,0,44,0	00:76,0,0,0	01:71,19,0,0	33:45,0,0,40	01:35,87,0,15	00:79,0,0,0	02:96,0,35,0	00:164,0,0,0	03:61,0,0,45	01:51,22,0,15	00:101,0,0,0	02:56,0,26,32	00:113,0,0,0	00:121,0,0,0	00:67,0,28,29	01:44,16,22,0	00:59,0,0,0	03:95,0,0,27	03:70,0,0,18	22:0,0,121,0	23:20,0,36,55	00:125,0,0,0	23:0,29,53,23	22:0,33,95,0	00:123,0,0,0	00:136,0,0,0	00:124,0,0,0	22:0,30,93,0	22:0,0,99,0	22:0,0,114,0	00:103,0,0,0	33:0,0,0,169	12:31,44,57,0	33:0,0,0,85	23:0,0,52,42	00:58,0,0,24	01:55,38,0,35	01:66,21,0,0	00:104,0,0,0	33:0,0,0,95	02:48,0,57,0	00:140,0,0,43	02:102,0,0,0	03:50,0,0,53	02:35,0,71,0	33:26,0,0,63	00:109,0,0,0	00:130,0,0,0	00:76,0,0,0	00:77,0,0,27	02:23,0,16,15	00:71,32,0,0	01:18,28,0,0	00:59,0,0,26	03:29,28,0,69	13:0,82,0,25	00:91,0,0,38	00:94,30,0,0	01:41,16,0,0	00:50,0,0,0	03:64,0,0,47	00:129,0,0,0	00:31,0,12,0	12:0,13,92,0	13:48,29,0,29	03:37,10,0,22	00:109,0,0,0	00:54,0,0,0	00:99,0,0,0	02:19,0,67,0	11:0,66,0,0	01:84,26,0,0	00:132,0,0,0	03:52,0,22,21	01:34,14,0,0	00:57,0,0,0	00:29,0,12,5	00:97,0,0,0	00:138,0,0,0	01:15,27,0,9	13:0,46,0,15	00:131,0,0,0	01:61,21,0,0	33:0,0,15,117	03:67,1,0,58	03:56,0,28,41	00:87,0,0,0	03:37,0,0,33	22:21,0,79,1	00:88,26,1,0	12:0,51,38,0	11:29,85,0,0	01:60,33,0,0	03:88,0,0,25	03:59,0,0,14	00:92,0,0,0	33:0,0,0,103	03:35,0,0,58	00:113,0,1,0	03:89,0,0,24	03:16,0,0,38	22:65,0,43,0	00:63,0,0,0	00:147,0,0,0	00:124,0,0,0	00:60,0,0,36	13:36,16,0,15	00:44,0,0,37	33:0,0,0,153	00:113,0,0,0	33:0,0,0,106	00:151,0,2,0	00:115,0,0,0	02:54,0,16,0	00:84,0,0,0	03:63,0,0,16	00:119,0,0,0	01:23,44,20,0	02:55,18,22,0	11:0,63,0,0	03:135,0,0,37	00:116,0,0,0	01:71,29,0,0	00:123,0,0,0	01:62,60,0,0	02:41,0,11,0	02:61,0,30,40
3_171	80	00:72,0,0,69	33:16,0,0,83	33:0,0,0,83	01:21,44,28,0	00:102,0,0,41	00:139,0,0,0	00:179,0,0,0	00:139,0,0,0	11:31,93,0,0	00:96,0,0,0	00:93,0,0,0	02:57,0,16,0	03:49,0,0,36	02:92,0,23,0	00:69,19,0,0	00:135,0,0,0	00:157,0,0,0	03:80,0,0,94	13:0,39,30,16	03:34,0,0,120	22:70,0,67,0	00:143,0,0,0	00:131,0,0,0	11:0,89,0,0	00:119,0,0,0	00:104,0,0,0	00:109,0,0,0	03:89,48,0,41	03:69,0,0,49	03:59,0,0,64	03:55,0,0,79	00:186,0,0,0	03:132,0,0,28	33:0,0,0,123	03:151,0,0,61	22:0,0,150,0	00:127,0,0,0	00:153,0,0,0	01:27,43,22,0	00:84,0,0,0	01:105,32,0,0	33:0,0,0,101	00:92,0,46,0	00:72,28,0,0	03:38,0,0,69	00:178,0,0,0	03:69,0,0,16	03:84,0,0,21	00:67,0,11,36	33:0,28,0,79	33:0,0,0,87	00:94,0,0,0	03:23,0,0,123	03:61,0,30,23	03:65,0,0,59	00:66,0,29,0	02:84,0,9,20	01:90,13,0,22	23:0,0,57,42	01:56,111,0,0	03:36,21,0,70	00:159,0,0,0	12:73,47,22,0	03:74,0,0,15	00:57,0,0,0	00:71,21,0,0	03:46,0,0,14	33:41,0,0,42	01:35,48,30,0	02:32,0,38,66	00:104,0,0,0	01:94,22,0,0	11:36,60,0,0	03:100,0,0,9	02:66,40,29,0	00:94,0,0,0	03:122,0,0,32	00:126,0,0,33	00:55,0,0,63	00:164,0,0,0	00:95,55,0,42	01:40,40,0,54	00:71,19,0,24	02:44,0,53,0	00:151,0,0,0	00:62,0,0,0	03:63,0,0,41	03:90,0,0,32	22:0,0,102,22	02:102,0,37,0	02:30,0,19,11	00:123,0,0,0	00:124,0,0,0	33:0,0,0,110	03:53,0,0,28	00:105,0,0,38	00:117,0,0,32	03:67,0,48,90	00:126,0,0,24	33:0,0,0,124	00:69,0,0,0	00:215,0,0,0	00:76,40,0,0	00:161,46,0,0	33:29,0,0,68	02:24,0,52,24	00:74,0,0,20	23:14,0,10,46	02:71,0,46,51	02:40,26,23,0	01:65,29,0,0	12:29,68,47,0	03:114,0,0,43	02:50,25,27,0	00:76,32,0,0	03:58,0,0,38	01:74,41,0,42	00:112,0,25,0	00:143,0,0,0	00:182,0,0,0	03:36,0,0,94	00:81,0,30,0	00:121,0,0,0	23:0,0,30,115	00:144,0,0,0	00:108,0,35,0	33:0,0,0,126	02:72,0,30,0	02:55,0,13,0	00:104,0,0,43	03:113,0,0,44	12:0,68,68,0	23:35,0,26,94	00:110,54,0,0	22:0,0,75,29	12:0,46,115,1	00:93,0,0,34	00:156,0,0,0	00:133,0,0,34	12:0,83,66,0	22:0,0,142,0	22:0,0,139,0	00:116,0,0,0	33:0,0,0,207	02:106,37,27,0	33:0,0,0,130	03:28,0,0,84	03:28,1,0,60	00:173,0,0,0	00:77,0,42,0	00:132,0,0,0	33:0,0,0,114	03:73,0,34,26	00:187,0,0,0	01:97,31,0,0	00:157,0,0,0	22:40,0,85,0	03:38,0,0,85	00:104,0,0,26	00:159,0,0,0	00:102,0,0,0	03:58,26,0,28	03:39,0,24,46	00:148,0,0,0	00:55,21,0,0	00:148,0,0,0	13:0,29,0,105	11:0,82,1,29	00:212,0,0,0	01:114,51,0,0	00:72,19,0,0	03:69,0,0,12	33:40,0,0,80	00:138,0,0,0	03:41,23,0,17	22:0,0,120,0	01:69,60,0,0	13:31,42,0,51	03:86,0,31,16	00:79,0,0,0	03:72,0,0,54	22:37,0,93,0	11:0,85,0,0	00:105,36,0,0	00:162,0,0,0	00:100,0,0,0	03:86,0,0,18	00:74,0,0,0	02:39,0,14,0	00:161,0,0,0	03:81,43,0,31	01:30,28,17,0	11:0,65,0,0	00:178,0,0,0	00:94,0,0,0	23:0,0,64,119	03:80,0,28,29	12:74,29,35,0	00:112,0,0,0	00:88,0,0,28	02:42,0,94,0	03:71,0,1,81	11:0,107,0,0	00:67,67,0,0	00:100,0,0,0	00:109,0,0,39	00:92,0,0,28	00:115,0,0,0	33:35,0,0,73	03:61,0,0,54	00:136,0,0,0	00:109,0,0,41	03:48,0,0,34	00:59,0,23,0	00:88,0,0,0	03:128,0,0,39	00:120,0,0,45	03:62,0,0,61	33:0,0,0,55	03:73,0,0,61	03:109,0,0,74	00:149,0,0,0	03:79,0,0,16	03:138,0,0,31	03:112,0,0,17	00:87,0,0,21	02:84,0,42,0	01:16,48,0,23	00:148,0,0,0	11:0,99,0,0	00:118,0,0,0	12:0,67,14,0	02:163,0,31,0	03:147,0,0,30	11:77,68,0,0	03:95,0,0,59	03:39,53,0,33	33:19,0,0,53	03:38,0,0,134
3_172	104	33:61,2,2,117	13:0,191,0,53	13:0,42,0,78	00:150,0,0,0	02:78,0,55,0	00:120,39,0,0	00:210,0,0,5	00:159,0,0,0	12:2,48,24,31	03:92,0,0,26	00:90,0,1,24	03:70,0,2,15	03:58,1,14,22	03:128,0,0,40	01:74,26,0,0	01:61,17,0,23	00:179,0,1,0	02:173,0,55,0	11:74,43,0,0	00:98,0,0,0	22:0,2,125,2	00:214,1,0,0	02:139,0,5,0	11:19,80,3,0	00:136,0,0,0	12:44,65,19,22	00:128,0,0,0	00:198,0,0,0	00:64,0,21,2	33:99,0,1,63	00:131,0,0,0	23:39,0,54,39	00:169,0,0,0	33:0,0,16,57	33:96,0,0,204	33:0,0,143,42	03:51,0,22,46	00:208,0,2,0	01:84,10,0,0	00:62,0,0,32	00:202,0,0,0	03:54,0,2,134	02:96,0,46,0	23:70,0,37,31	33:0,0,0,122	03:146,0,0,30	02:92,0,26,0	00:116,0,0,0	00:106,0,0,0	02:113,39,46,2	03:52,0,0,49	03:85,0,0,35	03:78,0,0,161	23:4,0,127,16	01:95,36,0,6	00:97,25,0,0	00:141,0,0,0	00:164,0,0,0	00:45,0,0,71	02:155,3,41,0	33:0,0,0,161	00:229,0,0,0	12:84,117,40,0	00:74,0,17,1	00:80,0,0,0	01:78,28,0,0	03:30,0,0,62	03:48,32,0,32	01:20,115,0,0	33:30,47,0,61	00:68,0,0,43	00:206,0,0,0	02:73,22,28,0	00:128,0,0,2	00:68,0,0,93	00:117,1,0,0	00:170,0,0,5	00:176,0,38,0	33:84,0,0,52	00:91,13,44,0	00:175,0,0,0	33:0,0,0,107	00:171,0,0,0	00:135,0,0,0	00:176,0,0,0	00:65,11,0,28	00:108,0,41,4	02:113,0,42,0	23:28,0,82,22	00:171,0,0,0	00:111,0,0,0	03:115,0,0,27	13:73,38,0,40	33:0,0,0,152	01:73,32,0,1	03:146,0,0,41	00:164,0,0,0	33:0,0,67,173	02:111,0,25,0	33:0,22,0,113	03:76,0,0,39	00:210,0,0,0	02:106,0,52,0	00:125,0,0,137	33:32,0,33,64	00:98,0,2,0	00:118,0,0,2	33:6,0,0,119	00:170,0,68,3	00:140,0,0,1	00:126,2,0,0	11:0,172,0,0	02:113,0,37,0	02:60,0,73,0	00:81,0,38,0	03:89,9,0,26	11:0,157,0,52	00:170,0,0,0	00:211,0,0,46	03:88,0,64,44	33:42,0,0,177	03:111,0,0,32	01:66,8,0,0	13:0,39,56,70	00:175,0,51,0	01:77,31,0,32	03:100,0,0,82	00:102,40,2,0	00:70,0,0,18	02:116,0,58,58	00:135,0,0,0	22:44,58,81,0	01:87,52,1,67	03:191,0,0,43	00:75,0,51,1	22:0,0,195,0	03:95,69,0,36	00:242,1,0,0	00:135,0,0,45	11:0,149,86,0	22:0,0,146,0	22:43,0,98,0	00:136,0,0,0	13:0,49,1,183	00:223,0,1,0	33:0,0,0,152	33:0,0,0,193	00:129,0,0,1	00:207,0,0,0	00:124,0,33,0	00:106,0,1,46	23:1,0,34,96	00:139,0,24,0	00:226,0,0,0	03:91,0,0,21	33:1,0,2,171	02:35,51,30,0	33:0,0,0,186	02:128,0,48,1	02:135,0,47,0	00:105,0,0,0	00:50,18,0,43	03:49,0,26,20	00:151,2,0,0	01:81,28,0,0	03:43,0,0,112	33:133,0,0,84	11:0,142,0,0	00:235,0,3,0	00:195,0,0,0	00:104,1,0,29	00:94,0,0,0	00:174,0,0,0	00:183,0,0,3	00:97,0,1,0	22:31,0,110,0	00:169,0,0,0	33:0,0,0,110	33:108,0,0,64	00:88,0,24,0	03:46,0,0,102	23:0,0,102,25	00:52,1,0,55	00:154,0,0,0	11:131,98,0,3	02:114,0,35,0	00:75,0,0,45	00:108,0,0,0	00:112,0,0,0	00:161,0,0,0	00:179,4,0,7	00:60,0,0,0	03:24,21,11,11	00:189,31,0,0	00:45,0,0,0	33:0,0,0,202	00:202,0,0,0	11:41,82,35,0	01:130,34,0,0	00:128,2,0,26	02:40,0,100,0	33:60,0,0,169	01:49,31,29,51	01:121,38,0,0	00:49,0,0,64	00:174,0,0,29	00:106,0,0,0	00:136,0,0,0	33:2,0,0,137	33:34,0,0,93	01:139,57,0,0	00:147,0,0,1	03:20,0,28,59	13:1,68,34,37	02:75,0,34,0	00:246,0,0,0	00:182,0,0,55	03:112,0,0,35	00:40,2,0,11	00:141,0,0,51	33:0,45,0,166	00:132,0,63,0	00:129,0,0,0	00:104,0,0,43	01:117,44,0,2	00:145,0,0,0	02:103,0,45,0	01:113,35,0,0	00:122,0,0,39	11:0,102,0,29	00:155,3,0,0	11:0,78,0,0	00:233,0,2,0	33:118,0,0,73	12:0,83,46,4	02:73,0,85,0	11:51,162,0,0	33:47,0,2,36	00:153,0,0,33
3_173	8	33:51,0,0,96	33:0,48,0,77	33:48,0,0,61	00:67,0,19,0	00:120,0,0,20	00:109,0,0,0	00:100,46,0,0	01:113,43,0,0	13:13,27,0,70	03:79,0,0,16	00:89,0,0,0	01:57,19,0,0	03:52,22,0,15	00:111,0,0,0	00:111,0,0,0	00:99,0,0,0	00:69,0,0,0	03:89,0,0,72	13:41,21,19,16	02:30,0,21,38	22:0,0,91,0	01:112,26,0,0	00:110,0,0,0	13:0,61,0,12	00:127,0,0,0	33:49,0,24,17	03:73,0,0,22	03:58,0,0,72	00:50,0,60,0	03:80,0,0,25	00:127,0,0,0	01:108,28,0,0	02:93,0,28,0	33:0,0,0,117	33:82,0,0,84	22:0,0,139,0	01:78,13,0,0	02:95,0,22,0	00:39,0,41,0	13:37,26,0,30	00:92,0,0,21	33:0,0,0,107	03:102,0,0,18	03:51,0,0,24	33:0,0,0,100	01:103,42,0,0	03:82,0,0,12	01:53,21,0,0	00:67,0,17,0	00:70,0,0,27	03:15,0,0,58	03:43,12,0,28	33:29,0,0,122	00:110,0,53,0	00:112,0,0,0	00:67,0,26,1	00:84,0,0,21	00:97,0,0,26	11:49,31,27,0	11:31,98,0,0	33:0,24,0,58	00:135,0,0,33	03:89,0,0,33	03:55,0,0,18	00:49,0,0,0	00:73,0,0,0	03:51,0,0,23	00:96,0,0,0	11:0,45,25,25	00:122,0,0,42	03:87,0,0,15	00:100,0,0,0	01:39,20,1,11	33:42,0,0,40	00:81,47,0,0	00:73,0,0,21	03:89,0,0,26	22:0,0,90,46	03:46,0,0,59	11:77,58,0,0	00:130,0,0,47	03:27,0,0,86	01:54,21,0,23	03:34,0,26,22	01:108,16,0,0	03:61,0,0,15	01:46,21,0,40	00:81,18,0,0	00:44,20,35,0	00:133,0,0,0	00:77,0,0,0	02:90,0,30,0	00:97,0,0,15	33:0,0,0,130	00:66,0,0,15	02:39,0,40,40	03:44,0,0,67	03:43,0,49,86	00:87,0,0,24	00:57,0,21,45	03:61,0,0,25	00:142,0,0,0	02:58,0,19,0	01:56,94,0,0	03:57,0,0,56	00:58,22,37,0	03:46,0,0,49	13:9,24,0,59	00:75,0,0,35	00:73,21,0,0	00:77,0,0,7	02:88,20,27,0	00:135,0,0,0	00:66,29,0,0	00:97,0,0,0	03:80,0,0,18	23:29,63,47,30	22:50,0,21,22	00:79,0,0,47	00:127,0,0,30	33:43,25,0,70	01:45,87,0,0	00:96,0,24,0	33:0,0,27,94	00:130,0,0,21	00:88,26,0,0	00:65,0,0,50	00:80,19,0,0	00:74,0,0,11	00:72,0,0,33	11:89,32,0,0	22:0,46,87,0	03:34,0,0,116	00:106,0,0,49	00:123,0,0,0	22:0,0,149,0	00:110,0,0,0	00:179,0,0,0	33:34,0,47,59	11:0,55,59,0	22:19,0,95,0	12:0,26,36,37	00:85,0,0,0	12:40,33,45,39	00:161,0,0,0	33:0,33,0,109	33:0,0,0,138	02:92,0,37,0	00:110,0,0,0	00:106,0,23,0	12:34,37,23,26	33:0,0,0,98	00:121,0,0,0	03:155,0,0,19	03:45,20,0,20	00:126,0,0,0	02:38,0,58,0	33:0,0,25,92	00:123,0,0,0	02:82,0,21,38	00:80,0,0,25	00:80,34,0,0	00:86,0,0,0	23:60,0,50,36	00:33,0,9,36	03:46,0,27,21	03:73,0,32,29	11:0,98,0,0	00:122,0,45,0	00:126,0,0,0	03:56,23,0,29	00:66,13,0,0	00:96,0,0,21	00:123,0,0,0	00:76,0,0,0	02:27,24,56,0	02:92,0,31,0	33:22,0,0,81	33:40,17,0,41	03:61,0,0,17	33:23,0,0,86	23:19,0,59,18	12:18,21,17,22	00:118,0,0,0	01:96,44,0,0	02:71,0,37,0	00:47,19,0,23	00:72,0,0,0	00:78,0,0,0	01:87,19,0,0	23:102,0,24,37	00:76,0,0,0	01:13,35,0,12	00:124,0,0,0	03:38,0,0,18	23:0,0,59,61	03:69,0,0,59	00:90,38,0,0	NA:50,0,22,20	11:41,33,23,0	22:0,0,113,0	03:26,0,0,137	11:0,96,0,37	00:119,0,0,0	02:82,0,16,0	01:89,40,0,0	00:66,0,0,19	00:93,0,0,0	03:41,0,0,69	13:29,10,0,58	00:106,0,0,0	03:94,0,0,21	33:0,0,0,50	22:27,0,24,16	00:94,0,0,0	00:130,0,0,32	03:81,0,0,74	00:79,0,0,24	03:22,0,0,49	00:83,0,0,26	03:44,0,0,125	00:135,0,0,0	00:56,40,0,19	00:129,0,0,0	00:90,0,0,0	23:32,0,53,24	00:93,12,0,0	00:55,0,14,36	00:96,0,0,33	00:22,22,17,27	02:54,0,38,31	12:0,55,15,0	02:73,37,29,0	03:115,0,0,17	01:63,48,0,0	13:38,35,32,30	01:60,26,48,0	00:18,0,0,51	33:0,0,0,160
3_174	35	03:20,0,15,54	11:0,119,0,0	03:23,0,0,52	03:52,0,0,22	00:98,0,0,0	00:80,0,0,0	00:83,0,0,27	03:75,0,0,27	11:0,90,0,0	00:87,0,0,0	01:69,0,0,15	02:37,0,39,0	11:26,14,0,27	00:68,0,0,0	01:49,21,0,0	00:91,0,0,0	00:89,0,0,0	22:23,0,68,30	03:34,13,0,27	00:48,0,40,28	02:46,0,35,0	00:114,0,0,0	00:97,0,0,0	11:0,79,0,0	00:102,0,0,0	00:51,0,0,21	00:94,0,0,0	00:60,20,0,39	00:111,0,0,0	22:50,0,21,20	00:98,0,0,0	00:129,0,0,0	00:53,0,28,0	33:0,11,0,77	33:46,0,0,105	02:29,0,63,0	00:89,0,0,0	00:95,16,0,0	00:68,22,0,0	00:62,25,0,0	00:75,0,23,0	33:18,0,0,71	00:76,6,0,0	11:52,21,0,31	33:0,0,0,76	00:111,0,0,0	03:89,0,0,12	00:93,0,0,0	02:64,0,9,0	00:75,0,0,24	33:17,0,0,47	00:80,0,0,0	03:55,0,0,67	03:65,0,0,19	00:95,0,0,0	00:89,0,0,0	00:105,0,0,0	00:123,0,0,0	00:109,0,0,0	00:88,30,0,0	33:0,0,0,91	00:129,0,0,0	03:30,0,0,56	00:67,0,0,27	02:59,0,27,0	03:35,0,0,32	03:96,0,0,8	33:60,0,0,5	11:0,78,0,0	33:43,0,0,68	03:126,0,0,16	00:91,0,0,0	11:30,23,0,25	00:94,0,0,30	00:91,0,0,0	00:89,0,0,0	01:32,27,0,32	02:44,0,52,0	03:5,0,0,70	00:65,25,0,0	03:96,0,0,32	00:36,0,0,52	00:65,15,0,0	03:35,0,0,42	00:95,0,0,0	00:83,0,0,0	01:55,39,0,0	00:68,0,26,0	02:52,0,46,0	02:62,0,32,0	00:42,23,0,0	00:83,0,0,24	00:114,0,0,0	33:35,0,0,81	00:89,0,0,0	00:103,0,0,0	03:58,0,0,52	03:53,0,22,33	00:81,27,0,0	00:36,0,0,54	33:59,0,0,22	03:55,0,27,32	00:65,0,0,23	00:78,0,26,0	03:54,0,0,25	00:74,0,0,0	03:33,14,0,24	13:0,22,0,92	00:80,0,16,0	00:78,0,0,0	03:40,0,0,40	12:21,55,15,0	22:54,0,55,0	02:69,0,22,0	00:61,0,27,0	03:52,0,0,11	01:67,27,0,29	00:89,0,0,0	00:96,0,0,0	00:163,0,0,0	33:32,0,0,80	03:75,0,0,21	00:92,0,0,0	33:18,0,0,79	00:136,0,0,0	00:95,0,0,0	33:0,0,13,71	03:74,0,0,34	00:61,0,19,0	00:84,0,0,24	00:107,0,0,0	12:0,23,57,0	33:41,0,0,101	00:87,0,0,30	00:69,0,20,0	22:0,32,89,0	00:72,0,32,0	01:98,32,0,0	03:78,0,0,31	12:0,52,47,0	12:20,35,51,0	22:38,0,67,0	00:68,0,20,0	22:0,0,71,34	00:73,0,37,0	03:23,0,0,83	33:0,0,0,84	00:94,0,0,0	01:78,22,0,0	03:38,0,31,29	00:63,19,0,25	33:0,0,0,83	22:0,0,100,0	01:72,61,0,0	23:18,0,27,40	02:84,0,40,0	22:0,0,86,0	03:21,0,0,55	13:19,24,30,25	03:69,0,0,23	00:81,0,0,0	01:117,19,0,0	03:52,0,27,22	00:114,0,0,0	NA:36,0,28,21	33:56,0,0,25	00:95,0,0,0	01:17,51,0,0	00:93,0,38,0	01:83,20,0,0	33:30,45,0,17	02:43,0,25,0	00:83,0,0,18	03:60,0,0,42	00:47,16,0,0	02:52,0,61,0	03:75,0,0,25	33:0,0,0,70	NA:21,0,0,65	00:112,0,0,0	03:42,0,0,48	22:26,0,41,26	11:0,86,0,0	00:92,0,0,0	NA:90,0,0,23	01:60,23,0,0	03:56,0,17,25	03:70,0,0,29	01:50,26,0,0	NA:70,33,0,0	03:70,0,0,19	00:81,0,0,0	33:14,27,0,19	00:125,0,0,0	00:47,0,0,6	33:39,0,0,89	03:94,0,0,26	01:83,32,0,0	03:39,0,0,31	00:81,0,0,0	00:67,0,23,0	03:32,0,0,81	13:0,75,0,25	13:0,76,0,26	00:93,0,0,0	13:17,30,0,53	00:87,0,0,0	33:74,0,0,19	NA:64,0,0,49	23:18,0,18,46	00:106,0,0,0	03:74,0,0,38	00:45,0,37,31	12:29,24,46,0	00:72,0,0,0	03:89,0,0,24	00:114,0,0,0	00:97,0,0,0	03:23,0,0,65	NA:89,0,0,0	33:0,0,0,88	00:104,0,0,0	01:45,12,0,25	00:81,0,0,0	33:45,0,0,74	00:80,0,0,0	03:15,19,0,47	03:69,0,0,18	03:83,0,0,31	13:0,55,0,23	00:63,0,0,12	11:0,79,0,0	00:133,0,0,0	00:89,0,0,0	00:79,21,0,0	02:46,0,52,0	02:88,0,35,0	33:26,0,0,65	33:27,0,0,85
3_175	13	33:26,0,0,38	11:0,81,0,24	02:14,0,11,26	00:62,0,0,0	03:80,0,0,0	03:57,0,0,15	03:84,0,0,19	00:104,0,0,0	11:15,53,0,0	03:53,0,0,14	00:54,0,8,0	00:56,0,0,0	03:19,0,0,35	00:41,0,26,0	01:19,48,0,0	00:66,0,0,0	00:86,0,0,0	00:111,0,0,0	01:16,15,0,12	00:75,0,0,0	12:0,21,46,17	02:54,0,20,0	00:77,0,0,0	12:0,35,13,0	00:83,0,0,0	00:44,13,0,0	00:81,0,0,0	00:98,0,0,0	00:63,0,7,0	NA:17,0,0,63	01:56,14,0,0	02:30,0,15,13	03:53,1,0,19	03:22,0,0,31	03:80,0,0,22	22:0,0,82,0	01:46,12,0,0	00:86,0,0,0	00:42,0,12,0	03:62,0,0,25	01:39,18,0,11	03:8,0,0,58	03:37,0,0,20	01:55,7,0,0	33:0,16,0,39	01:64,23,0,0	12:31,9,14,0	00:66,0,0,0	02:49,0,0,21	03:47,0,0,10	NA:0,0,0,64	03:19,11,0,21	03:36,0,0,34	03:70,0,0,9	00:32,0,0,27	00:62,0,0,0	00:52,0,14,0	00:57,14,0,0	03:28,0,1,36	02:26,18,25,0	03:30,0,0,59	01:73,17,0,14	01:28,45,0,0	00:39,12,0,0	00:59,0,0,0	00:45,0,0,18	00:41,0,0,27	00:41,0,0,14	11:0,52,0,14	03:78,0,0,14	03:85,0,0,16	00:74,0,0,0	00:72,0,0,17	11:13,55,0,27	03:75,0,0,10	00:50,0,0,10	03:68,0,0,18	00:47,21,14,0	00:46,0,0,18	00:90,0,0,0	03:66,0,0,21	00:45,22,0,14	03:47,0,1,6	02:45,0,9,0	00:72,0,0,0	00:49,0,0,0	03:37,0,0,48	03:48,16,0,19	23:0,21,46,0	03:38,0,27,20	02:57,0,17,0	00:66,0,0,0	00:55,0,0,10	03:18,0,0,52	03:48,0,0,6	00:77,0,0,0	03:58,0,0,30	03:79,0,0,40	02:51,0,21,0	33:0,0,0,60	03:51,0,0,0	00:119,0,0,0	00:74,0,0,0	03:87,0,0,0	03:0,0,0,54	22:35,0,35,0	00:51,0,0,10	23:0,0,44,15	22:51,0,16,0	00:29,10,24,0	01:40,37,0,0	11:0,41,28,0	03:33,0,0,34	00:50,0,0,0	01:56,25,0,0	00:64,0,0,0	01:53,36,0,0	00:55,0,24,0	03:51,14,0,0	00:110,0,0,0	33:0,25,11,31	00:75,0,0,0	00:64,0,0,0	22:18,0,54,0	00:58,0,0,9	00:55,0,29,0	03:55,0,0,16	02:57,0,12,0	00:49,0,0,15	00:61,0,0,18	03:15,0,0,51	12:0,13,54,0	12:41,17,22,0	03:42,0,0,37	02:18,36,23,0	22:0,25,42,0	13:18,32,0,19	03:61,0,12,0	33:18,0,0,90	11:0,71,0,0	12:0,38,48,0	12:32,15,28,0	00:79,0,0,0	33:0,0,0,98	03:50,0,0,28	23:0,20,13,35	03:20,0,0,50	00:68,0,0,0	00:66,0,0,0	00:46,0,32,0	03:40,0,0,31	33:0,0,0,79	22:14,0,72,0	00:75,0,0,0	00:71,0,0,0	03:17,33,0,51	23:0,0,36,11	03:45,0,0,26	03:43,0,7,24	03:72,0,0,23	02:36,0,11,6	00:61,0,0,10	00:63,0,11,0	00:96,0,0,0	01:35,13,0,0	03:58,0,0,23	03:22,0,0,38	11:0,33,0,39	03:71,0,0,18	03:10,0,8,39	11:15,20,0,37	00:63,0,0,0	00:41,0,0,24	00:69,0,0,0	03:36,0,0,12	02:22,0,57,0	03:59,9,0,15	33:0,0,0,70	33:36,0,0,43	00:53,0,0,0	33:27,0,0,46	01:25,33,0,0	13:12,38,0,21	01:70,9,0,0	33:46,0,0,46	00:39,0,14,0	22:51,0,26,0	00:70,0,0,0	00:67,0,0,0	02:45,0,22,0	03:45,0,0,23	00:28,0,0,22	11:0,47,0,0	03:82,0,0,17	00:53,0,0,0	33:0,0,0,111	03:54,0,0,20	00:61,0,0,0	03:41,0,0,18	01:20,21,0,18	02:9,0,52,0	33:42,0,0,44	11:0,73,0,0	03:35,21,0,17	23:32,25,0,14	01:43,25,0,8	03:54,0,0,0	03:66,0,0,10	03:12,0,0,54	33:0,0,0,66	00:100,0,0,0	00:77,0,0,0	03:61,0,0,23	03:49,0,0,29	00:51,0,0,0	00:64,0,0,33	03:70,0,0,19	00:69,0,0,0	00:14,37,0,28	33:22,0,0,42	03:20,0,0,51	00:75,0,0,0	02:24,0,12,34	00:76,0,0,0	00:74,0,0,0	01:26,17,0,11	03:24,0,0,49	03:49,0,0,15	02:50,0,23,0	01:22,58,0,0	03:30,0,0,39	13:0,23,0,28	00:100,0,0,0	03:57,0,0,12	00:36,45,0,0	01:52,29,0,0	11:5,52,29,0	00:30,0,0,49	03:22,29,0,30
3_179	27	03:0,0,0,0	01:0,0,0,0	33:0,0,0,0	11:0,0,0,0	00:0,0,0,0	00:0,0,0,0	00:0,0,0,0	00:0,0,0,0	11:0,0,0,0	33:0,0,0,0	00:0,0,0,0	03:0,0,0,0	03:0,0,0,0	00:0,0,0,0	12:0,0,0,0	00:0,0,0,0	03:0,0,0,0	00:0,0,0,0	11:0,0,0,0	03:0,0,0,0	00:0,0,0,0	33:0,0,0,0	03:0,0,0,0	11:0,0,0,0	03:0,0,0,0	00:0,0,0,0	NA:0,0,0,0	11:0,0,0,0	00:0,0,0,0	33:0,0,0,0	00:0,0,0,0	01:0,0,0,0	00:0,0,0,0	13:0,0,0,0	33:0,0,0,0	33:0,0,0,0	00:0,0,0,0	11:0,0,0,0	00:0,0,0,0	00:0,0,0,0	02:0,0,0,0	03:0,0,0,0	01:0,0,0,0	00:0,0,0,0	33:0,0,0,0	01:0,0,0,0	03:0,0,0,0	00:0,0,0,0	00:0,0,0,0	00:0,0,0,0	33:0,0,0,0	00:0,0,0,0	33:0,0,0,0	13:0,0,0,0	02:0,0,0,0	02:0,0,0,0	NA:0,0,0,0	NA:0,0,0,0	NA:0,0,0,0	03:0,0,0,0	33:0,0,0,0	00:0,0,0,0	02:0,0,0,0	00:0,0,0,0	00:0,0,0,0	00:2,0,0,0	03:0,0,0,0	00:0,0,0,0	11:0,0,0,0	00:0,0,0,0	03:0,0,0,0	00:0,0,0,0	22:0,0,0,0	00:0,0,0,0	22:0,0,0,0	00:0,0,0,0	03:0,0,0,0	00:0,0,0,0	00:0,0,0,0	22:0,0,0,0	00:0,0,0,0	03:0,0,0,0	03:0,0,0,0	00:0,0,0,0	03:0,0,0,0	00:0,0,0,0	00:0,0,0,0	NA:0,0,0,0	03:0,0,0,0	00:0,0,0,0	00:0,0,0,0	00:0,0,0,0	00:0,0,0,0	03:0,0,0,0	00:0,0,0,0	00:0,0,0,0	33:0,0,0,0	22:0,0,0,0	00:0,0,0,0	00:0,0,0,0	00:0,0,0,0	00:0,0,0,0	01:0,0,0,0	00:0,0,0,0	33:0,0,0,0	00:0,0,0,0	33:0,0,0,0	33:0,0,0,0	22:0,0,0,0	00:0,0,0,0	00:0,0,0,0	01:0,0,0,0	00:0,0,0,0	11:0,0,0,0	00:0,0,0,0	02:0,0,0,0	11:0,0,0,0	33:0,0,0,0	11:0,0,0,0	00:0,0,0,0	03:0,0,0,0	01:0,0,0,0	03:0,0,0,0	22:0,0,0,0	00:0,0,0,0	00:0,0,0,0	00:0,0,0,0	00:0,0,0,0	00:0,0,0,0	03:0,0,0,2	00:0,0,0,0	12:0,0,0,0	00:0,0,0,0	00:0,0,0,0	12:0,0,0,0	11:0,0,0,0	00:0,0,0,0	00:0,0,0,0	03:0,0,0,0	11:0,0,0,0	22:0,0,0,0	22:0,0,0,0	00:0,0,0,0	33:0,0,0,0	00:0,0,0,0	13:0,0,0,0	33:0,0,0,0	00:0,0,0,0	00:0,0,0,0	22:0,0,0,0	00:0,0,0,0	33:0,0,0,0	22:0,0,0,0	00:0,0,0,0	00:0,0,0,0	00:0,0,0,0	NA:0,0,0,0	03:0,0,0,0	00:0,0,0,0	01:0,0,0,0	00:0,0,0,0	33:0,0,0,0	00:0,0,0,0	00:0,0,0,0	03:0,0,0,0	00:0,0,0,0	33:0,0,0,0	11:0,0,0,0	02:0,0,0,0	00:0,0,0,0	33:0,0,0,0	00:0,0,0,0	00:0,0,0,0	03:0,0,0,0	00:0,0,0,0	22:0,0,0,0	00:0,0,0,0	33:0,0,0,0	00:0,0,0,0	NA:0,0,0,0	03:0,0,0,0	00:0,0,0,0	13:0,0,0,0	11:0,0,0,0	03:0,0,0,0	NA:0,0,0,0	02:0,0,0,0	00:0,0,0,0	00:0,0,0,0	11:0,0,0,0	00:0,0,0,0	00:0,0,0,0	22:0,0,0,0	00:0,0,0,0	00:0,0,0,0	03:0,0,0,0	00:0,0,0,0	00:0,0,0,0	00:0,0,0,0	00:0,0,0,0	22:0,0,0,0	33:0,0,0,0	11:0,0,0,0	11:0,0,0,0	00:0,0,0,0	03:0,0,0,0	00:0,0,0,0	00:0,0,0,0	00:0,0,0,0	33:0,0,0,0	00:0,0,0,0	00:0,0,0,0	03:0,0,0,0	33:0,0,0,0	00:0,0,0,0	00:0,0,0,0	00:0,0,0,0	03:0,0,0,0	13:0,0,0,0	22:0,0,0,0	33:0,0,0,0	02:0,0,0,0	00:0,0,0,1	03:0,0,0,0	00:0,0,0,0	00:0,0,0,0	00:0,0,0,0	03:0,0,0,0	03:0,0,0,0	33:0,0,0,0	03:0,0,0,0	11:0,0,0,0	00:0,0,0,0	00:0,0,0,0	01:0,0,0,0	03:0,0,0,0	02:0,0,1,0	33:0,0,0,0	33:0,0,0,0
3_181	28	03:90,0,0,22	13:0,48,0,42	33:34,0,0,36	03:50,0,0,22	00:90,0,0,0	00:82,0,0,0	33:52,21,0,31	03:96,0,0,24	01:20,39,0,34	00:100,0,0,0	33:41,0,0,32	02:41,0,21,0	00:38,18,0,20	00:76,0,0,0	01:56,20,0,0	03:47,0,0,33	00:110,0,0,0	02:109,0,46,0	00:107,0,0,0	NA:77,0,0,33	00:93,0,16,0	00:105,0,0,0	00:89,0,0,0	11:0,58,0,0	02:60,0,48,0	01:31,41,1,0	00:72,0,0,0	00:80,0,0,30	01:23,28,21,0	00:91,0,0,0	02:65,0,39,0	03:78,0,0,42	00:101,0,0,0	33:0,0,0,74	00:146,0,0,0	22:0,0,101,0	00:84,0,0,0	00:107,0,0,0	03:21,0,7,14	02:76,0,15,0	00:101,0,0,0	33:0,0,0,87	00:107,0,0,0	13:37,24,0,13	33:0,0,0,68	00:116,0,0,0	00:42,0,0,0	00:62,0,0,0	00:41,0,19,0	00:78,0,0,22	33:0,0,0,57	00:68,0,0,0	03:28,0,0,77	00:54,0,41,5	02:46,0,34,0	00:59,0,15,0	00:37,0,0,33	03:42,0,0,37	00:61,0,13,0	00:74,24,0,0	33:27,29,0,37	00:78,1,0,0	03:55,20,0,33	01:59,20,0,0	00:58,0,0,0	03:39,0,0,14	00:71,13,0,0	03:42,0,1,18	11:0,50,33,0	33:26,0,0,99	00:126,0,0,0	00:107,0,0,0	03:52,0,0,21	02:81,0,42,0	00:77,24,0,0	02:46,0,25,0	13:65,12,0,25	02:27,0,33,27	03:30,0,0,53	00:112,0,0,0	00:83,0,0,35	03:39,0,0,47	00:58,0,33,17	03:36,0,18,8	00:84,0,0,12	00:83,0,0,0	03:34,0,0,53	02:62,0,7,0	02:36,0,61,0	02:77,0,10,0	00:56,0,0,0	00:94,0,0,0	00:85,0,0,0	03:49,0,0,41	03:20,0,0,44	00:58,0,0,39	23:25,0,30,40	33:0,0,38,96	00:78,0,0,24	33:0,0,0,72	33:17,0,0,47	03:114,0,0,11	00:48,0,21,0	00:75,41,0,0	03:53,0,0,19	00:49,0,22,0	33:33,0,0,31	33:0,0,0,70	00:96,0,0,0	00:57,20,0,0	13:19,34,0,6	11:14,70,0,0	22:58,0,47,0	02:49,0,20,0	01:37,34,0,0	02:7,0,34,28	00:80,0,0,29	00:63,0,29,0	00:81,0,0,0	00:154,0,0,0	03:75,0,1,39	00:58,0,0,0	00:94,0,0,0	33:0,0,0,102	03:69,0,0,38	00:112,0,0,0	33:0,0,0,99	03:99,0,0,10	00:58,0,12,0	00:57,0,28,0	00:73,0,0,0	22:0,0,84,0	00:57,0,0,46	00:91,24,0,0	22:59,0,42,0	22:0,0,100,0	00:93,0,0,0	01:65,55,0,0	03:100,0,0,32	22:0,23,54,0	03:40,0,24,37	22:26,0,59,0	00:67,0,15,0	33:33,0,0,115	12:50,50,18,0	13:0,17,15,54	00:50,0,21,15	00:67,0,0,0	00:116,0,0,0	22:0,14,62,0	00:53,32,0,0	13:0,19,0,56	03:72,0,2,19	00:124,0,0,0	23:36,0,25,20	33:0,0,0,108	23:21,0,43,27	33:0,26,0,52	00:70,0,25,0	00:107,0,0,0	00:61,0,0,0	00:55,0,0,15	03:73,0,0,23	02:76,0,30,0	00:37,0,10,0	00:97,0,0,0	11:26,57,0,28	11:12,52,0,19	00:144,0,0,0	01:65,29,0,0	00:51,0,0,17	03:46,0,0,23	23:52,0,6,28	00:61,0,0,21	00:72,0,0,0	22:0,0,102,0	01:85,20,0,0	13:23,23,0,36	03:74,0,0,16	02:62,0,20,0	03:47,0,0,45	12:45,15,15,0	11:0,59,0,0	00:71,0,0,27	00:84,0,0,0	00:74,0,0,0	00:128,0,0,0	00:72,0,0,0	00:24,13,19,0	00:72,0,0,0	00:90,0,0,0	03:40,0,0,14	11:0,48,0,0	03:78,0,0,29	00:93,0,0,0	33:0,0,0,104	03:47,0,0,58	22:56,0,44,0	00:57,12,0,0	00:52,0,16,0	22:0,0,77,0	33:0,0,0,114	11:0,75,0,0	00:60,72,0,0	02:45,0,8,19	00:59,0,26,0	00:96,0,0,0	00:72,0,0,0	03:55,0,0,25	33:0,0,0,73	00:96,0,1,0	00:114,0,0,0	33:0,0,0,88	00:85,0,0,0	00:68,0,0,0	00:133,0,0,0	00:111,0,0,0	00:93,0,0,0	03:49,0,0,53	00:105,0,0,0	33:0,0,0,95	00:101,0,0,0	00:76,0,0,0	00:113,0,0,0	00:100,0,0,0	00:54,0,0,16	00:91,0,1,0	00:37,20,0,0	00:122,0,0,0	11:0,44,0,25	00:92,0,0,0	11:0,86,0,0	00:115,0,1,0	00:82,0,0,24	00:48,30,16,0	02:83,0,26,0	00:116,0,0,0	03:27,0,0,25	33:0,0,0,95
3_182	47	00:86,23,0,0	13:0,21,0,70	33:0,0,0,78	00:64,0,0,22	00:127,0,0,0	00:92,0,0,0	00:112,0,0,0	00:91,0,0,0	11:15,73,0,0	03:77,1,0,26	00:75,0,0,0	03:50,0,0,21	03:21,29,0,27	00:80,0,0,0	12:44,19,18,0	02:47,8,15,0	03:91,0,0,24	03:69,0,0,64	01:48,20,19,0	01:48,26,23,0	12:21,27,42,0	00:101,0,0,18	03:77,0,0,24	11:20,50,0,0	03:59,27,0,22	01:40,14,0,6	00:92,0,0,0	01:49,55,0,0	00:94,0,0,0	03:71,0,0,20	01:67,22,0,0	01:92,31,0,0	01:60,26,0,22	33:0,0,24,53	03:68,0,0,72	33:0,32,53,28	00:73,0,0,0	03:67,0,0,26	00:54,24,0,0	00:73,0,0,25	00:64,11,0,0	03:39,0,0,49	00:66,27,0,0	00:62,19,0,0	33:0,0,0,72	01:93,32,0,0	03:42,0,0,21	02:72,0,11,0	00:68,0,0,0	03:40,0,10,18	03:16,15,0,30	00:64,0,0,0	33:38,0,0,66	01:46,15,0,9	02:51,0,20,0	00:58,0,21,0	00:78,0,0,0	00:97,0,0,0	03:68,0,0,42	03:54,0,23,16	03:21,0,0,62	00:107,0,0,0	00:62,0,20,0	00:36,0,27,17	00:53,0,13,0	00:56,0,0,0	33:32,0,0,39	02:18,0,21,51	11:0,96,0,0	03:71,0,0,64	00:141,0,0,0	00:85,0,0,0	22:57,0,19,0	00:74,0,0,22	03:98,0,0,19	03:59,0,0,19	00:103,0,0,0	02:62,0,34,0	00:94,0,0,0	00:111,0,0,0	03:84,0,0,51	33:0,0,0,76	00:116,0,0,0	00:55,0,20,0	03:66,0,0,16	01:43,31,0,35	00:79,0,0,19	00:88,0,0,0	02:74,0,39,0	00:77,0,0,0	00:66,0,0,0	02:59,0,33,0	00:118,0,0,0	33:20,0,0,87	00:51,0,0,13	02:38,28,45,0	03:20,37,26,36	03:27,0,35,52	00:65,0,15,0	00:66,0,0,16	03:41,0,0,36	00:121,0,0,0	02:55,0,18,0	01:73,36,0,0	03:52,0,0,28	00:79,0,0,0	33:50,0,0,35	13:22,24,0,52	03:80,0,0,29	00:73,0,0,0	00:46,14,0,0	02:22,20,26,26	02:32,39,50,0	00:79,0,0,0	00:46,20,18,0	03:47,0,21,23	12:28,19,46,0	00:89,0,0,0	00:128,0,0,0	00:126,0,0,0	33:23,0,0,86	13:45,38,0,13	00:108,0,0,0	33:0,0,0,106	03:54,0,0,51	01:69,40,0,0	03:22,0,0,72	01:80,30,0,0	03:65,0,0,25	00:54,0,15,28	03:48,0,0,56	12:0,24,78,0	03:51,45,0,38	00:107,0,0,0	02:55,0,21,0	23:0,23,43,43	02:38,43,27,0	00:112,0,0,0	03:77,0,0,48	11:0,94,21,0	22:0,0,110,0	22:0,0,81,0	01:54,30,0,0	33:0,0,0,155	00:106,0,0,0	33:0,0,0,96	33:14,0,0,86	03:57,0,0,25	00:106,0,0,0	22:15,23,32,0	03:33,0,0,65	33:0,40,0,54	00:93,0,0,0	03:59,0,0,53	02:74,0,33,0	23:0,0,17,83	23:0,0,64,27	33:0,0,0,100	00:103,0,0,0	02:39,37,17,0	00:59,0,0,22	00:44,0,14,32	00:85,0,0,0	00:96,0,0,0	02:37,0,17,0	03:68,0,0,25	00:55,27,0,20	01:11,60,0,0	00:129,0,0,0	01:116,30,0,0	03:46,0,0,62	02:31,0,17,24	33:43,0,19,44	03:85,0,0,30	00:67,0,0,12	22:49,0,72,0	02:80,0,24,0	03:66,0,0,21	00:54,0,0,43	00:101,0,0,0	03:41,0,0,30	02:14,31,34,0	11:0,32,0,43	03:52,18,0,28	00:89,0,0,0	00:54,0,0,32	00:103,0,0,0	01:18,45,0,0	01:17,39,0,0	00:61,0,38,0	00:116,0,0,0	00:54,15,0,0	11:12,45,0,0	00:120,0,0,0	00:78,0,0,0	33:0,0,0,124	03:35,0,0,91	00:92,0,0,0	02:46,0,25,29	02:32,10,19,0	02:27,0,59,0	33:16,0,0,90	11:12,51,23,0	01:58,50,0,0	00:58,9,0,0	01:74,15,0,0	00:59,38,0,0	03:65,0,0,11	03:67,0,0,41	33:0,0,36,59	00:65,0,43,0	00:50,0,55,21	03:30,22,0,53	01:22,17,41,0	00:53,0,0,20	03:84,0,0,27	00:90,0,0,44	00:68,0,31,0	03:32,0,34,50	00:101,0,0,0	03:50,0,0,82	00:77,0,30,0	00:85,18,0,0	00:93,0,0,14	00:89,0,0,15	00:86,0,0,0	00:66,39,0,0	01:67,20,0,0	00:144,0,0,0	03:53,30,0,17	01:48,20,0,9	11:0,86,0,0	00:86,0,27,0	00:102,0,0,0	01:27,64,0,0	23:59,0,24,33	01:52,24,0,24	03:80,0,0,18	03:61,0,0,47
3_184	44	00:63,0,0,26	13:0,56,0,37	03:20,0,0,30	03:61,0,0,20	NA:58,31,0,0	02:71,0,14,0	01:46,24,0,0	00:81,0,0,0	13:0,56,0,27	01:42,20,19,0	03:43,26,0,11	22:44,0,18,0	11:37,28,0,0	00:93,0,0,0	01:46,30,0,0	00:55,0,0,0	00:90,0,0,0	00:122,0,0,0	00:96,0,0,0	03:50,0,0,38	22:0,15,76,0	00:84,0,0,0	00:84,0,0,0	11:0,67,0,0	00:71,0,0,34	00:44,0,0,19	00:79,0,0,0	00:31,49,0,18	03:55,0,0,51	00:51,0,0,18	03:49,0,0,34	00:57,0,16,0	03:80,0,0,9	33:0,0,0,79	03:21,0,0,107	23:0,1,42,10	00:64,0,0,21	00:89,0,0,0	01:67,20,0,0	03:53,0,0,30	00:44,0,0,19	33:0,37,0,26	00:83,0,0,0	00:52,35,0,0	33:0,0,0,78	00:109,0,0,0	03:65,0,0,12	03:65,0,0,6	33:29,0,0,23	00:68,0,0,19	00:20,0,0,25	00:40,0,0,0	33:0,1,0,64	00:67,0,0,17	00:57,0,21,0	00:55,0,22,0	00:68,0,8,0	00:77,13,0,0	00:108,0,0,0	00:105,0,0,0	33:0,0,0,53	00:68,0,21,0	00:67,13,0,0	00:64,0,0,0	NA:30,0,0,17	00:56,0,0,0	03:48,0,0,52	00:58,0,0,0	12:0,53,16,0	23:73,0,45,15	02:83,0,31,0	03:69,0,0,26	00:71,0,0,0	23:34,16,15,42	00:84,0,0,0	00:85,0,0,0	00:117,0,0,0	02:25,0,65,0	23:46,0,17,21	00:62,31,0,0	00:88,0,0,27	03:43,0,0,31	00:67,0,0,22	33:40,0,16,30	00:46,0,25,9	03:58,0,0,22	01:65,19,0,0	03:50,13,0,30	23:22,0,27,18	01:48,44,0,0	02:43,0,12,0	00:91,0,0,0	00:77,0,0,0	00:28,0,0,59	03:25,0,24,19	03:79,0,0,18	00:90,0,0,0	03:29,0,27,53	00:115,0,0,0	13:20,16,0,45	01:43,12,0,19	03:82,0,0,23	00:48,0,8,0	03:47,0,0,44	03:17,0,30,47	00:67,0,25,0	23:0,0,14,64	33:20,0,0,50	23:46,0,33,10	03:37,0,22,20	03:44,21,0,12	01:16,76,0,0	03:74,1,0,20	01:18,16,19,0	02:52,0,31,0	03:56,0,0,18	01:44,63,0,0	03:58,0,0,19	23:24,0,20,51	02:86,0,33,0	00:44,0,19,22	01:33,37,0,32	00:115,0,0,0	23:30,0,22,42	00:84,0,0,0	00:107,0,0,0	00:60,0,0,31	00:114,0,0,0	00:71,0,0,0	03:27,0,0,65	00:72,0,0,24	12:0,23,77,0	01:61,36,0,0	00:79,0,0,0	02:13,0,26,12	22:0,0,106,0	03:69,0,0,26	00:88,0,0,0	03:37,0,0,75	11:24,76,0,0	02:43,0,31,0	22:6,0,53,0	00:63,19,0,0	33:0,0,0,114	00:102,0,0,0	02:25,0,21,57	33:20,0,0,70	03:64,0,0,14	00:94,0,1,0	22:20,0,39,0	03:51,22,0,21	33:0,0,24,48	00:66,0,14,1	00:77,0,0,34	00:72,0,0,0	03:57,0,0,43	00:13,0,28,19	00:37,0,0,39	00:71,0,0,0	01:69,49,0,0	00:55,0,0,0	03:28,27,0,32	03:28,0,0,50	00:113,0,0,0	00:53,0,0,0	00:80,0,0,0	33:52,0,0,15	11:0,70,0,0	00:94,0,0,0	00:81,0,0,0	03:43,0,0,36	00:56,0,0,0	NA:85,0,0,0	00:96,0,0,28	00:56,0,0,0	22:0,0,92,24	11:56,43,0,0	03:44,0,0,30	03:29,0,0,39	03:55,0,0,20	03:45,0,27,25	00:37,0,18,19	13:0,21,23,20	00:55,27,0,0	03:71,0,0,22	33:45,0,12,16	01:66,25,0,0	02:69,0,0,0	00:93,0,0,0	00:81,0,0,0	00:104,0,0,0	00:83,0,0,0	11:0,51,0,0	01:76,31,0,0	00:59,23,0,0	13:0,24,0,61	00:80,0,0,30	01:13,50,0,31	12:29,25,17,13	02:41,13,23,0	22:14,0,59,0	33:0,0,0,102	33:29,21,0,40	00:57,58,0,0	00:24,13,0,36	00:61,0,0,0	33:50,0,0,15	03:71,0,0,17	33:33,0,0,40	33:0,0,0,79	00:86,0,0,0	00:82,0,0,25	00:51,0,0,36	33:0,36,29,14	00:60,0,0,0	03:82,0,0,30	03:20,0,0,77	00:78,0,0,0	03:87,0,0,30	00:72,0,0,11	33:40,0,0,83	02:68,0,24,0	01:57,26,0,0	03:85,0,0,27	00:116,0,0,0	00:69,0,0,0	00:103,0,0,0	00:62,0,0,16	00:113,0,0,0	12:0,33,24,32	00:60,0,0,13	11:0,71,0,0	03:34,0,28,39	00:99,0,0,0	00:85,0,12,0	00:111,0,0,0	01:28,48,0,0	03:55,0,0,25	03:54,0,0,52
